statement,key,year,match_kind,stored_value,expected_from_page,verdict,raw_label,src_pdf_year,note
balance_sheet,AccountsPayable,2009,absent_on_face,0.0,,PASS,,,no face/notes hit
balance_sheet,AccountsReceivable,2009,mapped,2295956.0,2.29596e+06,PASS,Amounts receivable (Note 5),2010,label='Amounts receivable (Note 5)' sheet=2.296
balance_sheet,AccumulatedDepreciation,2009,absent_on_face,0.0,,PASS,,,no face/notes hit
balance_sheet,AdditionalPaidInCapital,2009,mapped,8503997.0,8.504e+06,PASS,Contributed surplus (Note 11),2010,label='Contributed surplus (Note 11)' sheet=8.504
balance_sheet,BuildingsAndImprovements,2009,absent_on_face,0.0,,PASS,,,no face/notes hit
balance_sheet,CashAndCashEquivalents,2009,mapped,1356436.0,1.35644e+06,PASS,Cash and cash equivalents,2010,label='Cash and cash equivalents' sheet=1.356
balance_sheet,CommonStock,2009,mapped,47894974.0,4.7895e+07,PASS,Common shares (Note 8),2010,label='Common shares (Note 8)' sheet=47.895
balance_sheet,ConstructionInProgress,2009,absent_on_face,0.0,,PASS,,,no face/notes hit
balance_sheet,CurrentAccruedExpenses,2009,absent_on_face,0.0,,PASS,,,no face/notes hit
balance_sheet,CurrentAssets,2009,mapped,61234084.0,6.12341e+07,PASS,Current total,2010,label='Current total' sheet=61.234
balance_sheet,CurrentCapitalLeaseObligation,2009,absent_on_face,0.0,,PASS,,,no face/notes hit
balance_sheet,CurrentDebt,2009,absent_on_face,0.0,,PASS,,,no face/notes hit
balance_sheet,CurrentDebtAndCapitalLeaseObligation,2009,absent_on_face,0.0,,PASS,,,no face/notes hit
balance_sheet,CurrentDeferredLiabilities,2009,absent_on_face,0.0,,PASS,,,no face/notes hit
balance_sheet,CurrentDeferredRevenue,2009,absent_on_face,0.0,,PASS,,,no face/notes hit
balance_sheet,CurrentDeferredTaxesLiabilities,2009,absent_on_face,0.0,,PASS,,,no face/notes hit
balance_sheet,CurrentLiabilities,2009,mapped,419274.0,419274,PASS,Current total,2010,label='Current total' sheet=0.419
balance_sheet,FinishedGoods,2009,absent_on_face,0.0,,PASS,,,no face/notes hit
balance_sheet,GainsLossesNotAffectingRetainedEarnings,2009,absent_on_face,0.0,,PASS,,,no face/notes hit
balance_sheet,Goodwill,2009,absent_on_face,0.0,,PASS,,,no face/notes hit
balance_sheet,GrossPPE,2009,absent_on_face,0.0,,PASS,,,no face/notes hit
balance_sheet,InventoriesAdjustmentsAllowances,2009,absent_on_face,0.0,,PASS,,,no face/notes hit
balance_sheet,Inventory,2009,absent_on_face,0.0,,PASS,,,no face/notes hit
balance_sheet,InvestmentsAndAdvances,2009,absent_on_face,0.0,,PASS,,,no face/notes hit
balance_sheet,LandAndImprovements,2009,absent_on_face,0.0,,PASS,,,no face/notes hit
balance_sheet,LoansReceivable,2009,mapped,3025187.0,3.02519e+06,PASS,Loans receivable (Note 4),2010,label='Loans receivable (Note 4)' sheet=3.025
balance_sheet,LongTermCapitalLeaseObligation,2009,absent_on_face,0.0,,PASS,,,no face/notes hit
balance_sheet,LongTermDebt,2009,absent_on_face,0.0,,PASS,,,no face/notes hit
balance_sheet,LongTermDebtAndCapitalLeaseObligation,2009,absent_on_face,0.0,,PASS,,,no face/notes hit
balance_sheet,MachineryFurnitureEquipment,2009,absent_on_face,0.0,,PASS,,,no face/notes hit
balance_sheet,MinorityInterest,2009,absent_on_face,0.0,,PASS,,,no face/notes hit
balance_sheet,NetPPE,2009,absent_on_face,0.0,,PASS,,,no face/notes hit
balance_sheet,NonCurrentDeferredLiabilities,2009,absent_on_face,0.0,,PASS,,,no face/notes hit
balance_sheet,NonCurrentDeferredRevenue,2009,absent_on_face,0.0,,PASS,,,no face/notes hit
balance_sheet,NonCurrentDeferredTaxesLiabilities,2009,absent_on_face,0.0,,PASS,,,no face/notes hit
balance_sheet,NonCurrentPensionAndOtherPostretirementBenefitPlans,2009,absent_on_face,0.0,,PASS,,,no face/notes hit
balance_sheet,NotesReceivable,2009,absent_on_face,0.0,,PASS,,,no face/notes hit
balance_sheet,OtherIntangibleAssets,2009,absent_on_face,0.0,,PASS,,,no face/notes hit
balance_sheet,OtherInventories,2009,absent_on_face,0.0,,PASS,,,no face/notes hit
balance_sheet,OtherNonCurrentAssets,2009,absent_on_face,0.0,,PASS,,,no face/notes hit
balance_sheet,OtherNonCurrentLiabilities,2009,absent_on_face,0.0,,PASS,,,no face/notes hit
balance_sheet,OtherPayable,2009,absent_on_face,0.0,,PASS,,,no face/notes hit
balance_sheet,OtherReceivables,2009,absent_on_face,0.0,,PASS,,,no face/notes hit
balance_sheet,PayablesAndAccruedExpenses,2009,mapped,419274.0,419274,PASS,Accounts payable and accrued liabilities (Note 13),2010,label='Accounts payable and accrued liabilities (Note 13)' sheet=0.419
balance_sheet,PreferredStock,2009,absent_on_face,0.0,,PASS,,,no face/notes hit
balance_sheet,RawMaterials,2009,absent_on_face,0.0,,PASS,,,no face/notes hit
balance_sheet,RetainedEarnings,2009,mapped,13886722.0,1.38867e+07,PASS,Retained earnings,2010,label='Retained earnings' sheet=13.887
balance_sheet,ShortTermInvestments,2009,absent_on_face,0.0,,PASS,,,no face/notes hit
balance_sheet,StockholdersEquity,2009,mapped,87489193.0,8.74892e+07,PASS,SHAREHOLDERS' EQUITY total,2010,"label=""SHAREHOLDERS' EQUITY total"" sheet=87.489"
balance_sheet,TotalTaxPayable,2009,absent_on_face,0.0,,PASS,,,no face/notes hit
balance_sheet,TreasuryStock,2009,absent_on_face,0.0,,PASS,,,no face/notes hit
balance_sheet,WorkInProcess,2009,absent_on_face,0.0,,PASS,,,no face/notes hit
cash_flow,AssetImpairmentCharge,2009,absent_on_face,0.0,,PASS,,,no face/notes hit
cash_flow,BeginningCashPosition,2009,mapped,28936408.0,2.89364e+07,PASS,"CASH AND CASH EQUIVALENTS, beginning of year",2010,"label='CASH AND CASH EQUIVALENTS, beginning of year' sheet=28.936"
cash_flow,CapitalExpenditure,2009,absent_on_face,0.0,,PASS,,,no face/notes hit
cash_flow,CashDividendsPaid,2009,absent_on_face,0.0,,PASS,,,no face/notes hit
cash_flow,CashFromDiscontinuedInvestingActivities,2009,absent_on_face,0.0,,PASS,,,no face/notes hit
cash_flow,CashFromDiscontinuedOperatingActivities,2009,absent_on_face,0.0,,PASS,,,no face/notes hit
cash_flow,ChangeInInventory,2009,absent_on_face,0.0,,PASS,,,no face/notes hit
cash_flow,ChangeInOtherWorkingCapital,2009,absent_on_face,0.0,,PASS,,,no face/notes hit
cash_flow,ChangeInPayablesAndAccruedExpense,2009,absent_on_face,0.0,,PASS,,,no face/notes hit
cash_flow,ChangeInPrepaidAssets,2009,absent_on_face,0.0,,PASS,,,no face/notes hit
cash_flow,ChangeInReceivables,2009,absent_on_face,0.0,,PASS,,,no face/notes hit
cash_flow,ChangeInWorkingCapital,2009,mapped,-3761236.0,-3.76124e+06,PASS,Net change in non-cash working capital,2010,label='Net change in non-cash working capital' sheet=-3.761
cash_flow,ChangesInCash,2009,mapped,-27579972.0,-2.758e+07,PASS,CHANGE IN CASH AND CASH EQUIVALENTS,2010,label='CHANGE IN CASH AND CASH EQUIVALENTS' sheet=-27.580
cash_flow,DepreciationAmortizationDepletion,2009,absent_on_face,0.0,,PASS,,,no face/notes hit
cash_flow,EffectOfExchangeRateChanges,2009,absent_on_face,0.0,,PASS,,,no face/notes hit
cash_flow,EndCashPosition,2009,mapped,1356436.0,1.35644e+06,PASS,"CASH AND CASH EQUIVALENTS, end of year",2010,"label='CASH AND CASH EQUIVALENTS, end of year' sheet=1.356"
cash_flow,FinancingCashFlow,2009,mapped,-2589728.0,-2.58973e+06,PASS,FINANCING ACTIVITIES total,2010,label='FINANCING ACTIVITIES total' sheet=-2.590
cash_flow,InvestingCashFlow,2009,mapped,-29226470.0,-2.92265e+07,PASS,INVESTING ACTIVITIES total,2010,label='INVESTING ACTIVITIES total' sheet=-29.226
cash_flow,IssuanceOfCapitalStock,2009,absent_on_face,0.0,,PASS,,,no face/notes hit
cash_flow,IssuanceOfDebt,2009,absent_on_face,0.0,,PASS,,,no face/notes hit
cash_flow,NetIncomeFromContinuingOperations,2009,mapped,-9051379.0,-9.05138e+06,PASS,Net income (loss) for the year,2010,label='Net income (loss) for the year' sheet=-9.051
cash_flow,NetIntangiblesPurchaseAndSale,2009,absent_on_face,0.0,,PASS,,,no face/notes hit
cash_flow,NetIssuancePaymentsOfDebt,2009,absent_on_face,0.0,,PASS,,,no face/notes hit
cash_flow,NetOtherFinancingCharges,2009,absent_on_face,0.0,,PASS,,,no face/notes hit
cash_flow,NetOtherInvestingChanges,2009,absent_on_face,0.0,,PASS,,,no face/notes hit
cash_flow,NetPreferredStockIssuance,2009,absent_on_face,0.0,,PASS,,,no face/notes hit
cash_flow,OtherNonCashItems,2009,absent_on_face,0.0,,PASS,,,no face/notes hit
cash_flow,PurchaseOfBusiness,2009,absent_on_face,0.0,,PASS,,,no face/notes hit
cash_flow,PurchaseOfInvestment,2009,mapped,-31673476.0,-3.16735e+07,PASS,Purchase of investments,2010,label='Purchase of investments' sheet=-31.673
cash_flow,PurchaseOfPPE,2009,absent_on_face,0.0,,PASS,,,no face/notes hit
cash_flow,RepaymentOfDebt,2009,absent_on_face,0.0,,PASS,,,no face/notes hit
cash_flow,RepurchaseOfCapitalStock,2009,mapped,-2589728.0,-2.58973e+06,PASS,Shares repurchased and cancelled (Note 12),2010,label='Shares repurchased and cancelled (Note 12)' sheet=-2.590
cash_flow,SaleOfInvestment,2009,absent_on_face,0.0,,PASS,,,no face/notes hit
cash_flow,SaleOfPPE,2009,absent_on_face,0.0,,PASS,,,no face/notes hit
cash_flow,StockBasedCompensation,2009,mapped,328150.0,328150,PASS,Stock-based compensation (Note 9),2010,label='Stock-based compensation (Note 9)' sheet=0.328
income_statement,BasicEPS,2009,mapped,-0.09,-0.09,PASS,Basic income (loss) per share,2010,label='Basic income (loss) per share' sheet=-0.000
income_statement,DepreciationAmortizationDepletion,2009,absent_on_face,0.0,,PASS,,,no face/notes hit
income_statement,DilutedAverageShares,2009,mapped,99242524.0,9.92425e+07,PASS,- diluted,2010,label='- diluted' sheet=99.243
income_statement,DilutedEPS,2009,mapped,-0.09,-0.09,PASS,Diluted income (loss) per share,2010,label='Diluted income (loss) per share' sheet=-0.000
income_statement,InterestExpenseNonOperating,2009,absent_on_face,0.0,,PASS,,,no face/notes hit
income_statement,InterestIncomeNonOperating,2009,mapped,1610644.0,1.61064e+06,PASS,Interest income,2010,label='Interest income' sheet=1.611
income_statement,MinorityInterests,2009,absent_on_face,0.0,,PASS,,,no face/notes hit
income_statement,NetIncome,2009,mapped,-9051379.0,-9.05138e+06,PASS,Net income (loss) for the year,2010,label='Net income (loss) for the year' sheet=-9.051
income_statement,NetIncomeDiscontinuousOperations,2009,absent_on_face,0.0,,PASS,,,no face/notes hit
income_statement,NetNonOperatingInterestIncomeExpense,2009,absent_on_face,0.0,,PASS,,,no face/notes hit
income_statement,OperatingExpense,2009,mapped,934307.0,934307,PASS,Expenses total,2010,label='Expenses total' sheet=0.934
income_statement,OtherIncomeExpense,2009,mapped,373150.0,373150,PASS,Foreign exchange gain (loss),2010,label='Foreign exchange gain (loss)' sheet=0.373
income_statement,OtherOperatingExpenses,2009,absent_on_face,0.0,,PASS,,,no face/notes hit
income_statement,PretaxIncome,2009,mapped,-14055254.0,-1.40553e+07,PASS,Income (loss) before income taxes,2010,label='Income (loss) before income taxes' sheet=-14.055
income_statement,ResearchAndDevelopment,2009,absent_on_face,0.0,,PASS,,,no face/notes hit
income_statement,SellingGeneralAndAdministration,2009,absent_on_face,0.0,,PASS,,,no face/notes hit
income_statement,TotalRevenue,2009,absent_on_face,0.0,,PASS,,,no face/notes hit
balance_sheet,CashCashEquivalentsAndShortTermInvestments,2009,derived,1356436.0,,PASS,,,identities clean
balance_sheet,OtherCurrentAssets,2009,derived,54556505.0,,PASS,,,identities clean
balance_sheet,OtherCurrentLiabilities,2009,derived,0.0,,PASS,,,identities clean
balance_sheet,Receivables,2009,derived,5321143.0,,PASS,,,identities clean
balance_sheet,TotalEquityGrossMinorityInterest,2009,derived,87489193.0,,PASS,,,identities clean
cash_flow,FreeCashFlow,2009,derived,4236226.0,,PASS,,,identities clean
income_statement,CostOfRevenue,2009,derived,0.0,,PASS,,,identities clean
income_statement,EBIT,2009,derived,-15665898.0,,PASS,,,identities clean
income_statement,EBITDA,2009,derived,-15665898.0,,PASS,,,identities clean
income_statement,GrossProfit,2009,derived,0.0,,PASS,,,identities clean
income_statement,NetIncomeContinuousOperations,2009,derived,-9051379.0,,PASS,,,identities clean
income_statement,OperatingIncome,2009,derived,-934307.0,,PASS,,,identities clean
income_statement,TaxProvision,2009,derived,-5003875.0,,PASS,,,identities clean
balance_sheet,AccountsPayable,2010,absent_on_face,0.0,,NOTE_ONLY,,,alias 'accounts payable' appears only in notes
balance_sheet,AccountsReceivable,2010,mapped,2206775.0,2.20678e+06,PASS,"Amounts receivable 5, 7",2012,"label='Amounts receivable 5, 7' sheet=2.207"
balance_sheet,AccumulatedDepreciation,2010,absent_on_face,0.0,,PASS,,,no face/notes hit
balance_sheet,AdditionalPaidInCapital,2010,mapped,12016560.0,1.20166e+07,PASS,Contributed surplus (Note 10),2011,label='Contributed surplus (Note 10)' sheet=12.017
balance_sheet,BuildingsAndImprovements,2010,absent_on_face,0.0,,PASS,,,no face/notes hit
balance_sheet,CashAndCashEquivalents,2010,mapped,3266356.0,3.26636e+06,PASS,Cash,2012,label='Cash' sheet=3.266
balance_sheet,CommonStock,2010,mapped,44174159.0,4.41742e+07,PASS,Common shares (Note 7),2011,label='Common shares (Note 7)' sheet=44.174
balance_sheet,ConstructionInProgress,2010,absent_on_face,0.0,,PASS,,,no face/notes hit
balance_sheet,CurrentAccruedExpenses,2010,absent_on_face,0.0,,NOTE_ONLY,,,alias 'accrued liabilities' appears only in notes
balance_sheet,CurrentAssets,2010,mapped,83182378.0,8.31824e+07,PASS,Total current assets,2012,label='Total current assets' sheet=83.182
balance_sheet,CurrentCapitalLeaseObligation,2010,absent_on_face,0.0,,PASS,,,no face/notes hit
balance_sheet,CurrentDebt,2010,absent_on_face,0.0,,NOTE_ONLY,,,alias 'loans payable' appears only in notes
balance_sheet,CurrentDebtAndCapitalLeaseObligation,2010,absent_on_face,0.0,,PASS,,,no face/notes hit
balance_sheet,CurrentDeferredRevenue,2010,mapped,414400.0,414400,PASS,Deferred revenue,2012,label='Deferred revenue' sheet=0.414
balance_sheet,CurrentDeferredTaxesLiabilities,2010,absent_on_face,0.0,,PASS,,,no face/notes hit
balance_sheet,CurrentLiabilities,2010,mapped,2130633.0,2.13063e+06,PASS,Total current liabilities,2012,label='Total current liabilities' sheet=2.131
balance_sheet,FinishedGoods,2010,absent_on_face,0.0,,PASS,,,no face/notes hit
balance_sheet,GainsLossesNotAffectingRetainedEarnings,2010,mapped,-4274761.0,,SUSPECT,Accumulated other comprehensive loss 8,2012,printed cell not locatable in raw_line_items
balance_sheet,Goodwill,2010,absent_on_face,0.0,,NOTE_ONLY,,,alias 'goodwill' appears only in notes
balance_sheet,GrossPPE,2010,absent_on_face,0.0,,PASS,,,no face/notes hit
balance_sheet,InventoriesAdjustmentsAllowances,2010,absent_on_face,0.0,,PASS,,,no face/notes hit
balance_sheet,Inventory,2010,absent_on_face,0.0,,PASS,,,no face/notes hit
balance_sheet,InvestmentsAndAdvances,2010,absent_on_face,0.0,,NOTE_ONLY,,,alias 'investments' appears only in notes
balance_sheet,LandAndImprovements,2010,absent_on_face,0.0,,PASS,,,no face/notes hit
balance_sheet,LoansReceivable,2010,mapped,8246565.0,8.24656e+06,PASS,Loans receivable 6,2012,label='Loans receivable 6' sheet=8.247
balance_sheet,LongTermCapitalLeaseObligation,2010,absent_on_face,0.0,,PASS,,,no face/notes hit
balance_sheet,LongTermDebt,2010,absent_on_face,0.0,,PASS,,,no face/notes hit
balance_sheet,LongTermDebtAndCapitalLeaseObligation,2010,absent_on_face,0.0,,PASS,,,no face/notes hit
balance_sheet,MachineryFurnitureEquipment,2010,absent_on_face,0.0,,NOTE_ONLY,,,alias 'equipment' appears only in notes
balance_sheet,MinorityInterest,2010,absent_on_face,0.0,,NOTE_ONLY,,,alias 'non controlling interests' appears only in notes
balance_sheet,NetPPE,2010,absent_on_face,0.0,,PASS,,,no face/notes hit
balance_sheet,NonCurrentDeferredRevenue,2010,absent_on_face,0.0,,PASS,,,no face/notes hit
balance_sheet,NonCurrentDeferredTaxesLiabilities,2010,mapped,12984000.0,1.2984e+07,PASS,Deferred tax liability 10,2012,label='Deferred tax liability 10' sheet=12.984
balance_sheet,NonCurrentPensionAndOtherPostretirementBenefitPlans,2010,absent_on_face,0.0,,PASS,,,no face/notes hit
balance_sheet,NotesReceivable,2010,absent_on_face,0.0,,PASS,,,no face/notes hit
balance_sheet,OtherIntangibleAssets,2010,absent_on_face,0.0,,NOTE_ONLY,,,alias 'intangible assets' appears only in notes
balance_sheet,OtherInventories,2010,absent_on_face,0.0,,PASS,,,no face/notes hit
balance_sheet,OtherPayable,2010,absent_on_face,0.0,,PASS,,,no face/notes hit
balance_sheet,OtherReceivables,2010,absent_on_face,0.0,,NOTE_ONLY,,,alias 'interest receivable' appears only in notes
balance_sheet,PayablesAndAccruedExpenses,2010,mapped,1716233.0,1.71623e+06,PASS,Accounts payable and accrued liabilities 9,2012,label='Accounts payable and accrued liabilities 9' sheet=1.716
balance_sheet,PreferredStock,2010,absent_on_face,0.0,,NOTE_ONLY,,,alias 'preferred shares' appears only in notes
balance_sheet,RawMaterials,2010,absent_on_face,0.0,,PASS,,,no face/notes hit
balance_sheet,RetainedEarnings,2010,mapped,38452745.0,3.84527e+07,PASS,Retained earnings,2012,label='Retained earnings' sheet=38.453
balance_sheet,ShortTermInvestments,2010,absent_on_face,0.0,,NOTE_ONLY,,,alias 'marketable securities' appears only in notes
balance_sheet,StockholdersEquity,2010,mapped,103167673.0,1.03168e+08,PASS,Total shareholders' equity,2012,"label=""Total shareholders' equity"" sheet=103.168"
balance_sheet,TotalAssets,2010,mapped,118282306.0,1.18282e+08,PASS,Total assets,2012,label='Total assets' sheet=118.282
balance_sheet,TotalLiabilities,2010,mapped,15114633.0,1.51146e+07,PASS,Total liabilities,2012,label='Total liabilities' sheet=15.115
balance_sheet,TotalTaxPayable,2010,absent_on_face,0.0,,PASS,,,no face/notes hit
balance_sheet,TreasuryStock,2010,absent_on_face,0.0,,NOTE_ONLY,,,alias 'treasury stock' appears only in notes
balance_sheet,WorkInProcess,2010,absent_on_face,0.0,,PASS,,,no face/notes hit
cash_flow,AssetImpairmentCharge,2010,absent_on_face,0.0,,PASS,,,no face/notes hit
cash_flow,BeginningCashPosition,2010,mapped,1356436.0,1.35644e+06,PASS,"CASH, beginning of year",2011,"label='CASH, beginning of year' sheet=1.356"
cash_flow,CapitalExpenditure,2010,absent_on_face,0.0,,PASS,,,no face/notes hit
cash_flow,CashDividendsPaid,2010,absent_on_face,0.0,,PASS,,,no face/notes hit
cash_flow,CashFromDiscontinuedInvestingActivities,2010,absent_on_face,0.0,,PASS,,,no face/notes hit
cash_flow,CashFromDiscontinuedOperatingActivities,2010,absent_on_face,0.0,,PASS,,,no face/notes hit
cash_flow,ChangeInInventory,2010,absent_on_face,0.0,,PASS,,,no face/notes hit
cash_flow,ChangeInOtherWorkingCapital,2010,absent_on_face,0.0,,NOTE_ONLY,,,alias 'deferred revenue' appears only in notes
cash_flow,ChangeInPayablesAndAccruedExpense,2010,mapped,973866.0,973866,PASS,Accounts payable and accrued liabilities,2011,label='Accounts payable and accrued liabilities' sheet=0.974
cash_flow,ChangeInPrepaidAssets,2010,absent_on_face,0.0,,NOTE_ONLY,,,alias 'prepaid expenses' appears only in notes
cash_flow,ChangeInReceivables,2010,mapped,832734.0,832734,PASS,Prepaid and other amounts receivable,2011,label='Prepaid and other amounts receivable' sheet=0.833
cash_flow,ChangeInWorkingCapital,2010,mapped,412122.0,412122,PASS,Net change in non-cash working capital,2010,label='Net change in non-cash working capital' sheet=0.412
cash_flow,ChangesInCash,2010,mapped,1909920.0,1.90992e+06,PASS,CHANGE IN CASH,2011,label='CHANGE IN CASH' sheet=1.910
cash_flow,DepreciationAmortizationDepletion,2010,absent_on_face,0.0,,PASS,,,no face/notes hit
cash_flow,EffectOfExchangeRateChanges,2010,absent_on_face,0.0,,PASS,,,no face/notes hit
cash_flow,EndCashPosition,2010,mapped,3266356.0,3.26636e+06,PASS,"CASH, end of year",2011,"label='CASH, end of year' sheet=3.266"
cash_flow,FinancingCashFlow,2010,mapped,-1782057.0,-1.78206e+06,PASS,FINANCING ACTIVITIES total,2011,label='FINANCING ACTIVITIES total' sheet=-1.782
cash_flow,InvestingCashFlow,2010,mapped,3947090.0,3.94709e+06,PASS,INVESTING ACTIVITIES total,2011,label='INVESTING ACTIVITIES total' sheet=3.947
cash_flow,IssuanceOfCapitalStock,2010,absent_on_face,0.0,,PASS,,,no face/notes hit
cash_flow,IssuanceOfDebt,2010,absent_on_face,0.0,,PASS,,,no face/notes hit
cash_flow,NetIncomeFromContinuingOperations,2010,mapped,21614993.0,2.1615e+07,PASS,Net income for the year,2011,label='Net income for the year' sheet=21.615
cash_flow,NetIntangiblesPurchaseAndSale,2010,absent_on_face,0.0,,PASS,,,no face/notes hit
cash_flow,NetIssuancePaymentsOfDebt,2010,absent_on_face,0.0,,PASS,,,no face/notes hit
cash_flow,NetOtherFinancingCharges,2010,absent_on_face,0.0,,NOTE_ONLY,,,alias 'share issue costs' appears only in notes
cash_flow,NetOtherInvestingChanges,2010,absent_on_face,0.0,,PASS,,,no face/notes hit
cash_flow,NetPreferredStockIssuance,2010,absent_on_face,0.0,,PASS,,,no face/notes hit
cash_flow,OtherNonCashItems,2010,absent_on_face,0.0,,PASS,,,no face/notes hit
cash_flow,PurchaseOfBusiness,2010,absent_on_face,0.0,,PASS,,,no face/notes hit
cash_flow,PurchaseOfInvestment,2010,mapped,-22870540.0,-2.28705e+07,PASS,Purchase of investments,2011,label='Purchase of investments' sheet=-22.871
cash_flow,PurchaseOfPPE,2010,absent_on_face,0.0,,PASS,,,no face/notes hit
cash_flow,RepaymentOfDebt,2010,absent_on_face,0.0,,PASS,,,no face/notes hit
cash_flow,RepurchaseOfCapitalStock,2010,mapped,-1782057.0,-1.78206e+06,PASS,Shares repurchased and cancelled (Note 11),2011,label='Shares repurchased and cancelled (Note 11)' sheet=-1.782
cash_flow,SaleOfInvestment,2010,absent_on_face,0.0,,PASS,,,no face/notes hit
cash_flow,SaleOfPPE,2010,absent_on_face,0.0,,PASS,,,no face/notes hit
cash_flow,StockBasedCompensation,2010,mapped,120305.0,120305,PASS,Stock-based compensation (Note 9),2011,label='Stock-based compensation (Note 9)' sheet=0.120
income_statement,BasicEPS,2010,mapped,0.24,0.24,PASS,Basic income (loss) per share,2010,label='Basic income (loss) per share' sheet=0.000
income_statement,DepreciationAmortizationDepletion,2010,absent_on_face,0.0,,PASS,,,no face/notes hit
income_statement,DilutedAverageShares,2010,mapped,92146032.0,9.2146e+07,PASS,- diluted,2010,label='- diluted' sheet=92.146
income_statement,DilutedEPS,2010,mapped,0.23,0.23,PASS,Diluted income (loss) per share,2010,label='Diluted income (loss) per share' sheet=0.000
income_statement,InterestExpenseNonOperating,2010,absent_on_face,0.0,,PASS,,,no face/notes hit
income_statement,InterestIncomeNonOperating,2010,mapped,767715.0,767715,PASS,Interest income,2010,label='Interest income' sheet=0.768
income_statement,MinorityInterests,2010,absent_on_face,0.0,,NOTE_ONLY,,,alias 'non controlling interest' appears only in notes
income_statement,NetIncome,2010,mapped,21614993.0,2.1615e+07,PASS,Net income (loss) for the year,2010,label='Net income (loss) for the year' sheet=21.615
income_statement,NetIncomeDiscontinuousOperations,2010,absent_on_face,0.0,,PASS,,,no face/notes hit
income_statement,NetNonOperatingInterestIncomeExpense,2010,absent_on_face,0.0,,PASS,,,no face/notes hit
income_statement,OperatingExpense,2010,mapped,5423526.0,5.42353e+06,PASS,Expenses total,2010,label='Expenses total' sheet=5.424
income_statement,OtherIncomeExpense,2010,mapped,-2008103.0,-2.0081e+06,PASS,Foreign exchange gain (loss),2010,label='Foreign exchange gain (loss)' sheet=-2.008
income_statement,OtherOperatingExpenses,2010,absent_on_face,0.0,,NOTE_ONLY,,,alias 'office' appears only in notes
income_statement,PretaxIncome,2010,mapped,28271102.0,2.82711e+07,PASS,Income (loss) before income taxes,2010,label='Income (loss) before income taxes' sheet=28.271
income_statement,ResearchAndDevelopment,2010,absent_on_face,0.0,,PASS,,,no face/notes hit
income_statement,SellingGeneralAndAdministration,2010,absent_on_face,0.0,,PASS,,,no face/notes hit
income_statement,TotalRevenue,2010,absent_on_face,0.0,,NOTE_ONLY,,,alias 'revenue' appears only in notes
balance_sheet,CashCashEquivalentsAndShortTermInvestments,2010,derived,3266356.0,,PASS,,,identities clean
balance_sheet,CurrentDeferredLiabilities,2010,derived,414400.0,,PASS,,,identities clean
balance_sheet,NonCurrentDeferredLiabilities,2010,derived,12984000.0,,PASS,,,identities clean
balance_sheet,OtherCurrentAssets,2010,derived,69462682.0,,PASS,,,identities clean
balance_sheet,OtherCurrentLiabilities,2010,derived,0.0,,PASS,,,identities clean
balance_sheet,OtherNonCurrentAssets,2010,derived,35099928.0,,PASS,,,identities clean
balance_sheet,OtherNonCurrentLiabilities,2010,derived,0.0,,PASS,,,identities clean
balance_sheet,Receivables,2010,derived,10453340.0,,PASS,,,identities clean
balance_sheet,TotalEquityGrossMinorityInterest,2010,derived,103167673.0,,PASS,,,identities clean
balance_sheet,TotalNonCurrentAssets,2010,derived,35099928.0,,PASS,,,identities clean
balance_sheet,TotalNonCurrentLiabilities,2010,derived,12984000.0,,PASS,,,identities clean
cash_flow,FreeCashFlow,2010,derived,-255113.0,,PASS,,,identities clean
income_statement,CostOfRevenue,2010,derived,0.0,,PASS,,,identities clean
income_statement,EBIT,2010,derived,27503387.0,,PASS,,,identities clean
income_statement,EBITDA,2010,derived,27503387.0,,PASS,,,identities clean
income_statement,GrossProfit,2010,derived,0.0,,PASS,,,identities clean
income_statement,NetIncomeContinuousOperations,2010,derived,21614993.0,,PASS,,,identities clean
income_statement,OperatingIncome,2010,derived,-5423526.0,,PASS,,,identities clean
income_statement,TaxProvision,2010,derived,6656109.0,,PASS,,,identities clean
balance_sheet,AccountsPayable,2011,absent_on_face,0.0,,NOTE_ONLY,,,alias 'accounts payable' appears only in notes
balance_sheet,AccountsReceivable,2011,mapped,2695725.0,2.69572e+06,PASS,"Amounts receivable 5, 7",2012,"label='Amounts receivable 5, 7' sheet=2.696"
balance_sheet,AccumulatedDepreciation,2011,absent_on_face,0.0,,PASS,,,no face/notes hit
balance_sheet,AdditionalPaidInCapital,2011,mapped,12668256.0,1.26683e+07,PASS,Contributed surplus (Note 10),2011,label='Contributed surplus (Note 10)' sheet=12.668
balance_sheet,BuildingsAndImprovements,2011,absent_on_face,0.0,,PASS,,,no face/notes hit
balance_sheet,CashAndCashEquivalents,2011,mapped,14049856.0,1.40499e+07,PASS,Cash,2012,label='Cash' sheet=14.050
balance_sheet,CommonStock,2011,mapped,43600623.0,4.36006e+07,PASS,Common shares (Note 7),2011,label='Common shares (Note 7)' sheet=43.601
balance_sheet,ConstructionInProgress,2011,absent_on_face,0.0,,PASS,,,no face/notes hit
balance_sheet,CurrentAccruedExpenses,2011,absent_on_face,0.0,,NOTE_ONLY,,,alias 'accrued liabilities' appears only in notes
balance_sheet,CurrentAssets,2011,mapped,140073408.0,1.40073e+08,PASS,Total current assets,2012,label='Total current assets' sheet=140.073
balance_sheet,CurrentCapitalLeaseObligation,2011,absent_on_face,0.0,,PASS,,,no face/notes hit
balance_sheet,CurrentDebt,2011,absent_on_face,0.0,,PASS,,,no face/notes hit
balance_sheet,CurrentDebtAndCapitalLeaseObligation,2011,absent_on_face,0.0,,PASS,,,no face/notes hit
balance_sheet,CurrentDeferredLiabilities,2011,absent_on_face,0.0,,PASS,,,no face/notes hit
balance_sheet,CurrentDeferredRevenue,2011,absent_on_face,0.0,,BUG_FACE,"Deferred revenue (Note 4)                                                            -                414,400",,"zero-filled but concept on FACE (exact): 'Deferred revenue (Note 4)                                                            -                414,400'"
balance_sheet,CurrentDeferredTaxesLiabilities,2011,absent_on_face,0.0,,PASS,,,no face/notes hit
balance_sheet,CurrentLiabilities,2011,mapped,9279093.0,9.27909e+06,PASS,Total current liabilities,2012,label='Total current liabilities' sheet=9.279
balance_sheet,FinishedGoods,2011,absent_on_face,0.0,,PASS,,,no face/notes hit
balance_sheet,GainsLossesNotAffectingRetainedEarnings,2011,mapped,-1722659.0,-1.72266e+06,PASS,Accumulated other comprehensive loss 8,2012,label='Accumulated other comprehensive loss 8' sheet=-1.723
balance_sheet,Goodwill,2011,absent_on_face,0.0,,NOTE_ONLY,,,alias 'goodwill' appears only in notes
balance_sheet,GrossPPE,2011,absent_on_face,0.0,,PASS,,,no face/notes hit
balance_sheet,InventoriesAdjustmentsAllowances,2011,absent_on_face,0.0,,PASS,,,no face/notes hit
balance_sheet,Inventory,2011,absent_on_face,0.0,,PASS,,,no face/notes hit
balance_sheet,InvestmentsAndAdvances,2011,absent_on_face,0.0,,NOTE_ONLY,,,alias 'investments' appears only in notes
balance_sheet,LandAndImprovements,2011,absent_on_face,0.0,,PASS,,,no face/notes hit
balance_sheet,LoansReceivable,2011,mapped,7023452.0,7.02345e+06,PASS,Loans receivable 6,2012,label='Loans receivable 6' sheet=7.023
balance_sheet,LongTermCapitalLeaseObligation,2011,absent_on_face,0.0,,PASS,,,no face/notes hit
balance_sheet,LongTermDebt,2011,absent_on_face,0.0,,PASS,,,no face/notes hit
balance_sheet,LongTermDebtAndCapitalLeaseObligation,2011,absent_on_face,0.0,,PASS,,,no face/notes hit
balance_sheet,MachineryFurnitureEquipment,2011,absent_on_face,0.0,,NOTE_ONLY,,,alias 'equipment' appears only in notes
balance_sheet,MinorityInterest,2011,absent_on_face,0.0,,NOTE_ONLY,,,alias 'non controlling interests' appears only in notes
balance_sheet,NetPPE,2011,absent_on_face,0.0,,NOTE_ONLY,,,alias 'property plant and equipment' appears only in notes
balance_sheet,NonCurrentDeferredRevenue,2011,absent_on_face,0.0,,PASS,,,no face/notes hit
balance_sheet,NonCurrentDeferredTaxesLiabilities,2011,mapped,22701000.0,2.2701e+07,PASS,Deferred tax liability 10,2012,label='Deferred tax liability 10' sheet=22.701
balance_sheet,NonCurrentPensionAndOtherPostretirementBenefitPlans,2011,absent_on_face,0.0,,PASS,,,no face/notes hit
balance_sheet,NotesReceivable,2011,absent_on_face,0.0,,PASS,,,no face/notes hit
balance_sheet,OtherIntangibleAssets,2011,absent_on_face,0.0,,PASS,,,no face/notes hit
balance_sheet,OtherInventories,2011,absent_on_face,0.0,,PASS,,,no face/notes hit
balance_sheet,OtherPayable,2011,absent_on_face,0.0,,PASS,,,no face/notes hit
balance_sheet,OtherReceivables,2011,absent_on_face,0.0,,NOTE_ONLY,,,alias 'interest receivable' appears only in notes
balance_sheet,PayablesAndAccruedExpenses,2011,mapped,6445771.0,6.44577e+06,PASS,Accounts payable and accrued liabilities 9,2012,label='Accounts payable and accrued liabilities 9' sheet=6.446
balance_sheet,PreferredStock,2011,absent_on_face,0.0,,NOTE_ONLY,,,alias 'preferred shares' appears only in notes
balance_sheet,RawMaterials,2011,absent_on_face,0.0,,PASS,,,no face/notes hit
balance_sheet,RetainedEarnings,2011,mapped,73618578.0,7.36186e+07,PASS,Retained earnings,2012,label='Retained earnings' sheet=73.619
balance_sheet,ShortTermInvestments,2011,absent_on_face,0.0,,NOTE_ONLY,,,alias 'short term investments' appears only in notes
balance_sheet,StockholdersEquity,2011,mapped,136314609.0,1.36315e+08,PASS,Total shareholders' equity,2012,"label=""Total shareholders' equity"" sheet=136.315"
balance_sheet,TotalAssets,2011,mapped,168294702.0,1.68295e+08,PASS,Total assets,2012,label='Total assets' sheet=168.295
balance_sheet,TotalLiabilities,2011,mapped,31980093.0,3.19801e+07,PASS,Total liabilities,2012,label='Total liabilities' sheet=31.980
balance_sheet,TotalTaxPayable,2011,absent_on_face,0.0,,PASS,,,no face/notes hit
balance_sheet,TreasuryStock,2011,absent_on_face,0.0,,NOTE_ONLY,,,alias 'treasury stock' appears only in notes
balance_sheet,WorkInProcess,2011,absent_on_face,0.0,,PASS,,,no face/notes hit
cash_flow,AssetImpairmentCharge,2011,absent_on_face,0.0,,PASS,,,no face/notes hit
cash_flow,BeginningCashPosition,2011,mapped,3266356.0,3.26636e+06,PASS,"CASH, beginning of year",2012,"label='CASH, beginning of year' sheet=3.266"
cash_flow,CapitalExpenditure,2011,absent_on_face,0.0,,NOTE_ONLY,,,alias 'capital expenditures' appears only in notes
cash_flow,CashDividendsPaid,2011,absent_on_face,0.0,,PASS,,,no face/notes hit
cash_flow,CashFromDiscontinuedInvestingActivities,2011,absent_on_face,0.0,,PASS,,,no face/notes hit
cash_flow,CashFromDiscontinuedOperatingActivities,2011,absent_on_face,0.0,,PASS,,,no face/notes hit
cash_flow,ChangeInInventory,2011,absent_on_face,0.0,,PASS,,,no face/notes hit
cash_flow,ChangeInOtherWorkingCapital,2011,absent_on_face,0.0,,NOTE_ONLY,,,alias 'deferred revenue' appears only in notes
cash_flow,ChangeInPayablesAndAccruedExpense,2011,mapped,5165594.0,5.16559e+06,PASS,Accounts payable and accrued liabilities,2012,label='Accounts payable and accrued liabilities' sheet=5.166
cash_flow,ChangeInPrepaidAssets,2011,absent_on_face,0.0,,NOTE_ONLY,,,alias 'prepaid expenses' appears only in notes
cash_flow,ChangeInReceivables,2011,mapped,-1272429.0,-1.27243e+06,PASS,Prepaid and other amounts receivable,2012,label='Prepaid and other amounts receivable' sheet=-1.272
cash_flow,ChangesInCash,2011,mapped,10783500.0,1.07835e+07,PASS,CHANGE IN CASH,2012,label='CHANGE IN CASH' sheet=10.784
cash_flow,DepreciationAmortizationDepletion,2011,absent_on_face,0.0,,PASS,,,no face/notes hit
cash_flow,EffectOfExchangeRateChanges,2011,absent_on_face,0.0,,PASS,,,no face/notes hit
cash_flow,EndCashPosition,2011,mapped,14049856.0,1.40499e+07,PASS,"CASH, end of year",2012,"label='CASH, end of year' sheet=14.050"
cash_flow,FinancingCashFlow,2011,mapped,-615290.0,-615290,PASS,Net cash used in financing activities,2012,label='Net cash used in financing activities' sheet=-0.615
cash_flow,InvestingCashFlow,2011,mapped,12505678.0,1.25057e+07,PASS,Net cash provided by investing activities,2012,label='Net cash provided by investing activities' sheet=12.506
cash_flow,IssuanceOfCapitalStock,2011,absent_on_face,0.0,,PASS,,,no face/notes hit
cash_flow,IssuanceOfDebt,2011,absent_on_face,0.0,,PASS,,,no face/notes hit
cash_flow,NetIncomeFromContinuingOperations,2011,mapped,34840202.0,3.48402e+07,PASS,Net income for the year,2011,label='Net income for the year' sheet=34.840
cash_flow,NetIntangiblesPurchaseAndSale,2011,absent_on_face,0.0,,PASS,,,no face/notes hit
cash_flow,NetIssuancePaymentsOfDebt,2011,absent_on_face,0.0,,PASS,,,no face/notes hit
cash_flow,NetOtherFinancingCharges,2011,absent_on_face,0.0,,NOTE_ONLY,,,alias 'share issue costs' appears only in notes
cash_flow,NetOtherInvestingChanges,2011,absent_on_face,0.0,,PASS,,,no face/notes hit
cash_flow,NetPreferredStockIssuance,2011,absent_on_face,0.0,,PASS,,,no face/notes hit
cash_flow,OtherNonCashItems,2011,absent_on_face,0.0,,PASS,,,no face/notes hit
cash_flow,PurchaseOfBusiness,2011,absent_on_face,0.0,,PASS,,,no face/notes hit
cash_flow,PurchaseOfInvestment,2011,mapped,-22911789.0,-2.29118e+07,PASS,Purchase of investments,2012,label='Purchase of investments' sheet=-22.912
cash_flow,PurchaseOfPPE,2011,absent_on_face,0.0,,PASS,,,no face/notes hit
cash_flow,RepaymentOfDebt,2011,absent_on_face,0.0,,PASS,,,no face/notes hit
cash_flow,RepurchaseOfCapitalStock,2011,mapped,-674090.0,-674090,PASS,Shares repurchased and cancelled 11,2012,label='Shares repurchased and cancelled 11' sheet=-0.674
cash_flow,SaleOfInvestment,2011,absent_on_face,0.0,,PASS,,,no face/notes hit
cash_flow,SaleOfPPE,2011,absent_on_face,0.0,,PASS,,,no face/notes hit
cash_flow,StockBasedCompensation,2011,mapped,644683.0,644683,PASS,Share-based compensation 12,2012,label='Share-based compensation 12' sheet=0.645
income_statement,CostOfRevenue,2011,absent_on_face,0.0,,PASS,,,no face/notes hit
income_statement,DepreciationAmortizationDepletion,2011,absent_on_face,0.0,,PASS,,,no face/notes hit
income_statement,InterestExpenseNonOperating,2011,absent_on_face,0.0,,PASS,,,no face/notes hit
income_statement,InterestIncomeNonOperating,2011,absent_on_face,0.0,,NOTE_ONLY,,,alias 'interest income' appears only in notes
income_statement,MinorityInterests,2011,absent_on_face,0.0,,NOTE_ONLY,,,alias 'non controlling interest' appears only in notes
income_statement,NetIncomeDiscontinuousOperations,2011,absent_on_face,0.0,,PASS,,,no face/notes hit
income_statement,NetNonOperatingInterestIncomeExpense,2011,absent_on_face,0.0,,PASS,,,no face/notes hit
income_statement,OtherIncomeExpense,2011,absent_on_face,0.0,,NOTE_ONLY,,,alias 'foreign exchange loss' appears only in notes
income_statement,OtherOperatingExpenses,2011,absent_on_face,0.0,,NOTE_ONLY,,,alias 'office' appears only in notes
income_statement,ResearchAndDevelopment,2011,absent_on_face,0.0,,PASS,,,no face/notes hit
income_statement,SellingGeneralAndAdministration,2011,absent_on_face,0.0,,NOTE_ONLY,,,alias 'travel' appears only in notes
balance_sheet,CashCashEquivalentsAndShortTermInvestments,2011,derived,14049856.0,,PASS,,,identities clean
balance_sheet,NonCurrentDeferredLiabilities,2011,derived,22701000.0,,PASS,,,identities clean
balance_sheet,OtherCurrentAssets,2011,derived,116304375.0,,PASS,,,identities clean
balance_sheet,OtherCurrentLiabilities,2011,derived,2833322.0,,PASS,,,identities clean
balance_sheet,OtherNonCurrentAssets,2011,derived,28221294.0,,PASS,,,identities clean
balance_sheet,OtherNonCurrentLiabilities,2011,derived,0.0,,PASS,,,identities clean
balance_sheet,Receivables,2011,derived,9719177.0,,PASS,,,identities clean
balance_sheet,TotalEquityGrossMinorityInterest,2011,derived,136314609.0,,PASS,,,identities clean
balance_sheet,TotalNonCurrentAssets,2011,derived,28221294.0,,PASS,,,identities clean
balance_sheet,TotalNonCurrentLiabilities,2011,derived,22701000.0,,PASS,,,identities clean
cash_flow,ChangeInWorkingCapital,2011,derived,3893165.0,,PASS,,,identities clean
cash_flow,FreeCashFlow,2011,derived,-1106888.0,,PASS,,,identities clean
income_statement,EBIT,2011,derived,34840202.0,,PASS,,,identities clean
income_statement,EBITDA,2011,derived,34840202.0,,PASS,,,identities clean
income_statement,NetIncome,2011,derived,34840202.0,,PASS,,,identities clean
income_statement,NetIncomeContinuousOperations,2011,derived,34840202.0,,PASS,,,identities clean
income_statement,OperatingExpense,2011,derived,0.0,,PASS,,,identities clean
income_statement,PretaxIncome,2011,derived,34840202.0,,PASS,,,identities clean
income_statement,TaxProvision,2011,derived,0.0,,PASS,,,identities clean
balance_sheet,AccountsPayable,2012,absent_on_face,0.0,,NOTE_ONLY,,,alias 'accounts payable' appears only in notes
balance_sheet,AccountsReceivable,2012,mapped,1762134.0,1.76213e+06,PASS,"Amounts receivable 4, 16",2013,"label='Amounts receivable 4, 16' sheet=1.762"
balance_sheet,AccumulatedDepreciation,2012,absent_on_face,0.0,,PASS,,,no face/notes hit
balance_sheet,AdditionalPaidInCapital,2012,absent_on_face,0.0,,NOTE_ONLY,,,alias 'contributed surplus' appears only in notes
balance_sheet,BuildingsAndImprovements,2012,absent_on_face,0.0,,PASS,,,no face/notes hit
balance_sheet,CashAndCashEquivalents,2012,mapped,7372118.0,7.37212e+06,PASS,Cash,2013,label='Cash' sheet=7.372
balance_sheet,CommonStock,2012,None,43311233.0,,SUSPECT,,,unexpected match_kind=None
balance_sheet,ConstructionInProgress,2012,absent_on_face,0.0,,PASS,,,no face/notes hit
balance_sheet,CurrentAccruedExpenses,2012,absent_on_face,0.0,,NOTE_ONLY,,,alias 'accrued liabilities' appears only in notes
balance_sheet,CurrentAssets,2012,mapped,84072349.0,8.40723e+07,PASS,Total current assets,2012,label='Total current assets' sheet=84.072
balance_sheet,CurrentCapitalLeaseObligation,2012,absent_on_face,0.0,,PASS,,,no face/notes hit
balance_sheet,CurrentDebt,2012,absent_on_face,0.0,,PASS,,,no face/notes hit
balance_sheet,CurrentDebtAndCapitalLeaseObligation,2012,absent_on_face,0.0,,PASS,,,no face/notes hit
balance_sheet,CurrentDeferredLiabilities,2012,absent_on_face,0.0,,PASS,,,no face/notes hit
balance_sheet,CurrentDeferredRevenue,2012,absent_on_face,0.0,,BUG_FACE,"Deferred revenue                                                                             -                       -           414,400",,"zero-filled but concept on FACE (exact): 'Deferred revenue                                                                             -                       -           414,400'"
balance_sheet,CurrentDeferredTaxesLiabilities,2012,absent_on_face,0.0,,PASS,,,no face/notes hit
balance_sheet,CurrentLiabilities,2012,mapped,2242570.0,2.24257e+06,PASS,Total current liabilities,2012,label='Total current liabilities' sheet=2.243
balance_sheet,FinishedGoods,2012,absent_on_face,0.0,,PASS,,,no face/notes hit
balance_sheet,GainsLossesNotAffectingRetainedEarnings,2012,mapped,-1630675.0,-1.63068e+06,PASS,Accumulated other comprehensive loss 7,2013,label='Accumulated other comprehensive loss 7' sheet=-1.631
balance_sheet,Goodwill,2012,absent_on_face,0.0,,NOTE_ONLY,,,alias 'goodwill' appears only in notes
balance_sheet,GrossPPE,2012,absent_on_face,0.0,,PASS,,,no face/notes hit
balance_sheet,InventoriesAdjustmentsAllowances,2012,absent_on_face,0.0,,PASS,,,no face/notes hit
balance_sheet,Inventory,2012,absent_on_face,0.0,,PASS,,,no face/notes hit
balance_sheet,InvestmentsAndAdvances,2012,absent_on_face,0.0,,NOTE_ONLY,,,alias 'investments' appears only in notes
balance_sheet,LandAndImprovements,2012,absent_on_face,0.0,,PASS,,,no face/notes hit
balance_sheet,LoansReceivable,2012,mapped,2456978.0,2.45698e+06,PASS,"Loans receivable 5, 16",2013,"label='Loans receivable 5, 16' sheet=2.457"
balance_sheet,LongTermCapitalLeaseObligation,2012,absent_on_face,0.0,,PASS,,,no face/notes hit
balance_sheet,LongTermDebt,2012,absent_on_face,0.0,,PASS,,,no face/notes hit
balance_sheet,LongTermDebtAndCapitalLeaseObligation,2012,absent_on_face,0.0,,PASS,,,no face/notes hit
balance_sheet,MachineryFurnitureEquipment,2012,absent_on_face,0.0,,NOTE_ONLY,,,alias 'equipment' appears only in notes
balance_sheet,MinorityInterest,2012,absent_on_face,0.0,,PASS,,,no face/notes hit
balance_sheet,NetPPE,2012,absent_on_face,0.0,,PASS,,,no face/notes hit
balance_sheet,NonCurrentDeferredRevenue,2012,absent_on_face,0.0,,PASS,,,no face/notes hit
balance_sheet,NonCurrentDeferredTaxesLiabilities,2012,mapped,7874000.0,7.874e+06,PASS,Deferred tax liability 9,2013,label='Deferred tax liability 9' sheet=7.874
balance_sheet,NonCurrentPensionAndOtherPostretirementBenefitPlans,2012,absent_on_face,0.0,,PASS,,,no face/notes hit
balance_sheet,NotesReceivable,2012,absent_on_face,0.0,,PASS,,,no face/notes hit
balance_sheet,OtherIntangibleAssets,2012,absent_on_face,0.0,,PASS,,,no face/notes hit
balance_sheet,OtherInventories,2012,absent_on_face,0.0,,PASS,,,no face/notes hit
balance_sheet,OtherPayable,2012,absent_on_face,0.0,,NOTE_ONLY,,,alias 'due to related parties' appears only in notes
balance_sheet,OtherReceivables,2012,absent_on_face,0.0,,NOTE_ONLY,,,alias 'interest receivable' appears only in notes
balance_sheet,PayablesAndAccruedExpenses,2012,mapped,664242.0,664242,PASS,Accounts payable and accrued liabilities 8,2013,label='Accounts payable and accrued liabilities 8' sheet=0.664
balance_sheet,PreferredStock,2012,absent_on_face,0.0,,NOTE_ONLY,,,alias 'preferred shares' appears only in notes
balance_sheet,RawMaterials,2012,absent_on_face,0.0,,PASS,,,no face/notes hit
balance_sheet,RetainedEarnings,2012,mapped,34062645.0,3.40626e+07,PASS,Retained earnings,2013,label='Retained earnings' sheet=34.063
balance_sheet,ShortTermInvestments,2012,absent_on_face,0.0,,NOTE_ONLY,,,alias 'marketable securities' appears only in notes
balance_sheet,StockholdersEquity,2012,mapped,96081173.0,9.60812e+07,PASS,Total shareholders' equity,2013,"label=""Total shareholders' equity"" sheet=96.081"
balance_sheet,TotalAssets,2012,mapped,106197743.0,1.06198e+08,PASS,Total assets,2013,label='Total assets' sheet=106.198
balance_sheet,TotalLiabilities,2012,mapped,10116570.0,1.01166e+07,PASS,Total liabilities,2013,label='Total liabilities' sheet=10.117
balance_sheet,TotalTaxPayable,2012,absent_on_face,0.0,,PASS,,,no face/notes hit
balance_sheet,TreasuryStock,2012,absent_on_face,0.0,,NOTE_ONLY,,,alias 'treasury stock' appears only in notes
balance_sheet,WorkInProcess,2012,absent_on_face,0.0,,PASS,,,no face/notes hit
cash_flow,AssetImpairmentCharge,2012,absent_on_face,0.0,,PASS,,,no face/notes hit
cash_flow,BeginningCashPosition,2012,mapped,14049856.0,1.40499e+07,PASS,"CASH, beginning of year",2013,"label='CASH, beginning of year' sheet=14.050"
cash_flow,CapitalExpenditure,2012,absent_on_face,0.0,,PASS,,,no face/notes hit
cash_flow,CashDividendsPaid,2012,mapped,-1742297.0,-1.7423e+06,PASS,Dividend paid 10,2013,label='Dividend paid 10' sheet=-1.742
cash_flow,CashFromDiscontinuedInvestingActivities,2012,absent_on_face,0.0,,PASS,,,no face/notes hit
cash_flow,CashFromDiscontinuedOperatingActivities,2012,absent_on_face,0.0,,PASS,,,no face/notes hit
cash_flow,ChangeInInventory,2012,absent_on_face,0.0,,PASS,,,no face/notes hit
cash_flow,ChangeInOtherWorkingCapital,2012,absent_on_face,0.0,,NOTE_ONLY,,,alias 'deferred revenue' appears only in notes
cash_flow,ChangeInPayablesAndAccruedExpense,2012,mapped,-5838362.0,-5.83836e+06,PASS,Accounts payable and accrued liabilities,2013,label='Accounts payable and accrued liabilities' sheet=-5.838
cash_flow,ChangeInPrepaidAssets,2012,absent_on_face,0.0,,NOTE_ONLY,,,alias 'prepaid expenses' appears only in notes
cash_flow,ChangeInReceivables,2012,mapped,-1176004.0,-1.176e+06,PASS,Prepaid and other amounts receivable,2013,label='Prepaid and other amounts receivable' sheet=-1.176
cash_flow,ChangesInCash,2012,mapped,-6677738.0,-6.67774e+06,PASS,Change in cash for the year,2013,label='Change in cash for the year' sheet=-6.678
cash_flow,DepreciationAmortizationDepletion,2012,absent_on_face,0.0,,PASS,,,no face/notes hit
cash_flow,EffectOfExchangeRateChanges,2012,absent_on_face,0.0,,PASS,,,no face/notes hit
cash_flow,EndCashPosition,2012,mapped,7372118.0,7.37212e+06,PASS,"CASH, end of year",2013,"label='CASH, end of year' sheet=7.372"
cash_flow,FinancingCashFlow,2012,mapped,-3029373.0,-3.02937e+06,PASS,Net cash (used) in financing activities,2013,label='Net cash (used) in financing activities' sheet=-3.029
cash_flow,InvestingCashFlow,2012,mapped,5203314.0,5.20331e+06,PASS,Net cash provided by investing activities,2012,label='Net cash provided by investing activities' sheet=5.203
cash_flow,IssuanceOfCapitalStock,2012,absent_on_face,0.0,,PASS,,,no face/notes hit
cash_flow,IssuanceOfDebt,2012,absent_on_face,0.0,,PASS,,,no face/notes hit
cash_flow,NetIntangiblesPurchaseAndSale,2012,absent_on_face,0.0,,PASS,,,no face/notes hit
cash_flow,NetIssuancePaymentsOfDebt,2012,absent_on_face,0.0,,PASS,,,no face/notes hit
cash_flow,NetOtherFinancingCharges,2012,absent_on_face,0.0,,NOTE_ONLY,,,alias 'share issue costs' appears only in notes
cash_flow,NetOtherInvestingChanges,2012,absent_on_face,0.0,,PASS,,,no face/notes hit
cash_flow,NetPreferredStockIssuance,2012,absent_on_face,0.0,,PASS,,,no face/notes hit
cash_flow,OtherNonCashItems,2012,absent_on_face,0.0,,PASS,,,no face/notes hit
cash_flow,PurchaseOfBusiness,2012,absent_on_face,0.0,,PASS,,,no face/notes hit
cash_flow,PurchaseOfInvestment,2012,mapped,-25002874.0,-2.50029e+07,PASS,Purchase of investments,2013,label='Purchase of investments' sheet=-25.003
cash_flow,PurchaseOfPPE,2012,absent_on_face,0.0,,PASS,,,no face/notes hit
cash_flow,RepaymentOfDebt,2012,absent_on_face,0.0,,PASS,,,no face/notes hit
cash_flow,RepurchaseOfCapitalStock,2012,mapped,-1898050.0,-1.89805e+06,PASS,Shares repurchased and cancelled 10,2013,label='Shares repurchased and cancelled 10' sheet=-1.898
cash_flow,SaleOfInvestment,2012,absent_on_face,0.0,,PASS,,,no face/notes hit
cash_flow,SaleOfPPE,2012,absent_on_face,0.0,,PASS,,,no face/notes hit
cash_flow,StockBasedCompensation,2012,mapped,517589.0,517589,PASS,"Share-based compensation 11,12",2013,"label='Share-based compensation 11,12' sheet=0.518"
income_statement,CostOfRevenue,2012,absent_on_face,0.0,,PASS,,,no face/notes hit
income_statement,DepreciationAmortizationDepletion,2012,absent_on_face,0.0,,PASS,,,no face/notes hit
income_statement,InterestExpenseNonOperating,2012,absent_on_face,0.0,,PASS,,,no face/notes hit
income_statement,InterestIncomeNonOperating,2012,mapped,839733.0,839733,PASS,Interest and dividend income 16,2013,label='Interest and dividend income 16' sheet=0.840
income_statement,MinorityInterests,2012,absent_on_face,0.0,,PASS,,,no face/notes hit
income_statement,NetIncome,2012,mapped,-37813636.0,-3.78136e+07,PASS,Net (loss) for the year,2013,label='Net (loss) for the year' sheet=-37.814
income_statement,NetIncomeDiscontinuousOperations,2012,absent_on_face,0.0,,PASS,,,no face/notes hit
income_statement,NetNonOperatingInterestIncomeExpense,2012,absent_on_face,0.0,,PASS,,,no face/notes hit
income_statement,OperatingExpense,2012,mapped,15140272.0,1.51403e+07,PASS,Total expenses,2013,label='Total expenses' sheet=15.140
income_statement,OtherIncomeExpense,2012,mapped,-51807161.0,-5.2024e+07+216818,PASS,(Loss) before foreign exchange (loss) gain,2013,label='(Loss) before foreign exchange (loss) gain' sheet=-51.807
income_statement,OtherOperatingExpenses,2012,absent_on_face,0.0,,NOTE_ONLY,,,alias 'office' appears only in notes
income_statement,PretaxIncome,2012,mapped,-51807161.0,-5.18072e+07,PASS,(Loss) before income taxes,2013,label='(Loss) before income taxes' sheet=-51.807
income_statement,ResearchAndDevelopment,2012,absent_on_face,0.0,,PASS,,,no face/notes hit
income_statement,SellingGeneralAndAdministration,2012,absent_on_face,0.0,,NOTE_ONLY,,,alias 'travel' appears only in notes
balance_sheet,CashCashEquivalentsAndShortTermInvestments,2012,derived,7372118.0,,PASS,,,identities clean
balance_sheet,NonCurrentDeferredLiabilities,2012,derived,7874000.0,,PASS,,,identities clean
balance_sheet,OtherCurrentAssets,2012,derived,72481119.0,,PASS,,,identities clean
balance_sheet,OtherCurrentLiabilities,2012,derived,1578328.0,,PASS,,,identities clean
balance_sheet,OtherNonCurrentAssets,2012,derived,22125394.0,,PASS,,,identities clean
balance_sheet,OtherNonCurrentLiabilities,2012,derived,0.0,,PASS,,,identities clean
balance_sheet,Receivables,2012,derived,4219112.0,,PASS,,,identities clean
balance_sheet,TotalEquityGrossMinorityInterest,2012,derived,96081173.0,,PASS,,,identities clean
balance_sheet,TotalNonCurrentAssets,2012,derived,22125394.0,,PASS,,,identities clean
balance_sheet,TotalNonCurrentLiabilities,2012,derived,7874000.0,,PASS,,,identities clean
cash_flow,ChangeInWorkingCapital,2012,derived,-7014366.0,,MISMATCH,,,identity failed: cashflow_recon_fail
cash_flow,FreeCashFlow,2012,derived,-3648365.0,,MISMATCH,,,identity failed: cashflow_recon_fail
cash_flow,NetIncomeFromContinuingOperations,2012,derived,-37813636.0,,MISMATCH,,,identity failed: cashflow_recon_fail
income_statement,EBIT,2012,derived,-52646894.0,,PASS,,,identities clean
income_statement,EBITDA,2012,derived,-52646894.0,,PASS,,,identities clean
income_statement,NetIncomeContinuousOperations,2012,derived,-37813636.0,,PASS,,,identities clean
income_statement,TaxProvision,2012,derived,-13993525.0,,PASS,,,identities clean
balance_sheet,AccountsPayable,2013,absent_on_face,0.0,,NOTE_ONLY,,,alias 'accounts payable' appears only in notes
balance_sheet,AccountsReceivable,2013,mapped,14903734.0,1.49037e+07,PASS,"Amounts receivable 4,15",2014,"label='Amounts receivable 4,15' sheet=14.904"
balance_sheet,AccumulatedDepreciation,2013,absent_on_face,0.0,,PASS,,,no face/notes hit
balance_sheet,AdditionalPaidInCapital,2013,absent_on_face,0.0,,PASS,,,no face/notes hit
balance_sheet,BuildingsAndImprovements,2013,absent_on_face,0.0,,PASS,,,no face/notes hit
balance_sheet,CashAndCashEquivalents,2013,mapped,322185.0,322185,PASS,Cash 15,2014,label='Cash 15' sheet=0.322
balance_sheet,CommonStock,2013,None,42974278.0,,SUSPECT,,,unexpected match_kind=None
balance_sheet,ConstructionInProgress,2013,absent_on_face,0.0,,PASS,,,no face/notes hit
balance_sheet,CurrentAccruedExpenses,2013,absent_on_face,0.0,,NOTE_ONLY,,,alias 'accrued liabilities' appears only in notes
balance_sheet,CurrentCapitalLeaseObligation,2013,absent_on_face,0.0,,PASS,,,no face/notes hit
balance_sheet,CurrentDebt,2013,absent_on_face,0.0,,PASS,,,no face/notes hit
balance_sheet,CurrentDebtAndCapitalLeaseObligation,2013,absent_on_face,0.0,,PASS,,,no face/notes hit
balance_sheet,CurrentDeferredLiabilities,2013,absent_on_face,0.0,,PASS,,,no face/notes hit
balance_sheet,CurrentDeferredRevenue,2013,absent_on_face,0.0,,NOTE_ONLY,,,alias 'deferred revenue' appears only in notes
balance_sheet,CurrentDeferredTaxesLiabilities,2013,absent_on_face,0.0,,PASS,,,no face/notes hit
balance_sheet,FinishedGoods,2013,absent_on_face,0.0,,PASS,,,no face/notes hit
balance_sheet,GainsLossesNotAffectingRetainedEarnings,2013,absent_on_face,0.0,,BUG_FACE,"Accumulated other comprehensive loss                 7                            -            (1,630,675)",,"zero-filled but concept on FACE (exact): 'Accumulated other comprehensive loss                 7                            -            (1,630,675)'"
balance_sheet,Goodwill,2013,absent_on_face,0.0,,PASS,,,no face/notes hit
balance_sheet,GrossPPE,2013,absent_on_face,0.0,,PASS,,,no face/notes hit
balance_sheet,InventoriesAdjustmentsAllowances,2013,absent_on_face,0.0,,PASS,,,no face/notes hit
balance_sheet,Inventory,2013,absent_on_face,0.0,,PASS,,,no face/notes hit
balance_sheet,InvestmentsAndAdvances,2013,absent_on_face,0.0,,NOTE_ONLY,,,alias 'investments' appears only in notes
balance_sheet,LandAndImprovements,2013,absent_on_face,0.0,,PASS,,,no face/notes hit
balance_sheet,LoansReceivable,2013,mapped,3116040.0,3.11604e+06,PASS,"Loans receivable 5,15",2014,"label='Loans receivable 5,15' sheet=3.116"
balance_sheet,LongTermCapitalLeaseObligation,2013,absent_on_face,0.0,,PASS,,,no face/notes hit
balance_sheet,LongTermDebt,2013,absent_on_face,0.0,,PASS,,,no face/notes hit
balance_sheet,LongTermDebtAndCapitalLeaseObligation,2013,absent_on_face,0.0,,PASS,,,no face/notes hit
balance_sheet,MachineryFurnitureEquipment,2013,absent_on_face,0.0,,NOTE_ONLY,,,alias 'equipment' appears only in notes
balance_sheet,MinorityInterest,2013,absent_on_face,0.0,,PASS,,,no face/notes hit
balance_sheet,NetPPE,2013,absent_on_face,0.0,,PASS,,,no face/notes hit
balance_sheet,NonCurrentDeferredLiabilities,2013,absent_on_face,0.0,,PASS,,,no face/notes hit
balance_sheet,NonCurrentDeferredRevenue,2013,absent_on_face,0.0,,PASS,,,no face/notes hit
balance_sheet,NonCurrentDeferredTaxesLiabilities,2013,absent_on_face,0.0,,BUG_FACE,"Deferred tax liability                                 9                            -            7,874,000",,"zero-filled but concept on FACE (fuzzy): 'Deferred tax liability                                 9                            -            7,874,000'"
balance_sheet,NonCurrentPensionAndOtherPostretirementBenefitPlans,2013,absent_on_face,0.0,,PASS,,,no face/notes hit
balance_sheet,NotesReceivable,2013,absent_on_face,0.0,,PASS,,,no face/notes hit
balance_sheet,OtherCurrentAssets,2013,absent_on_face,0.0,,PASS,,,no face/notes hit
balance_sheet,OtherCurrentLiabilities,2013,absent_on_face,0.0,,PASS,,,no face/notes hit
balance_sheet,OtherIntangibleAssets,2013,absent_on_face,0.0,,PASS,,,no face/notes hit
balance_sheet,OtherInventories,2013,absent_on_face,0.0,,PASS,,,no face/notes hit
balance_sheet,OtherNonCurrentAssets,2013,absent_on_face,0.0,,PASS,,,no face/notes hit
balance_sheet,OtherNonCurrentLiabilities,2013,absent_on_face,0.0,,PASS,,,no face/notes hit
balance_sheet,OtherPayable,2013,absent_on_face,0.0,,PASS,,,no face/notes hit
balance_sheet,OtherReceivables,2013,absent_on_face,0.0,,NOTE_ONLY,,,alias 'interest receivable' appears only in notes
balance_sheet,PayablesAndAccruedExpenses,2013,mapped,599856.0,599856,PASS,"Accounts payable and accrued liabilities 8,11",2014,"label='Accounts payable and accrued liabilities 8,11' sheet=0.600"
balance_sheet,PreferredStock,2013,absent_on_face,0.0,,NOTE_ONLY,,,alias 'preferred shares' appears only in notes
balance_sheet,RawMaterials,2013,absent_on_face,0.0,,PASS,,,no face/notes hit
balance_sheet,RetainedEarnings,2013,mapped,17898858.0,1.78989e+07,PASS,Retained earnings,2014,label='Retained earnings' sheet=17.899
balance_sheet,ShortTermInvestments,2013,absent_on_face,0.0,,NOTE_ONLY,,,alias 'marketable securities' appears only in notes
balance_sheet,StockholdersEquity,2013,mapped,65450058.0,6.54501e+07,PASS,Total shareholders' equity,2014,"label=""Total shareholders' equity"" sheet=65.450"
balance_sheet,TotalAssets,2013,mapped,75789665.0,7.57897e+07,PASS,Total assets,2014,label='Total assets' sheet=75.790
balance_sheet,TotalLiabilities,2013,mapped,10339607.0,1.03396e+07,PASS,Total liabilities,2014,label='Total liabilities' sheet=10.340
balance_sheet,TotalTaxPayable,2013,absent_on_face,0.0,,PASS,,,no face/notes hit
balance_sheet,TreasuryStock,2013,mapped,4576922.0,4.57692e+06,PASS,Equity reserve and treasury shares 11,2014,label='Equity reserve and treasury shares 11' sheet=4.577
balance_sheet,WorkInProcess,2013,absent_on_face,0.0,,PASS,,,no face/notes hit
cash_flow,AssetImpairmentCharge,2013,absent_on_face,0.0,,PASS,,,no face/notes hit
cash_flow,BeginningCashPosition,2013,mapped,7372118.0,7.37212e+06,PASS,"CASH, beginning of year",2014,"label='CASH, beginning of year' sheet=7.372"
cash_flow,CapitalExpenditure,2013,absent_on_face,0.0,,PASS,,,no face/notes hit
cash_flow,CashDividendsPaid,2013,mapped,-1734088.0,-1.73409e+06,PASS,Dividend paid 10,2014,label='Dividend paid 10' sheet=-1.734
cash_flow,CashFromDiscontinuedInvestingActivities,2013,absent_on_face,0.0,,PASS,,,no face/notes hit
cash_flow,CashFromDiscontinuedOperatingActivities,2013,absent_on_face,0.0,,PASS,,,no face/notes hit
cash_flow,ChangeInInventory,2013,absent_on_face,0.0,,PASS,,,no face/notes hit
cash_flow,ChangeInOtherWorkingCapital,2013,absent_on_face,0.0,,NOTE_ONLY,,,alias 'deferred revenue' appears only in notes
cash_flow,ChangeInPayablesAndAccruedExpense,2013,mapped,48730.0,48730,PASS,Accounts payable and accrued liabilities,2014,label='Accounts payable and accrued liabilities' sheet=0.049
cash_flow,ChangeInPrepaidAssets,2013,absent_on_face,0.0,,NOTE_ONLY,,,alias 'prepaid expenses' appears only in notes
cash_flow,ChangeInReceivables,2013,mapped,-864301.0,-864301,PASS,Prepaid and other amounts receivable,2014,label='Prepaid and other amounts receivable' sheet=-0.864
cash_flow,ChangesInCash,2013,mapped,-7049933.0,-7.04993e+06,PASS,Change in cash for the year,2014,label='Change in cash for the year' sheet=-7.050
cash_flow,DepreciationAmortizationDepletion,2013,absent_on_face,0.0,,PASS,,,no face/notes hit
cash_flow,EffectOfExchangeRateChanges,2013,absent_on_face,0.0,,PASS,,,no face/notes hit
cash_flow,EndCashPosition,2013,mapped,322185.0,322185,PASS,"CASH, end of year",2014,"label='CASH, end of year' sheet=0.322"
cash_flow,FinancingCashFlow,2013,mapped,-2034318.0,-2.03432e+06,PASS,Net cash (used in) financing activities,2014,label='Net cash (used in) financing activities' sheet=-2.034
cash_flow,IssuanceOfCapitalStock,2013,absent_on_face,0.0,,PASS,,,no face/notes hit
cash_flow,IssuanceOfDebt,2013,absent_on_face,0.0,,PASS,,,no face/notes hit
cash_flow,NetIntangiblesPurchaseAndSale,2013,absent_on_face,0.0,,PASS,,,no face/notes hit
cash_flow,NetIssuancePaymentsOfDebt,2013,absent_on_face,0.0,,PASS,,,no face/notes hit
cash_flow,NetOtherFinancingCharges,2013,absent_on_face,0.0,,PASS,,,no face/notes hit
cash_flow,NetOtherInvestingChanges,2013,absent_on_face,0.0,,PASS,,,no face/notes hit
cash_flow,NetPreferredStockIssuance,2013,absent_on_face,0.0,,PASS,,,no face/notes hit
cash_flow,OtherNonCashItems,2013,absent_on_face,0.0,,PASS,,,no face/notes hit
cash_flow,PurchaseOfBusiness,2013,absent_on_face,0.0,,PASS,,,no face/notes hit
cash_flow,PurchaseOfInvestment,2013,mapped,-21146168.0,-2.11462e+07,PASS,Purchase of investments,2014,label='Purchase of investments' sheet=-21.146
cash_flow,PurchaseOfPPE,2013,absent_on_face,0.0,,PASS,,,no face/notes hit
cash_flow,RepaymentOfDebt,2013,absent_on_face,0.0,,PASS,,,no face/notes hit
cash_flow,RepurchaseOfCapitalStock,2013,mapped,-408230.0,-408230,PASS,Shares repurchased and cancelled 10,2014,label='Shares repurchased and cancelled 10' sheet=-0.408
cash_flow,SaleOfInvestment,2013,absent_on_face,0.0,,PASS,,,no face/notes hit
cash_flow,SaleOfPPE,2013,absent_on_face,0.0,,PASS,,,no face/notes hit
cash_flow,StockBasedCompensation,2013,mapped,402947.0,402947,PASS,Share-based compensation 11,2014,label='Share-based compensation 11' sheet=0.403
income_statement,CostOfRevenue,2013,absent_on_face,0.0,,PASS,,,no face/notes hit
income_statement,DepreciationAmortizationDepletion,2013,absent_on_face,0.0,,PASS,,,no face/notes hit
income_statement,InterestExpenseNonOperating,2013,absent_on_face,0.0,,PASS,,,no face/notes hit
income_statement,InterestIncomeNonOperating,2013,mapped,1143251.0,1.14325e+06,PASS,Interest and dividend income 16,2014,label='Interest and dividend income 16' sheet=1.143
income_statement,MinorityInterests,2013,absent_on_face,0.0,,PASS,,,no face/notes hit
income_statement,NetIncome,2013,mapped,-30630419.0,-3.06304e+07,PASS,Net (loss) for the year,2014,label='Net (loss) for the year' sheet=-30.630
income_statement,NetIncomeDiscontinuousOperations,2013,absent_on_face,0.0,,PASS,,,no face/notes hit
income_statement,NetNonOperatingInterestIncomeExpense,2013,absent_on_face,0.0,,PASS,,,no face/notes hit
income_statement,OperatingExpense,2013,mapped,14753494.0,1.47535e+07,PASS,Total expenses,2014,label='Total expenses' sheet=14.753
income_statement,OtherIncomeExpense,2013,mapped,-36729016.0,-3.51674e+07+-1.56165e+06,PASS,(Loss) before foreign exchange gain (loss),2014,label='(Loss) before foreign exchange gain (loss)' sheet=-36.729
income_statement,OtherOperatingExpenses,2013,absent_on_face,0.0,,NOTE_ONLY,,,alias 'office' appears only in notes
income_statement,PretaxIncome,2013,mapped,-36729016.0,-3.6729e+07,PASS,(Loss) before income taxes,2014,label='(Loss) before income taxes' sheet=-36.729
income_statement,ResearchAndDevelopment,2013,absent_on_face,0.0,,PASS,,,no face/notes hit
income_statement,SellingGeneralAndAdministration,2013,absent_on_face,0.0,,NOTE_ONLY,,,alias 'travel' appears only in notes
balance_sheet,CashCashEquivalentsAndShortTermInvestments,2013,derived,322185.0,,PASS,,,identities clean
balance_sheet,Receivables,2013,derived,18019774.0,,PASS,,,identities clean
balance_sheet,TotalEquityGrossMinorityInterest,2013,derived,65450058.0,,PASS,,,identities clean
cash_flow,ChangeInWorkingCapital,2013,derived,-815571.0,,PASS,,,identities clean
cash_flow,FreeCashFlow,2013,derived,-5015615.0,,PASS,,,identities clean
cash_flow,InvestingCashFlow,2013,derived,0.0,,PASS,,,identities clean
cash_flow,NetIncomeFromContinuingOperations,2013,derived,-30630419.0,,PASS,,,identities clean
income_statement,EBIT,2013,derived,-37872267.0,,PASS,,,identities clean
income_statement,EBITDA,2013,derived,-37872267.0,,PASS,,,identities clean
income_statement,NetIncomeContinuousOperations,2013,derived,-30630419.0,,PASS,,,identities clean
income_statement,TaxProvision,2013,derived,-6098597.0,,PASS,,,identities clean
balance_sheet,AccountsPayable,2014,absent_on_face,0.0,,NOTE_ONLY,,,alias 'accounts payable' appears only in notes
balance_sheet,AccountsReceivable,2014,mapped,105502.0,105502,PASS,"Amounts receivable 4,13,14",2015,"label='Amounts receivable 4,13,14' sheet=0.106"
balance_sheet,AccumulatedDepreciation,2014,absent_on_face,0.0,,PASS,,,no face/notes hit
balance_sheet,AdditionalPaidInCapital,2014,absent_on_face,0.0,,PASS,,,no face/notes hit
balance_sheet,BuildingsAndImprovements,2014,absent_on_face,0.0,,PASS,,,no face/notes hit
balance_sheet,CashAndCashEquivalents,2014,mapped,868267.0,868267,PASS,Cash 13,2015,label='Cash 13' sheet=0.868
balance_sheet,CommonStock,2014,None,42995464.0,,SUSPECT,,,unexpected match_kind=None
balance_sheet,ConstructionInProgress,2014,absent_on_face,0.0,,PASS,,,no face/notes hit
balance_sheet,CurrentAccruedExpenses,2014,absent_on_face,0.0,,NOTE_ONLY,,,alias 'accrued liabilities' appears only in notes
balance_sheet,CurrentCapitalLeaseObligation,2014,absent_on_face,0.0,,PASS,,,no face/notes hit
balance_sheet,CurrentDebt,2014,absent_on_face,0.0,,PASS,,,no face/notes hit
balance_sheet,CurrentDebtAndCapitalLeaseObligation,2014,absent_on_face,0.0,,PASS,,,no face/notes hit
balance_sheet,CurrentDeferredLiabilities,2014,absent_on_face,0.0,,PASS,,,no face/notes hit
balance_sheet,CurrentDeferredRevenue,2014,absent_on_face,0.0,,NOTE_ONLY,,,alias 'deferred revenue' appears only in notes
balance_sheet,CurrentDeferredTaxesLiabilities,2014,absent_on_face,0.0,,PASS,,,no face/notes hit
balance_sheet,FinishedGoods,2014,absent_on_face,0.0,,PASS,,,no face/notes hit
balance_sheet,GainsLossesNotAffectingRetainedEarnings,2014,absent_on_face,0.0,,NOTE_ONLY,,,alias 'accumulated other comprehensive income' appears only in notes
balance_sheet,Goodwill,2014,absent_on_face,0.0,,PASS,,,no face/notes hit
balance_sheet,GrossPPE,2014,absent_on_face,0.0,,PASS,,,no face/notes hit
balance_sheet,InventoriesAdjustmentsAllowances,2014,absent_on_face,0.0,,PASS,,,no face/notes hit
balance_sheet,Inventory,2014,absent_on_face,0.0,,PASS,,,no face/notes hit
balance_sheet,InvestmentsAndAdvances,2014,absent_on_face,0.0,,NOTE_ONLY,,,alias 'investments' appears only in notes
balance_sheet,LandAndImprovements,2014,absent_on_face,0.0,,PASS,,,no face/notes hit
balance_sheet,LoansReceivable,2014,mapped,3902617.0,3.90262e+06,PASS,"Loans receivable 5,13,14",2015,"label='Loans receivable 5,13,14' sheet=3.903"
balance_sheet,LongTermCapitalLeaseObligation,2014,absent_on_face,0.0,,PASS,,,no face/notes hit
balance_sheet,LongTermDebt,2014,absent_on_face,0.0,,PASS,,,no face/notes hit
balance_sheet,LongTermDebtAndCapitalLeaseObligation,2014,absent_on_face,0.0,,PASS,,,no face/notes hit
balance_sheet,MachineryFurnitureEquipment,2014,absent_on_face,0.0,,PASS,,,no face/notes hit
balance_sheet,MinorityInterest,2014,absent_on_face,0.0,,PASS,,,no face/notes hit
balance_sheet,NetPPE,2014,absent_on_face,0.0,,PASS,,,no face/notes hit
balance_sheet,NonCurrentDeferredLiabilities,2014,absent_on_face,0.0,,PASS,,,no face/notes hit
balance_sheet,NonCurrentDeferredRevenue,2014,absent_on_face,0.0,,PASS,,,no face/notes hit
balance_sheet,NonCurrentDeferredTaxesLiabilities,2014,absent_on_face,0.0,,PASS,,,no face/notes hit
balance_sheet,NonCurrentPensionAndOtherPostretirementBenefitPlans,2014,absent_on_face,0.0,,PASS,,,no face/notes hit
balance_sheet,NotesReceivable,2014,absent_on_face,0.0,,PASS,,,no face/notes hit
balance_sheet,OtherCurrentAssets,2014,absent_on_face,0.0,,PASS,,,no face/notes hit
balance_sheet,OtherCurrentLiabilities,2014,absent_on_face,0.0,,PASS,,,no face/notes hit
balance_sheet,OtherIntangibleAssets,2014,absent_on_face,0.0,,PASS,,,no face/notes hit
balance_sheet,OtherInventories,2014,absent_on_face,0.0,,PASS,,,no face/notes hit
balance_sheet,OtherNonCurrentAssets,2014,absent_on_face,0.0,,PASS,,,no face/notes hit
balance_sheet,OtherNonCurrentLiabilities,2014,absent_on_face,0.0,,PASS,,,no face/notes hit
balance_sheet,OtherPayable,2014,absent_on_face,0.0,,PASS,,,no face/notes hit
balance_sheet,OtherReceivables,2014,absent_on_face,0.0,,NOTE_ONLY,,,alias 'interest receivable' appears only in notes
balance_sheet,PayablesAndAccruedExpenses,2014,mapped,920483.0,920483,PASS,"Accounts payable and accrued liabilities 7,10,13",2015,"label='Accounts payable and accrued liabilities 7,10,13' sheet=0.920"
balance_sheet,PreferredStock,2014,absent_on_face,0.0,,NOTE_ONLY,,,alias 'preferred shares' appears only in notes
balance_sheet,RawMaterials,2014,absent_on_face,0.0,,PASS,,,no face/notes hit
balance_sheet,RetainedEarnings,2014,mapped,681771.0,681771,PASS,(Deficit) retained earnings,2015,label='(Deficit) retained earnings' sheet=0.682
balance_sheet,ShortTermInvestments,2014,absent_on_face,0.0,,NOTE_ONLY,,,alias 'marketable securities' appears only in notes
balance_sheet,StockholdersEquity,2014,mapped,47495999.0,4.7496e+07,PASS,Total shareholders' equity,2015,"label=""Total shareholders' equity"" sheet=47.496"
balance_sheet,TotalAssets,2014,mapped,48915975.0,4.8916e+07,PASS,Total assets,2015,label='Total assets' sheet=48.916
balance_sheet,TotalLiabilities,2014,mapped,1419976.0,1.41998e+06,PASS,Total liabilities,2015,label='Total liabilities' sheet=1.420
balance_sheet,TotalTaxPayable,2014,absent_on_face,0.0,,PASS,,,no face/notes hit
balance_sheet,TreasuryStock,2014,mapped,3818764.0,3.81876e+06,PASS,Equity reserve and treasury shares 10,2015,label='Equity reserve and treasury shares 10' sheet=3.819
balance_sheet,WorkInProcess,2014,absent_on_face,0.0,,PASS,,,no face/notes hit
cash_flow,AssetImpairmentCharge,2014,absent_on_face,0.0,,PASS,,,no face/notes hit
cash_flow,BeginningCashPosition,2014,mapped,322185.0,322185,PASS,"CASH, beginning of year",2015,"label='CASH, beginning of year' sheet=0.322"
cash_flow,CapitalExpenditure,2014,absent_on_face,0.0,,PASS,,,no face/notes hit
cash_flow,CashDividendsPaid,2014,absent_on_face,0.0,,BUG_FACE,"Dividend paid                                       10                         -           (1,734,088)",,"zero-filled but concept on FACE (fuzzy): 'Dividend paid                                       10                         -           (1,734,088)'"
cash_flow,CashFromDiscontinuedInvestingActivities,2014,absent_on_face,0.0,,PASS,,,no face/notes hit
cash_flow,CashFromDiscontinuedOperatingActivities,2014,absent_on_face,0.0,,PASS,,,no face/notes hit
cash_flow,ChangeInInventory,2014,absent_on_face,0.0,,PASS,,,no face/notes hit
cash_flow,ChangeInOtherWorkingCapital,2014,mapped,-60000.0,-60000,PASS,Deferred revenue,2015,label='Deferred revenue' sheet=-0.060
cash_flow,ChangeInPayablesAndAccruedExpense,2014,mapped,320704.0,320704,PASS,Accounts payable and accrued liabilities,2015,label='Accounts payable and accrued liabilities' sheet=0.321
cash_flow,ChangeInPrepaidAssets,2014,absent_on_face,0.0,,NOTE_ONLY,,,alias 'prepaid expenses' appears only in notes
cash_flow,ChangeInReceivables,2014,mapped,258697.0,-603556+118650+743603,PASS,Prepaid and other amounts receivable,2015,label='Prepaid and other amounts receivable' sheet=0.259
cash_flow,ChangesInCash,2014,mapped,546082.0,546082,PASS,Change in cash for the year,2015,label='Change in cash for the year' sheet=0.546
cash_flow,DepreciationAmortizationDepletion,2014,absent_on_face,0.0,,PASS,,,no face/notes hit
cash_flow,EffectOfExchangeRateChanges,2014,absent_on_face,0.0,,PASS,,,no face/notes hit
cash_flow,EndCashPosition,2014,mapped,868267.0,868267,PASS,"CASH, end of year",2015,"label='CASH, end of year' sheet=0.868"
cash_flow,FinancingCashFlow,2014,mapped,-2841647.0,-2.84165e+06,PASS,Net cash provided by (used in) financing activities,2015,label='Net cash provided by (used in) financing activities' sheet=-2.842
cash_flow,IssuanceOfCapitalStock,2014,absent_on_face,0.0,,PASS,,,no face/notes hit
cash_flow,IssuanceOfDebt,2014,absent_on_face,0.0,,PASS,,,no face/notes hit
cash_flow,NetIntangiblesPurchaseAndSale,2014,absent_on_face,0.0,,PASS,,,no face/notes hit
cash_flow,NetIssuancePaymentsOfDebt,2014,absent_on_face,0.0,,PASS,,,no face/notes hit
cash_flow,NetOtherFinancingCharges,2014,absent_on_face,0.0,,PASS,,,no face/notes hit
cash_flow,NetOtherInvestingChanges,2014,absent_on_face,0.0,,PASS,,,no face/notes hit
cash_flow,NetPreferredStockIssuance,2014,absent_on_face,0.0,,PASS,,,no face/notes hit
cash_flow,OtherNonCashItems,2014,absent_on_face,0.0,,PASS,,,no face/notes hit
cash_flow,PurchaseOfBusiness,2014,absent_on_face,0.0,,PASS,,,no face/notes hit
cash_flow,PurchaseOfInvestment,2014,mapped,-1366958.0,-1.36696e+06,PASS,Purchase of investments,2015,label='Purchase of investments' sheet=-1.367
cash_flow,PurchaseOfPPE,2014,absent_on_face,0.0,,PASS,,,no face/notes hit
cash_flow,RepaymentOfDebt,2014,absent_on_face,0.0,,PASS,,,no face/notes hit
cash_flow,RepurchaseOfCapitalStock,2014,mapped,-122838.0,-122838,PASS,Shares repurchased and cancelled,2015,label='Shares repurchased and cancelled' sheet=-0.123
cash_flow,SaleOfInvestment,2014,absent_on_face,0.0,,PASS,,,no face/notes hit
cash_flow,SaleOfPPE,2014,absent_on_face,0.0,,PASS,,,no face/notes hit
cash_flow,StockBasedCompensation,2014,mapped,1180523.0,1.18052e+06,PASS,Share-based compensation 10,2015,label='Share-based compensation 10' sheet=1.181
income_statement,CostOfRevenue,2014,absent_on_face,0.0,,PASS,,,no face/notes hit
income_statement,DepreciationAmortizationDepletion,2014,absent_on_face,0.0,,PASS,,,no face/notes hit
income_statement,InterestExpenseNonOperating,2014,absent_on_face,0.0,,PASS,,,no face/notes hit
income_statement,InterestIncomeNonOperating,2014,mapped,751240.0,751240,PASS,Interest and dividend income 14,2015,label='Interest and dividend income 14' sheet=0.751
income_statement,MinorityInterests,2014,absent_on_face,0.0,,PASS,,,no face/notes hit
income_statement,NetIncome,2014,mapped,-16292936.0,-1.62929e+07,PASS,Net loss and Comprehensive loss for the year,2015,label='Net loss and Comprehensive loss for the year' sheet=-16.293
income_statement,NetIncomeDiscontinuousOperations,2014,absent_on_face,0.0,,PASS,,,no face/notes hit
income_statement,NetNonOperatingInterestIncomeExpense,2014,absent_on_face,0.0,,PASS,,,no face/notes hit
income_statement,OperatingExpense,2014,mapped,9268966.0,9.26897e+06,PASS,Total expenses,2015,label='Total expenses' sheet=9.269
income_statement,OtherIncomeExpense,2014,mapped,-22502908.0,-2.27866e+07+283713,PASS,(Loss) before foreign exchange (loss) gain,2015,label='(Loss) before foreign exchange (loss) gain' sheet=-22.503
income_statement,OtherOperatingExpenses,2014,absent_on_face,0.0,,NOTE_ONLY,,,alias 'office' appears only in notes
income_statement,PretaxIncome,2014,mapped,-22502908.0,-2.25029e+07,PASS,(Loss) before income taxes,2015,label='(Loss) before income taxes' sheet=-22.503
income_statement,ResearchAndDevelopment,2014,absent_on_face,0.0,,PASS,,,no face/notes hit
income_statement,SellingGeneralAndAdministration,2014,absent_on_face,0.0,,NOTE_ONLY,,,alias 'consulting fees' appears only in notes
balance_sheet,CashCashEquivalentsAndShortTermInvestments,2014,derived,868267.0,,PASS,,,identities clean
balance_sheet,Receivables,2014,derived,4008119.0,,PASS,,,identities clean
balance_sheet,TotalEquityGrossMinorityInterest,2014,derived,47495999.0,,PASS,,,identities clean
cash_flow,ChangeInWorkingCapital,2014,derived,519401.0,,PASS,,,identities clean
cash_flow,FreeCashFlow,2014,derived,-6754012.0,,PASS,,,identities clean
cash_flow,InvestingCashFlow,2014,derived,10141741.0,,PASS,,,identities clean
cash_flow,NetIncomeFromContinuingOperations,2014,derived,-16292936.0,,PASS,,,identities clean
income_statement,EBIT,2014,derived,-23254148.0,,PASS,,,identities clean
income_statement,EBITDA,2014,derived,-23254148.0,,PASS,,,identities clean
income_statement,NetIncomeContinuousOperations,2014,derived,-16292936.0,,PASS,,,identities clean
income_statement,TaxProvision,2014,derived,-6209972.0,,PASS,,,identities clean
balance_sheet,AccountsPayable,2015,absent_on_face,0.0,,NOTE_ONLY,,,alias 'accounts payable' appears only in notes
balance_sheet,AccountsReceivable,2015,mapped,311.0,311,PASS,"Amounts receivable 4,15,16",2016,"label='Amounts receivable 4,15,16' sheet=0.000"
balance_sheet,AccumulatedDepreciation,2015,absent_on_face,0.0,,PASS,,,no face/notes hit
balance_sheet,AdditionalPaidInCapital,2015,absent_on_face,0.0,,PASS,,,no face/notes hit
balance_sheet,BuildingsAndImprovements,2015,absent_on_face,0.0,,PASS,,,no face/notes hit
balance_sheet,CashAndCashEquivalents,2015,mapped,355188.0,355188,PASS,Cash 15,2016,label='Cash 15' sheet=0.355
balance_sheet,CommonStock,2015,None,44583233.0,,SUSPECT,,,unexpected match_kind=None
balance_sheet,ConstructionInProgress,2015,absent_on_face,0.0,,PASS,,,no face/notes hit
balance_sheet,CurrentAccruedExpenses,2015,absent_on_face,0.0,,NOTE_ONLY,,,alias 'accrued liabilities' appears only in notes
balance_sheet,CurrentCapitalLeaseObligation,2015,absent_on_face,0.0,,PASS,,,no face/notes hit
balance_sheet,CurrentDebt,2015,absent_on_face,0.0,,PASS,,,no face/notes hit
balance_sheet,CurrentDebtAndCapitalLeaseObligation,2015,absent_on_face,0.0,,PASS,,,no face/notes hit
balance_sheet,CurrentDeferredLiabilities,2015,absent_on_face,0.0,,PASS,,,no face/notes hit
balance_sheet,CurrentDeferredRevenue,2015,absent_on_face,0.0,,NOTE_ONLY,,,alias 'deferred revenue' appears only in notes
balance_sheet,CurrentDeferredTaxesLiabilities,2015,absent_on_face,0.0,,PASS,,,no face/notes hit
balance_sheet,FinishedGoods,2015,absent_on_face,0.0,,PASS,,,no face/notes hit
balance_sheet,GainsLossesNotAffectingRetainedEarnings,2015,absent_on_face,0.0,,PASS,,,no face/notes hit
balance_sheet,Goodwill,2015,absent_on_face,0.0,,PASS,,,no face/notes hit
balance_sheet,GrossPPE,2015,absent_on_face,0.0,,PASS,,,no face/notes hit
balance_sheet,InventoriesAdjustmentsAllowances,2015,absent_on_face,0.0,,PASS,,,no face/notes hit
balance_sheet,Inventory,2015,absent_on_face,0.0,,PASS,,,no face/notes hit
balance_sheet,InvestmentsAndAdvances,2015,absent_on_face,0.0,,NOTE_ONLY,,,alias 'investments' appears only in notes
balance_sheet,LandAndImprovements,2015,absent_on_face,0.0,,PASS,,,no face/notes hit
balance_sheet,LoansReceivable,2015,mapped,61538.0,61538,PASS,Loan receivable 5,2016,label='Loan receivable 5' sheet=0.062
balance_sheet,LongTermCapitalLeaseObligation,2015,absent_on_face,0.0,,PASS,,,no face/notes hit
balance_sheet,LongTermDebt,2015,absent_on_face,0.0,,PASS,,,no face/notes hit
balance_sheet,LongTermDebtAndCapitalLeaseObligation,2015,absent_on_face,0.0,,PASS,,,no face/notes hit
balance_sheet,MachineryFurnitureEquipment,2015,absent_on_face,0.0,,PASS,,,no face/notes hit
balance_sheet,MinorityInterest,2015,absent_on_face,0.0,,PASS,,,no face/notes hit
balance_sheet,NetPPE,2015,absent_on_face,0.0,,PASS,,,no face/notes hit
balance_sheet,NonCurrentDeferredLiabilities,2015,absent_on_face,0.0,,PASS,,,no face/notes hit
balance_sheet,NonCurrentDeferredRevenue,2015,absent_on_face,0.0,,PASS,,,no face/notes hit
balance_sheet,NonCurrentDeferredTaxesLiabilities,2015,absent_on_face,0.0,,PASS,,,no face/notes hit
balance_sheet,NonCurrentPensionAndOtherPostretirementBenefitPlans,2015,absent_on_face,0.0,,PASS,,,no face/notes hit
balance_sheet,NotesReceivable,2015,absent_on_face,0.0,,PASS,,,no face/notes hit
balance_sheet,OtherCurrentAssets,2015,absent_on_face,0.0,,PASS,,,no face/notes hit
balance_sheet,OtherCurrentLiabilities,2015,absent_on_face,0.0,,PASS,,,no face/notes hit
balance_sheet,OtherIntangibleAssets,2015,absent_on_face,0.0,,PASS,,,no face/notes hit
balance_sheet,OtherInventories,2015,absent_on_face,0.0,,PASS,,,no face/notes hit
balance_sheet,OtherNonCurrentAssets,2015,absent_on_face,0.0,,PASS,,,no face/notes hit
balance_sheet,OtherNonCurrentLiabilities,2015,absent_on_face,0.0,,PASS,,,no face/notes hit
balance_sheet,OtherPayable,2015,absent_on_face,0.0,,PASS,,,no face/notes hit
balance_sheet,OtherReceivables,2015,absent_on_face,0.0,,NOTE_ONLY,,,alias 'interest receivable' appears only in notes
balance_sheet,PayablesAndAccruedExpenses,2015,mapped,3701060.0,3.70106e+06,PASS,"Accounts payable and accrued liabilities 8,15,16",2016,"label='Accounts payable and accrued liabilities 8,15,16' sheet=3.701"
balance_sheet,PreferredStock,2015,absent_on_face,0.0,,NOTE_ONLY,,,alias 'preferred shares' appears only in notes
balance_sheet,RawMaterials,2015,absent_on_face,0.0,,PASS,,,no face/notes hit
balance_sheet,RetainedEarnings,2015,mapped,-13669802.0,-1.36698e+07,PASS,(Deficit),2016,label='(Deficit)' sheet=-13.670
balance_sheet,ShortTermInvestments,2015,absent_on_face,0.0,,NOTE_ONLY,,,alias 'marketable securities' appears only in notes
balance_sheet,StockholdersEquity,2015,mapped,35851807.0,3.58518e+07,PASS,Total shareholders' equity,2016,"label=""Total shareholders' equity"" sheet=35.852"
balance_sheet,TotalAssets,2015,mapped,39940452.0,3.99405e+07,PASS,Total assets,2016,label='Total assets' sheet=39.940
balance_sheet,TotalLiabilities,2015,mapped,4088645.0,4.08864e+06,PASS,Total liabilities,2016,label='Total liabilities' sheet=4.089
balance_sheet,TotalTaxPayable,2015,absent_on_face,0.0,,PASS,,,no face/notes hit
balance_sheet,TreasuryStock,2015,mapped,4938376.0,4.93838e+06,PASS,Equity reserve and treasury shares 12,2016,label='Equity reserve and treasury shares 12' sheet=4.938
balance_sheet,WorkInProcess,2015,absent_on_face,0.0,,PASS,,,no face/notes hit
cash_flow,AssetImpairmentCharge,2015,absent_on_face,0.0,,PASS,,,no face/notes hit
cash_flow,BeginningCashPosition,2015,mapped,868267.0,868267,PASS,"Cash, beginning of year",2016,"label='Cash, beginning of year' sheet=0.868"
cash_flow,CapitalExpenditure,2015,absent_on_face,0.0,,PASS,,,no face/notes hit
cash_flow,CashDividendsPaid,2015,absent_on_face,0.0,,PASS,,,no face/notes hit
cash_flow,CashFromDiscontinuedInvestingActivities,2015,absent_on_face,0.0,,PASS,,,no face/notes hit
cash_flow,CashFromDiscontinuedOperatingActivities,2015,absent_on_face,0.0,,PASS,,,no face/notes hit
cash_flow,ChangeInInventory,2015,absent_on_face,0.0,,PASS,,,no face/notes hit
cash_flow,ChangeInOtherWorkingCapital,2015,absent_on_face,0.0,,BUG_FACE,"Deferred revenue                                                                                       -              (60,000)",,"zero-filled but concept on FACE (exact): 'Deferred revenue                                                                                       -              (60,000)'"
cash_flow,ChangeInPayablesAndAccruedExpense,2015,mapped,2821021.0,2.82102e+06,PASS,Accounts payable and accrued liabilities,2016,label='Accounts payable and accrued liabilities' sheet=2.821
cash_flow,ChangeInPrepaidAssets,2015,absent_on_face,0.0,,NOTE_ONLY,,,alias 'prepaid expenses' appears only in notes
cash_flow,ChangeInReceivables,2015,mapped,1304235.0,-70400+1.37464e+06,PASS,Prepaid and other amounts receivable,2016,label='Prepaid and other amounts receivable' sheet=1.304
cash_flow,ChangesInCash,2015,mapped,-642499.0,-642499,PASS,Change in cash for the year,2016,label='Change in cash for the year' sheet=-0.642
cash_flow,DepreciationAmortizationDepletion,2015,absent_on_face,0.0,,PASS,,,no face/notes hit
cash_flow,EffectOfExchangeRateChanges,2015,absent_on_face,0.0,,PASS,,,no face/notes hit
cash_flow,EndCashPosition,2015,mapped,355188.0,355188,PASS,"Cash, end of year",2016,"label='Cash, end of year' sheet=0.355"
cash_flow,FinancingCashFlow,2015,mapped,1984301.0,1.9843e+06,PASS,Net cash (used in) provided by financing activities,2016,label='Net cash (used in) provided by financing activities' sheet=1.984
cash_flow,IssuanceOfCapitalStock,2015,absent_on_face,0.0,,PASS,,,no face/notes hit
cash_flow,IssuanceOfDebt,2015,absent_on_face,0.0,,PASS,,,no face/notes hit
cash_flow,NetIntangiblesPurchaseAndSale,2015,absent_on_face,0.0,,PASS,,,no face/notes hit
cash_flow,NetIssuancePaymentsOfDebt,2015,absent_on_face,0.0,,PASS,,,no face/notes hit
cash_flow,NetOtherFinancingCharges,2015,absent_on_face,0.0,,NOTE_ONLY,,,alias 'share issue costs' appears only in notes
cash_flow,NetOtherInvestingChanges,2015,absent_on_face,0.0,,PASS,,,no face/notes hit
cash_flow,NetPreferredStockIssuance,2015,absent_on_face,0.0,,PASS,,,no face/notes hit
cash_flow,OtherNonCashItems,2015,absent_on_face,0.0,,PASS,,,no face/notes hit
cash_flow,PurchaseOfBusiness,2015,absent_on_face,0.0,,PASS,,,no face/notes hit
cash_flow,PurchaseOfInvestment,2015,mapped,-8569459.0,-8.56946e+06,PASS,Purchase of investments,2016,label='Purchase of investments' sheet=-8.569
cash_flow,PurchaseOfPPE,2015,absent_on_face,0.0,,PASS,,,no face/notes hit
cash_flow,RepaymentOfDebt,2015,absent_on_face,0.0,,PASS,,,no face/notes hit
cash_flow,RepurchaseOfCapitalStock,2015,absent_on_face,0.0,,BUG_FACE,"Shares repurchased and cancelled                                                               -            (122,838)",,"zero-filled but concept on FACE (exact): 'Shares repurchased and cancelled                                                               -            (122,838)'"
cash_flow,SaleOfInvestment,2015,absent_on_face,0.0,,PASS,,,no face/notes hit
cash_flow,SaleOfPPE,2015,absent_on_face,0.0,,PASS,,,no face/notes hit
cash_flow,StockBasedCompensation,2015,mapped,190277.0,190277,PASS,Share-based compensation,2016,label='Share-based compensation' sheet=0.190
income_statement,CostOfRevenue,2015,absent_on_face,0.0,,PASS,,,no face/notes hit
income_statement,DepreciationAmortizationDepletion,2015,absent_on_face,0.0,,PASS,,,no face/notes hit
income_statement,InterestExpenseNonOperating,2015,absent_on_face,0.0,,PASS,,,no face/notes hit
income_statement,InterestIncomeNonOperating,2015,mapped,191628.0,191628,PASS,Interest and dividend income,2016,label='Interest and dividend income' sheet=0.192
income_statement,MinorityInterests,2015,absent_on_face,0.0,,PASS,,,no face/notes hit
income_statement,NetIncome,2015,mapped,-13818770.0,-1.38188e+07,PASS,Net (loss) and comprehensive (loss) for the year,2016,label='Net (loss) and comprehensive (loss) for the year' sheet=-13.819
income_statement,NetIncomeDiscontinuousOperations,2015,absent_on_face,0.0,,PASS,,,no face/notes hit
income_statement,NetNonOperatingInterestIncomeExpense,2015,absent_on_face,0.0,,PASS,,,no face/notes hit
income_statement,OperatingExpense,2015,mapped,11042297.0,1.10423e+07,PASS,Total expenses,2016,label='Total expenses' sheet=11.042
income_statement,OperatingIncome,2015,mapped,-13815737.0,-1.38157e+07,PASS,(Loss) before other items,2016,label='(Loss) before other items' sheet=-13.816
income_statement,OtherIncomeExpense,2015,mapped,-170376.0,-170376,PASS,Foreign exchange gain (loss),2016,label='Foreign exchange gain (loss)' sheet=-0.170
income_statement,OtherOperatingExpenses,2015,absent_on_face,0.0,,NOTE_ONLY,,,alias 'office' appears only in notes
income_statement,PretaxIncome,2015,mapped,-13986113.0,-1.39861e+07,PASS,(Loss) before income taxes,2016,label='(Loss) before income taxes' sheet=-13.986
income_statement,ResearchAndDevelopment,2015,absent_on_face,0.0,,PASS,,,no face/notes hit
income_statement,SellingGeneralAndAdministration,2015,absent_on_face,0.0,,NOTE_ONLY,,,alias 'legal fees' appears only in notes
balance_sheet,CashCashEquivalentsAndShortTermInvestments,2015,derived,355188.0,,PASS,,,identities clean
balance_sheet,Receivables,2015,derived,61849.0,,PASS,,,identities clean
balance_sheet,TotalEquityGrossMinorityInterest,2015,derived,35851807.0,,PASS,,,identities clean
cash_flow,ChangeInWorkingCapital,2015,derived,4125256.0,,MISMATCH,,,identity failed: cash_rollforward_fail
cash_flow,FreeCashFlow,2015,derived,-2626800.0,,MISMATCH,,,identity failed: cash_rollforward_fail
cash_flow,InvestingCashFlow,2015,derived,0.0,,MISMATCH,,,identity failed: cash_rollforward_fail
cash_flow,NetIncomeFromContinuingOperations,2015,derived,-13818770.0,,MISMATCH,,,identity failed: cash_rollforward_fail
income_statement,EBIT,2015,derived,-14177741.0,,PASS,,,identities clean
income_statement,EBITDA,2015,derived,-14177741.0,,PASS,,,identities clean
income_statement,NetIncomeContinuousOperations,2015,derived,-13818770.0,,PASS,,,identities clean
income_statement,TaxProvision,2015,derived,-167343.0,,PASS,,,identities clean
balance_sheet,AccountsPayable,2016,absent_on_face,0.0,,NOTE_ONLY,,,alias 'accounts payable' appears only in notes
balance_sheet,AccountsReceivable,2016,mapped,293447.0,293447,PASS,"Amounts receivable 4,15,16",2017,"label='Amounts receivable 4,15,16' sheet=0.293"
balance_sheet,AccumulatedDepreciation,2016,absent_on_face,0.0,,PASS,,,no face/notes hit
balance_sheet,AdditionalPaidInCapital,2016,absent_on_face,0.0,,NOTE_ONLY,,,alias 'reserves' appears only in notes
balance_sheet,BuildingsAndImprovements,2016,absent_on_face,0.0,,PASS,,,no face/notes hit
balance_sheet,CashAndCashEquivalents,2016,mapped,604613.0,604613,PASS,Cash 15,2017,label='Cash 15' sheet=0.605
balance_sheet,CommonStock,2016,None,43757314.0,,SUSPECT,,,unexpected match_kind=None
balance_sheet,ConstructionInProgress,2016,absent_on_face,0.0,,PASS,,,no face/notes hit
balance_sheet,CurrentAccruedExpenses,2016,absent_on_face,0.0,,NOTE_ONLY,,,alias 'accrued liabilities' appears only in notes
balance_sheet,CurrentCapitalLeaseObligation,2016,absent_on_face,0.0,,PASS,,,no face/notes hit
balance_sheet,CurrentDebt,2016,absent_on_face,0.0,,NOTE_ONLY,,,alias 'loan payable' appears only in notes
balance_sheet,CurrentDebtAndCapitalLeaseObligation,2016,absent_on_face,0.0,,PASS,,,no face/notes hit
balance_sheet,CurrentDeferredLiabilities,2016,absent_on_face,0.0,,PASS,,,no face/notes hit
balance_sheet,CurrentDeferredRevenue,2016,absent_on_face,0.0,,NOTE_ONLY,,,alias 'deferred revenue' appears only in notes
balance_sheet,CurrentDeferredTaxesLiabilities,2016,absent_on_face,0.0,,PASS,,,no face/notes hit
balance_sheet,FinishedGoods,2016,absent_on_face,0.0,,PASS,,,no face/notes hit
balance_sheet,GainsLossesNotAffectingRetainedEarnings,2016,absent_on_face,0.0,,PASS,,,no face/notes hit
balance_sheet,Goodwill,2016,absent_on_face,0.0,,PASS,,,no face/notes hit
balance_sheet,GrossPPE,2016,absent_on_face,0.0,,PASS,,,no face/notes hit
balance_sheet,InventoriesAdjustmentsAllowances,2016,absent_on_face,0.0,,PASS,,,no face/notes hit
balance_sheet,Inventory,2016,absent_on_face,0.0,,PASS,,,no face/notes hit
balance_sheet,InvestmentsAndAdvances,2016,absent_on_face,0.0,,NOTE_ONLY,,,alias 'investments' appears only in notes
balance_sheet,LandAndImprovements,2016,absent_on_face,0.0,,PASS,,,no face/notes hit
balance_sheet,LoansReceivable,2016,absent_on_face,0.0,,BUG_FACE,"Loan receivable                                       5                             -               61,538",,"zero-filled but concept on FACE (fuzzy): 'Loan receivable                                       5                             -               61,538'"
balance_sheet,LongTermCapitalLeaseObligation,2016,absent_on_face,0.0,,PASS,,,no face/notes hit
balance_sheet,LongTermDebt,2016,absent_on_face,0.0,,PASS,,,no face/notes hit
balance_sheet,LongTermDebtAndCapitalLeaseObligation,2016,absent_on_face,0.0,,PASS,,,no face/notes hit
balance_sheet,MachineryFurnitureEquipment,2016,absent_on_face,0.0,,NOTE_ONLY,,,alias 'equipment' appears only in notes
balance_sheet,MinorityInterest,2016,absent_on_face,0.0,,NOTE_ONLY,,,alias 'non controlling interests' appears only in notes
balance_sheet,NetPPE,2016,absent_on_face,0.0,,PASS,,,no face/notes hit
balance_sheet,NonCurrentDeferredLiabilities,2016,absent_on_face,0.0,,PASS,,,no face/notes hit
balance_sheet,NonCurrentDeferredRevenue,2016,absent_on_face,0.0,,PASS,,,no face/notes hit
balance_sheet,NonCurrentDeferredTaxesLiabilities,2016,absent_on_face,0.0,,PASS,,,no face/notes hit
balance_sheet,NonCurrentPensionAndOtherPostretirementBenefitPlans,2016,absent_on_face,0.0,,PASS,,,no face/notes hit
balance_sheet,NotesReceivable,2016,absent_on_face,0.0,,PASS,,,no face/notes hit
balance_sheet,OtherCurrentAssets,2016,absent_on_face,0.0,,PASS,,,no face/notes hit
balance_sheet,OtherCurrentLiabilities,2016,absent_on_face,0.0,,PASS,,,no face/notes hit
balance_sheet,OtherIntangibleAssets,2016,absent_on_face,0.0,,PASS,,,no face/notes hit
balance_sheet,OtherInventories,2016,absent_on_face,0.0,,PASS,,,no face/notes hit
balance_sheet,OtherNonCurrentAssets,2016,absent_on_face,0.0,,PASS,,,no face/notes hit
balance_sheet,OtherNonCurrentLiabilities,2016,absent_on_face,0.0,,PASS,,,no face/notes hit
balance_sheet,OtherPayable,2016,absent_on_face,0.0,,PASS,,,no face/notes hit
balance_sheet,OtherReceivables,2016,absent_on_face,0.0,,PASS,,,no face/notes hit
balance_sheet,PayablesAndAccruedExpenses,2016,mapped,3028082.0,3.02808e+06,PASS,"Accounts payable and accrued liabilities 8,12, 15,16",2017,"label='Accounts payable and accrued liabilities 8,12, 15,16' sheet=3.028"
balance_sheet,PreferredStock,2016,absent_on_face,0.0,,NOTE_ONLY,,,alias 'preferred shares' appears only in notes
balance_sheet,RawMaterials,2016,absent_on_face,0.0,,PASS,,,no face/notes hit
balance_sheet,RetainedEarnings,2016,mapped,-22870822.0,-2.28708e+07,PASS,(Deficit),2017,label='(Deficit)' sheet=-22.871
balance_sheet,ShortTermInvestments,2016,absent_on_face,0.0,,NOTE_ONLY,,,alias 'marketable securities' appears only in notes
balance_sheet,StockholdersEquity,2016,mapped,25890596.0,2.58906e+07,PASS,Total shareholders' equity,2017,"label=""Total shareholders' equity"" sheet=25.891"
balance_sheet,TotalAssets,2016,mapped,28918678.0,2.89187e+07,PASS,Total assets,2017,label='Total assets' sheet=28.919
balance_sheet,TotalLiabilities,2016,mapped,3028082.0,3.02808e+06,PASS,Total liabilities,2017,label='Total liabilities' sheet=3.028
balance_sheet,TotalTaxPayable,2016,absent_on_face,0.0,,PASS,,,no face/notes hit
balance_sheet,TreasuryStock,2016,mapped,5004104.0,5.0041e+06,PASS,Equity reserve and treasury shares 12,2017,label='Equity reserve and treasury shares 12' sheet=5.004
balance_sheet,WorkInProcess,2016,absent_on_face,0.0,,PASS,,,no face/notes hit
cash_flow,AssetImpairmentCharge,2016,absent_on_face,0.0,,PASS,,,no face/notes hit
cash_flow,BeginningCashPosition,2016,mapped,355188.0,355188,PASS,"Cash, beginning of year",2017,"label='Cash, beginning of year' sheet=0.355"
cash_flow,CapitalExpenditure,2016,absent_on_face,0.0,,NOTE_ONLY,,,alias 'capital expenditures' appears only in notes
cash_flow,CashDividendsPaid,2016,absent_on_face,0.0,,NOTE_ONLY,,,alias 'payment of dividends' appears only in notes
cash_flow,CashFromDiscontinuedInvestingActivities,2016,absent_on_face,0.0,,PASS,,,no face/notes hit
cash_flow,CashFromDiscontinuedOperatingActivities,2016,absent_on_face,0.0,,PASS,,,no face/notes hit
cash_flow,ChangeInInventory,2016,absent_on_face,0.0,,PASS,,,no face/notes hit
cash_flow,ChangeInOtherWorkingCapital,2016,absent_on_face,0.0,,NOTE_ONLY,,,alias 'deferred revenue' appears only in notes
cash_flow,ChangeInPayablesAndAccruedExpense,2016,mapped,-2671616.0,-2.67162e+06,PASS,Accounts payable and accrued liabilities,2017,label='Accounts payable and accrued liabilities' sheet=-2.672
cash_flow,ChangeInPrepaidAssets,2016,absent_on_face,0.0,,NOTE_ONLY,,,alias 'prepaid expenses' appears only in notes
cash_flow,ChangeInReceivables,2016,mapped,-212992.0,-366838+153846,PASS,Prepaid and other amounts receivable,2017,label='Prepaid and other amounts receivable' sheet=-0.213
cash_flow,ChangesInCash,2016,mapped,219101.0,219101,PASS,Change in cash for the year,2017,label='Change in cash for the year' sheet=0.219
cash_flow,DepreciationAmortizationDepletion,2016,absent_on_face,0.0,,PASS,,,no face/notes hit
cash_flow,EffectOfExchangeRateChanges,2016,absent_on_face,0.0,,PASS,,,no face/notes hit
cash_flow,EndCashPosition,2016,mapped,604613.0,604613,PASS,"Cash, end of year",2017,"label='Cash, end of year' sheet=0.605"
cash_flow,FinancingCashFlow,2016,mapped,-239402.0,-239402,PASS,Net cash (used in) financing activities,2017,label='Net cash (used in) financing activities' sheet=-0.239
cash_flow,IssuanceOfCapitalStock,2016,absent_on_face,0.0,,PASS,,,no face/notes hit
cash_flow,IssuanceOfDebt,2016,absent_on_face,0.0,,PASS,,,no face/notes hit
cash_flow,NetIntangiblesPurchaseAndSale,2016,absent_on_face,0.0,,PASS,,,no face/notes hit
cash_flow,NetIssuancePaymentsOfDebt,2016,absent_on_face,0.0,,PASS,,,no face/notes hit
cash_flow,NetOtherFinancingCharges,2016,absent_on_face,0.0,,NOTE_ONLY,,,alias 'share issue costs' appears only in notes
cash_flow,NetOtherInvestingChanges,2016,absent_on_face,0.0,,PASS,,,no face/notes hit
cash_flow,NetPreferredStockIssuance,2016,absent_on_face,0.0,,PASS,,,no face/notes hit
cash_flow,OtherNonCashItems,2016,absent_on_face,0.0,,PASS,,,no face/notes hit
cash_flow,PurchaseOfBusiness,2016,absent_on_face,0.0,,PASS,,,no face/notes hit
cash_flow,PurchaseOfInvestment,2016,mapped,-13077692.0,-1.30777e+07,PASS,Purchase of investments,2017,label='Purchase of investments' sheet=-13.078
cash_flow,PurchaseOfPPE,2016,absent_on_face,0.0,,PASS,,,no face/notes hit
cash_flow,RepaymentOfDebt,2016,absent_on_face,0.0,,PASS,,,no face/notes hit
cash_flow,RepurchaseOfCapitalStock,2016,mapped,-239402.0,-239402,PASS,Shares repurchased and cancelled 11,2017,label='Shares repurchased and cancelled 11' sheet=-0.239
cash_flow,SaleOfInvestment,2016,absent_on_face,0.0,,PASS,,,no face/notes hit
cash_flow,SaleOfPPE,2016,absent_on_face,0.0,,PASS,,,no face/notes hit
cash_flow,StockBasedCompensation,2016,absent_on_face,0.0,,BUG_FACE,"Share-based compensation                                                                         -            190,277",,"zero-filled but concept on FACE (exact): 'Share-based compensation                                                                         -            190,277'"
income_statement,CostOfRevenue,2016,absent_on_face,0.0,,PASS,,,no face/notes hit
income_statement,DepreciationAmortizationDepletion,2016,absent_on_face,0.0,,PASS,,,no face/notes hit
income_statement,InterestExpenseNonOperating,2016,absent_on_face,0.0,,PASS,,,no face/notes hit
income_statement,InterestIncomeNonOperating,2016,mapped,93592.0,93592,PASS,Interest and dividend income 16,2017,label='Interest and dividend income 16' sheet=0.094
income_statement,MinorityInterests,2016,absent_on_face,0.0,,NOTE_ONLY,,,alias 'non controlling interest' appears only in notes
income_statement,NetIncome,2016,mapped,-9715382.0,-9.71538e+06,PASS,Net (loss) and comprehensive (loss) for the year,2016,label='Net (loss) and comprehensive (loss) for the year' sheet=-9.715
income_statement,NetIncomeDiscontinuousOperations,2016,absent_on_face,0.0,,PASS,,,no face/notes hit
income_statement,NetNonOperatingInterestIncomeExpense,2016,absent_on_face,0.0,,PASS,,,no face/notes hit
income_statement,OperatingExpense,2016,mapped,3470749.0,3.47075e+06,PASS,Total expenses,2017,label='Total expenses' sheet=3.471
income_statement,OperatingIncome,2016,mapped,-9748938.0,-9.74894e+06,PASS,Income (loss) before other items,2017,label='Income (loss) before other items' sheet=-9.749
income_statement,OtherIncomeExpense,2016,mapped,33556.0,33556,PASS,Foreign exchange (loss) gain,2017,label='Foreign exchange (loss) gain' sheet=0.034
income_statement,OtherOperatingExpenses,2016,absent_on_face,0.0,,NOTE_ONLY,,,alias 'office' appears only in notes
income_statement,PretaxIncome,2016,mapped,-9715382.0,-9.71538e+06,PASS,(Loss) before income taxes,2016,label='(Loss) before income taxes' sheet=-9.715
income_statement,ResearchAndDevelopment,2016,absent_on_face,0.0,,PASS,,,no face/notes hit
income_statement,SellingGeneralAndAdministration,2016,absent_on_face,0.0,,NOTE_ONLY,,,alias 'legal fees' appears only in notes
balance_sheet,CashCashEquivalentsAndShortTermInvestments,2016,derived,604613.0,,PASS,,,identities clean
balance_sheet,Receivables,2016,derived,293447.0,,PASS,,,identities clean
balance_sheet,TotalEquityGrossMinorityInterest,2016,derived,25890596.0,,PASS,,,identities clean
cash_flow,ChangeInWorkingCapital,2016,derived,-2884608.0,,MISMATCH,,,identity failed: cash_rollforward_fail
cash_flow,FreeCashFlow,2016,derived,458503.0,,MISMATCH,,,identity failed: cash_rollforward_fail
cash_flow,InvestingCashFlow,2016,derived,0.0,,MISMATCH,,,identity failed: cash_rollforward_fail
cash_flow,NetIncomeFromContinuingOperations,2016,derived,-9715382.0,,MISMATCH,,,identity failed: cash_rollforward_fail
income_statement,EBIT,2016,derived,-9808974.0,,PASS,,,identities clean
income_statement,EBITDA,2016,derived,-9808974.0,,PASS,,,identities clean
income_statement,NetIncomeContinuousOperations,2016,derived,-9715382.0,,PASS,,,identities clean
income_statement,TaxProvision,2016,derived,0.0,,PASS,,,identities clean
balance_sheet,AccountsPayable,2017,absent_on_face,0.0,,NOTE_ONLY,,,alias 'accounts payable' appears only in notes
balance_sheet,AccountsReceivable,2017,mapped,222217.0,222217,PASS,"Amounts receivable 4,14,15",2018,"label='Amounts receivable 4,14,15' sheet=0.222"
balance_sheet,AccumulatedDepreciation,2017,absent_on_face,0.0,,PASS,,,no face/notes hit
balance_sheet,AdditionalPaidInCapital,2017,absent_on_face,0.0,,PASS,,,no face/notes hit
balance_sheet,BuildingsAndImprovements,2017,absent_on_face,0.0,,PASS,,,no face/notes hit
balance_sheet,CashAndCashEquivalents,2017,mapped,626293.0,626293,PASS,Cash 14,2018,label='Cash 14' sheet=0.626
balance_sheet,CommonStock,2017,None,40717905.0,,SUSPECT,,,unexpected match_kind=None
balance_sheet,ConstructionInProgress,2017,absent_on_face,0.0,,PASS,,,no face/notes hit
balance_sheet,CurrentAccruedExpenses,2017,absent_on_face,0.0,,NOTE_ONLY,,,alias 'accrued liabilities' appears only in notes
balance_sheet,CurrentCapitalLeaseObligation,2017,absent_on_face,0.0,,PASS,,,no face/notes hit
balance_sheet,CurrentDebt,2017,absent_on_face,0.0,,NOTE_ONLY,,,alias 'loan payable' appears only in notes
balance_sheet,CurrentDebtAndCapitalLeaseObligation,2017,absent_on_face,0.0,,PASS,,,no face/notes hit
balance_sheet,CurrentDeferredLiabilities,2017,absent_on_face,0.0,,PASS,,,no face/notes hit
balance_sheet,CurrentDeferredRevenue,2017,absent_on_face,0.0,,NOTE_ONLY,,,alias 'deferred revenue' appears only in notes
balance_sheet,CurrentDeferredTaxesLiabilities,2017,absent_on_face,0.0,,PASS,,,no face/notes hit
balance_sheet,FinishedGoods,2017,absent_on_face,0.0,,PASS,,,no face/notes hit
balance_sheet,GainsLossesNotAffectingRetainedEarnings,2017,absent_on_face,0.0,,PASS,,,no face/notes hit
balance_sheet,Goodwill,2017,absent_on_face,0.0,,PASS,,,no face/notes hit
balance_sheet,GrossPPE,2017,absent_on_face,0.0,,PASS,,,no face/notes hit
balance_sheet,InventoriesAdjustmentsAllowances,2017,absent_on_face,0.0,,PASS,,,no face/notes hit
balance_sheet,Inventory,2017,absent_on_face,0.0,,PASS,,,no face/notes hit
balance_sheet,InvestmentsAndAdvances,2017,absent_on_face,0.0,,NOTE_ONLY,,,alias 'investments' appears only in notes
balance_sheet,LandAndImprovements,2017,absent_on_face,0.0,,PASS,,,no face/notes hit
balance_sheet,LoansReceivable,2017,mapped,1659030.0,1.65903e+06,PASS,"Loans receivable 5,14,15",2018,"label='Loans receivable 5,14,15' sheet=1.659"
balance_sheet,LongTermCapitalLeaseObligation,2017,absent_on_face,0.0,,PASS,,,no face/notes hit
balance_sheet,LongTermDebt,2017,absent_on_face,0.0,,PASS,,,no face/notes hit
balance_sheet,LongTermDebtAndCapitalLeaseObligation,2017,absent_on_face,0.0,,PASS,,,no face/notes hit
balance_sheet,MachineryFurnitureEquipment,2017,absent_on_face,0.0,,PASS,,,no face/notes hit
balance_sheet,MinorityInterest,2017,absent_on_face,0.0,,PASS,,,no face/notes hit
balance_sheet,NetPPE,2017,absent_on_face,0.0,,PASS,,,no face/notes hit
balance_sheet,NonCurrentDeferredLiabilities,2017,absent_on_face,0.0,,PASS,,,no face/notes hit
balance_sheet,NonCurrentDeferredRevenue,2017,absent_on_face,0.0,,PASS,,,no face/notes hit
balance_sheet,NonCurrentDeferredTaxesLiabilities,2017,absent_on_face,0.0,,PASS,,,no face/notes hit
balance_sheet,NonCurrentPensionAndOtherPostretirementBenefitPlans,2017,absent_on_face,0.0,,PASS,,,no face/notes hit
balance_sheet,NotesReceivable,2017,absent_on_face,0.0,,PASS,,,no face/notes hit
balance_sheet,OtherCurrentAssets,2017,absent_on_face,0.0,,PASS,,,no face/notes hit
balance_sheet,OtherCurrentLiabilities,2017,absent_on_face,0.0,,PASS,,,no face/notes hit
balance_sheet,OtherIntangibleAssets,2017,absent_on_face,0.0,,PASS,,,no face/notes hit
balance_sheet,OtherInventories,2017,absent_on_face,0.0,,PASS,,,no face/notes hit
balance_sheet,OtherNonCurrentAssets,2017,absent_on_face,0.0,,PASS,,,no face/notes hit
balance_sheet,OtherNonCurrentLiabilities,2017,absent_on_face,0.0,,PASS,,,no face/notes hit
balance_sheet,OtherPayable,2017,absent_on_face,0.0,,PASS,,,no face/notes hit
balance_sheet,OtherReceivables,2017,absent_on_face,0.0,,NOTE_ONLY,,,alias 'interest receivable' appears only in notes
balance_sheet,PayablesAndAccruedExpenses,2017,mapped,1002850.0,1.00285e+06,PASS,"Accounts payable and accrued liabilities 8,14,15",2018,"label='Accounts payable and accrued liabilities 8,14,15' sheet=1.003"
balance_sheet,PreferredStock,2017,absent_on_face,0.0,,NOTE_ONLY,,,alias 'preferred shares' appears only in notes
balance_sheet,RawMaterials,2017,absent_on_face,0.0,,PASS,,,no face/notes hit
balance_sheet,RetainedEarnings,2017,mapped,-12756642.0,-1.27566e+07,PASS,Retained earnings (deficit),2018,label='Retained earnings (deficit)' sheet=-12.757
balance_sheet,ShortTermInvestments,2017,absent_on_face,0.0,,NOTE_ONLY,,,alias 'marketable securities' appears only in notes
balance_sheet,StockholdersEquity,2017,mapped,34562448.0,3.45624e+07,PASS,Total shareholders' equity,2018,"label=""Total shareholders' equity"" sheet=34.562"
balance_sheet,TotalAssets,2017,mapped,35565298.0,3.55653e+07,PASS,Total assets,2018,label='Total assets' sheet=35.565
balance_sheet,TotalLiabilities,2017,mapped,1002850.0,1.00285e+06,PASS,Total liabilities,2018,label='Total liabilities' sheet=1.003
balance_sheet,TotalTaxPayable,2017,absent_on_face,0.0,,PASS,,,no face/notes hit
balance_sheet,TreasuryStock,2017,mapped,6601185.0,6.60118e+06,PASS,Equity reserve and treasury shares 10,2018,label='Equity reserve and treasury shares 10' sheet=6.601
balance_sheet,WorkInProcess,2017,absent_on_face,0.0,,PASS,,,no face/notes hit
cash_flow,AssetImpairmentCharge,2017,absent_on_face,0.0,,PASS,,,no face/notes hit
cash_flow,BeginningCashPosition,2017,mapped,604613.0,604613,PASS,"Cash, beginning of year",2018,"label='Cash, beginning of year' sheet=0.605"
cash_flow,CapitalExpenditure,2017,absent_on_face,0.0,,PASS,,,no face/notes hit
cash_flow,CashDividendsPaid,2017,absent_on_face,0.0,,PASS,,,no face/notes hit
cash_flow,CashFromDiscontinuedInvestingActivities,2017,absent_on_face,0.0,,PASS,,,no face/notes hit
cash_flow,CashFromDiscontinuedOperatingActivities,2017,absent_on_face,0.0,,PASS,,,no face/notes hit
cash_flow,ChangeInInventory,2017,absent_on_face,0.0,,PASS,,,no face/notes hit
cash_flow,ChangeInOtherWorkingCapital,2017,absent_on_face,0.0,,NOTE_ONLY,,,alias 'deferred revenue' appears only in notes
cash_flow,ChangeInPayablesAndAccruedExpense,2017,mapped,-23139.0,-23139,PASS,Accounts payable and accrued liabilities,2018,label='Accounts payable and accrued liabilities' sheet=-0.023
cash_flow,ChangeInPrepaidAssets,2017,absent_on_face,0.0,,NOTE_ONLY,,,alias 'prepaid expenses' appears only in notes
cash_flow,ChangeInReceivables,2017,mapped,-95160.0,-95160,PASS,Prepaid and other amounts receivable,2018,label='Prepaid and other amounts receivable' sheet=-0.095
cash_flow,ChangesInCash,2017,mapped,21958.0,21958,PASS,Change in cash for the year,2018,label='Change in cash for the year' sheet=0.022
cash_flow,DepreciationAmortizationDepletion,2017,absent_on_face,0.0,,PASS,,,no face/notes hit
cash_flow,EffectOfExchangeRateChanges,2017,absent_on_face,0.0,,PASS,,,no face/notes hit
cash_flow,EndCashPosition,2017,mapped,626293.0,626293,PASS,"Cash, end of year",2018,"label='Cash, end of year' sheet=0.626"
cash_flow,FinancingCashFlow,2017,mapped,-1204985.0,-1.20498e+06,PASS,Net cash (used in) financing activities,2018,label='Net cash (used in) financing activities' sheet=-1.205
cash_flow,IssuanceOfCapitalStock,2017,absent_on_face,0.0,,PASS,,,no face/notes hit
cash_flow,IssuanceOfDebt,2017,absent_on_face,0.0,,PASS,,,no face/notes hit
cash_flow,NetIntangiblesPurchaseAndSale,2017,absent_on_face,0.0,,PASS,,,no face/notes hit
cash_flow,NetIssuancePaymentsOfDebt,2017,absent_on_face,0.0,,PASS,,,no face/notes hit
cash_flow,NetOtherFinancingCharges,2017,absent_on_face,0.0,,PASS,,,no face/notes hit
cash_flow,NetOtherInvestingChanges,2017,absent_on_face,0.0,,PASS,,,no face/notes hit
cash_flow,NetPreferredStockIssuance,2017,absent_on_face,0.0,,PASS,,,no face/notes hit
cash_flow,OtherNonCashItems,2017,absent_on_face,0.0,,PASS,,,no face/notes hit
cash_flow,PurchaseOfBusiness,2017,absent_on_face,0.0,,PASS,,,no face/notes hit
cash_flow,PurchaseOfInvestment,2017,mapped,-3790203.0,-3.7902e+06,PASS,Purchase of investments,2018,label='Purchase of investments' sheet=-3.790
cash_flow,PurchaseOfPPE,2017,absent_on_face,0.0,,PASS,,,no face/notes hit
cash_flow,RepaymentOfDebt,2017,absent_on_face,0.0,,PASS,,,no face/notes hit
cash_flow,RepurchaseOfCapitalStock,2017,mapped,-1204985.0,-1.20498e+06,PASS,Shares repurchased and cancelled,2018,label='Shares repurchased and cancelled' sheet=-1.205
cash_flow,SaleOfInvestment,2017,absent_on_face,0.0,,PASS,,,no face/notes hit
cash_flow,SaleOfPPE,2017,absent_on_face,0.0,,PASS,,,no face/notes hit
cash_flow,StockBasedCompensation,2017,mapped,80032.0,80032,PASS,Share based payments,2018,label='Share based payments' sheet=0.080
income_statement,CostOfRevenue,2017,absent_on_face,0.0,,PASS,,,no face/notes hit
income_statement,DepreciationAmortizationDepletion,2017,absent_on_face,0.0,,PASS,,,no face/notes hit
income_statement,InterestExpenseNonOperating,2017,absent_on_face,0.0,,PASS,,,no face/notes hit
income_statement,InterestIncomeNonOperating,2017,mapped,103449.0,103449,PASS,Interest income 15,2018,label='Interest income 15' sheet=0.103
income_statement,MinorityInterests,2017,absent_on_face,0.0,,PASS,,,no face/notes hit
income_statement,NetIncome,2017,mapped,9796805.0,9.7968e+06,PASS,Net income and comprehensive income for the year,2018,label='Net income and comprehensive income for the year' sheet=9.797
income_statement,NetIncomeDiscontinuousOperations,2017,absent_on_face,0.0,,PASS,,,no face/notes hit
income_statement,NetNonOperatingInterestIncomeExpense,2017,absent_on_face,0.0,,PASS,,,no face/notes hit
income_statement,OperatingExpense,2017,mapped,5099960.0,5.09996e+06,PASS,Total expenses,2018,label='Total expenses' sheet=5.100
income_statement,OperatingIncome,2017,mapped,9804194.0,9.80419e+06,PASS,Income (loss) before other items,2017,label='Income (loss) before other items' sheet=9.804
income_statement,OtherIncomeExpense,2017,mapped,-7389.0,-7389,PASS,Foreign exchange loss,2018,label='Foreign exchange loss' sheet=-0.007
income_statement,OtherOperatingExpenses,2017,absent_on_face,0.0,,NOTE_ONLY,,,alias 'office' appears only in notes
income_statement,ResearchAndDevelopment,2017,absent_on_face,0.0,,PASS,,,no face/notes hit
income_statement,SellingGeneralAndAdministration,2017,absent_on_face,0.0,,NOTE_ONLY,,,alias 'consulting fees' appears only in notes
balance_sheet,CashCashEquivalentsAndShortTermInvestments,2017,derived,626293.0,,PASS,,,identities clean
balance_sheet,Receivables,2017,derived,1881247.0,,PASS,,,identities clean
balance_sheet,TotalEquityGrossMinorityInterest,2017,derived,34562448.0,,PASS,,,identities clean
cash_flow,ChangeInWorkingCapital,2017,derived,-118299.0,,PASS,,,identities clean
cash_flow,FreeCashFlow,2017,derived,678237.0,,PASS,,,identities clean
cash_flow,InvestingCashFlow,2017,derived,548706.0,,PASS,,,identities clean
cash_flow,NetIncomeFromContinuingOperations,2017,derived,9796805.0,,PASS,,,identities clean
income_statement,EBIT,2017,derived,9693356.0,,PASS,,,identities clean
income_statement,EBITDA,2017,derived,9693356.0,,PASS,,,identities clean
income_statement,NetIncomeContinuousOperations,2017,derived,9796805.0,,PASS,,,identities clean
income_statement,PretaxIncome,2017,derived,9796805.0,,PASS,,,identities clean
income_statement,TaxProvision,2017,derived,0.0,,PASS,,,identities clean
balance_sheet,AccountsPayable,2018,absent_on_face,0.0,,NOTE_ONLY,,,alias 'accounts payable' appears only in notes
balance_sheet,AccountsReceivable,2018,mapped,1535117.0,1.53512e+06,PASS,"Amounts receivable 4,14,15",2019,"label='Amounts receivable 4,14,15' sheet=1.535"
balance_sheet,AccumulatedDepreciation,2018,absent_on_face,0.0,,PASS,,,no face/notes hit
balance_sheet,AdditionalPaidInCapital,2018,absent_on_face,0.0,,NOTE_ONLY,,,alias 'reserves' appears only in notes
balance_sheet,BuildingsAndImprovements,2018,absent_on_face,0.0,,PASS,,,no face/notes hit
balance_sheet,CashAndCashEquivalents,2018,mapped,306086.0,306086,PASS,Cash 14,2019,label='Cash 14' sheet=0.306
balance_sheet,CommonStock,2018,None,41646105.0,,SUSPECT,,,unexpected match_kind=None
balance_sheet,ConstructionInProgress,2018,absent_on_face,0.0,,PASS,,,no face/notes hit
balance_sheet,CurrentAccruedExpenses,2018,absent_on_face,0.0,,NOTE_ONLY,,,alias 'accrued liabilities' appears only in notes
balance_sheet,CurrentCapitalLeaseObligation,2018,absent_on_face,0.0,,PASS,,,no face/notes hit
balance_sheet,CurrentDebt,2018,absent_on_face,0.0,,PASS,,,no face/notes hit
balance_sheet,CurrentDebtAndCapitalLeaseObligation,2018,absent_on_face,0.0,,PASS,,,no face/notes hit
balance_sheet,CurrentDeferredLiabilities,2018,absent_on_face,0.0,,PASS,,,no face/notes hit
balance_sheet,CurrentDeferredRevenue,2018,absent_on_face,0.0,,NOTE_ONLY,,,alias 'deferred revenue' appears only in notes
balance_sheet,CurrentDeferredTaxesLiabilities,2018,absent_on_face,0.0,,PASS,,,no face/notes hit
balance_sheet,FinishedGoods,2018,absent_on_face,0.0,,PASS,,,no face/notes hit
balance_sheet,GainsLossesNotAffectingRetainedEarnings,2018,absent_on_face,0.0,,PASS,,,no face/notes hit
balance_sheet,Goodwill,2018,absent_on_face,0.0,,PASS,,,no face/notes hit
balance_sheet,GrossPPE,2018,absent_on_face,0.0,,PASS,,,no face/notes hit
balance_sheet,InventoriesAdjustmentsAllowances,2018,absent_on_face,0.0,,PASS,,,no face/notes hit
balance_sheet,Inventory,2018,absent_on_face,0.0,,PASS,,,no face/notes hit
balance_sheet,InvestmentsAndAdvances,2018,absent_on_face,0.0,,NOTE_ONLY,,,alias 'investments' appears only in notes
balance_sheet,LandAndImprovements,2018,absent_on_face,0.0,,PASS,,,no face/notes hit
balance_sheet,LoansReceivable,2018,mapped,2170601.0,2.1706e+06,PASS,"Loans receivable 5,14,15",2019,"label='Loans receivable 5,14,15' sheet=2.171"
balance_sheet,LongTermCapitalLeaseObligation,2018,absent_on_face,0.0,,PASS,,,no face/notes hit
balance_sheet,LongTermDebt,2018,absent_on_face,0.0,,PASS,,,no face/notes hit
balance_sheet,LongTermDebtAndCapitalLeaseObligation,2018,absent_on_face,0.0,,PASS,,,no face/notes hit
balance_sheet,MachineryFurnitureEquipment,2018,absent_on_face,0.0,,PASS,,,no face/notes hit
balance_sheet,MinorityInterest,2018,absent_on_face,0.0,,PASS,,,no face/notes hit
balance_sheet,NetPPE,2018,absent_on_face,0.0,,PASS,,,no face/notes hit
balance_sheet,NonCurrentDeferredLiabilities,2018,absent_on_face,0.0,,PASS,,,no face/notes hit
balance_sheet,NonCurrentDeferredRevenue,2018,absent_on_face,0.0,,PASS,,,no face/notes hit
balance_sheet,NonCurrentDeferredTaxesLiabilities,2018,absent_on_face,0.0,,PASS,,,no face/notes hit
balance_sheet,NonCurrentPensionAndOtherPostretirementBenefitPlans,2018,absent_on_face,0.0,,PASS,,,no face/notes hit
balance_sheet,NotesReceivable,2018,absent_on_face,0.0,,PASS,,,no face/notes hit
balance_sheet,OtherCurrentAssets,2018,absent_on_face,0.0,,PASS,,,no face/notes hit
balance_sheet,OtherCurrentLiabilities,2018,absent_on_face,0.0,,PASS,,,no face/notes hit
balance_sheet,OtherIntangibleAssets,2018,absent_on_face,0.0,,PASS,,,no face/notes hit
balance_sheet,OtherInventories,2018,absent_on_face,0.0,,PASS,,,no face/notes hit
balance_sheet,OtherNonCurrentAssets,2018,absent_on_face,0.0,,PASS,,,no face/notes hit
balance_sheet,OtherNonCurrentLiabilities,2018,absent_on_face,0.0,,PASS,,,no face/notes hit
balance_sheet,OtherPayable,2018,absent_on_face,0.0,,PASS,,,no face/notes hit
balance_sheet,OtherReceivables,2018,absent_on_face,0.0,,NOTE_ONLY,,,alias 'interest receivable' appears only in notes
balance_sheet,PayablesAndAccruedExpenses,2018,mapped,3706395.0,3.7064e+06,PASS,"Accounts payable and accrued liabilities 8,14,15",2019,"label='Accounts payable and accrued liabilities 8,14,15' sheet=3.706"
balance_sheet,PreferredStock,2018,absent_on_face,0.0,,NOTE_ONLY,,,alias 'preferred shares' appears only in notes
balance_sheet,RawMaterials,2018,absent_on_face,0.0,,PASS,,,no face/notes hit
balance_sheet,RetainedEarnings,2018,mapped,4249407.0,4.24941e+06,PASS,(Deficit) retained earnings,2019,label='(Deficit) retained earnings' sheet=4.249
balance_sheet,ShortTermInvestments,2018,absent_on_face,0.0,,NOTE_ONLY,,,alias 'marketable securities' appears only in notes
balance_sheet,StockholdersEquity,2018,mapped,52574549.0,5.25745e+07,PASS,Total shareholders' equity,2019,"label=""Total shareholders' equity"" sheet=52.575"
balance_sheet,TotalAssets,2018,mapped,56280944.0,5.62809e+07,PASS,Total assets,2019,label='Total assets' sheet=56.281
balance_sheet,TotalLiabilities,2018,mapped,3706395.0,3.7064e+06,PASS,Total liabilities,2019,label='Total liabilities' sheet=3.706
balance_sheet,TotalTaxPayable,2018,absent_on_face,0.0,,PASS,,,no face/notes hit
balance_sheet,TreasuryStock,2018,mapped,6679037.0,6.67904e+06,PASS,Equity reserve and treasury shares 10,2019,label='Equity reserve and treasury shares 10' sheet=6.679
balance_sheet,WorkInProcess,2018,absent_on_face,0.0,,PASS,,,no face/notes hit
cash_flow,AssetImpairmentCharge,2018,absent_on_face,0.0,,PASS,,,no face/notes hit
cash_flow,BeginningCashPosition,2018,mapped,626293.0,626293,PASS,"Cash, beginning of year",2019,"label='Cash, beginning of year' sheet=0.626"
cash_flow,CapitalExpenditure,2018,absent_on_face,0.0,,PASS,,,no face/notes hit
cash_flow,CashDividendsPaid,2018,absent_on_face,0.0,,PASS,,,no face/notes hit
cash_flow,CashFromDiscontinuedInvestingActivities,2018,absent_on_face,0.0,,PASS,,,no face/notes hit
cash_flow,CashFromDiscontinuedOperatingActivities,2018,absent_on_face,0.0,,PASS,,,no face/notes hit
cash_flow,ChangeInInventory,2018,absent_on_face,0.0,,PASS,,,no face/notes hit
cash_flow,ChangeInOtherWorkingCapital,2018,absent_on_face,0.0,,NOTE_ONLY,,,alias 'deferred revenue' appears only in notes
cash_flow,ChangeInPayablesAndAccruedExpense,2018,mapped,2604372.0,2.60437e+06,PASS,Accounts payable and accrued liabilities,2019,label='Accounts payable and accrued liabilities' sheet=2.604
cash_flow,ChangeInPrepaidAssets,2018,absent_on_face,0.0,,NOTE_ONLY,,,alias 'prepaid expenses' appears only in notes
cash_flow,ChangeInReceivables,2018,mapped,-1150506.0,-1.15051e+06,PASS,Prepaid and other amounts receivable,2019,label='Prepaid and other amounts receivable' sheet=-1.151
cash_flow,ChangesInCash,2018,mapped,-320970.0,-320970,PASS,Change in cash for the year,2019,label='Change in cash for the year' sheet=-0.321
cash_flow,DepreciationAmortizationDepletion,2018,absent_on_face,0.0,,PASS,,,no face/notes hit
cash_flow,EffectOfExchangeRateChanges,2018,absent_on_face,0.0,,PASS,,,no face/notes hit
cash_flow,EndCashPosition,2018,mapped,306086.0,306086,PASS,"Cash, end of year",2019,"label='Cash, end of year' sheet=0.306"
cash_flow,IssuanceOfCapitalStock,2018,absent_on_face,0.0,,PASS,,,no face/notes hit
cash_flow,IssuanceOfDebt,2018,absent_on_face,0.0,,PASS,,,no face/notes hit
cash_flow,NetIntangiblesPurchaseAndSale,2018,absent_on_face,0.0,,PASS,,,no face/notes hit
cash_flow,NetIssuancePaymentsOfDebt,2018,absent_on_face,0.0,,PASS,,,no face/notes hit
cash_flow,NetOtherFinancingCharges,2018,absent_on_face,0.0,,PASS,,,no face/notes hit
cash_flow,NetOtherInvestingChanges,2018,absent_on_face,0.0,,PASS,,,no face/notes hit
cash_flow,NetPreferredStockIssuance,2018,absent_on_face,0.0,,PASS,,,no face/notes hit
cash_flow,OtherNonCashItems,2018,absent_on_face,0.0,,PASS,,,no face/notes hit
cash_flow,PurchaseOfBusiness,2018,absent_on_face,0.0,,PASS,,,no face/notes hit
cash_flow,PurchaseOfInvestment,2018,mapped,-13494553.0,-1.34946e+07,PASS,Purchase of investments,2019,label='Purchase of investments' sheet=-13.495
cash_flow,PurchaseOfPPE,2018,absent_on_face,0.0,,PASS,,,no face/notes hit
cash_flow,RepaymentOfDebt,2018,absent_on_face,0.0,,PASS,,,no face/notes hit
cash_flow,RepurchaseOfCapitalStock,2018,absent_on_face,0.0,,BUG_FACE,"Shares repurchased and cancelled                                                              -            (1,204,985)",,"zero-filled but concept on FACE (exact): 'Shares repurchased and cancelled                                                              -            (1,204,985)'"
cash_flow,SaleOfInvestment,2018,absent_on_face,0.0,,PASS,,,no face/notes hit
cash_flow,SaleOfPPE,2018,absent_on_face,0.0,,PASS,,,no face/notes hit
cash_flow,StockBasedCompensation,2018,mapped,514352.0,514352,PASS,Share based payments,2019,label='Share based payments' sheet=0.514
income_statement,CostOfRevenue,2018,absent_on_face,0.0,,PASS,,,no face/notes hit
income_statement,DepreciationAmortizationDepletion,2018,absent_on_face,0.0,,PASS,,,no face/notes hit
income_statement,InterestExpenseNonOperating,2018,absent_on_face,0.0,,PASS,,,no face/notes hit
income_statement,InterestIncomeNonOperating,2018,mapped,271162.0,271162,PASS,Interest income 15,2019,label='Interest income 15' sheet=0.271
income_statement,MinorityInterests,2018,absent_on_face,0.0,,PASS,,,no face/notes hit
income_statement,NetIncome,2018,mapped,16569549.0,1.65695e+07,PASS,Net income and comprehensive income for the year,2018,label='Net income and comprehensive income for the year' sheet=16.570
income_statement,NetIncomeDiscontinuousOperations,2018,absent_on_face,0.0,,PASS,,,no face/notes hit
income_statement,NetNonOperatingInterestIncomeExpense,2018,absent_on_face,0.0,,PASS,,,no face/notes hit
income_statement,OperatingExpense,2018,mapped,5966545.0,5.96654e+06,PASS,Total expenses,2019,label='Total expenses' sheet=5.967
income_statement,OtherIncomeExpense,2018,mapped,-130683.0,-130683,PASS,Foreign exchange gain (loss),2019,label='Foreign exchange gain (loss)' sheet=-0.131
income_statement,OtherOperatingExpenses,2018,absent_on_face,0.0,,NOTE_ONLY,,,alias 'office' appears only in notes
income_statement,ResearchAndDevelopment,2018,absent_on_face,0.0,,PASS,,,no face/notes hit
income_statement,SellingGeneralAndAdministration,2018,absent_on_face,0.0,,NOTE_ONLY,,,alias 'consulting fees' appears only in notes
balance_sheet,CashCashEquivalentsAndShortTermInvestments,2018,derived,306086.0,,PASS,,,identities clean
balance_sheet,Receivables,2018,derived,3705718.0,,PASS,,,identities clean
balance_sheet,TotalEquityGrossMinorityInterest,2018,derived,52574549.0,,PASS,,,identities clean
cash_flow,ChangeInWorkingCapital,2018,derived,1453866.0,,PASS,,,identities clean
cash_flow,FreeCashFlow,2018,derived,-320970.0,,PASS,,,identities clean
cash_flow,NetIncomeFromContinuingOperations,2018,derived,16569549.0,,PASS,,,identities clean
income_statement,EBIT,2018,derived,16298387.0,,PASS,,,identities clean
income_statement,EBITDA,2018,derived,16298387.0,,PASS,,,identities clean
income_statement,NetIncomeContinuousOperations,2018,derived,16569549.0,,PASS,,,identities clean
income_statement,PretaxIncome,2018,derived,16569549.0,,PASS,,,identities clean
income_statement,TaxProvision,2018,derived,0.0,,PASS,,,identities clean
balance_sheet,AccountsPayable,2019,absent_on_face,0.0,,NOTE_ONLY,,,alias 'accounts payable' appears only in notes
balance_sheet,AccountsReceivable,2019,mapped,756890.0,756890,PASS,"Amounts receivable 4,15,16",2020,"label='Amounts receivable 4,15,16' sheet=0.757"
balance_sheet,AccumulatedDepreciation,2019,absent_on_face,0.0,,PASS,,,no face/notes hit
balance_sheet,AdditionalPaidInCapital,2019,absent_on_face,0.0,,NOTE_ONLY,,,alias 'reserves' appears only in notes
balance_sheet,BuildingsAndImprovements,2019,absent_on_face,0.0,,PASS,,,no face/notes hit
balance_sheet,CashAndCashEquivalents,2019,mapped,128134.0,128134,PASS,Cash 15,2020,label='Cash 15' sheet=0.128
balance_sheet,CommonStock,2019,None,41646105.0,,SUSPECT,,,unexpected match_kind=None
balance_sheet,ConstructionInProgress,2019,absent_on_face,0.0,,PASS,,,no face/notes hit
balance_sheet,CurrentAccruedExpenses,2019,absent_on_face,0.0,,NOTE_ONLY,,,alias 'accrued liabilities' appears only in notes
balance_sheet,CurrentCapitalLeaseObligation,2019,absent_on_face,0.0,,PASS,,,no face/notes hit
balance_sheet,CurrentDebt,2019,absent_on_face,0.0,,PASS,,,no face/notes hit
balance_sheet,CurrentDebtAndCapitalLeaseObligation,2019,absent_on_face,0.0,,PASS,,,no face/notes hit
balance_sheet,CurrentDeferredLiabilities,2019,absent_on_face,0.0,,PASS,,,no face/notes hit
balance_sheet,CurrentDeferredRevenue,2019,absent_on_face,0.0,,NOTE_ONLY,,,alias 'deferred revenue' appears only in notes
balance_sheet,CurrentDeferredTaxesLiabilities,2019,absent_on_face,0.0,,PASS,,,no face/notes hit
balance_sheet,FinishedGoods,2019,absent_on_face,0.0,,PASS,,,no face/notes hit
balance_sheet,GainsLossesNotAffectingRetainedEarnings,2019,absent_on_face,0.0,,PASS,,,no face/notes hit
balance_sheet,Goodwill,2019,absent_on_face,0.0,,PASS,,,no face/notes hit
balance_sheet,GrossPPE,2019,absent_on_face,0.0,,PASS,,,no face/notes hit
balance_sheet,InventoriesAdjustmentsAllowances,2019,absent_on_face,0.0,,PASS,,,no face/notes hit
balance_sheet,Inventory,2019,absent_on_face,0.0,,PASS,,,no face/notes hit
balance_sheet,InvestmentsAndAdvances,2019,absent_on_face,0.0,,NOTE_ONLY,,,alias 'investments' appears only in notes
balance_sheet,LandAndImprovements,2019,absent_on_face,0.0,,PASS,,,no face/notes hit
balance_sheet,LoansReceivable,2019,mapped,2959400.0,2.9594e+06,PASS,"Loans receivable 5,15,16",2020,"label='Loans receivable 5,15,16' sheet=2.959"
balance_sheet,LongTermCapitalLeaseObligation,2019,absent_on_face,0.0,,PASS,,,no face/notes hit
balance_sheet,LongTermDebt,2019,absent_on_face,0.0,,PASS,,,no face/notes hit
balance_sheet,LongTermDebtAndCapitalLeaseObligation,2019,absent_on_face,0.0,,PASS,,,no face/notes hit
balance_sheet,MachineryFurnitureEquipment,2019,absent_on_face,0.0,,PASS,,,no face/notes hit
balance_sheet,MinorityInterest,2019,absent_on_face,0.0,,PASS,,,no face/notes hit
balance_sheet,NetPPE,2019,absent_on_face,0.0,,PASS,,,no face/notes hit
balance_sheet,NonCurrentDeferredLiabilities,2019,absent_on_face,0.0,,PASS,,,no face/notes hit
balance_sheet,NonCurrentDeferredRevenue,2019,absent_on_face,0.0,,PASS,,,no face/notes hit
balance_sheet,NonCurrentDeferredTaxesLiabilities,2019,absent_on_face,0.0,,PASS,,,no face/notes hit
balance_sheet,NonCurrentPensionAndOtherPostretirementBenefitPlans,2019,absent_on_face,0.0,,PASS,,,no face/notes hit
balance_sheet,NotesReceivable,2019,absent_on_face,0.0,,PASS,,,no face/notes hit
balance_sheet,OtherCurrentAssets,2019,absent_on_face,0.0,,PASS,,,no face/notes hit
balance_sheet,OtherCurrentLiabilities,2019,absent_on_face,0.0,,PASS,,,no face/notes hit
balance_sheet,OtherIntangibleAssets,2019,absent_on_face,0.0,,PASS,,,no face/notes hit
balance_sheet,OtherInventories,2019,absent_on_face,0.0,,PASS,,,no face/notes hit
balance_sheet,OtherNonCurrentAssets,2019,absent_on_face,0.0,,PASS,,,no face/notes hit
balance_sheet,OtherNonCurrentLiabilities,2019,absent_on_face,0.0,,PASS,,,no face/notes hit
balance_sheet,OtherPayable,2019,absent_on_face,0.0,,PASS,,,no face/notes hit
balance_sheet,OtherReceivables,2019,absent_on_face,0.0,,NOTE_ONLY,,,alias 'interest receivable' appears only in notes
balance_sheet,PayablesAndAccruedExpenses,2019,mapped,820501.0,820501,PASS,"Accounts payable and accrued liabilities 8,15,16",2020,"label='Accounts payable and accrued liabilities 8,15,16' sheet=0.821"
balance_sheet,PreferredStock,2019,absent_on_face,0.0,,PASS,,,no face/notes hit
balance_sheet,RawMaterials,2019,absent_on_face,0.0,,PASS,,,no face/notes hit
balance_sheet,RetainedEarnings,2019,mapped,-21704270.0,-2.17043e+07,PASS,(Deficit),2020,label='(Deficit)' sheet=-21.704
balance_sheet,ShortTermInvestments,2019,absent_on_face,0.0,,NOTE_ONLY,,,alias 'marketable securities' appears only in notes
balance_sheet,StockholdersEquity,2019,mapped,26802487.0,2.68025e+07,PASS,Total shareholders' equity,2020,"label=""Total shareholders' equity"" sheet=26.802"
balance_sheet,TotalAssets,2019,mapped,27622988.0,2.7623e+07,PASS,Total assets,2020,label='Total assets' sheet=27.623
balance_sheet,TotalLiabilities,2019,mapped,820501.0,820501,PASS,Total liabilities,2020,label='Total liabilities' sheet=0.821
balance_sheet,TotalTaxPayable,2019,absent_on_face,0.0,,PASS,,,no face/notes hit
balance_sheet,TreasuryStock,2019,mapped,6860652.0,6.86065e+06,PASS,Equity reserve and treasury shares 11,2020,label='Equity reserve and treasury shares 11' sheet=6.861
balance_sheet,WorkInProcess,2019,absent_on_face,0.0,,PASS,,,no face/notes hit
cash_flow,AssetImpairmentCharge,2019,absent_on_face,0.0,,PASS,,,no face/notes hit
cash_flow,BeginningCashPosition,2019,mapped,306086.0,306086,PASS,"Cash, beginning of year",2020,"label='Cash, beginning of year' sheet=0.306"
cash_flow,CapitalExpenditure,2019,absent_on_face,0.0,,PASS,,,no face/notes hit
cash_flow,CashDividendsPaid,2019,absent_on_face,0.0,,PASS,,,no face/notes hit
cash_flow,CashFromDiscontinuedInvestingActivities,2019,absent_on_face,0.0,,PASS,,,no face/notes hit
cash_flow,CashFromDiscontinuedOperatingActivities,2019,absent_on_face,0.0,,PASS,,,no face/notes hit
cash_flow,ChangeInInventory,2019,absent_on_face,0.0,,PASS,,,no face/notes hit
cash_flow,ChangeInOtherWorkingCapital,2019,absent_on_face,0.0,,NOTE_ONLY,,,alias 'deferred revenue' appears only in notes
cash_flow,ChangeInPayablesAndAccruedExpense,2019,mapped,-2975665.0,-2.97566e+06,PASS,Accounts payable and accrued liabilities,2020,label='Accounts payable and accrued liabilities' sheet=-2.976
cash_flow,ChangeInPrepaidAssets,2019,absent_on_face,0.0,,NOTE_ONLY,,,alias 'prepaid expenses' appears only in notes
cash_flow,ChangeInReceivables,2019,mapped,68705.0,68705,PASS,Prepaid and other amounts receivable,2020,label='Prepaid and other amounts receivable' sheet=0.069
cash_flow,ChangesInCash,2019,mapped,-179064.0,-179064,PASS,Change in cash for the year,2020,label='Change in cash for the year' sheet=-0.179
cash_flow,DepreciationAmortizationDepletion,2019,absent_on_face,0.0,,PASS,,,no face/notes hit
cash_flow,EffectOfExchangeRateChanges,2019,absent_on_face,0.0,,PASS,,,no face/notes hit
cash_flow,EndCashPosition,2019,mapped,128134.0,128134,PASS,"Cash, end of year",2020,"label='Cash, end of year' sheet=0.128"
cash_flow,IssuanceOfCapitalStock,2019,absent_on_face,0.0,,PASS,,,no face/notes hit
cash_flow,IssuanceOfDebt,2019,absent_on_face,0.0,,PASS,,,no face/notes hit
cash_flow,NetIncomeFromContinuingOperations,2019,mapped,-25953677.0,-2.59537e+07,PASS,Income (loss) for the year,2020,label='Income (loss) for the year' sheet=-25.954
cash_flow,NetIntangiblesPurchaseAndSale,2019,absent_on_face,0.0,,PASS,,,no face/notes hit
cash_flow,NetIssuancePaymentsOfDebt,2019,absent_on_face,0.0,,PASS,,,no face/notes hit
cash_flow,NetOtherFinancingCharges,2019,absent_on_face,0.0,,PASS,,,no face/notes hit
cash_flow,NetOtherInvestingChanges,2019,absent_on_face,0.0,,PASS,,,no face/notes hit
cash_flow,NetPreferredStockIssuance,2019,absent_on_face,0.0,,PASS,,,no face/notes hit
cash_flow,OtherNonCashItems,2019,absent_on_face,0.0,,PASS,,,no face/notes hit
cash_flow,PurchaseOfBusiness,2019,absent_on_face,0.0,,PASS,,,no face/notes hit
cash_flow,PurchaseOfInvestment,2019,mapped,-3413516.0,-3.41352e+06,PASS,Purchase of investments,2020,label='Purchase of investments' sheet=-3.414
cash_flow,PurchaseOfPPE,2019,absent_on_face,0.0,,PASS,,,no face/notes hit
cash_flow,RepaymentOfDebt,2019,absent_on_face,0.0,,PASS,,,no face/notes hit
cash_flow,RepurchaseOfCapitalStock,2019,absent_on_face,0.0,,PASS,,,no face/notes hit
cash_flow,SaleOfInvestment,2019,absent_on_face,0.0,,PASS,,,no face/notes hit
cash_flow,SaleOfPPE,2019,absent_on_face,0.0,,PASS,,,no face/notes hit
cash_flow,StockBasedCompensation,2019,mapped,181615.0,181615,PASS,Share based payments,2020,label='Share based payments' sheet=0.182
income_statement,CostOfRevenue,2019,absent_on_face,0.0,,PASS,,,no face/notes hit
income_statement,DepreciationAmortizationDepletion,2019,absent_on_face,0.0,,PASS,,,no face/notes hit
income_statement,InterestExpenseNonOperating,2019,absent_on_face,0.0,,PASS,,,no face/notes hit
income_statement,InterestIncomeNonOperating,2019,mapped,358292.0,358292,PASS,"Interest income 5,16",2020,"label='Interest income 5,16' sheet=0.358"
income_statement,MinorityInterests,2019,absent_on_face,0.0,,PASS,,,no face/notes hit
income_statement,NetIncome,2019,mapped,-25953677.0,-2.59537e+07,PASS,Net income (loss) and comprehensive income (loss) for the year,2020,label='Net income (loss) and comprehensive income (loss) for the year' sheet=-25.954
income_statement,NetIncomeDiscontinuousOperations,2019,absent_on_face,0.0,,PASS,,,no face/notes hit
income_statement,NetNonOperatingInterestIncomeExpense,2019,absent_on_face,0.0,,PASS,,,no face/notes hit
income_statement,OperatingExpense,2019,mapped,1806803.0,1.8068e+06,PASS,Total expenses,2020,label='Total expenses' sheet=1.807
income_statement,OperatingIncome,2019,mapped,-26099194.0,-2.60992e+07,PASS,Income (loss) before other items,2020,label='Income (loss) before other items' sheet=-26.099
income_statement,OtherIncomeExpense,2019,mapped,145517.0,145517,PASS,Foreign exchange gain,2020,label='Foreign exchange gain' sheet=0.146
income_statement,OtherOperatingExpenses,2019,absent_on_face,0.0,,NOTE_ONLY,,,alias 'office' appears only in notes
income_statement,ResearchAndDevelopment,2019,absent_on_face,0.0,,PASS,,,no face/notes hit
income_statement,SellingGeneralAndAdministration,2019,absent_on_face,0.0,,NOTE_ONLY,,,alias 'consulting fees' appears only in notes
balance_sheet,CashCashEquivalentsAndShortTermInvestments,2019,derived,128134.0,,PASS,,,identities clean
balance_sheet,Receivables,2019,derived,3716290.0,,PASS,,,identities clean
balance_sheet,TotalEquityGrossMinorityInterest,2019,derived,26802487.0,,PASS,,,identities clean
cash_flow,ChangeInWorkingCapital,2019,derived,-2906960.0,,PASS,,,identities clean
cash_flow,FreeCashFlow,2019,derived,-179064.0,,PASS,,,identities clean
income_statement,EBIT,2019,derived,-26311969.0,,PASS,,,identities clean
income_statement,EBITDA,2019,derived,-26311969.0,,PASS,,,identities clean
income_statement,NetIncomeContinuousOperations,2019,derived,-25953677.0,,PASS,,,identities clean
income_statement,PretaxIncome,2019,derived,-25953677.0,,PASS,,,identities clean
income_statement,TaxProvision,2019,derived,0.0,,PASS,,,identities clean
balance_sheet,AccountsPayable,2020,absent_on_face,0.0,,NOTE_ONLY,,,alias 'accounts payable' appears only in notes
balance_sheet,AccountsReceivable,2020,mapped,1164700.0,1.1647e+06,PASS,"Amounts receivable 4,15,16",2021,"label='Amounts receivable 4,15,16' sheet=1.165"
balance_sheet,AccumulatedDepreciation,2020,absent_on_face,0.0,,PASS,,,no face/notes hit
balance_sheet,AdditionalPaidInCapital,2020,absent_on_face,0.0,,NOTE_ONLY,,,alias 'reserves' appears only in notes
balance_sheet,BuildingsAndImprovements,2020,absent_on_face,0.0,,PASS,,,no face/notes hit
balance_sheet,CashAndCashEquivalents,2020,mapped,176973.0,176973,PASS,Cash 15,2021,label='Cash 15' sheet=0.177
balance_sheet,CommonStock,2020,None,41646105.0,,SUSPECT,,,unexpected match_kind=None
balance_sheet,ConstructionInProgress,2020,absent_on_face,0.0,,PASS,,,no face/notes hit
balance_sheet,CurrentAccruedExpenses,2020,absent_on_face,0.0,,NOTE_ONLY,,,alias 'accrued liabilities' appears only in notes
balance_sheet,CurrentCapitalLeaseObligation,2020,absent_on_face,0.0,,PASS,,,no face/notes hit
balance_sheet,CurrentDebt,2020,mapped,496887.0,496887,PASS,Loans payable 9,2021,label='Loans payable 9' sheet=0.497
balance_sheet,CurrentDeferredLiabilities,2020,absent_on_face,0.0,,PASS,,,no face/notes hit
balance_sheet,CurrentDeferredRevenue,2020,absent_on_face,0.0,,NOTE_ONLY,,,alias 'deferred revenue' appears only in notes
balance_sheet,CurrentDeferredTaxesLiabilities,2020,absent_on_face,0.0,,PASS,,,no face/notes hit
balance_sheet,FinishedGoods,2020,absent_on_face,0.0,,PASS,,,no face/notes hit
balance_sheet,GainsLossesNotAffectingRetainedEarnings,2020,absent_on_face,0.0,,PASS,,,no face/notes hit
balance_sheet,Goodwill,2020,absent_on_face,0.0,,PASS,,,no face/notes hit
balance_sheet,GrossPPE,2020,absent_on_face,0.0,,PASS,,,no face/notes hit
balance_sheet,InventoriesAdjustmentsAllowances,2020,absent_on_face,0.0,,PASS,,,no face/notes hit
balance_sheet,Inventory,2020,absent_on_face,0.0,,PASS,,,no face/notes hit
balance_sheet,InvestmentsAndAdvances,2020,absent_on_face,0.0,,NOTE_ONLY,,,alias 'investments' appears only in notes
balance_sheet,LandAndImprovements,2020,absent_on_face,0.0,,PASS,,,no face/notes hit
balance_sheet,LoansReceivable,2020,mapped,3563300.0,3.5633e+06,PASS,"Loans receivable 5,15,16",2021,"label='Loans receivable 5,15,16' sheet=3.563"
balance_sheet,LongTermCapitalLeaseObligation,2020,absent_on_face,0.0,,PASS,,,no face/notes hit
balance_sheet,LongTermDebt,2020,absent_on_face,0.0,,PASS,,,no face/notes hit
balance_sheet,LongTermDebtAndCapitalLeaseObligation,2020,absent_on_face,0.0,,PASS,,,no face/notes hit
balance_sheet,MachineryFurnitureEquipment,2020,absent_on_face,0.0,,PASS,,,no face/notes hit
balance_sheet,MinorityInterest,2020,absent_on_face,0.0,,PASS,,,no face/notes hit
balance_sheet,NetPPE,2020,absent_on_face,0.0,,PASS,,,no face/notes hit
balance_sheet,NonCurrentDeferredLiabilities,2020,absent_on_face,0.0,,PASS,,,no face/notes hit
balance_sheet,NonCurrentDeferredRevenue,2020,absent_on_face,0.0,,PASS,,,no face/notes hit
balance_sheet,NonCurrentDeferredTaxesLiabilities,2020,absent_on_face,0.0,,PASS,,,no face/notes hit
balance_sheet,NonCurrentPensionAndOtherPostretirementBenefitPlans,2020,absent_on_face,0.0,,PASS,,,no face/notes hit
balance_sheet,NotesReceivable,2020,absent_on_face,0.0,,PASS,,,no face/notes hit
balance_sheet,OtherCurrentAssets,2020,absent_on_face,0.0,,PASS,,,no face/notes hit
balance_sheet,OtherCurrentLiabilities,2020,absent_on_face,0.0,,PASS,,,no face/notes hit
balance_sheet,OtherIntangibleAssets,2020,absent_on_face,0.0,,PASS,,,no face/notes hit
balance_sheet,OtherInventories,2020,absent_on_face,0.0,,PASS,,,no face/notes hit
balance_sheet,OtherNonCurrentAssets,2020,absent_on_face,0.0,,PASS,,,no face/notes hit
balance_sheet,OtherNonCurrentLiabilities,2020,absent_on_face,0.0,,PASS,,,no face/notes hit
balance_sheet,OtherPayable,2020,absent_on_face,0.0,,PASS,,,no face/notes hit
balance_sheet,OtherReceivables,2020,absent_on_face,0.0,,NOTE_ONLY,,,alias 'interest receivable' appears only in notes
balance_sheet,PayablesAndAccruedExpenses,2020,mapped,1129754.0,1.12975e+06,PASS,"Accounts payable and accrued liabilities 8,15,16",2021,"label='Accounts payable and accrued liabilities 8,15,16' sheet=1.130"
balance_sheet,PreferredStock,2020,absent_on_face,0.0,,PASS,,,no face/notes hit
balance_sheet,RawMaterials,2020,absent_on_face,0.0,,PASS,,,no face/notes hit
balance_sheet,RetainedEarnings,2020,mapped,-19439215.0,-1.94392e+07,PASS,(Deficit),2021,label='(Deficit)' sheet=-19.439
balance_sheet,ShortTermInvestments,2020,absent_on_face,0.0,,NOTE_ONLY,,,alias 'marketable securities' appears only in notes
balance_sheet,StockholdersEquity,2020,mapped,28671010.0,2.8671e+07,PASS,Total shareholders' equity,2021,"label=""Total shareholders' equity"" sheet=28.671"
balance_sheet,TotalAssets,2020,mapped,30297651.0,3.02977e+07,PASS,Total assets,2021,label='Total assets' sheet=30.298
balance_sheet,TotalLiabilities,2020,mapped,1626641.0,1.62664e+06,PASS,Total liabilities,2021,label='Total liabilities' sheet=1.627
balance_sheet,TotalTaxPayable,2020,absent_on_face,0.0,,PASS,,,no face/notes hit
balance_sheet,TreasuryStock,2020,mapped,6464120.0,6.46412e+06,PASS,Equity reserve and treasury shares 11,2021,label='Equity reserve and treasury shares 11' sheet=6.464
balance_sheet,WorkInProcess,2020,absent_on_face,0.0,,PASS,,,no face/notes hit
cash_flow,AssetImpairmentCharge,2020,absent_on_face,0.0,,PASS,,,no face/notes hit
cash_flow,BeginningCashPosition,2020,mapped,128134.0,128134,PASS,"Cash, beginning of year",2021,"label='Cash, beginning of year' sheet=0.128"
cash_flow,CapitalExpenditure,2020,absent_on_face,0.0,,PASS,,,no face/notes hit
cash_flow,CashDividendsPaid,2020,absent_on_face,0.0,,PASS,,,no face/notes hit
cash_flow,CashFromDiscontinuedInvestingActivities,2020,absent_on_face,0.0,,PASS,,,no face/notes hit
cash_flow,CashFromDiscontinuedOperatingActivities,2020,absent_on_face,0.0,,PASS,,,no face/notes hit
cash_flow,ChangeInInventory,2020,absent_on_face,0.0,,PASS,,,no face/notes hit
cash_flow,ChangeInOtherWorkingCapital,2020,absent_on_face,0.0,,NOTE_ONLY,,,alias 'deferred revenue' appears only in notes
cash_flow,ChangeInPayablesAndAccruedExpense,2020,mapped,306954.0,306954,PASS,Accounts payable and accrued liabilities,2021,label='Accounts payable and accrued liabilities' sheet=0.307
cash_flow,ChangeInPrepaidAssets,2020,absent_on_face,0.0,,NOTE_ONLY,,,alias 'prepaid expenses' appears only in notes
cash_flow,ChangeInReceivables,2020,mapped,283227.0,283227,PASS,Prepaid and other amounts receivable,2021,label='Prepaid and other amounts receivable' sheet=0.283
cash_flow,ChangesInCash,2020,mapped,50637.0,50637,PASS,Change in cash for the year,2021,label='Change in cash for the year' sheet=0.051
cash_flow,DepreciationAmortizationDepletion,2020,absent_on_face,0.0,,PASS,,,no face/notes hit
cash_flow,EffectOfExchangeRateChanges,2020,absent_on_face,0.0,,PASS,,,no face/notes hit
cash_flow,EndCashPosition,2020,mapped,176973.0,176973,PASS,"Cash, end of year",2021,"label='Cash, end of year' sheet=0.177"
cash_flow,FinancingCashFlow,2020,mapped,470000.0,470000,PASS,Net cash provided from financing activities,2021,label='Net cash provided from financing activities' sheet=0.470
cash_flow,IssuanceOfCapitalStock,2020,absent_on_face,0.0,,PASS,,,no face/notes hit
cash_flow,IssuanceOfDebt,2020,absent_on_face,0.0,,PASS,,,no face/notes hit
cash_flow,NetIncomeFromContinuingOperations,2020,mapped,1868523.0,1.86852e+06,PASS,Income for the year,2021,label='Income for the year' sheet=1.869
cash_flow,NetIntangiblesPurchaseAndSale,2020,absent_on_face,0.0,,PASS,,,no face/notes hit
cash_flow,NetIssuancePaymentsOfDebt,2020,absent_on_face,0.0,,PASS,,,no face/notes hit
cash_flow,NetOtherFinancingCharges,2020,absent_on_face,0.0,,PASS,,,no face/notes hit
cash_flow,NetOtherInvestingChanges,2020,absent_on_face,0.0,,PASS,,,no face/notes hit
cash_flow,NetPreferredStockIssuance,2020,absent_on_face,0.0,,PASS,,,no face/notes hit
cash_flow,OtherNonCashItems,2020,absent_on_face,0.0,,PASS,,,no face/notes hit
cash_flow,PurchaseOfBusiness,2020,absent_on_face,0.0,,PASS,,,no face/notes hit
cash_flow,PurchaseOfInvestment,2020,mapped,-3155444.0,-3.15544e+06,PASS,Purchase of investments,2021,label='Purchase of investments' sheet=-3.155
cash_flow,PurchaseOfPPE,2020,absent_on_face,0.0,,PASS,,,no face/notes hit
cash_flow,RepaymentOfDebt,2020,absent_on_face,0.0,,PASS,,,no face/notes hit
cash_flow,RepurchaseOfCapitalStock,2020,absent_on_face,0.0,,PASS,,,no face/notes hit
cash_flow,SaleOfInvestment,2020,absent_on_face,0.0,,PASS,,,no face/notes hit
cash_flow,SaleOfPPE,2020,absent_on_face,0.0,,PASS,,,no face/notes hit
cash_flow,StockBasedCompensation,2020,absent_on_face,0.0,,BUG_FACE,"Share based payments                                                                                        -                181,615",,"zero-filled but concept on FACE (exact): 'Share based payments                                                                                        -                181,615'"
income_statement,CostOfRevenue,2020,absent_on_face,0.0,,PASS,,,no face/notes hit
income_statement,DepreciationAmortizationDepletion,2020,absent_on_face,0.0,,PASS,,,no face/notes hit
income_statement,DilutedAverageShares,2020,mapped,96052282.0,9.60523e+07,PASS,Diluted,2021,label='Diluted' sheet=96.052
income_statement,InterestExpenseNonOperating,2020,absent_on_face,0.0,,PASS,,,no face/notes hit
income_statement,InterestIncomeNonOperating,2020,mapped,407679.0,407679,PASS,"Interest income 5,16",2021,"label='Interest income 5,16' sheet=0.408"
income_statement,MinorityInterests,2020,absent_on_face,0.0,,PASS,,,no face/notes hit
income_statement,NetIncome,2020,mapped,1868523.0,1.86852e+06,PASS,Net income and comprehensive income for the year,2021,label='Net income and comprehensive income for the year' sheet=1.869
income_statement,NetIncomeDiscontinuousOperations,2020,absent_on_face,0.0,,PASS,,,no face/notes hit
income_statement,NetNonOperatingInterestIncomeExpense,2020,absent_on_face,0.0,,PASS,,,no face/notes hit
income_statement,OperatingExpense,2020,mapped,1912631.0,1.91263e+06,PASS,Total expenses,2021,label='Total expenses' sheet=1.913
income_statement,OperatingIncome,2020,mapped,1862252.0,1.86225e+06,PASS,Income (loss) before other items,2020,label='Income (loss) before other items' sheet=1.862
income_statement,OtherIncomeExpense,2020,mapped,6271.0,6271,PASS,Foreign exchange (loss) gain,2021,label='Foreign exchange (loss) gain' sheet=0.006
income_statement,OtherOperatingExpenses,2020,absent_on_face,0.0,,NOTE_ONLY,,,alias 'office' appears only in notes
income_statement,ResearchAndDevelopment,2020,absent_on_face,0.0,,PASS,,,no face/notes hit
income_statement,SellingGeneralAndAdministration,2020,absent_on_face,0.0,,NOTE_ONLY,,,alias 'consulting fees' appears only in notes
balance_sheet,CashCashEquivalentsAndShortTermInvestments,2020,derived,176973.0,,PASS,,,identities clean
balance_sheet,CurrentDebtAndCapitalLeaseObligation,2020,derived,496887.0,,PASS,,,identities clean
balance_sheet,Receivables,2020,derived,4728000.0,,PASS,,,identities clean
balance_sheet,TotalEquityGrossMinorityInterest,2020,derived,28671010.0,,PASS,,,identities clean
cash_flow,ChangeInWorkingCapital,2020,derived,590181.0,,MISMATCH,,,identity failed: cash_rollforward_fail
cash_flow,FreeCashFlow,2020,derived,-1885517.0,,MISMATCH,,,identity failed: cash_rollforward_fail
cash_flow,InvestingCashFlow,2020,derived,1466154.0,,MISMATCH,,,identity failed: cash_rollforward_fail
income_statement,EBIT,2020,derived,1460844.0,,PASS,,,identities clean
income_statement,EBITDA,2020,derived,1460844.0,,PASS,,,identities clean
income_statement,NetIncomeContinuousOperations,2020,derived,1868523.0,,PASS,,,identities clean
income_statement,PretaxIncome,2020,derived,1868523.0,,PASS,,,identities clean
income_statement,TaxProvision,2020,derived,0.0,,PASS,,,identities clean
balance_sheet,AccountsPayable,2021,absent_on_face,0.0,,NOTE_ONLY,,,alias 'accounts payable' appears only in notes
balance_sheet,AccountsReceivable,2021,mapped,1499214.0,1.49921e+06,PASS,"Amounts receivable 4,15,16",2022,"label='Amounts receivable 4,15,16' sheet=1.499"
balance_sheet,AccumulatedDepreciation,2021,absent_on_face,0.0,,PASS,,,no face/notes hit
balance_sheet,AdditionalPaidInCapital,2021,absent_on_face,0.0,,NOTE_ONLY,,,alias 'reserves' appears only in notes
balance_sheet,BuildingsAndImprovements,2021,absent_on_face,0.0,,PASS,,,no face/notes hit
balance_sheet,CashAndCashEquivalents,2021,mapped,106381.0,106381,PASS,Cash 15,2022,label='Cash 15' sheet=0.106
balance_sheet,CommonStock,2021,None,42282287.0,,SUSPECT,,,unexpected match_kind=None
balance_sheet,ConstructionInProgress,2021,absent_on_face,0.0,,PASS,,,no face/notes hit
balance_sheet,CurrentAccruedExpenses,2021,absent_on_face,0.0,,NOTE_ONLY,,,alias 'accrued liabilities' appears only in notes
balance_sheet,CurrentCapitalLeaseObligation,2021,absent_on_face,0.0,,PASS,,,no face/notes hit
balance_sheet,CurrentDebt,2021,mapped,40000.0,40000,PASS,Loans payable 9,2022,label='Loans payable 9' sheet=0.040
balance_sheet,CurrentDeferredLiabilities,2021,absent_on_face,0.0,,PASS,,,no face/notes hit
balance_sheet,CurrentDeferredRevenue,2021,absent_on_face,0.0,,NOTE_ONLY,,,alias 'deferred revenue' appears only in notes
balance_sheet,CurrentDeferredTaxesLiabilities,2021,absent_on_face,0.0,,PASS,,,no face/notes hit
balance_sheet,FinishedGoods,2021,absent_on_face,0.0,,PASS,,,no face/notes hit
balance_sheet,GainsLossesNotAffectingRetainedEarnings,2021,absent_on_face,0.0,,PASS,,,no face/notes hit
balance_sheet,Goodwill,2021,absent_on_face,0.0,,PASS,,,no face/notes hit
balance_sheet,GrossPPE,2021,absent_on_face,0.0,,PASS,,,no face/notes hit
balance_sheet,InventoriesAdjustmentsAllowances,2021,absent_on_face,0.0,,PASS,,,no face/notes hit
balance_sheet,Inventory,2021,absent_on_face,0.0,,PASS,,,no face/notes hit
balance_sheet,InvestmentsAndAdvances,2021,absent_on_face,0.0,,NOTE_ONLY,,,alias 'investments' appears only in notes
balance_sheet,LandAndImprovements,2021,absent_on_face,0.0,,PASS,,,no face/notes hit
balance_sheet,LoansReceivable,2021,mapped,2322544.0,2.32254e+06,PASS,"Loans receivable 5,15,16",2022,"label='Loans receivable 5,15,16' sheet=2.323"
balance_sheet,LongTermCapitalLeaseObligation,2021,absent_on_face,0.0,,PASS,,,no face/notes hit
balance_sheet,LongTermDebt,2021,absent_on_face,0.0,,PASS,,,no face/notes hit
balance_sheet,LongTermDebtAndCapitalLeaseObligation,2021,absent_on_face,0.0,,PASS,,,no face/notes hit
balance_sheet,MachineryFurnitureEquipment,2021,absent_on_face,0.0,,NOTE_ONLY,,,alias 'equipment' appears only in notes
balance_sheet,MinorityInterest,2021,absent_on_face,0.0,,PASS,,,no face/notes hit
balance_sheet,NetPPE,2021,absent_on_face,0.0,,PASS,,,no face/notes hit
balance_sheet,NonCurrentDeferredLiabilities,2021,absent_on_face,0.0,,PASS,,,no face/notes hit
balance_sheet,NonCurrentDeferredRevenue,2021,absent_on_face,0.0,,PASS,,,no face/notes hit
balance_sheet,NonCurrentDeferredTaxesLiabilities,2021,absent_on_face,0.0,,PASS,,,no face/notes hit
balance_sheet,NonCurrentPensionAndOtherPostretirementBenefitPlans,2021,absent_on_face,0.0,,PASS,,,no face/notes hit
balance_sheet,NotesReceivable,2021,absent_on_face,0.0,,PASS,,,no face/notes hit
balance_sheet,OtherCurrentAssets,2021,absent_on_face,0.0,,PASS,,,no face/notes hit
balance_sheet,OtherCurrentLiabilities,2021,absent_on_face,0.0,,PASS,,,no face/notes hit
balance_sheet,OtherIntangibleAssets,2021,absent_on_face,0.0,,PASS,,,no face/notes hit
balance_sheet,OtherInventories,2021,absent_on_face,0.0,,PASS,,,no face/notes hit
balance_sheet,OtherNonCurrentAssets,2021,absent_on_face,0.0,,PASS,,,no face/notes hit
balance_sheet,OtherNonCurrentLiabilities,2021,absent_on_face,0.0,,PASS,,,no face/notes hit
balance_sheet,OtherPayable,2021,absent_on_face,0.0,,PASS,,,no face/notes hit
balance_sheet,OtherReceivables,2021,absent_on_face,0.0,,NOTE_ONLY,,,alias 'interest receivable' appears only in notes
balance_sheet,PayablesAndAccruedExpenses,2021,mapped,1816765.0,1.81676e+06,PASS,"Accounts payable and accrued liabilities 8,15,16",2022,"label='Accounts payable and accrued liabilities 8,15,16' sheet=1.817"
balance_sheet,PreferredStock,2021,absent_on_face,0.0,,PASS,,,no face/notes hit
balance_sheet,RawMaterials,2021,absent_on_face,0.0,,PASS,,,no face/notes hit
balance_sheet,RetainedEarnings,2021,mapped,-16521188.0,-1.65212e+07,PASS,(Deficit),2022,label='(Deficit)' sheet=-16.521
balance_sheet,ShortTermInvestments,2021,absent_on_face,0.0,,NOTE_ONLY,,,alias 'marketable securities' appears only in notes
balance_sheet,StockholdersEquity,2021,mapped,32377884.0,3.23779e+07,PASS,Total shareholders' equity,2022,"label=""Total shareholders' equity"" sheet=32.378"
balance_sheet,TotalAssets,2021,mapped,34234649.0,3.42346e+07,PASS,Total assets,2022,label='Total assets' sheet=34.235
balance_sheet,TotalLiabilities,2021,mapped,1856765.0,1.85676e+06,PASS,Total liabilities,2022,label='Total liabilities' sheet=1.857
balance_sheet,TotalTaxPayable,2021,absent_on_face,0.0,,PASS,,,no face/notes hit
balance_sheet,TreasuryStock,2021,mapped,6616785.0,6.61678e+06,PASS,Equity reserve and treasury shares 11,2022,label='Equity reserve and treasury shares 11' sheet=6.617
balance_sheet,WorkInProcess,2021,absent_on_face,0.0,,PASS,,,no face/notes hit
cash_flow,AssetImpairmentCharge,2021,absent_on_face,0.0,,PASS,,,no face/notes hit
cash_flow,BeginningCashPosition,2021,mapped,176973.0,176973,PASS,"Cash, beginning of year",2022,"label='Cash, beginning of year' sheet=0.177"
cash_flow,CapitalExpenditure,2021,absent_on_face,0.0,,PASS,,,no face/notes hit
cash_flow,CashDividendsPaid,2021,absent_on_face,0.0,,PASS,,,no face/notes hit
cash_flow,CashFromDiscontinuedInvestingActivities,2021,absent_on_face,0.0,,PASS,,,no face/notes hit
cash_flow,CashFromDiscontinuedOperatingActivities,2021,absent_on_face,0.0,,PASS,,,no face/notes hit
cash_flow,ChangeInInventory,2021,absent_on_face,0.0,,PASS,,,no face/notes hit
cash_flow,ChangeInOtherWorkingCapital,2021,absent_on_face,0.0,,NOTE_ONLY,,,alias 'deferred revenue' appears only in notes
cash_flow,ChangeInPayablesAndAccruedExpense,2021,mapped,311841.0,311841,PASS,Accounts payable and accrued liabilities,2022,label='Accounts payable and accrued liabilities' sheet=0.312
cash_flow,ChangeInPrepaidAssets,2021,absent_on_face,0.0,,NOTE_ONLY,,,alias 'prepaid expenses' appears only in notes
cash_flow,ChangeInReceivables,2021,mapped,2487449.0,-159404+2.64685e+06,PASS,Prepaid and other amounts receivable,2022,label='Prepaid and other amounts receivable' sheet=2.487
cash_flow,ChangesInCash,2021,mapped,-65180.0,-65180,PASS,Change in cash for the year,2022,label='Change in cash for the year' sheet=-0.065
cash_flow,DepreciationAmortizationDepletion,2021,absent_on_face,0.0,,PASS,,,no face/notes hit
cash_flow,EffectOfExchangeRateChanges,2021,absent_on_face,0.0,,PASS,,,no face/notes hit
cash_flow,EndCashPosition,2021,mapped,106381.0,106381,PASS,"Cash, end of year",2022,"label='Cash, end of year' sheet=0.106"
cash_flow,FinancingCashFlow,2021,mapped,1073847.0,1.07385e+06,PASS,Net cash provided from financing activities,2022,label='Net cash provided from financing activities' sheet=1.074
cash_flow,IssuanceOfCapitalStock,2021,absent_on_face,0.0,,PASS,,,no face/notes hit
cash_flow,IssuanceOfDebt,2021,absent_on_face,0.0,,PASS,,,no face/notes hit
cash_flow,NetIncomeFromContinuingOperations,2021,mapped,2918027.0,2.91803e+06,PASS,Income for the year,2022,label='Income for the year' sheet=2.918
cash_flow,NetIntangiblesPurchaseAndSale,2021,absent_on_face,0.0,,PASS,,,no face/notes hit
cash_flow,NetIssuancePaymentsOfDebt,2021,absent_on_face,0.0,,PASS,,,no face/notes hit
cash_flow,NetOtherFinancingCharges,2021,absent_on_face,0.0,,PASS,,,no face/notes hit
cash_flow,NetOtherInvestingChanges,2021,absent_on_face,0.0,,PASS,,,no face/notes hit
cash_flow,NetPreferredStockIssuance,2021,absent_on_face,0.0,,PASS,,,no face/notes hit
cash_flow,OtherNonCashItems,2021,absent_on_face,0.0,,PASS,,,no face/notes hit
cash_flow,PurchaseOfBusiness,2021,absent_on_face,0.0,,PASS,,,no face/notes hit
cash_flow,PurchaseOfInvestment,2021,mapped,-4391070.0,-4.39107e+06,PASS,Purchase of investments,2022,label='Purchase of investments' sheet=-4.391
cash_flow,PurchaseOfPPE,2021,absent_on_face,0.0,,PASS,,,no face/notes hit
cash_flow,RepaymentOfDebt,2021,absent_on_face,0.0,,PASS,,,no face/notes hit
cash_flow,RepurchaseOfCapitalStock,2021,absent_on_face,0.0,,PASS,,,no face/notes hit
cash_flow,SaleOfInvestment,2021,absent_on_face,0.0,,PASS,,,no face/notes hit
cash_flow,SaleOfPPE,2021,absent_on_face,0.0,,PASS,,,no face/notes hit
cash_flow,StockBasedCompensation,2021,absent_on_face,0.0,,NOTE_ONLY,,,alias 'share based compensation' appears only in notes
income_statement,CostOfRevenue,2021,absent_on_face,0.0,,PASS,,,no face/notes hit
income_statement,DepreciationAmortizationDepletion,2021,absent_on_face,0.0,,PASS,,,no face/notes hit
income_statement,DilutedAverageShares,2021,mapped,104319894.0,1.0432e+08,PASS,Diluted 17,2022,label='Diluted 17' sheet=104.320
income_statement,InterestExpenseNonOperating,2021,absent_on_face,0.0,,PASS,,,no face/notes hit
income_statement,InterestIncomeNonOperating,2021,mapped,298153.0,298153,PASS,"Interest income 5,16",2022,"label='Interest income 5,16' sheet=0.298"
income_statement,MinorityInterests,2021,absent_on_face,0.0,,PASS,,,no face/notes hit
income_statement,NetIncome,2021,mapped,2918027.0,2.91803e+06,PASS,Net income and comprehensive income for the year,2022,label='Net income and comprehensive income for the year' sheet=2.918
income_statement,NetIncomeDiscontinuousOperations,2021,absent_on_face,0.0,,PASS,,,no face/notes hit
income_statement,NetNonOperatingInterestIncomeExpense,2021,absent_on_face,0.0,,PASS,,,no face/notes hit
income_statement,OperatingExpense,2021,mapped,2768255.0,2.76826e+06,PASS,Total expenses,2022,label='Total expenses' sheet=2.768
income_statement,OtherIncomeExpense,2021,mapped,-2383.0,-2383,PASS,Foreign exchange gain (loss),2022,label='Foreign exchange gain (loss)' sheet=-0.002
income_statement,OtherOperatingExpenses,2021,absent_on_face,0.0,,NOTE_ONLY,,,alias 'office' appears only in notes
income_statement,ResearchAndDevelopment,2021,absent_on_face,0.0,,PASS,,,no face/notes hit
income_statement,SellingGeneralAndAdministration,2021,absent_on_face,0.0,,NOTE_ONLY,,,alias 'consulting fees' appears only in notes
balance_sheet,CashCashEquivalentsAndShortTermInvestments,2021,derived,106381.0,,PASS,,,identities clean
balance_sheet,CurrentDebtAndCapitalLeaseObligation,2021,derived,40000.0,,PASS,,,identities clean
balance_sheet,Receivables,2021,derived,3821758.0,,PASS,,,identities clean
balance_sheet,TotalEquityGrossMinorityInterest,2021,derived,32377884.0,,PASS,,,identities clean
cash_flow,ChangeInWorkingCapital,2021,derived,2799290.0,,MISMATCH,,,identity failed: cash_rollforward_fail
cash_flow,FreeCashFlow,2021,derived,-2450275.0,,MISMATCH,,,identity failed: cash_rollforward_fail
cash_flow,InvestingCashFlow,2021,derived,1311248.0,,MISMATCH,,,identity failed: cash_rollforward_fail
income_statement,EBIT,2021,derived,2619874.0,,PASS,,,identities clean
income_statement,EBITDA,2021,derived,2619874.0,,PASS,,,identities clean
income_statement,NetIncomeContinuousOperations,2021,derived,2918027.0,,PASS,,,identities clean
income_statement,PretaxIncome,2021,derived,2918027.0,,PASS,,,identities clean
income_statement,TaxProvision,2021,derived,0.0,,PASS,,,identities clean
balance_sheet,AccountsPayable,2022,absent_on_face,0.0,,NOTE_ONLY,,,alias 'accounts payable' appears only in notes
balance_sheet,AccountsReceivable,2022,mapped,215675.0,215675,PASS,"Amounts receivable 4,15,16",2023,"label='Amounts receivable 4,15,16' sheet=0.216"
balance_sheet,AccumulatedDepreciation,2022,absent_on_face,0.0,,PASS,,,no face/notes hit
balance_sheet,AdditionalPaidInCapital,2022,absent_on_face,0.0,,NOTE_ONLY,,,alias 'reserves' appears only in notes
balance_sheet,BuildingsAndImprovements,2022,absent_on_face,0.0,,PASS,,,no face/notes hit
balance_sheet,CashAndCashEquivalents,2022,mapped,2048529.0,2.04853e+06,PASS,Cash 15,2023,label='Cash 15' sheet=2.049
balance_sheet,CommonStock,2022,None,47656788.0,,SUSPECT,,,unexpected match_kind=None
balance_sheet,ConstructionInProgress,2022,absent_on_face,0.0,,PASS,,,no face/notes hit
balance_sheet,CurrentAccruedExpenses,2022,absent_on_face,0.0,,NOTE_ONLY,,,alias 'accrued liabilities' appears only in notes
balance_sheet,CurrentCapitalLeaseObligation,2022,absent_on_face,0.0,,PASS,,,no face/notes hit
balance_sheet,CurrentDebt,2022,mapped,667754.0,667754,PASS,"Loans payable 9,15",2023,"label='Loans payable 9,15' sheet=0.668"
balance_sheet,CurrentDeferredLiabilities,2022,absent_on_face,0.0,,PASS,,,no face/notes hit
balance_sheet,CurrentDeferredRevenue,2022,absent_on_face,0.0,,NOTE_ONLY,,,alias 'deferred revenue' appears only in notes
balance_sheet,CurrentDeferredTaxesLiabilities,2022,absent_on_face,0.0,,PASS,,,no face/notes hit
balance_sheet,FinishedGoods,2022,absent_on_face,0.0,,PASS,,,no face/notes hit
balance_sheet,GainsLossesNotAffectingRetainedEarnings,2022,absent_on_face,0.0,,PASS,,,no face/notes hit
balance_sheet,Goodwill,2022,absent_on_face,0.0,,PASS,,,no face/notes hit
balance_sheet,GrossPPE,2022,absent_on_face,0.0,,PASS,,,no face/notes hit
balance_sheet,InventoriesAdjustmentsAllowances,2022,absent_on_face,0.0,,PASS,,,no face/notes hit
balance_sheet,Inventory,2022,absent_on_face,0.0,,PASS,,,no face/notes hit
balance_sheet,InvestmentsAndAdvances,2022,absent_on_face,0.0,,NOTE_ONLY,,,alias 'investments' appears only in notes
balance_sheet,LandAndImprovements,2022,absent_on_face,0.0,,PASS,,,no face/notes hit
balance_sheet,LoansReceivable,2022,mapped,1186540.0,1.18654e+06,PASS,"Loans receivable 5,15,16",2023,"label='Loans receivable 5,15,16' sheet=1.187"
balance_sheet,LongTermCapitalLeaseObligation,2022,absent_on_face,0.0,,PASS,,,no face/notes hit
balance_sheet,LongTermDebt,2022,absent_on_face,0.0,,PASS,,,no face/notes hit
balance_sheet,LongTermDebtAndCapitalLeaseObligation,2022,absent_on_face,0.0,,PASS,,,no face/notes hit
balance_sheet,MachineryFurnitureEquipment,2022,absent_on_face,0.0,,NOTE_ONLY,,,alias 'equipment' appears only in notes
balance_sheet,MinorityInterest,2022,absent_on_face,0.0,,PASS,,,no face/notes hit
balance_sheet,NetPPE,2022,absent_on_face,0.0,,PASS,,,no face/notes hit
balance_sheet,NonCurrentDeferredLiabilities,2022,absent_on_face,0.0,,PASS,,,no face/notes hit
balance_sheet,NonCurrentDeferredRevenue,2022,absent_on_face,0.0,,PASS,,,no face/notes hit
balance_sheet,NonCurrentDeferredTaxesLiabilities,2022,absent_on_face,0.0,,PASS,,,no face/notes hit
balance_sheet,NonCurrentPensionAndOtherPostretirementBenefitPlans,2022,absent_on_face,0.0,,PASS,,,no face/notes hit
balance_sheet,NotesReceivable,2022,absent_on_face,0.0,,PASS,,,no face/notes hit
balance_sheet,OtherCurrentAssets,2022,absent_on_face,0.0,,PASS,,,no face/notes hit
balance_sheet,OtherCurrentLiabilities,2022,absent_on_face,0.0,,PASS,,,no face/notes hit
balance_sheet,OtherIntangibleAssets,2022,absent_on_face,0.0,,PASS,,,no face/notes hit
balance_sheet,OtherInventories,2022,absent_on_face,0.0,,PASS,,,no face/notes hit
balance_sheet,OtherNonCurrentAssets,2022,absent_on_face,0.0,,PASS,,,no face/notes hit
balance_sheet,OtherNonCurrentLiabilities,2022,absent_on_face,0.0,,PASS,,,no face/notes hit
balance_sheet,OtherPayable,2022,absent_on_face,0.0,,PASS,,,no face/notes hit
balance_sheet,OtherReceivables,2022,mapped,2368009.0,2.36801e+06,PASS,Provision on loan and interest receivable 5,2023,label='Provision on loan and interest receivable 5' sheet=2.368
balance_sheet,PayablesAndAccruedExpenses,2022,mapped,1662822.0,1.66282e+06,PASS,"Accounts payable and accrued liabilities 8,15,16",2023,"label='Accounts payable and accrued liabilities 8,15,16' sheet=1.663"
balance_sheet,PreferredStock,2022,absent_on_face,0.0,,PASS,,,no face/notes hit
balance_sheet,RawMaterials,2022,absent_on_face,0.0,,PASS,,,no face/notes hit
balance_sheet,RetainedEarnings,2022,mapped,-15620253.0,-1.56203e+07,PASS,(Deficit),2023,label='(Deficit)' sheet=-15.620
balance_sheet,ShortTermInvestments,2022,absent_on_face,0.0,,NOTE_ONLY,,,alias 'marketable securities' appears only in notes
balance_sheet,StockholdersEquity,2022,mapped,40765369.0,4.07654e+07,PASS,Total shareholders' equity,2023,"label=""Total shareholders' equity"" sheet=40.765"
balance_sheet,TotalAssets,2022,mapped,43095945.0,4.30959e+07,PASS,Total assets,2023,label='Total assets' sheet=43.096
balance_sheet,TotalLiabilities,2022,mapped,2330576.0,2.33058e+06,PASS,Total liabilities,2023,label='Total liabilities' sheet=2.331
balance_sheet,TotalTaxPayable,2022,absent_on_face,0.0,,PASS,,,no face/notes hit
balance_sheet,TreasuryStock,2022,mapped,8728834.0,8.72883e+06,PASS,Equity reserve and treasury shares 11,2023,label='Equity reserve and treasury shares 11' sheet=8.729
balance_sheet,WorkInProcess,2022,absent_on_face,0.0,,PASS,,,no face/notes hit
cash_flow,AssetImpairmentCharge,2022,absent_on_face,0.0,,PASS,,,no face/notes hit
cash_flow,BeginningCashPosition,2022,mapped,106381.0,106381,PASS,"Cash, beginning of year",2023,"label='Cash, beginning of year' sheet=0.106"
cash_flow,CapitalExpenditure,2022,absent_on_face,0.0,,PASS,,,no face/notes hit
cash_flow,CashDividendsPaid,2022,absent_on_face,0.0,,PASS,,,no face/notes hit
cash_flow,CashFromDiscontinuedInvestingActivities,2022,absent_on_face,0.0,,PASS,,,no face/notes hit
cash_flow,CashFromDiscontinuedOperatingActivities,2022,absent_on_face,0.0,,PASS,,,no face/notes hit
cash_flow,ChangeInInventory,2022,absent_on_face,0.0,,PASS,,,no face/notes hit
cash_flow,ChangeInOtherWorkingCapital,2022,absent_on_face,0.0,,NOTE_ONLY,,,alias 'deferred revenue' appears only in notes
cash_flow,ChangeInPayablesAndAccruedExpense,2022,mapped,-653928.0,-653928,PASS,Accounts payable and accrued liabilities,2023,label='Accounts payable and accrued liabilities' sheet=-0.654
cash_flow,ChangeInPrepaidAssets,2022,mapped,-13733.0,-13733,PASS,Preapid expenses,2023,label='Preapid expenses' sheet=-0.014
cash_flow,ChangeInReceivables,2022,mapped,4137395.0,2.36801e+06+1.254e+06+247141+268250,PASS,"Provision on loan, interest and accounts receivable 5",2023,"label='Provision on loan, interest and accounts receivable 5' sheet=4.137"
cash_flow,ChangesInCash,2022,mapped,2036858.0,2.03686e+06,PASS,Change in cash for the year,2023,label='Change in cash for the year' sheet=2.037
cash_flow,DepreciationAmortizationDepletion,2022,absent_on_face,0.0,,PASS,,,no face/notes hit
cash_flow,EffectOfExchangeRateChanges,2022,absent_on_face,0.0,,PASS,,,no face/notes hit
cash_flow,EndCashPosition,2022,mapped,2048529.0,2.04853e+06,PASS,"Cash, end of year",2023,"label='Cash, end of year' sheet=2.049"
cash_flow,FinancingCashFlow,2022,mapped,1346889.0,1.34689e+06,PASS,Net cash provided from financing activities,2023,label='Net cash provided from financing activities' sheet=1.347
cash_flow,IssuanceOfCapitalStock,2022,absent_on_face,0.0,,PASS,,,no face/notes hit
cash_flow,IssuanceOfDebt,2022,absent_on_face,0.0,,PASS,,,no face/notes hit
cash_flow,NetIncomeFromContinuingOperations,2022,mapped,-13097449.0,-1.30974e+07,PASS,Net loss for the year - - - -,2023,label='Net loss for the year - - - -' sheet=-13.097
cash_flow,NetIntangiblesPurchaseAndSale,2022,absent_on_face,0.0,,PASS,,,no face/notes hit
cash_flow,NetIssuancePaymentsOfDebt,2022,absent_on_face,0.0,,PASS,,,no face/notes hit
cash_flow,NetOtherFinancingCharges,2022,absent_on_face,0.0,,PASS,,,no face/notes hit
cash_flow,NetOtherInvestingChanges,2022,absent_on_face,0.0,,PASS,,,no face/notes hit
cash_flow,NetPreferredStockIssuance,2022,absent_on_face,0.0,,PASS,,,no face/notes hit
cash_flow,OtherNonCashItems,2022,absent_on_face,0.0,,PASS,,,no face/notes hit
cash_flow,PurchaseOfBusiness,2022,absent_on_face,0.0,,PASS,,,no face/notes hit
cash_flow,PurchaseOfInvestment,2022,mapped,-2847866.0,-2.84787e+06,PASS,"Purchase of investments 3,16",2023,"label='Purchase of investments 3,16' sheet=-2.848"
cash_flow,PurchaseOfPPE,2022,absent_on_face,0.0,,PASS,,,no face/notes hit
cash_flow,RepaymentOfDebt,2022,absent_on_face,0.0,,PASS,,,no face/notes hit
cash_flow,RepurchaseOfCapitalStock,2022,absent_on_face,0.0,,PASS,,,no face/notes hit
cash_flow,SaleOfInvestment,2022,absent_on_face,0.0,,PASS,,,no face/notes hit
cash_flow,SaleOfPPE,2022,absent_on_face,0.0,,PASS,,,no face/notes hit
cash_flow,StockBasedCompensation,2022,mapped,4960913.0,2.19705e+06+571815+2.19205e+06,PASS,Share based payments,2023,label='Share based payments' sheet=4.961
income_statement,CostOfRevenue,2022,absent_on_face,0.0,,PASS,,,no face/notes hit
income_statement,DepreciationAmortizationDepletion,2022,absent_on_face,0.0,,PASS,,,no face/notes hit
income_statement,DilutedAverageShares,2022,mapped,142035568.0,1.42036e+08,PASS,Diluted 17,2022,label='Diluted 17' sheet=142.036
income_statement,InterestExpenseNonOperating,2022,absent_on_face,0.0,,PASS,,,no face/notes hit
income_statement,InterestIncomeNonOperating,2022,mapped,268024.0,268024,PASS,"Interest income 5,16",2022,"label='Interest income 5,16' sheet=0.268"
income_statement,MinorityInterests,2022,absent_on_face,0.0,,PASS,,,no face/notes hit
income_statement,NetIncome,2022,mapped,900935.0,900935,PASS,Net income and comprehensive income for the year,2022,label='Net income and comprehensive income for the year' sheet=0.901
income_statement,NetIncomeDiscontinuousOperations,2022,absent_on_face,0.0,,PASS,,,no face/notes hit
income_statement,NetNonOperatingInterestIncomeExpense,2022,absent_on_face,0.0,,PASS,,,no face/notes hit
income_statement,OperatingExpense,2022,mapped,8297310.0,8.29731e+06,PASS,Total expenses,2022,label='Total expenses' sheet=8.297
income_statement,OtherIncomeExpense,2022,mapped,103883.0,103883,PASS,Foreign exchange gain (loss),2022,label='Foreign exchange gain (loss)' sheet=0.104
income_statement,OtherOperatingExpenses,2022,absent_on_face,0.0,,NOTE_ONLY,,,alias 'office' appears only in notes
income_statement,ResearchAndDevelopment,2022,absent_on_face,0.0,,PASS,,,no face/notes hit
income_statement,SellingGeneralAndAdministration,2022,absent_on_face,0.0,,NOTE_ONLY,,,alias 'consulting fees' appears only in notes
balance_sheet,CashCashEquivalentsAndShortTermInvestments,2022,derived,2048529.0,,PASS,,,identities clean
balance_sheet,CurrentDebtAndCapitalLeaseObligation,2022,derived,667754.0,,PASS,,,identities clean
balance_sheet,Receivables,2022,derived,3770224.0,,PASS,,,identities clean
balance_sheet,TotalEquityGrossMinorityInterest,2022,derived,40765369.0,,PASS,,,identities clean
cash_flow,ChangeInWorkingCapital,2022,derived,3469734.0,,MISMATCH,,,identity failed: cash_rollforward_fail
cash_flow,FreeCashFlow,2022,derived,-3456719.0,,MISMATCH,,,identity failed: cash_rollforward_fail
cash_flow,InvestingCashFlow,2022,derived,4146688.0,,MISMATCH,,,identity failed: cash_rollforward_fail
income_statement,EBIT,2022,derived,632911.0,,PASS,,,identities clean
income_statement,EBITDA,2022,derived,632911.0,,PASS,,,identities clean
income_statement,NetIncomeContinuousOperations,2022,derived,900935.0,,PASS,,,identities clean
income_statement,PretaxIncome,2022,derived,900935.0,,PASS,,,identities clean
income_statement,TaxProvision,2022,derived,0.0,,PASS,,,identities clean
balance_sheet,AccountsPayable,2023,absent_on_face,0.0,,NOTE_ONLY,,,alias 'accounts payable' appears only in notes
balance_sheet,AccountsReceivable,2023,mapped,105222.0,105222,PASS,"Amounts receivable 4,13,14",2024,"label='Amounts receivable 4,13,14' sheet=0.105"
balance_sheet,AccumulatedDepreciation,2023,absent_on_face,0.0,,PASS,,,no face/notes hit
balance_sheet,AdditionalPaidInCapital,2023,absent_on_face,0.0,,NOTE_ONLY,,,alias 'reserves' appears only in notes
balance_sheet,BuildingsAndImprovements,2023,absent_on_face,0.0,,PASS,,,no face/notes hit
balance_sheet,CashAndCashEquivalents,2023,mapped,39083.0,39083,PASS,Cash 13,2024,label='Cash 13' sheet=0.039
balance_sheet,CommonStock,2023,None,48366682.0,,SUSPECT,,,unexpected match_kind=None
balance_sheet,ConstructionInProgress,2023,absent_on_face,0.0,,PASS,,,no face/notes hit
balance_sheet,CurrentAccruedExpenses,2023,absent_on_face,0.0,,NOTE_ONLY,,,alias 'accrued liabilities' appears only in notes
balance_sheet,CurrentCapitalLeaseObligation,2023,absent_on_face,0.0,,PASS,,,no face/notes hit
balance_sheet,CurrentDebt,2023,mapped,40000.0,40000,PASS,"Loans payable 7,13",2024,"label='Loans payable 7,13' sheet=0.040"
balance_sheet,CurrentDeferredLiabilities,2023,absent_on_face,0.0,,PASS,,,no face/notes hit
balance_sheet,CurrentDeferredRevenue,2023,absent_on_face,0.0,,NOTE_ONLY,,,alias 'deferred revenue' appears only in notes
balance_sheet,CurrentDeferredTaxesLiabilities,2023,absent_on_face,0.0,,PASS,,,no face/notes hit
balance_sheet,FinishedGoods,2023,absent_on_face,0.0,,PASS,,,no face/notes hit
balance_sheet,GainsLossesNotAffectingRetainedEarnings,2023,absent_on_face,0.0,,PASS,,,no face/notes hit
balance_sheet,Goodwill,2023,absent_on_face,0.0,,PASS,,,no face/notes hit
balance_sheet,GrossPPE,2023,absent_on_face,0.0,,PASS,,,no face/notes hit
balance_sheet,InventoriesAdjustmentsAllowances,2023,absent_on_face,0.0,,PASS,,,no face/notes hit
balance_sheet,Inventory,2023,absent_on_face,0.0,,PASS,,,no face/notes hit
balance_sheet,InvestmentsAndAdvances,2023,absent_on_face,0.0,,NOTE_ONLY,,,alias 'investments' appears only in notes
balance_sheet,LandAndImprovements,2023,absent_on_face,0.0,,PASS,,,no face/notes hit
balance_sheet,LoansReceivable,2023,mapped,638775.0,638775,PASS,"Loans receivable 5,13,14",2024,"label='Loans receivable 5,13,14' sheet=0.639"
balance_sheet,LongTermCapitalLeaseObligation,2023,absent_on_face,0.0,,PASS,,,no face/notes hit
balance_sheet,LongTermDebt,2023,absent_on_face,0.0,,PASS,,,no face/notes hit
balance_sheet,LongTermDebtAndCapitalLeaseObligation,2023,absent_on_face,0.0,,PASS,,,no face/notes hit
balance_sheet,MachineryFurnitureEquipment,2023,absent_on_face,0.0,,PASS,,,no face/notes hit
balance_sheet,MinorityInterest,2023,absent_on_face,0.0,,PASS,,,no face/notes hit
balance_sheet,NetPPE,2023,absent_on_face,0.0,,PASS,,,no face/notes hit
balance_sheet,NonCurrentDeferredLiabilities,2023,absent_on_face,0.0,,PASS,,,no face/notes hit
balance_sheet,NonCurrentDeferredRevenue,2023,absent_on_face,0.0,,PASS,,,no face/notes hit
balance_sheet,NonCurrentDeferredTaxesLiabilities,2023,absent_on_face,0.0,,PASS,,,no face/notes hit
balance_sheet,NonCurrentPensionAndOtherPostretirementBenefitPlans,2023,absent_on_face,0.0,,PASS,,,no face/notes hit
balance_sheet,NotesReceivable,2023,absent_on_face,0.0,,PASS,,,no face/notes hit
balance_sheet,OtherCurrentAssets,2023,absent_on_face,0.0,,PASS,,,no face/notes hit
balance_sheet,OtherCurrentLiabilities,2023,absent_on_face,0.0,,PASS,,,no face/notes hit
balance_sheet,OtherIntangibleAssets,2023,absent_on_face,0.0,,PASS,,,no face/notes hit
balance_sheet,OtherInventories,2023,absent_on_face,0.0,,PASS,,,no face/notes hit
balance_sheet,OtherNonCurrentAssets,2023,absent_on_face,0.0,,PASS,,,no face/notes hit
balance_sheet,OtherNonCurrentLiabilities,2023,absent_on_face,0.0,,PASS,,,no face/notes hit
balance_sheet,OtherPayable,2023,absent_on_face,0.0,,PASS,,,no face/notes hit
balance_sheet,OtherReceivables,2023,mapped,348743.0,348743,PASS,Provision on loan and interest receivable 5,2023,label='Provision on loan and interest receivable 5' sheet=0.349
balance_sheet,PayablesAndAccruedExpenses,2023,mapped,1592487.0,1.59249e+06,PASS,"Accounts payable and accrued liabilities 13,14",2024,"label='Accounts payable and accrued liabilities 13,14' sheet=1.592"
balance_sheet,PreferredStock,2023,absent_on_face,0.0,,PASS,,,no face/notes hit
balance_sheet,RawMaterials,2023,absent_on_face,0.0,,PASS,,,no face/notes hit
balance_sheet,RetainedEarnings,2023,mapped,-28621534.0,-2.86215e+07,PASS,Deficit,2024,label='Deficit' sheet=-28.622
balance_sheet,ShortTermInvestments,2023,absent_on_face,0.0,,NOTE_ONLY,,,alias 'marketable securities' appears only in notes
balance_sheet,StockholdersEquity,2023,mapped,28782235.0,2.87822e+07,PASS,Total shareholders' equity,2024,"label=""Total shareholders' equity"" sheet=28.782"
balance_sheet,TotalAssets,2023,mapped,30414722.0,3.04147e+07,PASS,Total assets,2024,label='Total assets' sheet=30.415
balance_sheet,TotalLiabilities,2023,mapped,1632487.0,1.63249e+06,PASS,Total liabilities,2024,label='Total liabilities' sheet=1.632
balance_sheet,TotalTaxPayable,2023,absent_on_face,0.0,,PASS,,,no face/notes hit
balance_sheet,TreasuryStock,2023,mapped,9037087.0,9.03709e+06,PASS,Equity reserve and treasury shares 9,2024,label='Equity reserve and treasury shares 9' sheet=9.037
balance_sheet,WorkInProcess,2023,absent_on_face,0.0,,PASS,,,no face/notes hit
cash_flow,AssetImpairmentCharge,2023,absent_on_face,0.0,,PASS,,,no face/notes hit
cash_flow,BeginningCashPosition,2023,mapped,2048529.0,2.04853e+06,PASS,"Cash, beginning of year",2024,"label='Cash, beginning of year' sheet=2.049"
cash_flow,CapitalExpenditure,2023,absent_on_face,0.0,,PASS,,,no face/notes hit
cash_flow,CashDividendsPaid,2023,absent_on_face,0.0,,PASS,,,no face/notes hit
cash_flow,CashFromDiscontinuedInvestingActivities,2023,absent_on_face,0.0,,PASS,,,no face/notes hit
cash_flow,CashFromDiscontinuedOperatingActivities,2023,absent_on_face,0.0,,PASS,,,no face/notes hit
cash_flow,ChangeInInventory,2023,absent_on_face,0.0,,PASS,,,no face/notes hit
cash_flow,ChangeInOtherWorkingCapital,2023,absent_on_face,0.0,,NOTE_ONLY,,,alias 'deferred revenue' appears only in notes
cash_flow,ChangeInPayablesAndAccruedExpense,2023,mapped,-70335.0,-70335,PASS,Accounts payable and accrued liabilities,2024,label='Accounts payable and accrued liabilities' sheet=-0.070
cash_flow,ChangeInPrepaidAssets,2023,mapped,216298.0,216298,PASS,Prepaid expenses,2024,label='Prepaid expenses' sheet=0.216
cash_flow,ChangeInReceivables,2023,mapped,1424261.0,348743+-99613+1.10608e+06+69055,PASS,"Provision on loan, interest and accounts receivable 5",2024,"label='Provision on loan, interest and accounts receivable 5' sheet=1.424"
cash_flow,ChangesInCash,2023,mapped,-2067055.0,-2.06706e+06,PASS,Change in cash for the year,2024,label='Change in cash for the year' sheet=-2.067
cash_flow,DepreciationAmortizationDepletion,2023,absent_on_face,0.0,,PASS,,,no face/notes hit
cash_flow,EffectOfExchangeRateChanges,2023,absent_on_face,0.0,,PASS,,,no face/notes hit
cash_flow,EndCashPosition,2023,mapped,39083.0,39083,PASS,"Cash, end of year",2024,"label='Cash, end of year' sheet=0.039"
cash_flow,FinancingCashFlow,2023,mapped,542500.0,542500,PASS,Net cash provided from financing activities,2024,label='Net cash provided from financing activities' sheet=0.542
cash_flow,IssuanceOfCapitalStock,2023,absent_on_face,0.0,,PASS,,,no face/notes hit
cash_flow,IssuanceOfDebt,2023,absent_on_face,0.0,,PASS,,,no face/notes hit
cash_flow,NetIncomeFromContinuingOperations,2023,mapped,-13097449.0,-1.30974e+07,PASS,Loss for the year,2024,label='Loss for the year' sheet=-13.097
cash_flow,NetIntangiblesPurchaseAndSale,2023,absent_on_face,0.0,,PASS,,,no face/notes hit
cash_flow,NetIssuancePaymentsOfDebt,2023,absent_on_face,0.0,,PASS,,,no face/notes hit
cash_flow,NetOtherFinancingCharges,2023,absent_on_face,0.0,,BUG_FACE,Share issued costs (Note 10)                                        -              (499)                 -                       -                         -                (499),,zero-filled but concept on FACE (fuzzy): 'Share issued costs (Note 10)                                        -              (499)                 -                       -                         -                (499)'
cash_flow,NetOtherInvestingChanges,2023,absent_on_face,0.0,,PASS,,,no face/notes hit
cash_flow,NetPreferredStockIssuance,2023,absent_on_face,0.0,,PASS,,,no face/notes hit
cash_flow,OtherNonCashItems,2023,absent_on_face,0.0,,PASS,,,no face/notes hit
cash_flow,PurchaseOfBusiness,2023,absent_on_face,0.0,,PASS,,,no face/notes hit
cash_flow,PurchaseOfInvestment,2023,mapped,-750000.0,-750000,PASS,"Purchase of investments 3,14",2024,"label='Purchase of investments 3,14' sheet=-0.750"
cash_flow,PurchaseOfPPE,2023,absent_on_face,0.0,,PASS,,,no face/notes hit
cash_flow,RepaymentOfDebt,2023,absent_on_face,0.0,,PASS,,,no face/notes hit
cash_flow,RepurchaseOfCapitalStock,2023,absent_on_face,0.0,,PASS,,,no face/notes hit
cash_flow,SaleOfInvestment,2023,absent_on_face,0.0,,PASS,,,no face/notes hit
cash_flow,SaleOfPPE,2023,absent_on_face,0.0,,PASS,,,no face/notes hit
cash_flow,StockBasedCompensation,2023,mapped,571815.0,571815,PASS,Share based payments 9,2024,label='Share based payments 9' sheet=0.572
income_statement,CostOfRevenue,2023,absent_on_face,0.0,,PASS,,,no face/notes hit
income_statement,DepreciationAmortizationDepletion,2023,absent_on_face,0.0,,PASS,,,no face/notes hit
income_statement,DilutedAverageShares,2023,mapped,141560433.0,1.4156e+08,PASS,Diluted,2024,label='Diluted' sheet=141.560
income_statement,InterestExpenseNonOperating,2023,absent_on_face,0.0,,PASS,,,no face/notes hit
income_statement,InterestIncomeNonOperating,2023,mapped,97972.0,97972,PASS,"Interest income 5,14",2024,"label='Interest income 5,14' sheet=0.098"
income_statement,MinorityInterests,2023,absent_on_face,0.0,,PASS,,,no face/notes hit
income_statement,NetIncome,2023,mapped,-13097449.0,-1.30974e+07,PASS,Net loss and comprehensive loss for the year,2024,label='Net loss and comprehensive loss for the year' sheet=-13.097
income_statement,NetIncomeDiscontinuousOperations,2023,absent_on_face,0.0,,PASS,,,no face/notes hit
income_statement,NetNonOperatingInterestIncomeExpense,2023,absent_on_face,0.0,,PASS,,,no face/notes hit
income_statement,OperatingExpense,2023,mapped,4396331.0,4.39633e+06,PASS,Total expenses,2024,label='Total expenses' sheet=4.396
income_statement,OtherIncomeExpense,2023,mapped,13935.0,13935,PASS,Foreign exchange (gain) loss,2024,label='Foreign exchange (gain) loss' sheet=0.014
income_statement,OtherOperatingExpenses,2023,absent_on_face,0.0,,NOTE_ONLY,,,alias 'office' appears only in notes
income_statement,ResearchAndDevelopment,2023,absent_on_face,0.0,,PASS,,,no face/notes hit
income_statement,SellingGeneralAndAdministration,2023,absent_on_face,0.0,,NOTE_ONLY,,,alias 'consulting fees' appears only in notes
balance_sheet,CashCashEquivalentsAndShortTermInvestments,2023,derived,39083.0,,PASS,,,identities clean
balance_sheet,CurrentDebtAndCapitalLeaseObligation,2023,derived,40000.0,,PASS,,,identities clean
balance_sheet,Receivables,2023,derived,1092740.0,,PASS,,,identities clean
balance_sheet,TotalEquityGrossMinorityInterest,2023,derived,28782235.0,,PASS,,,identities clean
cash_flow,ChangeInWorkingCapital,2023,derived,1570224.0,,MISMATCH,,,identity failed: cash_rollforward_fail
cash_flow,FreeCashFlow,2023,derived,-2609555.0,,MISMATCH,,,identity failed: cash_rollforward_fail
cash_flow,InvestingCashFlow,2023,derived,0.0,,MISMATCH,,,identity failed: cash_rollforward_fail
income_statement,EBIT,2023,derived,-13195421.0,,PASS,,,identities clean
income_statement,EBITDA,2023,derived,-13195421.0,,PASS,,,identities clean
income_statement,NetIncomeContinuousOperations,2023,derived,-13097449.0,,PASS,,,identities clean
income_statement,PretaxIncome,2023,derived,-13097449.0,,PASS,,,identities clean
income_statement,TaxProvision,2023,derived,0.0,,PASS,,,identities clean
balance_sheet,AccountsPayable,2024,absent_on_face,0.0,,NOTE_ONLY,,,alias 'accounts payable' appears only in notes
balance_sheet,AccountsReceivable,2024,mapped,113049.0,113049,PASS,"Amounts receivable 4,12,13",2025,"label='Amounts receivable 4,12,13' sheet=0.113"
balance_sheet,AccumulatedDepreciation,2024,absent_on_face,0.0,,PASS,,,no face/notes hit
balance_sheet,AdditionalPaidInCapital,2024,absent_on_face,0.0,,NOTE_ONLY,,,alias 'reserves' appears only in notes
balance_sheet,BuildingsAndImprovements,2024,absent_on_face,0.0,,PASS,,,no face/notes hit
balance_sheet,CashAndCashEquivalents,2024,mapped,67487.0,67487,PASS,Cash 12,2025,label='Cash 12' sheet=0.067
balance_sheet,CommonStock,2024,None,48366682.0,,SUSPECT,,,unexpected match_kind=None
balance_sheet,ConstructionInProgress,2024,absent_on_face,0.0,,PASS,,,no face/notes hit
balance_sheet,CurrentAccruedExpenses,2024,absent_on_face,0.0,,NOTE_ONLY,,,alias 'accrued liabilities' appears only in notes
balance_sheet,CurrentCapitalLeaseObligation,2024,absent_on_face,0.0,,PASS,,,no face/notes hit
balance_sheet,CurrentDebt,2024,mapped,40066.0,40066,PASS,"Loans payable 6,12",2025,"label='Loans payable 6,12' sheet=0.040"
balance_sheet,CurrentDeferredLiabilities,2024,absent_on_face,0.0,,PASS,,,no face/notes hit
balance_sheet,CurrentDeferredRevenue,2024,absent_on_face,0.0,,NOTE_ONLY,,,alias 'deferred revenue' appears only in notes
balance_sheet,CurrentDeferredTaxesLiabilities,2024,absent_on_face,0.0,,PASS,,,no face/notes hit
balance_sheet,FinishedGoods,2024,absent_on_face,0.0,,PASS,,,no face/notes hit
balance_sheet,GainsLossesNotAffectingRetainedEarnings,2024,absent_on_face,0.0,,PASS,,,no face/notes hit
balance_sheet,Goodwill,2024,absent_on_face,0.0,,PASS,,,no face/notes hit
balance_sheet,GrossPPE,2024,absent_on_face,0.0,,PASS,,,no face/notes hit
balance_sheet,InventoriesAdjustmentsAllowances,2024,absent_on_face,0.0,,PASS,,,no face/notes hit
balance_sheet,Inventory,2024,absent_on_face,0.0,,PASS,,,no face/notes hit
balance_sheet,InvestmentsAndAdvances,2024,absent_on_face,0.0,,NOTE_ONLY,,,alias 'investments' appears only in notes
balance_sheet,LandAndImprovements,2024,absent_on_face,0.0,,PASS,,,no face/notes hit
balance_sheet,LoansReceivable,2024,mapped,496464.0,496464,PASS,"Loans receivable 5,13,14",2024,"label='Loans receivable 5,13,14' sheet=0.496"
balance_sheet,LongTermCapitalLeaseObligation,2024,absent_on_face,0.0,,PASS,,,no face/notes hit
balance_sheet,LongTermDebt,2024,absent_on_face,0.0,,PASS,,,no face/notes hit
balance_sheet,LongTermDebtAndCapitalLeaseObligation,2024,absent_on_face,0.0,,PASS,,,no face/notes hit
balance_sheet,MachineryFurnitureEquipment,2024,absent_on_face,0.0,,PASS,,,no face/notes hit
balance_sheet,MinorityInterest,2024,absent_on_face,0.0,,PASS,,,no face/notes hit
balance_sheet,NetPPE,2024,absent_on_face,0.0,,PASS,,,no face/notes hit
balance_sheet,NonCurrentDeferredLiabilities,2024,absent_on_face,0.0,,PASS,,,no face/notes hit
balance_sheet,NonCurrentDeferredRevenue,2024,absent_on_face,0.0,,PASS,,,no face/notes hit
balance_sheet,NonCurrentDeferredTaxesLiabilities,2024,absent_on_face,0.0,,PASS,,,no face/notes hit
balance_sheet,NonCurrentPensionAndOtherPostretirementBenefitPlans,2024,absent_on_face,0.0,,PASS,,,no face/notes hit
balance_sheet,NotesReceivable,2024,absent_on_face,0.0,,PASS,,,no face/notes hit
balance_sheet,OtherCurrentAssets,2024,absent_on_face,0.0,,PASS,,,no face/notes hit
balance_sheet,OtherCurrentLiabilities,2024,absent_on_face,0.0,,PASS,,,no face/notes hit
balance_sheet,OtherIntangibleAssets,2024,absent_on_face,0.0,,PASS,,,no face/notes hit
balance_sheet,OtherInventories,2024,absent_on_face,0.0,,PASS,,,no face/notes hit
balance_sheet,OtherNonCurrentAssets,2024,absent_on_face,0.0,,PASS,,,no face/notes hit
balance_sheet,OtherNonCurrentLiabilities,2024,absent_on_face,0.0,,PASS,,,no face/notes hit
balance_sheet,OtherPayable,2024,absent_on_face,0.0,,PASS,,,no face/notes hit
balance_sheet,OtherReceivables,2024,absent_on_face,0.0,,NOTE_ONLY,,,alias 'interest receivable' appears only in notes
balance_sheet,PayablesAndAccruedExpenses,2024,mapped,2777616.0,2.77762e+06,PASS,"Accounts payable and accrued liabilities 12,13",2025,"label='Accounts payable and accrued liabilities 12,13' sheet=2.778"
balance_sheet,PreferredStock,2024,absent_on_face,0.0,,PASS,,,no face/notes hit
balance_sheet,RawMaterials,2024,absent_on_face,0.0,,PASS,,,no face/notes hit
balance_sheet,RetainedEarnings,2024,mapped,-46419415.0,-4.64194e+07,PASS,Deficit,2025,label='Deficit' sheet=-46.419
balance_sheet,ShortTermInvestments,2024,absent_on_face,0.0,,PASS,,,no face/notes hit
balance_sheet,StockholdersEquity,2024,mapped,10988920.0,1.09889e+07,PASS,Total shareholders' equity,2025,"label=""Total shareholders' equity"" sheet=10.989"
balance_sheet,TotalAssets,2024,mapped,13806602.0,1.38066e+07,PASS,Total assets,2025,label='Total assets' sheet=13.807
balance_sheet,TotalLiabilities,2024,mapped,2817682.0,2.81768e+06,PASS,Total liabilities,2025,label='Total liabilities' sheet=2.818
balance_sheet,TotalTaxPayable,2024,absent_on_face,0.0,,PASS,,,no face/notes hit
balance_sheet,TreasuryStock,2024,mapped,9041653.0,9.04165e+06,PASS,Equity reserve and treasury shares 8,2025,label='Equity reserve and treasury shares 8' sheet=9.042
balance_sheet,WorkInProcess,2024,absent_on_face,0.0,,PASS,,,no face/notes hit
cash_flow,AssetImpairmentCharge,2024,absent_on_face,0.0,,PASS,,,no face/notes hit
cash_flow,BeginningCashPosition,2024,mapped,39083.0,39083,PASS,"Cash, beginning of year",2025,"label='Cash, beginning of year' sheet=0.039"
cash_flow,CapitalExpenditure,2024,absent_on_face,0.0,,PASS,,,no face/notes hit
cash_flow,CashDividendsPaid,2024,absent_on_face,0.0,,PASS,,,no face/notes hit
cash_flow,CashFromDiscontinuedInvestingActivities,2024,absent_on_face,0.0,,PASS,,,no face/notes hit
cash_flow,CashFromDiscontinuedOperatingActivities,2024,absent_on_face,0.0,,PASS,,,no face/notes hit
cash_flow,ChangeInInventory,2024,absent_on_face,0.0,,PASS,,,no face/notes hit
cash_flow,ChangeInOtherWorkingCapital,2024,absent_on_face,0.0,,NOTE_ONLY,,,alias 'deferred revenue' appears only in notes
cash_flow,ChangeInPayablesAndAccruedExpense,2024,mapped,1185129.0,1.18513e+06,PASS,Accounts payable and accrued liabilities,2025,label='Accounts payable and accrued liabilities' sheet=1.185
cash_flow,ChangeInPrepaidAssets,2024,mapped,16245.0,16245,PASS,Prepaid expenses,2025,label='Prepaid expenses' sheet=0.016
cash_flow,ChangeInReceivables,2024,mapped,684335.0,769592+-85257,PASS,"Provision on loan, interest and accounts receivable 5",2025,"label='Provision on loan, interest and accounts receivable 5' sheet=0.684"
cash_flow,ChangesInCash,2024,mapped,28404.0,28404,PASS,Change in cash for the year,2025,label='Change in cash for the year' sheet=0.028
cash_flow,DepreciationAmortizationDepletion,2024,absent_on_face,0.0,,PASS,,,no face/notes hit
cash_flow,EffectOfExchangeRateChanges,2024,absent_on_face,0.0,,PASS,,,no face/notes hit
cash_flow,EndCashPosition,2024,mapped,67487.0,67487,PASS,"Cash, end of year",2025,"label='Cash, end of year' sheet=0.067"
cash_flow,IssuanceOfCapitalStock,2024,absent_on_face,0.0,,PASS,,,no face/notes hit
cash_flow,IssuanceOfDebt,2024,absent_on_face,0.0,,PASS,,,no face/notes hit
cash_flow,NetIncomeFromContinuingOperations,2024,mapped,-17797881.0,-1.77979e+07,PASS,(Loss) for the year,2025,label='(Loss) for the year' sheet=-17.798
cash_flow,NetIntangiblesPurchaseAndSale,2024,absent_on_face,0.0,,PASS,,,no face/notes hit
cash_flow,NetIssuancePaymentsOfDebt,2024,absent_on_face,0.0,,PASS,,,no face/notes hit
cash_flow,NetOtherFinancingCharges,2024,absent_on_face,0.0,,NOTE_ONLY,,,alias 'share issue costs' appears only in notes
cash_flow,NetOtherInvestingChanges,2024,absent_on_face,0.0,,PASS,,,no face/notes hit
cash_flow,NetPreferredStockIssuance,2024,absent_on_face,0.0,,PASS,,,no face/notes hit
cash_flow,OtherNonCashItems,2024,absent_on_face,0.0,,PASS,,,no face/notes hit
cash_flow,PurchaseOfBusiness,2024,absent_on_face,0.0,,PASS,,,no face/notes hit
cash_flow,PurchaseOfInvestment,2024,absent_on_face,0.0,,BUG_FACE,"Purchase of investments                                      3,14                             -                (750,000)",,"zero-filled but concept on FACE (fuzzy): 'Purchase of investments                                      3,14                             -                (750,000)'"
cash_flow,PurchaseOfPPE,2024,absent_on_face,0.0,,PASS,,,no face/notes hit
cash_flow,RepaymentOfDebt,2024,absent_on_face,0.0,,PASS,,,no face/notes hit
cash_flow,RepurchaseOfCapitalStock,2024,absent_on_face,0.0,,PASS,,,no face/notes hit
cash_flow,SaleOfInvestment,2024,absent_on_face,0.0,,PASS,,,no face/notes hit
cash_flow,SaleOfPPE,2024,absent_on_face,0.0,,PASS,,,no face/notes hit
cash_flow,StockBasedCompensation,2024,mapped,4566.0,4566,PASS,Share based payments 8,2025,label='Share based payments 8' sheet=0.005
income_statement,CostOfRevenue,2024,absent_on_face,0.0,,PASS,,,no face/notes hit
income_statement,DepreciationAmortizationDepletion,2024,absent_on_face,0.0,,PASS,,,no face/notes hit
income_statement,DilutedAverageShares,2024,mapped,144877282.0,1.44877e+08,PASS,Diluted,2025,label='Diluted' sheet=144.877
income_statement,InterestExpenseNonOperating,2024,absent_on_face,0.0,,PASS,,,no face/notes hit
income_statement,InterestIncomeNonOperating,2024,mapped,57789.0,57789,PASS,Interest income 5,2025,label='Interest income 5' sheet=0.058
income_statement,MinorityInterests,2024,absent_on_face,0.0,,PASS,,,no face/notes hit
income_statement,NetIncome,2024,mapped,-17797881.0,-1.77979e+07,PASS,Net loss and comprehensive loss for the year,2025,label='Net loss and comprehensive loss for the year' sheet=-17.798
income_statement,NetIncomeDiscontinuousOperations,2024,absent_on_face,0.0,,PASS,,,no face/notes hit
income_statement,NetNonOperatingInterestIncomeExpense,2024,absent_on_face,0.0,,PASS,,,no face/notes hit
income_statement,OperatingExpense,2024,mapped,2622683.0,2.62268e+06,PASS,Total expenses,2025,label='Total expenses' sheet=2.623
income_statement,OperatingIncome,2024,mapped,-17797007.0,-1.7797e+07,PASS,Loss before other items,2025,label='Loss before other items' sheet=-17.797
income_statement,OtherIncomeExpense,2024,mapped,-874.0,-874,PASS,Foreign exchange gain (loss),2025,label='Foreign exchange gain (loss)' sheet=-0.001
income_statement,OtherOperatingExpenses,2024,absent_on_face,0.0,,NOTE_ONLY,,,alias 'office' appears only in notes
income_statement,ResearchAndDevelopment,2024,absent_on_face,0.0,,PASS,,,no face/notes hit
income_statement,SellingGeneralAndAdministration,2024,absent_on_face,0.0,,NOTE_ONLY,,,alias 'consulting fees' appears only in notes
balance_sheet,CashCashEquivalentsAndShortTermInvestments,2024,derived,67487.0,,PASS,,,identities clean
balance_sheet,CurrentDebtAndCapitalLeaseObligation,2024,derived,40066.0,,PASS,,,identities clean
balance_sheet,Receivables,2024,derived,609513.0,,PASS,,,identities clean
balance_sheet,TotalEquityGrossMinorityInterest,2024,derived,10988920.0,,PASS,,,identities clean
cash_flow,ChangeInWorkingCapital,2024,derived,1885709.0,,PASS,,,identities clean
cash_flow,FreeCashFlow,2024,derived,28404.0,,PASS,,,identities clean
income_statement,EBIT,2024,derived,-17855670.0,,PASS,,,identities clean
income_statement,EBITDA,2024,derived,-17855670.0,,PASS,,,identities clean
income_statement,NetIncomeContinuousOperations,2024,derived,-17797881.0,,PASS,,,identities clean
income_statement,PretaxIncome,2024,derived,-17797881.0,,PASS,,,identities clean
income_statement,TaxProvision,2024,derived,0.0,,PASS,,,identities clean
balance_sheet,AccountsPayable,2025,absent_on_face,0.0,,NOTE_ONLY,,,alias 'accounts payable' appears only in notes
balance_sheet,AccountsReceivable,2025,mapped,135556.0,135556,PASS,"Amounts receivable 4,12,13",2026,"label='Amounts receivable 4,12,13' sheet=0.136"
balance_sheet,AccumulatedDepreciation,2025,absent_on_face,0.0,,PASS,,,no face/notes hit
balance_sheet,AdditionalPaidInCapital,2025,absent_on_face,0.0,,PASS,,,no face/notes hit
balance_sheet,BuildingsAndImprovements,2025,absent_on_face,0.0,,PASS,,,no face/notes hit
balance_sheet,CashAndCashEquivalents,2025,mapped,127180.0,127180,PASS,Cash 12,2026,label='Cash 12' sheet=0.127
balance_sheet,CommonStock,2025,None,49231454.0,,SUSPECT,,,unexpected match_kind=None
balance_sheet,ConstructionInProgress,2025,absent_on_face,0.0,,PASS,,,no face/notes hit
balance_sheet,CurrentAccruedExpenses,2025,absent_on_face,0.0,,NOTE_ONLY,,,alias 'accrued liabilities' appears only in notes
balance_sheet,CurrentCapitalLeaseObligation,2025,absent_on_face,0.0,,PASS,,,no face/notes hit
balance_sheet,CurrentDebt,2025,mapped,42190.0,42190,PASS,"Loans payable 6,12",2026,"label='Loans payable 6,12' sheet=0.042"
balance_sheet,CurrentDeferredLiabilities,2025,absent_on_face,0.0,,PASS,,,no face/notes hit
balance_sheet,CurrentDeferredRevenue,2025,absent_on_face,0.0,,NOTE_ONLY,,,alias 'deferred revenue' appears only in notes
balance_sheet,CurrentDeferredTaxesLiabilities,2025,absent_on_face,0.0,,PASS,,,no face/notes hit
balance_sheet,FinishedGoods,2025,absent_on_face,0.0,,PASS,,,no face/notes hit
balance_sheet,GainsLossesNotAffectingRetainedEarnings,2025,absent_on_face,0.0,,PASS,,,no face/notes hit
balance_sheet,Goodwill,2025,absent_on_face,0.0,,PASS,,,no face/notes hit
balance_sheet,GrossPPE,2025,absent_on_face,0.0,,PASS,,,no face/notes hit
balance_sheet,InventoriesAdjustmentsAllowances,2025,absent_on_face,0.0,,PASS,,,no face/notes hit
balance_sheet,Inventory,2025,absent_on_face,0.0,,PASS,,,no face/notes hit
balance_sheet,InvestmentsAndAdvances,2025,absent_on_face,0.0,,NOTE_ONLY,,,alias 'investments' appears only in notes
balance_sheet,LandAndImprovements,2025,absent_on_face,0.0,,PASS,,,no face/notes hit
balance_sheet,LoansReceivable,2025,absent_on_face,0.0,,NOTE_ONLY,,,alias 'loans receivable' appears only in notes
balance_sheet,LongTermCapitalLeaseObligation,2025,absent_on_face,0.0,,PASS,,,no face/notes hit
balance_sheet,LongTermDebt,2025,absent_on_face,0.0,,PASS,,,no face/notes hit
balance_sheet,LongTermDebtAndCapitalLeaseObligation,2025,absent_on_face,0.0,,PASS,,,no face/notes hit
balance_sheet,MachineryFurnitureEquipment,2025,absent_on_face,0.0,,NOTE_ONLY,,,alias 'equipment' appears only in notes
balance_sheet,MinorityInterest,2025,absent_on_face,0.0,,PASS,,,no face/notes hit
balance_sheet,NetPPE,2025,absent_on_face,0.0,,PASS,,,no face/notes hit
balance_sheet,NonCurrentDeferredLiabilities,2025,absent_on_face,0.0,,PASS,,,no face/notes hit
balance_sheet,NonCurrentDeferredRevenue,2025,absent_on_face,0.0,,PASS,,,no face/notes hit
balance_sheet,NonCurrentDeferredTaxesLiabilities,2025,absent_on_face,0.0,,PASS,,,no face/notes hit
balance_sheet,NonCurrentPensionAndOtherPostretirementBenefitPlans,2025,absent_on_face,0.0,,PASS,,,no face/notes hit
balance_sheet,NotesReceivable,2025,absent_on_face,0.0,,PASS,,,no face/notes hit
balance_sheet,OtherCurrentAssets,2025,absent_on_face,0.0,,PASS,,,no face/notes hit
balance_sheet,OtherCurrentLiabilities,2025,absent_on_face,0.0,,PASS,,,no face/notes hit
balance_sheet,OtherIntangibleAssets,2025,absent_on_face,0.0,,PASS,,,no face/notes hit
balance_sheet,OtherInventories,2025,absent_on_face,0.0,,PASS,,,no face/notes hit
balance_sheet,OtherNonCurrentAssets,2025,absent_on_face,0.0,,PASS,,,no face/notes hit
balance_sheet,OtherNonCurrentLiabilities,2025,absent_on_face,0.0,,PASS,,,no face/notes hit
balance_sheet,OtherPayable,2025,absent_on_face,0.0,,PASS,,,no face/notes hit
balance_sheet,OtherReceivables,2025,absent_on_face,0.0,,NOTE_ONLY,,,alias 'interest receivable' appears only in notes
balance_sheet,PayablesAndAccruedExpenses,2025,mapped,2687530.0,2.68753e+06,PASS,"Accounts payable and accrued liabilities 12,13",2026,"label='Accounts payable and accrued liabilities 12,13' sheet=2.688"
balance_sheet,PreferredStock,2025,absent_on_face,0.0,,PASS,,,no face/notes hit
balance_sheet,RawMaterials,2025,absent_on_face,0.0,,PASS,,,no face/notes hit
balance_sheet,RetainedEarnings,2025,mapped,-55247505.0,-5.52475e+07,PASS,Deficit,2026,label='Deficit' sheet=-55.248
balance_sheet,ShortTermInvestments,2025,absent_on_face,0.0,,PASS,,,no face/notes hit
balance_sheet,StockholdersEquity,2025,mapped,2836612.0,2.83661e+06,PASS,Total shareholders' equity,2026,"label=""Total shareholders' equity"" sheet=2.837"
balance_sheet,TotalAssets,2025,mapped,5566332.0,5.56633e+06,PASS,Total assets,2026,label='Total assets' sheet=5.566
balance_sheet,TotalLiabilities,2025,mapped,2729720.0,2.72972e+06,PASS,Total liabilities,2026,label='Total liabilities' sheet=2.730
balance_sheet,TotalTaxPayable,2025,absent_on_face,0.0,,PASS,,,no face/notes hit
balance_sheet,TreasuryStock,2025,mapped,8852663.0,8.85266e+06,PASS,Equity reserve and treasury shares 8,2026,label='Equity reserve and treasury shares 8' sheet=8.853
balance_sheet,WorkInProcess,2025,absent_on_face,0.0,,PASS,,,no face/notes hit
cash_flow,AssetImpairmentCharge,2025,absent_on_face,0.0,,PASS,,,no face/notes hit
cash_flow,BeginningCashPosition,2025,mapped,67487.0,67487,PASS,"Cash, beginning of period",2026,"label='Cash, beginning of period' sheet=0.067"
cash_flow,CapitalExpenditure,2025,absent_on_face,0.0,,PASS,,,no face/notes hit
cash_flow,CashDividendsPaid,2025,absent_on_face,0.0,,PASS,,,no face/notes hit
cash_flow,CashFromDiscontinuedInvestingActivities,2025,absent_on_face,0.0,,PASS,,,no face/notes hit
cash_flow,CashFromDiscontinuedOperatingActivities,2025,absent_on_face,0.0,,PASS,,,no face/notes hit
cash_flow,ChangeInInventory,2025,absent_on_face,0.0,,PASS,,,no face/notes hit
cash_flow,ChangeInOtherWorkingCapital,2025,absent_on_face,0.0,,NOTE_ONLY,,,alias 'deferred revenue' appears only in notes
cash_flow,ChangeInPayablesAndAccruedExpense,2025,mapped,692914.0,692914,PASS,Accounts payable and accrued liabilities,2026,label='Accounts payable and accrued liabilities' sheet=0.693
cash_flow,ChangeInPrepaidAssets,2025,mapped,720.0,720,PASS,Prepaid expenses,2026,label='Prepaid expenses' sheet=0.001
cash_flow,ChangeInReceivables,2025,mapped,220740.0,94595+863+125282,PASS,"Provision on loan, interest and accounts receivable 5",2026,"label='Provision on loan, interest and accounts receivable 5' sheet=0.221"
cash_flow,ChangesInCash,2025,mapped,59693.0,59693,PASS,Change in cash for the period,2026,label='Change in cash for the period' sheet=0.060
cash_flow,DepreciationAmortizationDepletion,2025,absent_on_face,0.0,,PASS,,,no face/notes hit
cash_flow,EffectOfExchangeRateChanges,2025,absent_on_face,0.0,,PASS,,,no face/notes hit
cash_flow,EndCashPosition,2025,mapped,127180.0,127180,PASS,"Cash, end of period",2026,"label='Cash, end of period' sheet=0.127"
cash_flow,FinancingCashFlow,2025,mapped,-8228.0,-8228,PASS,Net cash provided used in financing activities,2025,label='Net cash provided used in financing activities' sheet=-0.008
cash_flow,IssuanceOfCapitalStock,2025,absent_on_face,0.0,,PASS,,,no face/notes hit
cash_flow,IssuanceOfDebt,2025,absent_on_face,0.0,,PASS,,,no face/notes hit
cash_flow,NetIncomeFromContinuingOperations,2025,mapped,-8898928.0,-8.89893e+06,PASS,(Loss) for the year,2026,label='(Loss) for the year' sheet=-8.899
cash_flow,NetIntangiblesPurchaseAndSale,2025,absent_on_face,0.0,,PASS,,,no face/notes hit
cash_flow,NetIssuancePaymentsOfDebt,2025,absent_on_face,0.0,,PASS,,,no face/notes hit
cash_flow,NetOtherFinancingCharges,2025,absent_on_face,0.0,,NOTE_ONLY,,,alias 'share issue costs' appears only in notes
cash_flow,NetOtherInvestingChanges,2025,absent_on_face,0.0,,PASS,,,no face/notes hit
cash_flow,NetPreferredStockIssuance,2025,absent_on_face,0.0,,PASS,,,no face/notes hit
cash_flow,OtherNonCashItems,2025,absent_on_face,0.0,,PASS,,,no face/notes hit
cash_flow,PurchaseOfBusiness,2025,absent_on_face,0.0,,PASS,,,no face/notes hit
cash_flow,PurchaseOfInvestment,2025,mapped,-4527075.0,-4.52708e+06,PASS,"Purchase of investments 3,12",2026,"label='Purchase of investments 3,12' sheet=-4.527"
cash_flow,PurchaseOfPPE,2025,absent_on_face,0.0,,PASS,,,no face/notes hit
cash_flow,RepaymentOfDebt,2025,absent_on_face,0.0,,PASS,,,no face/notes hit
cash_flow,RepurchaseOfCapitalStock,2025,absent_on_face,0.0,,PASS,,,no face/notes hit
cash_flow,SaleOfInvestment,2025,absent_on_face,0.0,,PASS,,,no face/notes hit
cash_flow,SaleOfPPE,2025,absent_on_face,0.0,,PASS,,,no face/notes hit
cash_flow,StockBasedCompensation,2025,mapped,76848.0,76848,PASS,Share based payments 8,2026,label='Share based payments 8' sheet=0.077
income_statement,CostOfRevenue,2025,absent_on_face,0.0,,PASS,,,no face/notes hit
income_statement,DepreciationAmortizationDepletion,2025,absent_on_face,0.0,,PASS,,,no face/notes hit
income_statement,DilutedAverageShares,2025,mapped,147343593.0,1.47344e+08,PASS,Diluted,2026,label='Diluted' sheet=147.344
income_statement,InterestExpenseNonOperating,2025,absent_on_face,0.0,,PASS,,,no face/notes hit
income_statement,InterestIncomeNonOperating,2025,mapped,51932.0,51932,PASS,Interest income 5,2026,label='Interest income 5' sheet=0.052
income_statement,MinorityInterests,2025,absent_on_face,0.0,,PASS,,,no face/notes hit
income_statement,NetIncome,2025,mapped,-8898928.0,-8.89893e+06,PASS,Net loss and comprehensive loss for the year,2026,label='Net loss and comprehensive loss for the year' sheet=-8.899
income_statement,NetIncomeDiscontinuousOperations,2025,absent_on_face,0.0,,PASS,,,no face/notes hit
income_statement,NetNonOperatingInterestIncomeExpense,2025,absent_on_face,0.0,,PASS,,,no face/notes hit
income_statement,OperatingExpense,2025,mapped,1995425.0,1.99542e+06,PASS,Total expenses,2026,label='Total expenses' sheet=1.995
income_statement,OperatingIncome,2025,mapped,-9712726.0,-9.71273e+06,PASS,Loss before other items,2026,label='Loss before other items' sheet=-9.713
income_statement,OtherIncomeExpense,2025,mapped,813798.0,813798,PASS,Foreign exchange gain (loss),2026,label='Foreign exchange gain (loss)' sheet=0.814
income_statement,OtherOperatingExpenses,2025,absent_on_face,0.0,,NOTE_ONLY,,,alias 'office' appears only in notes
income_statement,ResearchAndDevelopment,2025,absent_on_face,0.0,,PASS,,,no face/notes hit
income_statement,SellingGeneralAndAdministration,2025,absent_on_face,0.0,,NOTE_ONLY,,,alias 'consulting fees' appears only in notes
balance_sheet,CashCashEquivalentsAndShortTermInvestments,2025,derived,127180.0,,PASS,,,identities clean
balance_sheet,CurrentDebtAndCapitalLeaseObligation,2025,derived,42190.0,,PASS,,,identities clean
balance_sheet,Receivables,2025,derived,135556.0,,PASS,,,identities clean
balance_sheet,TotalEquityGrossMinorityInterest,2025,derived,2836612.0,,PASS,,,identities clean
cash_flow,ChangeInWorkingCapital,2025,derived,914374.0,,PASS,,,identities clean
cash_flow,FreeCashFlow,2025,derived,67921.0,,PASS,,,identities clean
cash_flow,InvestingCashFlow,2025,derived,0.0,,PASS,,,identities clean
income_statement,EBIT,2025,derived,-8950860.0,,PASS,,,identities clean
income_statement,EBITDA,2025,derived,-8950860.0,,PASS,,,identities clean
income_statement,NetIncomeContinuousOperations,2025,derived,-8898928.0,,PASS,,,identities clean
income_statement,PretaxIncome,2025,derived,-8898928.0,,PASS,,,identities clean
income_statement,TaxProvision,2025,derived,0.0,,PASS,,,identities clean
balance_sheet,AccountsPayable,2026,absent_on_face,0.0,,NOTE_ONLY,,,alias 'accounts payable' appears only in notes
balance_sheet,AccountsReceivable,2026,mapped,151084.0,151084,PASS,"Amounts receivable 4,12,13",2026,"label='Amounts receivable 4,12,13' sheet=0.151"
balance_sheet,AccumulatedDepreciation,2026,absent_on_face,0.0,,PASS,,,no face/notes hit
balance_sheet,AdditionalPaidInCapital,2026,absent_on_face,0.0,,PASS,,,no face/notes hit
balance_sheet,BuildingsAndImprovements,2026,absent_on_face,0.0,,PASS,,,no face/notes hit
balance_sheet,CashAndCashEquivalents,2026,mapped,9316.0,9316,PASS,Cash 12,2026,label='Cash 12' sheet=0.009
balance_sheet,CommonStock,2026,None,49521078.0,,SUSPECT,,,unexpected match_kind=None
balance_sheet,ConstructionInProgress,2026,absent_on_face,0.0,,PASS,,,no face/notes hit
balance_sheet,CurrentAccruedExpenses,2026,absent_on_face,0.0,,NOTE_ONLY,,,alias 'accrued liabilities' appears only in notes
balance_sheet,CurrentCapitalLeaseObligation,2026,absent_on_face,0.0,,PASS,,,no face/notes hit
balance_sheet,CurrentDebt,2026,mapped,44339.0,44339,PASS,"Loans payable 6,12",2026,"label='Loans payable 6,12' sheet=0.044"
balance_sheet,CurrentDeferredLiabilities,2026,absent_on_face,0.0,,PASS,,,no face/notes hit
balance_sheet,CurrentDeferredRevenue,2026,absent_on_face,0.0,,NOTE_ONLY,,,alias 'deferred revenue' appears only in notes
balance_sheet,CurrentDeferredTaxesLiabilities,2026,absent_on_face,0.0,,PASS,,,no face/notes hit
balance_sheet,FinishedGoods,2026,absent_on_face,0.0,,PASS,,,no face/notes hit
balance_sheet,GainsLossesNotAffectingRetainedEarnings,2026,absent_on_face,0.0,,PASS,,,no face/notes hit
balance_sheet,Goodwill,2026,absent_on_face,0.0,,PASS,,,no face/notes hit
balance_sheet,GrossPPE,2026,absent_on_face,0.0,,PASS,,,no face/notes hit
balance_sheet,InventoriesAdjustmentsAllowances,2026,absent_on_face,0.0,,PASS,,,no face/notes hit
balance_sheet,Inventory,2026,absent_on_face,0.0,,PASS,,,no face/notes hit
balance_sheet,InvestmentsAndAdvances,2026,absent_on_face,0.0,,NOTE_ONLY,,,alias 'investments' appears only in notes
balance_sheet,LandAndImprovements,2026,absent_on_face,0.0,,PASS,,,no face/notes hit
balance_sheet,LoansReceivable,2026,absent_on_face,0.0,,NOTE_ONLY,,,alias 'loans receivable' appears only in notes
balance_sheet,LongTermCapitalLeaseObligation,2026,absent_on_face,0.0,,PASS,,,no face/notes hit
balance_sheet,LongTermDebt,2026,absent_on_face,0.0,,PASS,,,no face/notes hit
balance_sheet,LongTermDebtAndCapitalLeaseObligation,2026,absent_on_face,0.0,,PASS,,,no face/notes hit
balance_sheet,MachineryFurnitureEquipment,2026,absent_on_face,0.0,,NOTE_ONLY,,,alias 'equipment' appears only in notes
balance_sheet,MinorityInterest,2026,absent_on_face,0.0,,PASS,,,no face/notes hit
balance_sheet,NetPPE,2026,absent_on_face,0.0,,PASS,,,no face/notes hit
balance_sheet,NonCurrentDeferredLiabilities,2026,absent_on_face,0.0,,PASS,,,no face/notes hit
balance_sheet,NonCurrentDeferredRevenue,2026,absent_on_face,0.0,,PASS,,,no face/notes hit
balance_sheet,NonCurrentDeferredTaxesLiabilities,2026,absent_on_face,0.0,,PASS,,,no face/notes hit
balance_sheet,NonCurrentPensionAndOtherPostretirementBenefitPlans,2026,absent_on_face,0.0,,PASS,,,no face/notes hit
balance_sheet,NotesReceivable,2026,absent_on_face,0.0,,PASS,,,no face/notes hit
balance_sheet,OtherCurrentAssets,2026,absent_on_face,0.0,,PASS,,,no face/notes hit
balance_sheet,OtherCurrentLiabilities,2026,absent_on_face,0.0,,PASS,,,no face/notes hit
balance_sheet,OtherIntangibleAssets,2026,absent_on_face,0.0,,PASS,,,no face/notes hit
balance_sheet,OtherInventories,2026,absent_on_face,0.0,,PASS,,,no face/notes hit
balance_sheet,OtherNonCurrentAssets,2026,absent_on_face,0.0,,PASS,,,no face/notes hit
balance_sheet,OtherNonCurrentLiabilities,2026,absent_on_face,0.0,,PASS,,,no face/notes hit
balance_sheet,OtherPayable,2026,absent_on_face,0.0,,PASS,,,no face/notes hit
balance_sheet,OtherReceivables,2026,absent_on_face,0.0,,NOTE_ONLY,,,alias 'interest receivable' appears only in notes
balance_sheet,PayablesAndAccruedExpenses,2026,mapped,2351570.0,2.35157e+06,PASS,"Accounts payable and accrued liabilities 12,13",2026,"label='Accounts payable and accrued liabilities 12,13' sheet=2.352"
balance_sheet,PreferredStock,2026,absent_on_face,0.0,,PASS,,,no face/notes hit
balance_sheet,RawMaterials,2026,absent_on_face,0.0,,PASS,,,no face/notes hit
balance_sheet,RetainedEarnings,2026,mapped,-56794483.0,-5.67945e+07,PASS,Deficit,2026,label='Deficit' sheet=-56.794
balance_sheet,ShortTermInvestments,2026,absent_on_face,0.0,,PASS,,,no face/notes hit
balance_sheet,StockholdersEquity,2026,mapped,851684.0,851684,PASS,Total shareholders' equity,2026,"label=""Total shareholders' equity"" sheet=0.852"
balance_sheet,TotalAssets,2026,mapped,3247593.0,3.24759e+06,PASS,Total assets,2026,label='Total assets' sheet=3.248
balance_sheet,TotalLiabilities,2026,mapped,2395909.0,2.39591e+06,PASS,Total liabilities,2026,label='Total liabilities' sheet=2.396
balance_sheet,TotalTaxPayable,2026,absent_on_face,0.0,,PASS,,,no face/notes hit
balance_sheet,TreasuryStock,2026,mapped,8125089.0,8.12509e+06,PASS,Equity reserve and treasury shares 8,2026,label='Equity reserve and treasury shares 8' sheet=8.125
balance_sheet,WorkInProcess,2026,absent_on_face,0.0,,PASS,,,no face/notes hit
cash_flow,AssetImpairmentCharge,2026,absent_on_face,0.0,,PASS,,,no face/notes hit
cash_flow,BeginningCashPosition,2026,mapped,127180.0,127180,PASS,"Cash, beginning of period",2026,"label='Cash, beginning of period' sheet=0.127"
cash_flow,CapitalExpenditure,2026,absent_on_face,0.0,,PASS,,,no face/notes hit
cash_flow,CashDividendsPaid,2026,absent_on_face,0.0,,PASS,,,no face/notes hit
cash_flow,CashFromDiscontinuedInvestingActivities,2026,absent_on_face,0.0,,PASS,,,no face/notes hit
cash_flow,CashFromDiscontinuedOperatingActivities,2026,absent_on_face,0.0,,PASS,,,no face/notes hit
cash_flow,ChangeInInventory,2026,absent_on_face,0.0,,PASS,,,no face/notes hit
cash_flow,ChangeInOtherWorkingCapital,2026,absent_on_face,0.0,,NOTE_ONLY,,,alias 'deferred revenue' appears only in notes
cash_flow,ChangeInPayablesAndAccruedExpense,2026,mapped,-335960.0,-335960,PASS,Accounts payable and accrued liabilities,2026,label='Accounts payable and accrued liabilities' sheet=-0.336
cash_flow,ChangeInPrepaidAssets,2026,absent_on_face,0.0,,BUG_FACE,Prepaid expenses                                                                                                    -                  720,,zero-filled but concept on FACE (exact): 'Prepaid expenses                                                                                                    -                  720'
cash_flow,ChangeInReceivables,2026,mapped,-147596.0,-147596,PASS,"Provision on loan, interest and accounts receivable 5",2026,"label='Provision on loan, interest and accounts receivable 5' sheet=-0.148"
cash_flow,ChangesInCash,2026,mapped,-117864.0,-117864,PASS,Change in cash for the period,2026,label='Change in cash for the period' sheet=-0.118
cash_flow,DepreciationAmortizationDepletion,2026,absent_on_face,0.0,,PASS,,,no face/notes hit
cash_flow,EffectOfExchangeRateChanges,2026,absent_on_face,0.0,,PASS,,,no face/notes hit
cash_flow,EndCashPosition,2026,mapped,9316.0,9316,PASS,"Cash, end of period",2026,"label='Cash, end of period' sheet=0.009"
cash_flow,IssuanceOfCapitalStock,2026,absent_on_face,0.0,,PASS,,,no face/notes hit
cash_flow,IssuanceOfDebt,2026,absent_on_face,0.0,,PASS,,,no face/notes hit
cash_flow,NetIncomeFromContinuingOperations,2026,mapped,-2154858.0,-2.15486e+06,PASS,(Loss) for the year,2026,label='(Loss) for the year' sheet=-2.155
cash_flow,NetIntangiblesPurchaseAndSale,2026,absent_on_face,0.0,,PASS,,,no face/notes hit
cash_flow,NetIssuancePaymentsOfDebt,2026,absent_on_face,0.0,,PASS,,,no face/notes hit
cash_flow,NetOtherFinancingCharges,2026,absent_on_face,0.0,,NOTE_ONLY,,,alias 'share issue costs' appears only in notes
cash_flow,NetOtherInvestingChanges,2026,absent_on_face,0.0,,PASS,,,no face/notes hit
cash_flow,NetPreferredStockIssuance,2026,absent_on_face,0.0,,PASS,,,no face/notes hit
cash_flow,OtherNonCashItems,2026,absent_on_face,0.0,,PASS,,,no face/notes hit
cash_flow,PurchaseOfBusiness,2026,absent_on_face,0.0,,PASS,,,no face/notes hit
cash_flow,PurchaseOfInvestment,2026,mapped,-728936.0,-728936,PASS,"Purchase of investments 3,12",2026,"label='Purchase of investments 3,12' sheet=-0.729"
cash_flow,PurchaseOfPPE,2026,absent_on_face,0.0,,PASS,,,no face/notes hit
cash_flow,RepaymentOfDebt,2026,absent_on_face,0.0,,PASS,,,no face/notes hit
cash_flow,RepurchaseOfCapitalStock,2026,absent_on_face,0.0,,PASS,,,no face/notes hit
cash_flow,SaleOfInvestment,2026,absent_on_face,0.0,,PASS,,,no face/notes hit
cash_flow,SaleOfPPE,2026,absent_on_face,0.0,,PASS,,,no face/notes hit
cash_flow,StockBasedCompensation,2026,mapped,169660.0,169660,PASS,Share based payments 8,2026,label='Share based payments 8' sheet=0.170
income_statement,CostOfRevenue,2026,absent_on_face,0.0,,PASS,,,no face/notes hit
income_statement,DepreciationAmortizationDepletion,2026,absent_on_face,0.0,,PASS,,,no face/notes hit
income_statement,DilutedAverageShares,2026,mapped,160187282.0,1.60187e+08,PASS,Diluted,2026,label='Diluted' sheet=160.187
income_statement,InterestExpenseNonOperating,2026,absent_on_face,0.0,,PASS,,,no face/notes hit
income_statement,InterestIncomeNonOperating,2026,mapped,111506.0,111506,PASS,Interest income 5,2026,label='Interest income 5' sheet=0.112
income_statement,MinorityInterests,2026,absent_on_face,0.0,,PASS,,,no face/notes hit
income_statement,NetIncome,2026,mapped,-2154858.0,-2.15486e+06,PASS,Net loss and comprehensive loss for the year,2026,label='Net loss and comprehensive loss for the year' sheet=-2.155
income_statement,NetIncomeDiscontinuousOperations,2026,absent_on_face,0.0,,PASS,,,no face/notes hit
income_statement,NetNonOperatingInterestIncomeExpense,2026,absent_on_face,0.0,,PASS,,,no face/notes hit
income_statement,OperatingExpense,2026,mapped,1457954.0,1.45795e+06,PASS,Total expenses,2026,label='Total expenses' sheet=1.458
income_statement,OperatingIncome,2026,mapped,-2142893.0,-2.14289e+06,PASS,Loss before other items,2026,label='Loss before other items' sheet=-2.143
income_statement,OtherIncomeExpense,2026,mapped,-11965.0,-11965,PASS,Foreign exchange gain (loss),2026,label='Foreign exchange gain (loss)' sheet=-0.012
income_statement,OtherOperatingExpenses,2026,absent_on_face,0.0,,NOTE_ONLY,,,alias 'office' appears only in notes
income_statement,ResearchAndDevelopment,2026,absent_on_face,0.0,,PASS,,,no face/notes hit
income_statement,SellingGeneralAndAdministration,2026,absent_on_face,0.0,,NOTE_ONLY,,,alias 'consulting fees' appears only in notes
balance_sheet,CashCashEquivalentsAndShortTermInvestments,2026,derived,9316.0,,PASS,,,identities clean
balance_sheet,CurrentDebtAndCapitalLeaseObligation,2026,derived,44339.0,,PASS,,,identities clean
balance_sheet,Receivables,2026,derived,151084.0,,PASS,,,identities clean
balance_sheet,TotalEquityGrossMinorityInterest,2026,derived,851684.0,,PASS,,,identities clean
cash_flow,ChangeInWorkingCapital,2026,derived,-483556.0,,PASS,,,identities clean
cash_flow,FreeCashFlow,2026,derived,-118134.0,,PASS,,,identities clean
income_statement,EBIT,2026,derived,-2266364.0,,PASS,,,identities clean
income_statement,EBITDA,2026,derived,-2266364.0,,PASS,,,identities clean
income_statement,NetIncomeContinuousOperations,2026,derived,-2154858.0,,PASS,,,identities clean
income_statement,PretaxIncome,2026,derived,-2154858.0,,PASS,,,identities clean
income_statement,TaxProvision,2026,derived,0.0,,PASS,,,identities clean
