statement,key,year,match_kind,stored_value,expected_from_page,verdict,raw_label,src_pdf_year,note
cash_flow,AssetImpairmentCharge,2008,absent_on_face,0.0,,PASS,,,no face/notes hit
cash_flow,BeginningCashPosition,2008,mapped,18014.0,18014,PASS,"Cash and cash equivalents, beginning of period",2010,"label='Cash and cash equivalents, beginning of period' sheet=0.018"
cash_flow,CashDividendsPaid,2008,absent_on_face,0.0,,PASS,,,no face/notes hit
cash_flow,CashFromDiscontinuedInvestingActivities,2008,absent_on_face,0.0,,PASS,,,no face/notes hit
cash_flow,CashFromDiscontinuedOperatingActivities,2008,absent_on_face,0.0,,PASS,,,no face/notes hit
cash_flow,ChangeInInventory,2008,absent_on_face,0.0,,PASS,,,no face/notes hit
cash_flow,ChangeInOtherWorkingCapital,2008,absent_on_face,0.0,,PASS,,,no face/notes hit
cash_flow,ChangeInPayablesAndAccruedExpense,2008,absent_on_face,0.0,,PASS,,,no face/notes hit
cash_flow,ChangeInPrepaidAssets,2008,absent_on_face,0.0,,PASS,,,no face/notes hit
cash_flow,ChangeInReceivables,2008,absent_on_face,0.0,,PASS,,,no face/notes hit
cash_flow,ChangeInWorkingCapital,2008,mapped,10590.0,10590,PASS,Net change in non-cash working capital balances,2010,label='Net change in non-cash working capital balances' sheet=0.011
cash_flow,ChangesInCash,2008,mapped,1578.0,1578,PASS,Increase in cash,2010,label='Increase in cash' sheet=0.002
cash_flow,DepreciationAmortizationDepletion,2008,absent_on_face,0.0,,PASS,,,no face/notes hit
cash_flow,EffectOfExchangeRateChanges,2008,absent_on_face,0.0,,PASS,,,no face/notes hit
cash_flow,EndCashPosition,2008,mapped,19592.0,19592,PASS,"Cash and cash equivalents, end of period",2010,"label='Cash and cash equivalents, end of period' sheet=0.020"
cash_flow,FinancingCashFlow,2008,mapped,-6352.0,-6352,PASS,Financing activities total,2010,label='Financing activities total' sheet=-0.006
cash_flow,InvestingCashFlow,2008,mapped,-26384.0,-26384,PASS,Investing activities total,2010,label='Investing activities total' sheet=-0.026
cash_flow,IssuanceOfCapitalStock,2008,absent_on_face,0.0,,PASS,,,no face/notes hit
cash_flow,IssuanceOfDebt,2008,mapped,15496.0,15496,PASS,Proceeds from long-term debt,2010,label='Proceeds from long-term debt' sheet=0.015
cash_flow,NetIncomeFromContinuingOperations,2008,mapped,-95175.0,-95175,PASS,Net earnings (loss) for the period,2010,label='Net earnings (loss) for the period' sheet=-0.095
cash_flow,NetIntangiblesPurchaseAndSale,2008,absent_on_face,0.0,,PASS,,,no face/notes hit
cash_flow,NetOtherFinancingCharges,2008,absent_on_face,0.0,,PASS,,,no face/notes hit
cash_flow,NetOtherInvestingChanges,2008,absent_on_face,0.0,,PASS,,,no face/notes hit
cash_flow,NetPreferredStockIssuance,2008,absent_on_face,0.0,,PASS,,,no face/notes hit
cash_flow,OtherNonCashItems,2008,absent_on_face,0.0,,PASS,,,no face/notes hit
cash_flow,PurchaseOfBusiness,2008,absent_on_face,0.0,,PASS,,,no face/notes hit
cash_flow,PurchaseOfInvestment,2008,absent_on_face,0.0,,PASS,,,no face/notes hit
cash_flow,PurchaseOfPPE,2008,mapped,-3938.0,-3938,PASS,Purchase of property & equipment,2010,label='Purchase of property & equipment' sheet=-0.004
cash_flow,RepaymentOfDebt,2008,mapped,-750.0,-750,PASS,Repayment of long-term debt,2010,label='Repayment of long-term debt' sheet=-0.001
cash_flow,RepurchaseOfCapitalStock,2008,absent_on_face,0.0,,PASS,,,no face/notes hit
cash_flow,SaleOfInvestment,2008,absent_on_face,0.0,,PASS,,,no face/notes hit
cash_flow,SaleOfPPE,2008,absent_on_face,0.0,,PASS,,,no face/notes hit
cash_flow,StockBasedCompensation,2008,absent_on_face,0.0,,PASS,,,no face/notes hit
income_statement,CostOfRevenue,2008,mapped,679442.0,679442,PASS,Cost of sales (note 8),2010,label='Cost of sales (note 8)' sheet=0.679
income_statement,DepreciationAmortizationDepletion,2008,absent_on_face,0.0,,PASS,,,no face/notes hit
income_statement,GrossProfit,2008,mapped,147052.0,147052,PASS,Gross profit,2010,label='Gross profit' sheet=0.147
income_statement,InterestExpenseNonOperating,2008,absent_on_face,0.0,,PASS,,,no face/notes hit
income_statement,InterestIncomeNonOperating,2008,absent_on_face,0.0,,PASS,,,no face/notes hit
income_statement,MinorityInterests,2008,absent_on_face,0.0,,PASS,,,no face/notes hit
income_statement,NetIncome,2008,mapped,-95175.0,-95175,PASS,Net earnings (loss) & comprehensive income (loss) for the year,2010,label='Net earnings (loss) & comprehensive income (loss) for the year' sheet=-0.095
income_statement,NetIncomeDiscontinuousOperations,2008,absent_on_face,0.0,,PASS,,,no face/notes hit
income_statement,NetNonOperatingInterestIncomeExpense,2008,absent_on_face,0.0,,PASS,,,no face/notes hit
income_statement,OperatingExpense,2008,mapped,252197.0,252197,PASS,Expenses total,2010,label='Expenses total' sheet=0.252
income_statement,OtherIncomeExpense,2008,absent_on_face,0.0,,PASS,,,no face/notes hit
income_statement,OtherOperatingExpenses,2008,absent_on_face,0.0,,PASS,,,no face/notes hit
income_statement,PretaxIncome,2008,mapped,-105145.0,-105145,PASS,Earnings (loss) before income taxes,2010,label='Earnings (loss) before income taxes' sheet=-0.105
income_statement,ResearchAndDevelopment,2008,absent_on_face,0.0,,PASS,,,no face/notes hit
income_statement,SellingGeneralAndAdministration,2008,mapped,114881.0,114881,PASS,"Selling, general and administrative",2010,"label='Selling, general and administrative' sheet=0.115"
income_statement,TotalRevenue,2008,mapped,826494.0,826494,PASS,Revenue total,2010,label='Revenue total' sheet=0.826
cash_flow,CapitalExpenditure,2008,derived,-3938.0,,PASS,,,identities clean
cash_flow,FreeCashFlow,2008,derived,30376.0,,PASS,,,identities clean
cash_flow,NetIssuancePaymentsOfDebt,2008,derived,14746.0,,PASS,,,identities clean
income_statement,EBIT,2008,derived,-105145.0,,PASS,,,identities clean
income_statement,EBITDA,2008,derived,-105145.0,,PASS,,,identities clean
income_statement,NetIncomeContinuousOperations,2008,derived,-95175.0,,PASS,,,identities clean
income_statement,OperatingIncome,2008,derived,-105145.0,,PASS,,,identities clean
income_statement,TaxProvision,2008,derived,-9970.0,,PASS,,,identities clean
balance_sheet,AccountsPayable,2009,absent_on_face,0.0,,PASS,,,no face/notes hit
balance_sheet,AccountsReceivable,2009,mapped,31195.0,31195,PASS,"Accounts receivable 35,388",2010,"label='Accounts receivable 35,388' sheet=0.031"
balance_sheet,AccumulatedDepreciation,2009,absent_on_face,0.0,,PASS,,,no face/notes hit
balance_sheet,AdditionalPaidInCapital,2009,mapped,3822.0,3822,PASS,"Contributed surplus (note 17) 3,918",2010,"label='Contributed surplus (note 17) 3,918' sheet=0.004"
balance_sheet,BuildingsAndImprovements,2009,absent_on_face,0.0,,PASS,,,no face/notes hit
balance_sheet,CashAndCashEquivalents,2009,mapped,19592.0,19592,PASS,"Cash and cash equivalents 22,465",2010,"label='Cash and cash equivalents 22,465' sheet=0.020"
balance_sheet,CommonStock,2009,absent_on_face,0.0,,PASS,,,no face/notes hit
balance_sheet,ConstructionInProgress,2009,absent_on_face,0.0,,PASS,,,no face/notes hit
balance_sheet,CurrentAccruedExpenses,2009,absent_on_face,0.0,,PASS,,,no face/notes hit
balance_sheet,CurrentAssets,2009,mapped,195538.0,195538,PASS,Current assets total,2010,label='Current assets total' sheet=0.196
balance_sheet,CurrentCapitalLeaseObligation,2009,absent_on_face,0.0,,PASS,,,no face/notes hit
balance_sheet,CurrentDebt,2009,mapped,570.0,570,PASS,Current portion of long-term debt (note 13) 271,2010,label='Current portion of long-term debt (note 13) 271' sheet=0.001
balance_sheet,CurrentDeferredLiabilities,2009,absent_on_face,0.0,,PASS,,,no face/notes hit
balance_sheet,CurrentDeferredRevenue,2009,absent_on_face,0.0,,PASS,,,no face/notes hit
balance_sheet,CurrentDeferredTaxesLiabilities,2009,absent_on_face,0.0,,PASS,,,no face/notes hit
balance_sheet,CurrentLiabilities,2009,mapped,161669.0,161669,PASS,Current liabilities total,2010,label='Current liabilities total' sheet=0.162
balance_sheet,FinishedGoods,2009,absent_on_face,0.0,,PASS,,,no face/notes hit
balance_sheet,GainsLossesNotAffectingRetainedEarnings,2009,absent_on_face,0.0,,PASS,,,no face/notes hit
balance_sheet,Goodwill,2009,absent_on_face,0.0,,PASS,,,no face/notes hit
balance_sheet,GrossPPE,2009,absent_on_face,0.0,,PASS,,,no face/notes hit
balance_sheet,InventoriesAdjustmentsAllowances,2009,absent_on_face,0.0,,PASS,,,no face/notes hit
balance_sheet,Inventory,2009,mapped,139948.0,139948,PASS,"Inventories (note 8) 108,324",2010,"label='Inventories (note 8) 108,324' sheet=0.140"
balance_sheet,InvestmentsAndAdvances,2009,absent_on_face,0.0,,PASS,,,no face/notes hit
balance_sheet,LandAndImprovements,2009,absent_on_face,0.0,,PASS,,,no face/notes hit
balance_sheet,LoansReceivable,2009,absent_on_face,0.0,,PASS,,,no face/notes hit
balance_sheet,LongTermCapitalLeaseObligation,2009,absent_on_face,0.0,,PASS,,,no face/notes hit
balance_sheet,LongTermDebt,2009,mapped,25522.0,25522,PASS,"Long-term debt (note 13) 23,074",2010,"label='Long-term debt (note 13) 23,074' sheet=0.026"
balance_sheet,MachineryFurnitureEquipment,2009,absent_on_face,0.0,,PASS,,,no face/notes hit
balance_sheet,MinorityInterest,2009,absent_on_face,0.0,,PASS,,,no face/notes hit
balance_sheet,NetPPE,2009,mapped,17227.0,17227,PASS,"Property & equipment (note 9) 17,794",2010,"label='Property & equipment (note 9) 17,794' sheet=0.017"
balance_sheet,NonCurrentDeferredLiabilities,2009,absent_on_face,0.0,,PASS,,,no face/notes hit
balance_sheet,NonCurrentDeferredRevenue,2009,absent_on_face,0.0,,PASS,,,no face/notes hit
balance_sheet,NonCurrentDeferredTaxesLiabilities,2009,absent_on_face,0.0,,PASS,,,no face/notes hit
balance_sheet,NonCurrentPensionAndOtherPostretirementBenefitPlans,2009,absent_on_face,0.0,,PASS,,,no face/notes hit
balance_sheet,NotesReceivable,2009,absent_on_face,0.0,,PASS,,,no face/notes hit
balance_sheet,OtherIntangibleAssets,2009,mapped,43700.0,43700,PASS,"Intangible assets (note 10) 43,700",2010,"label='Intangible assets (note 10) 43,700' sheet=0.044"
balance_sheet,OtherInventories,2009,absent_on_face,0.0,,PASS,,,no face/notes hit
balance_sheet,OtherNonCurrentAssets,2009,absent_on_face,0.0,,PASS,,,no face/notes hit
balance_sheet,OtherNonCurrentLiabilities,2009,absent_on_face,0.0,,PASS,,,no face/notes hit
balance_sheet,OtherPayable,2009,mapped,1656.0,1656,PASS,Distributions payable (note 18) -,2010,label='Distributions payable (note 18) -' sheet=0.002
balance_sheet,OtherReceivables,2009,absent_on_face,0.0,,PASS,,,no face/notes hit
balance_sheet,PayablesAndAccruedExpenses,2009,mapped,21990.0,21990,PASS,"Accounts payable and accrued liabilities 25,556",2010,"label='Accounts payable and accrued liabilities 25,556' sheet=0.022"
balance_sheet,PreferredStock,2009,absent_on_face,0.0,,PASS,,,no face/notes hit
balance_sheet,RawMaterials,2009,absent_on_face,0.0,,PASS,,,no face/notes hit
balance_sheet,ShortTermInvestments,2009,absent_on_face,0.0,,PASS,,,no face/notes hit
balance_sheet,StockholdersEquity,2009,mapped,69913.0,69913,PASS,SHAREHOLDERS' EQUITY total,2010,"label=""SHAREHOLDERS' EQUITY total"" sheet=0.070"
balance_sheet,TotalTaxPayable,2009,absent_on_face,0.0,,PASS,,,no face/notes hit
balance_sheet,TreasuryStock,2009,absent_on_face,0.0,,PASS,,,no face/notes hit
balance_sheet,WorkInProcess,2009,absent_on_face,0.0,,PASS,,,no face/notes hit
cash_flow,AssetImpairmentCharge,2009,absent_on_face,0.0,,PASS,,,no face/notes hit
cash_flow,BeginningCashPosition,2009,mapped,19592.0,19592,PASS,"Cash and cash equivalents, beginning of period",2011,"label='Cash and cash equivalents, beginning of period' sheet=0.020"
cash_flow,CashDividendsPaid,2009,mapped,-2485.0,-2485,PASS,Dividends paid,2011,label='Dividends paid' sheet=-0.002
cash_flow,CashFromDiscontinuedInvestingActivities,2009,absent_on_face,0.0,,PASS,,,no face/notes hit
cash_flow,CashFromDiscontinuedOperatingActivities,2009,absent_on_face,0.0,,PASS,,,no face/notes hit
cash_flow,ChangeInInventory,2009,absent_on_face,0.0,,PASS,,,no face/notes hit
cash_flow,ChangeInOtherWorkingCapital,2009,absent_on_face,0.0,,PASS,,,no face/notes hit
cash_flow,ChangeInPayablesAndAccruedExpense,2009,absent_on_face,0.0,,PASS,,,no face/notes hit
cash_flow,ChangeInPrepaidAssets,2009,absent_on_face,0.0,,PASS,,,no face/notes hit
cash_flow,ChangeInReceivables,2009,absent_on_face,0.0,,PASS,,,no face/notes hit
cash_flow,ChangeInWorkingCapital,2009,mapped,-5767.0,-5767,PASS,Net change in non-cash working capital balances,2011,label='Net change in non-cash working capital balances' sheet=-0.006
cash_flow,ChangesInCash,2009,mapped,2873.0,2873,PASS,Increase in cash,2011,label='Increase in cash' sheet=0.003
cash_flow,DepreciationAmortizationDepletion,2009,absent_on_face,0.0,,PASS,,,no face/notes hit
cash_flow,EffectOfExchangeRateChanges,2009,absent_on_face,0.0,,PASS,,,no face/notes hit
cash_flow,EndCashPosition,2009,mapped,22465.0,22465,PASS,"Cash and cash equivalents, end of period",2011,"label='Cash and cash equivalents, end of period' sheet=0.022"
cash_flow,FinancingCashFlow,2009,mapped,-5335.0,-5335,PASS,Financing activities total,2011,label='Financing activities total' sheet=-0.005
cash_flow,InvestingCashFlow,2009,mapped,-3166.0,-3166,PASS,Investing activities total,2011,label='Investing activities total' sheet=-0.003
cash_flow,IssuanceOfCapitalStock,2009,absent_on_face,0.0,,PASS,,,no face/notes hit
cash_flow,IssuanceOfDebt,2009,mapped,20286.0,20286,PASS,Proceeds from long-term debt,2011,label='Proceeds from long-term debt' sheet=0.020
cash_flow,NetIncomeFromContinuingOperations,2009,mapped,12578.0,12578,PASS,Net earnings (loss) for the period,2010,label='Net earnings (loss) for the period' sheet=0.013
cash_flow,NetIntangiblesPurchaseAndSale,2009,absent_on_face,0.0,,PASS,,,no face/notes hit
cash_flow,NetOtherFinancingCharges,2009,absent_on_face,0.0,,PASS,,,no face/notes hit
cash_flow,NetOtherInvestingChanges,2009,absent_on_face,0.0,,PASS,,,no face/notes hit
cash_flow,NetPreferredStockIssuance,2009,absent_on_face,0.0,,PASS,,,no face/notes hit
cash_flow,OtherNonCashItems,2009,absent_on_face,0.0,,PASS,,,no face/notes hit
cash_flow,PurchaseOfBusiness,2009,absent_on_face,0.0,,PASS,,,no face/notes hit
cash_flow,PurchaseOfInvestment,2009,absent_on_face,0.0,,PASS,,,no face/notes hit
cash_flow,PurchaseOfPPE,2009,mapped,-4312.0,-4312,PASS,Purchase of property & equipment,2011,label='Purchase of property & equipment' sheet=-0.004
cash_flow,RepaymentOfDebt,2009,mapped,-22901.0,-22901,PASS,Repayment of long-term debt,2011,label='Repayment of long-term debt' sheet=-0.023
cash_flow,RepurchaseOfCapitalStock,2009,absent_on_face,0.0,,PASS,,,no face/notes hit
cash_flow,SaleOfInvestment,2009,absent_on_face,0.0,,PASS,,,no face/notes hit
cash_flow,SaleOfPPE,2009,absent_on_face,0.0,,PASS,,,no face/notes hit
cash_flow,StockBasedCompensation,2009,absent_on_face,0.0,,PASS,,,no face/notes hit
income_statement,CostOfRevenue,2009,mapped,633860.0,633860,PASS,Cost of sales (note 6),2011,label='Cost of sales (note 6)' sheet=0.634
income_statement,DepreciationAmortizationDepletion,2009,absent_on_face,0.0,,PASS,,,no face/notes hit
income_statement,GrossProfit,2009,mapped,141976.0,141976,PASS,Gross profit,2011,label='Gross profit' sheet=0.142
income_statement,InterestExpenseNonOperating,2009,absent_on_face,0.0,,PASS,,,no face/notes hit
income_statement,InterestIncomeNonOperating,2009,absent_on_face,0.0,,PASS,,,no face/notes hit
income_statement,MinorityInterests,2009,absent_on_face,0.0,,PASS,,,no face/notes hit
income_statement,NetIncome,2009,mapped,12578.0,12578,PASS,Income for the year,2011,label='Income for the year' sheet=0.013
income_statement,NetIncomeDiscontinuousOperations,2009,absent_on_face,0.0,,PASS,,,no face/notes hit
income_statement,NetNonOperatingInterestIncomeExpense,2009,absent_on_face,0.0,,PASS,,,no face/notes hit
income_statement,OperatingExpense,2009,mapped,128949.0,128949,PASS,Expenses total,2010,label='Expenses total' sheet=0.129
income_statement,OtherIncomeExpense,2009,absent_on_face,0.0,,PASS,,,no face/notes hit
income_statement,OtherOperatingExpenses,2009,absent_on_face,0.0,,PASS,,,no face/notes hit
income_statement,PretaxIncome,2009,mapped,13027.0,13027,PASS,Earnings before income taxes,2011,label='Earnings before income taxes' sheet=0.013
income_statement,ResearchAndDevelopment,2009,absent_on_face,0.0,,PASS,,,no face/notes hit
income_statement,SellingGeneralAndAdministration,2009,mapped,118141.0,118141,PASS,"Selling, general and administrative",2011,"label='Selling, general and administrative' sheet=0.118"
income_statement,TaxProvision,2009,mapped,449.0,449,PASS,Income taxes (note 18),2011,label='Income taxes (note 18)' sheet=-0.000
income_statement,TotalRevenue,2009,mapped,776933.0,776933,PASS,Revenue total,2010,label='Revenue total' sheet=0.777
balance_sheet,CashCashEquivalentsAndShortTermInvestments,2009,derived,19592.0,,PASS,,,identities clean
balance_sheet,CurrentDebtAndCapitalLeaseObligation,2009,derived,570.0,,PASS,,,identities clean
balance_sheet,LongTermDebtAndCapitalLeaseObligation,2009,derived,25522.0,,PASS,,,identities clean
balance_sheet,OtherCurrentAssets,2009,derived,4803.0,,PASS,,,identities clean
balance_sheet,OtherCurrentLiabilities,2009,derived,139109.0,,PASS,,,identities clean
balance_sheet,Receivables,2009,derived,31195.0,,PASS,,,identities clean
balance_sheet,TotalEquityGrossMinorityInterest,2009,derived,69913.0,,PASS,,,identities clean
cash_flow,CapitalExpenditure,2009,derived,-4312.0,,PASS,,,identities clean
cash_flow,FreeCashFlow,2009,derived,7062.0,,PASS,,,identities clean
cash_flow,NetIssuancePaymentsOfDebt,2009,derived,-2615.0,,PASS,,,identities clean
income_statement,EBIT,2009,derived,13027.0,,PASS,,,identities clean
income_statement,EBITDA,2009,derived,13027.0,,PASS,,,identities clean
income_statement,NetIncomeContinuousOperations,2009,derived,12578.0,,PASS,,,identities clean
income_statement,OperatingIncome,2009,derived,13027.0,,PASS,,,identities clean
balance_sheet,AccountsPayable,2010,mapped,24831000.0,24831,PASS,"Trade and other payables (Note 23) 32,132",2012,"label='Trade and other payables (Note 23) 32,132' x1,000 sheet=24.831"
balance_sheet,AccountsReceivable,2010,mapped,35323000.0,35323,PASS,"Trade and other receivables (Note 17) 42,448",2012,"label='Trade and other receivables (Note 17) 42,448' x1,000 sheet=35.323"
balance_sheet,AccumulatedDepreciation,2010,absent_on_face,0.0,,PASS,,,no face/notes hit
balance_sheet,AdditionalPaidInCapital,2010,mapped,3918000.0,3918,PASS,"Contributed surplus 3,918",2012,"label='Contributed surplus 3,918' x1,000 sheet=3.918"
balance_sheet,BuildingsAndImprovements,2010,absent_on_face,0.0,,PASS,,,no face/notes hit
balance_sheet,CashAndCashEquivalents,2010,mapped,21528000.0,21528,PASS,"Cash and cash equivalents (Note 16) 53,641",2012,"label='Cash and cash equivalents (Note 16) 53,641' x1,000 sheet=21.528"
balance_sheet,CommonStock,2010,None,190435000.0,,SUSPECT,,,unexpected match_kind=None
balance_sheet,ConstructionInProgress,2010,absent_on_face,0.0,,PASS,,,no face/notes hit
balance_sheet,CurrentAccruedExpenses,2010,absent_on_face,0.0,,NOTE_ONLY,,,alias 'accrued liabilities' appears only in notes
balance_sheet,CurrentAssets,2010,mapped,166821000.0,166821,PASS,Current assets total,2012,"label='Current assets total' x1,000 sheet=166.821"
balance_sheet,CurrentCapitalLeaseObligation,2010,absent_on_face,0.0,,PASS,,,no face/notes hit
balance_sheet,CurrentDebt,2010,mapped,96.0,96,PASS,Current portion of long-term debt (note 10) 277,2011,label='Current portion of long-term debt (note 10) 277' sheet=0.000
balance_sheet,CurrentDeferredLiabilities,2010,absent_on_face,0.0,,PASS,,,no face/notes hit
balance_sheet,CurrentDeferredRevenue,2010,absent_on_face,0.0,,PASS,,,no face/notes hit
balance_sheet,CurrentDeferredTaxesLiabilities,2010,absent_on_face,0.0,,PASS,,,no face/notes hit
balance_sheet,CurrentLiabilities,2010,mapped,127472000.0,127472,PASS,Current liabilities total,2012,"label='Current liabilities total' x1,000 sheet=127.472"
balance_sheet,FinishedGoods,2010,absent_on_face,0.0,,PASS,,,no face/notes hit
balance_sheet,GainsLossesNotAffectingRetainedEarnings,2010,absent_on_face,0.0,,PASS,,,no face/notes hit
balance_sheet,Goodwill,2010,absent_on_face,0.0,,NOTE_ONLY,,,alias 'goodwill' appears only in notes
balance_sheet,GrossPPE,2010,absent_on_face,0.0,,PASS,,,no face/notes hit
balance_sheet,InventoriesAdjustmentsAllowances,2010,absent_on_face,0.0,,PASS,,,no face/notes hit
balance_sheet,Inventory,2010,mapped,108324000.0,108324,PASS,"Inventories (Note 18) 136,869",2012,"label='Inventories (Note 18) 136,869' x1,000 sheet=108.324"
balance_sheet,InvestmentsAndAdvances,2010,absent_on_face,0.0,,NOTE_ONLY,,,alias 'investments' appears only in notes
balance_sheet,LandAndImprovements,2010,absent_on_face,0.0,,PASS,,,no face/notes hit
balance_sheet,LoansReceivable,2010,absent_on_face,0.0,,PASS,,,no face/notes hit
balance_sheet,LongTermCapitalLeaseObligation,2010,absent_on_face,0.0,,PASS,,,no face/notes hit
balance_sheet,LongTermDebt,2010,mapped,22785.0,22785,PASS,"Long-term debt (note 10) 24,974",2011,"label='Long-term debt (note 10) 24,974' sheet=0.023"
balance_sheet,MachineryFurnitureEquipment,2010,absent_on_face,0.0,,NOTE_ONLY,,,alias 'equipment' appears only in notes
balance_sheet,MinorityInterest,2010,absent_on_face,0.0,,NOTE_ONLY,,,alias 'non controlling interests' appears only in notes
balance_sheet,NetPPE,2010,mapped,17600000.0,17600,PASS,"Property and equipment (Note 19) 25,975",2012,"label='Property and equipment (Note 19) 25,975' x1,000 sheet=17.600"
balance_sheet,NonCurrentDeferredLiabilities,2010,absent_on_face,0.0,,PASS,,,no face/notes hit
balance_sheet,NonCurrentDeferredRevenue,2010,absent_on_face,0.0,,PASS,,,no face/notes hit
balance_sheet,NonCurrentDeferredTaxesLiabilities,2010,absent_on_face,0.0,,PASS,,,no face/notes hit
balance_sheet,NonCurrentPensionAndOtherPostretirementBenefitPlans,2010,absent_on_face,0.0,,PASS,,,no face/notes hit
balance_sheet,NotesReceivable,2010,absent_on_face,0.0,,PASS,,,no face/notes hit
balance_sheet,OtherCurrentAssets,2010,mapped,1646000.0,1646,PASS,"Other current assets 1,120",2012,"label='Other current assets 1,120' x1,000 sheet=1.646"
balance_sheet,OtherIntangibleAssets,2010,mapped,30600000.0,30600,PASS,"Intangible assets (Note 20) 66,181",2012,"label='Intangible assets (Note 20) 66,181' x1,000 sheet=30.600"
balance_sheet,OtherInventories,2010,absent_on_face,0.0,,PASS,,,no face/notes hit
balance_sheet,OtherNonCurrentAssets,2010,mapped,2198000.0,2198,PASS,"Other long-term assets (Note 22) 7,609",2012,"label='Other long-term assets (Note 22) 7,609' x1,000 sheet=2.198"
balance_sheet,OtherNonCurrentLiabilities,2010,absent_on_face,0.0,,PASS,,,no face/notes hit
balance_sheet,OtherPayable,2010,absent_on_face,0.0,,BUG_FACE,"Distributions payable (note 18)                                                                                -                     1,656",,"zero-filled but concept on FACE (exact): 'Distributions payable (note 18)                                                                                -                     1,656'"
balance_sheet,OtherReceivables,2010,absent_on_face,0.0,,PASS,,,no face/notes hit
balance_sheet,PayablesAndAccruedExpenses,2010,mapped,25556.0,25556,PASS,"Accounts payable and accrued liabilities 26,920",2011,"label='Accounts payable and accrued liabilities 26,920' sheet=0.026"
balance_sheet,PreferredStock,2010,absent_on_face,0.0,,NOTE_ONLY,,,alias 'preferred shares' appears only in notes
balance_sheet,RawMaterials,2010,absent_on_face,0.0,,PASS,,,no face/notes hit
balance_sheet,ShortTermInvestments,2010,absent_on_face,0.0,,PASS,,,no face/notes hit
balance_sheet,StockholdersEquity,2010,mapped,70165000.0,70165,PASS,equity total,2012,"label='equity total' x1,000 sheet=70.165"
balance_sheet,TotalTaxPayable,2010,absent_on_face,0.0,,PASS,,,no face/notes hit
balance_sheet,TreasuryStock,2010,absent_on_face,0.0,,PASS,,,no face/notes hit
balance_sheet,WorkInProcess,2010,absent_on_face,0.0,,PASS,,,no face/notes hit
cash_flow,AssetImpairmentCharge,2010,absent_on_face,0.0,,PASS,,,no face/notes hit
cash_flow,BeginningCashPosition,2010,mapped,21528000.0,21528,PASS,Cash and cash equivalents at beginning of year,2012,"label='Cash and cash equivalents at beginning of year' x1,000 sheet=21.528"
cash_flow,CashDividendsPaid,2010,mapped,-2387000.0,-2387,PASS,Dividends paid,2012,"label='Dividends paid' x1,000 sheet=-2.387"
cash_flow,CashFromDiscontinuedInvestingActivities,2010,absent_on_face,0.0,,PASS,,,no face/notes hit
cash_flow,CashFromDiscontinuedOperatingActivities,2010,absent_on_face,0.0,,PASS,,,no face/notes hit
cash_flow,ChangeInInventory,2010,absent_on_face,0.0,,NOTE_ONLY,,,alias 'inventories' appears only in notes
cash_flow,ChangeInOtherWorkingCapital,2010,absent_on_face,0.0,,PASS,,,no face/notes hit
cash_flow,ChangeInPayablesAndAccruedExpense,2010,absent_on_face,0.0,,NOTE_ONLY,,,alias 'accounts payable and accrued liabilities' appears only in notes
cash_flow,ChangeInPrepaidAssets,2010,absent_on_face,0.0,,NOTE_ONLY,,,alias 'prepaid expenses' appears only in notes
cash_flow,ChangeInReceivables,2010,absent_on_face,0.0,,NOTE_ONLY,,,alias 'accounts receivable' appears only in notes
cash_flow,ChangeInWorkingCapital,2010,mapped,18177000.0,18177,PASS,Net change in non-cash working capital,2012,"label='Net change in non-cash working capital' x1,000 sheet=18.177"
cash_flow,ChangesInCash,2010,mapped,16013000.0,16013,PASS,Increase in cash,2012,"label='Increase in cash' x1,000 sheet=16.013"
cash_flow,DepreciationAmortizationDepletion,2010,absent_on_face,0.0,,PASS,,,no face/notes hit
cash_flow,EffectOfExchangeRateChanges,2010,absent_on_face,0.0,,PASS,,,no face/notes hit
cash_flow,EndCashPosition,2010,mapped,37541000.0,37541,PASS,Cash and cash equivalents at end of year,2012,"label='Cash and cash equivalents at end of year' x1,000 sheet=37.541"
cash_flow,FinancingCashFlow,2010,mapped,-195000.0,-195,PASS,Financing activities total,2012,"label='Financing activities total' x1,000 sheet=-0.195"
cash_flow,InvestingCashFlow,2010,mapped,-18136000.0,-18136,PASS,Investing activities total,2012,"label='Investing activities total' x1,000 sheet=-18.136"
cash_flow,IssuanceOfCapitalStock,2010,absent_on_face,0.0,,PASS,,,no face/notes hit
cash_flow,IssuanceOfDebt,2010,mapped,6510.0,6510,PASS,Proceeds from long-term debt,2011,label='Proceeds from long-term debt' sheet=0.007
cash_flow,NetIntangiblesPurchaseAndSale,2010,absent_on_face,0.0,,PASS,,,no face/notes hit
cash_flow,NetOtherFinancingCharges,2010,absent_on_face,0.0,,PASS,,,no face/notes hit
cash_flow,NetOtherInvestingChanges,2010,absent_on_face,0.0,,PASS,,,no face/notes hit
cash_flow,NetPreferredStockIssuance,2010,absent_on_face,0.0,,PASS,,,no face/notes hit
cash_flow,OtherNonCashItems,2010,absent_on_face,0.0,,PASS,,,no face/notes hit
cash_flow,PurchaseOfBusiness,2010,absent_on_face,0.0,,PASS,,,no face/notes hit
cash_flow,PurchaseOfInvestment,2010,absent_on_face,0.0,,PASS,,,no face/notes hit
cash_flow,PurchaseOfPPE,2010,mapped,-10487000.0,-10487,PASS,Purchases of property and equipment (Note 19),2012,"label='Purchases of property and equipment (Note 19)' x1,000 sheet=-10.487"
cash_flow,RepaymentOfDebt,2010,mapped,-4141.0,-4141,PASS,Repayment of long-term debt,2011,label='Repayment of long-term debt' sheet=-0.004
cash_flow,RepurchaseOfCapitalStock,2010,absent_on_face,0.0,,PASS,,,no face/notes hit
cash_flow,SaleOfInvestment,2010,absent_on_face,0.0,,PASS,,,no face/notes hit
cash_flow,SaleOfPPE,2010,absent_on_face,0.0,,PASS,,,no face/notes hit
cash_flow,StockBasedCompensation,2010,mapped,57000.0,57,PASS,Shared-based payments,2012,"label='Shared-based payments' x1,000 sheet=0.057"
income_statement,BasicEPS,2010,mapped,0.734,0.734,PASS,Basic,2012,label='Basic' sheet=0.000
income_statement,CostOfRevenue,2010,mapped,719487000.0,-719487,PASS,Cost of sales (Note 9),2012,"label='Cost of sales (Note 9)' x1,000 sheet=719.487"
income_statement,DepreciationAmortizationDepletion,2010,absent_on_face,0.0,,PASS,,,no face/notes hit
income_statement,DilutedEPS,2010,mapped,0.734,0.734,PASS,Diluted,2012,label='Diluted' sheet=0.000
income_statement,GrossProfit,2010,mapped,150020000.0,150020,PASS,Gross profit,2012,"label='Gross profit' x1,000 sheet=150.020"
income_statement,InterestExpenseNonOperating,2010,absent_on_face,0.0,,PASS,,,no face/notes hit
income_statement,InterestIncomeNonOperating,2010,mapped,921000.0,921,PASS,Finance income (Note 12),2012,"label='Finance income (Note 12)' x1,000 sheet=0.921"
income_statement,MinorityInterests,2010,absent_on_face,0.0,,NOTE_ONLY,,,alias 'non controlling interest' appears only in notes
income_statement,NetIncome,2010,mapped,8671.0,8671,PASS,Income for the year,2011,label='Income for the year' sheet=0.009
income_statement,NetIncomeDiscontinuousOperations,2010,absent_on_face,0.0,,PASS,,,no face/notes hit
income_statement,NetNonOperatingInterestIncomeExpense,2010,absent_on_face,0.0,,PASS,,,no face/notes hit
income_statement,OperatingExpense,2010,mapped,130237000.0,-130237,PASS,Operating expenses (Note 10),2012,"label='Operating expenses (Note 10)' x1,000 sheet=130.237"
income_statement,OperatingIncome,2010,mapped,27848000.0,27848,PASS,Operating profit,2012,"label='Operating profit' x1,000 sheet=27.848"
income_statement,OtherIncomeExpense,2010,mapped,19783000.0,19783,PASS,Operating profit before other income,2012,"label='Operating profit before other income' x1,000 sheet=19.783"
income_statement,OtherOperatingExpenses,2010,absent_on_face,0.0,,NOTE_ONLY,,,alias 'office' appears only in notes
income_statement,PretaxIncome,2010,mapped,11643.0,11643,PASS,Earnings before income taxes,2011,label='Earnings before income taxes' sheet=0.012
income_statement,ResearchAndDevelopment,2010,absent_on_face,0.0,,NOTE_ONLY,,,alias 'research and development' appears only in notes
income_statement,SellingGeneralAndAdministration,2010,mapped,126056.0,126056,PASS,"Selling, general and administrative",2011,"label='Selling, general and administrative' sheet=0.126"
income_statement,TaxProvision,2010,mapped,4956000.0,4956,PASS,Income tax (Note 13),2012,"label='Income tax (Note 13)' x1,000 sheet=-4.956"
income_statement,TotalRevenue,2010,mapped,869507000.0,869507,PASS,Revenue (Note 8),2012,"label='Revenue (Note 8)' x1,000 sheet=869.507"
balance_sheet,CashCashEquivalentsAndShortTermInvestments,2010,derived,21528000.0,,PASS,,,identities clean
balance_sheet,CurrentDebtAndCapitalLeaseObligation,2010,derived,96.0,,PASS,,,identities clean
balance_sheet,LongTermDebtAndCapitalLeaseObligation,2010,derived,22785.0,,PASS,,,identities clean
balance_sheet,OtherCurrentLiabilities,2010,derived,127446348.0,,PASS,,,identities clean
balance_sheet,Receivables,2010,derived,35323000.0,,PASS,,,identities clean
balance_sheet,TotalEquityGrossMinorityInterest,2010,derived,70165000.0,,PASS,,,identities clean
cash_flow,CapitalExpenditure,2010,derived,-10487000.0,,PASS,,,identities clean
cash_flow,FreeCashFlow,2010,derived,23857000.0,,PASS,,,identities clean
cash_flow,NetIncomeFromContinuingOperations,2010,derived,8671.0,,PASS,,,identities clean
cash_flow,NetIssuancePaymentsOfDebt,2010,derived,2369.0,,PASS,,,identities clean
income_statement,DilutedAverageShares,2010,derived,11813.0,,PASS,,,identities clean
income_statement,EBIT,2010,derived,-909357.0,,PASS,,,identities clean
income_statement,EBITDA,2010,derived,-909357.0,,PASS,,,identities clean
income_statement,NetIncomeContinuousOperations,2010,derived,8671.0,,PASS,,,identities clean
balance_sheet,AccountsPayable,2011,mapped,32279000.0,32279,PASS,Trade and other payables (Note 23),2013,"label='Trade and other payables (Note 23)' x1,000 sheet=32.279"
balance_sheet,AccountsReceivable,2011,mapped,42448000.0,42448,PASS,Trade and other receivables (Note 17),2013,"label='Trade and other receivables (Note 17)' x1,000 sheet=42.448"
balance_sheet,AccumulatedDepreciation,2011,absent_on_face,0.0,,PASS,,,no face/notes hit
balance_sheet,AdditionalPaidInCapital,2011,mapped,3918000.0,3918,PASS,"Contributed surplus 3,918",2012,"label='Contributed surplus 3,918' x1,000 sheet=3.918"
balance_sheet,BuildingsAndImprovements,2011,absent_on_face,0.0,,PASS,,,no face/notes hit
balance_sheet,CashAndCashEquivalents,2011,mapped,53641000.0,53641,PASS,Cash and cash equivalents (Note 16),2013,"label='Cash and cash equivalents (Note 16)' x1,000 sheet=53.641"
balance_sheet,CommonStock,2011,None,190435000.0,,SUSPECT,,,unexpected match_kind=None
balance_sheet,ConstructionInProgress,2011,absent_on_face,0.0,,PASS,,,no face/notes hit
balance_sheet,CurrentAccruedExpenses,2011,absent_on_face,0.0,,NOTE_ONLY,,,alias 'accrued liabilities' appears only in notes
balance_sheet,CurrentAssets,2011,mapped,234225000.0,234225,PASS,Current assets total,2013,"label='Current assets total' x1,000 sheet=234.225"
balance_sheet,CurrentCapitalLeaseObligation,2011,absent_on_face,0.0,,PASS,,,no face/notes hit
balance_sheet,CurrentDebt,2011,absent_on_face,0.0,,BUG_FACE,Current portion of long-term debt (note 10)                                         277                     96,,zero-filled but concept on FACE (exact): 'Current portion of long-term debt (note 10)                                         277                     96'
balance_sheet,CurrentDebtAndCapitalLeaseObligation,2011,absent_on_face,0.0,,PASS,,,no face/notes hit
balance_sheet,CurrentDeferredLiabilities,2011,absent_on_face,0.0,,PASS,,,no face/notes hit
balance_sheet,CurrentDeferredRevenue,2011,absent_on_face,0.0,,PASS,,,no face/notes hit
balance_sheet,CurrentDeferredTaxesLiabilities,2011,absent_on_face,0.0,,PASS,,,no face/notes hit
balance_sheet,CurrentLiabilities,2011,mapped,189204000.0,189204,PASS,Current liabilities total,2013,"label='Current liabilities total' x1,000 sheet=189.204"
balance_sheet,FinishedGoods,2011,absent_on_face,0.0,,PASS,,,no face/notes hit
balance_sheet,GainsLossesNotAffectingRetainedEarnings,2011,absent_on_face,0.0,,PASS,,,no face/notes hit
balance_sheet,Goodwill,2011,mapped,380000.0,380,PASS,Goodwill,2013,"label='Goodwill' x1,000 sheet=0.380"
balance_sheet,GrossPPE,2011,absent_on_face,0.0,,PASS,,,no face/notes hit
balance_sheet,InventoriesAdjustmentsAllowances,2011,absent_on_face,0.0,,PASS,,,no face/notes hit
balance_sheet,Inventory,2011,mapped,137016000.0,137016,PASS,Inventories (Note 18),2013,"label='Inventories (Note 18)' x1,000 sheet=137.016"
balance_sheet,InvestmentsAndAdvances,2011,absent_on_face,0.0,,PASS,,,no face/notes hit
balance_sheet,LandAndImprovements,2011,absent_on_face,0.0,,PASS,,,no face/notes hit
balance_sheet,LoansReceivable,2011,absent_on_face,0.0,,PASS,,,no face/notes hit
balance_sheet,LongTermCapitalLeaseObligation,2011,absent_on_face,0.0,,PASS,,,no face/notes hit
balance_sheet,LongTermDebt,2011,absent_on_face,0.0,,BUG_FACE,"Long-term debt (note 10)                                                         24,974                   22,785",,"zero-filled but concept on FACE (exact): 'Long-term debt (note 10)                                                         24,974                   22,785'"
balance_sheet,LongTermDebtAndCapitalLeaseObligation,2011,absent_on_face,0.0,,PASS,,,no face/notes hit
balance_sheet,MachineryFurnitureEquipment,2011,absent_on_face,0.0,,NOTE_ONLY,,,alias 'equipment' appears only in notes
balance_sheet,MinorityInterest,2011,absent_on_face,0.0,,NOTE_ONLY,,,alias 'non controlling interest' appears only in notes
balance_sheet,NetPPE,2011,mapped,25975000.0,25975,PASS,Property and equipment (Note 19),2013,"label='Property and equipment (Note 19)' x1,000 sheet=25.975"
balance_sheet,NonCurrentDeferredLiabilities,2011,absent_on_face,0.0,,PASS,,,no face/notes hit
balance_sheet,NonCurrentDeferredRevenue,2011,absent_on_face,0.0,,PASS,,,no face/notes hit
balance_sheet,NonCurrentDeferredTaxesLiabilities,2011,absent_on_face,0.0,,PASS,,,no face/notes hit
balance_sheet,NonCurrentPensionAndOtherPostretirementBenefitPlans,2011,absent_on_face,0.0,,PASS,,,no face/notes hit
balance_sheet,NotesReceivable,2011,absent_on_face,0.0,,PASS,,,no face/notes hit
balance_sheet,OtherCurrentAssets,2011,mapped,1120000.0,1120,PASS,Other current assets,2013,"label='Other current assets' x1,000 sheet=1.120"
balance_sheet,OtherIntangibleAssets,2011,mapped,66181000.0,66181,PASS,Intangible assets (Note 20),2013,"label='Intangible assets (Note 20)' x1,000 sheet=66.181"
balance_sheet,OtherInventories,2011,absent_on_face,0.0,,PASS,,,no face/notes hit
balance_sheet,OtherNonCurrentAssets,2011,mapped,7609000.0,7609,PASS,Other long-term assets (Note 22),2013,"label='Other long-term assets (Note 22)' x1,000 sheet=7.609"
balance_sheet,OtherNonCurrentLiabilities,2011,absent_on_face,0.0,,PASS,,,no face/notes hit
balance_sheet,OtherPayable,2011,absent_on_face,0.0,,PASS,,,no face/notes hit
balance_sheet,OtherReceivables,2011,absent_on_face,0.0,,NOTE_ONLY,,,alias 'other receivables' appears only in notes
balance_sheet,PreferredStock,2011,absent_on_face,0.0,,NOTE_ONLY,,,alias 'preferred shares' appears only in notes
balance_sheet,RawMaterials,2011,absent_on_face,0.0,,PASS,,,no face/notes hit
balance_sheet,ShortTermInvestments,2011,absent_on_face,0.0,,PASS,,,no face/notes hit
balance_sheet,StockholdersEquity,2011,mapped,82374000.0,82374,PASS,equity total,2012,"label='equity total' x1,000 sheet=82.374"
balance_sheet,TotalTaxPayable,2011,absent_on_face,0.0,,PASS,,,no face/notes hit
balance_sheet,TreasuryStock,2011,absent_on_face,0.0,,PASS,,,no face/notes hit
balance_sheet,WorkInProcess,2011,absent_on_face,0.0,,PASS,,,no face/notes hit
cash_flow,AssetImpairmentCharge,2011,absent_on_face,0.0,,PASS,,,no face/notes hit
cash_flow,BeginningCashPosition,2011,mapped,37541000.0,37541,PASS,Cash and cash equivalents at beginning of year,2013,"label='Cash and cash equivalents at beginning of year' x1,000 sheet=37.541"
cash_flow,CashDividendsPaid,2011,mapped,-6163000.0,-6163,PASS,Dividends paid (Note 28),2013,"label='Dividends paid (Note 28)' x1,000 sheet=-6.163"
cash_flow,CashFromDiscontinuedInvestingActivities,2011,absent_on_face,0.0,,PASS,,,no face/notes hit
cash_flow,CashFromDiscontinuedOperatingActivities,2011,absent_on_face,0.0,,PASS,,,no face/notes hit
cash_flow,ChangeInInventory,2011,absent_on_face,0.0,,NOTE_ONLY,,,alias 'inventories' appears only in notes
cash_flow,ChangeInOtherWorkingCapital,2011,absent_on_face,0.0,,PASS,,,no face/notes hit
cash_flow,ChangeInPayablesAndAccruedExpense,2011,absent_on_face,0.0,,NOTE_ONLY,,,alias 'accounts payable and accrued liabilities' appears only in notes
cash_flow,ChangeInPrepaidAssets,2011,absent_on_face,0.0,,NOTE_ONLY,,,alias 'prepaid expenses' appears only in notes
cash_flow,ChangeInReceivables,2011,absent_on_face,0.0,,NOTE_ONLY,,,alias 'accounts receivable' appears only in notes
cash_flow,ChangeInWorkingCapital,2011,mapped,1231000.0,1231,PASS,Net change in non-cash working capital (Note 31),2013,"label='Net change in non-cash working capital (Note 31)' x1,000 sheet=1.231"
cash_flow,ChangesInCash,2011,mapped,16100000.0,16100,PASS,Increase (decrease) in cash,2013,"label='Increase (decrease) in cash' x1,000 sheet=16.100"
cash_flow,DepreciationAmortizationDepletion,2011,absent_on_face,0.0,,PASS,,,no face/notes hit
cash_flow,EffectOfExchangeRateChanges,2011,absent_on_face,0.0,,PASS,,,no face/notes hit
cash_flow,EndCashPosition,2011,mapped,53641000.0,53641,PASS,Cash and cash equivalents at end of year,2013,"label='Cash and cash equivalents at end of year' x1,000 sheet=53.641"
cash_flow,FinancingCashFlow,2011,mapped,-8603000.0,-8603,PASS,Financing activities total,2013,"label='Financing activities total' x1,000 sheet=-8.603"
cash_flow,InvestingCashFlow,2011,mapped,-5324000.0,-5324,PASS,Investing activities total,2013,"label='Investing activities total' x1,000 sheet=-5.324"
cash_flow,IssuanceOfCapitalStock,2011,absent_on_face,0.0,,PASS,,,no face/notes hit
cash_flow,IssuanceOfDebt,2011,absent_on_face,0.0,,BUG_FACE,"Proceeds from long-term debt                                            6,510                               20,286",,"zero-filled but concept on FACE (exact): 'Proceeds from long-term debt                                            6,510                               20,286'"
cash_flow,NetIntangiblesPurchaseAndSale,2011,absent_on_face,0.0,,PASS,,,no face/notes hit
cash_flow,NetIssuancePaymentsOfDebt,2011,absent_on_face,0.0,,PASS,,,no face/notes hit
cash_flow,NetOtherFinancingCharges,2011,absent_on_face,0.0,,PASS,,,no face/notes hit
cash_flow,NetOtherInvestingChanges,2011,absent_on_face,0.0,,PASS,,,no face/notes hit
cash_flow,NetPreferredStockIssuance,2011,absent_on_face,0.0,,PASS,,,no face/notes hit
cash_flow,OtherNonCashItems,2011,absent_on_face,0.0,,PASS,,,no face/notes hit
cash_flow,PurchaseOfBusiness,2011,absent_on_face,0.0,,PASS,,,no face/notes hit
cash_flow,PurchaseOfInvestment,2011,absent_on_face,0.0,,PASS,,,no face/notes hit
cash_flow,PurchaseOfPPE,2011,mapped,-2954000.0,-2954,PASS,Purchases of property and equipment,2013,"label='Purchases of property and equipment' x1,000 sheet=-2.954"
cash_flow,RepaymentOfDebt,2011,absent_on_face,0.0,,BUG_FACE,"Repayment of long-term debt                                              (4,141)                                (22,901)",,"zero-filled but concept on FACE (exact): 'Repayment of long-term debt                                              (4,141)                                (22,901)'"
cash_flow,RepurchaseOfCapitalStock,2011,absent_on_face,0.0,,PASS,,,no face/notes hit
cash_flow,SaleOfInvestment,2011,absent_on_face,0.0,,PASS,,,no face/notes hit
cash_flow,SaleOfPPE,2011,absent_on_face,0.0,,PASS,,,no face/notes hit
cash_flow,StockBasedCompensation,2011,mapped,302000.0,302,PASS,Share-based compensation,2013,"label='Share-based compensation' x1,000 sheet=0.302"
income_statement,BasicEPS,2011,mapped,1.85,1.85,PASS,Basic,2013,label='Basic' sheet=0.000
income_statement,CostOfRevenue,2011,mapped,840165000.0,-840165,PASS,Cost of sales (Note 10),2013,"label='Cost of sales (Note 10)' x1,000 sheet=840.165"
income_statement,DepreciationAmortizationDepletion,2011,absent_on_face,0.0,,PASS,,,no face/notes hit
income_statement,DilutedEPS,2011,mapped,1.85,1.85,PASS,Diluted,2013,label='Diluted' sheet=0.000
income_statement,GrossProfit,2011,mapped,169161000.0,169161,PASS,Gross profit,2013,"label='Gross profit' x1,000 sheet=169.161"
income_statement,InterestExpenseNonOperating,2011,absent_on_face,0.0,,PASS,,,no face/notes hit
income_statement,InterestIncomeNonOperating,2011,mapped,1324000.0,1324,PASS,Finance income (Note 13),2013,"label='Finance income (Note 13)' x1,000 sheet=1.324"
income_statement,MinorityInterests,2011,absent_on_face,0.0,,NOTE_ONLY,,,alias 'non controlling interest' appears only in notes
income_statement,NetIncomeDiscontinuousOperations,2011,absent_on_face,0.0,,PASS,,,no face/notes hit
income_statement,NetNonOperatingInterestIncomeExpense,2011,absent_on_face,0.0,,PASS,,,no face/notes hit
income_statement,OperatingExpense,2011,mapped,136846000.0,-136846,PASS,Operating expenses (Note 11),2013,"label='Operating expenses (Note 11)' x1,000 sheet=136.846"
income_statement,OperatingIncome,2011,mapped,57817000.0,57817,PASS,Operating profit,2013,"label='Operating profit' x1,000 sheet=57.817"
income_statement,OtherIncomeExpense,2011,mapped,32315000.0,32315,PASS,Operating profit before other income,2013,"label='Operating profit before other income' x1,000 sheet=32.315"
income_statement,OtherOperatingExpenses,2011,absent_on_face,0.0,,NOTE_ONLY,,,alias 'office' appears only in notes
income_statement,ResearchAndDevelopment,2011,absent_on_face,0.0,,PASS,,,no face/notes hit
income_statement,SellingGeneralAndAdministration,2011,absent_on_face,0.0,,BUG_FACE,"Selling, general and administrative                                    126,056                             118,141",,"zero-filled but concept on FACE (exact): 'Selling, general and administrative                                    126,056                             118,141'"
income_statement,TaxProvision,2011,mapped,12509000.0,12509,PASS,Income tax (Note 14),2013,"label='Income tax (Note 14)' x1,000 sheet=-12.509"
income_statement,TotalRevenue,2011,mapped,1009326000.0,1.00933e+06,PASS,Revenue (Note 9),2013,"label='Revenue (Note 9)' x1,000 sheet=1,009.326"
balance_sheet,CashCashEquivalentsAndShortTermInvestments,2011,derived,53641000.0,,PASS,,,identities clean
balance_sheet,OtherCurrentLiabilities,2011,derived,156925000.0,,PASS,,,identities clean
balance_sheet,PayablesAndAccruedExpenses,2011,derived,32279000.0,,PASS,,,identities clean
balance_sheet,Receivables,2011,derived,42448000.0,,PASS,,,identities clean
balance_sheet,TotalEquityGrossMinorityInterest,2011,derived,82374000.0,,PASS,,,identities clean
cash_flow,CapitalExpenditure,2011,derived,-2954000.0,,PASS,,,identities clean
cash_flow,FreeCashFlow,2011,derived,27073000.0,,PASS,,,identities clean
balance_sheet,AccountsPayable,2012,mapped,35590000.0,35590,PASS,Trade and other payables (Note 24),2014,"label='Trade and other payables (Note 24)' x1,000 sheet=35.590"
balance_sheet,AccountsReceivable,2012,mapped,47944000.0,47944,PASS,Trade and other receivables (Note 18),2014,"label='Trade and other receivables (Note 18)' x1,000 sheet=47.944"
balance_sheet,AccumulatedDepreciation,2012,absent_on_face,0.0,,NOTE_ONLY,,,alias 'accumulated depreciation' appears only in notes
balance_sheet,AdditionalPaidInCapital,2012,absent_on_face,0.0,,BUG_FACE,"Contributed surplus                                                       3,918           3,918           3,918",,"zero-filled but concept on FACE (exact): 'Contributed surplus                                                       3,918           3,918           3,918'"
balance_sheet,BuildingsAndImprovements,2012,absent_on_face,0.0,,PASS,,,no face/notes hit
balance_sheet,CashAndCashEquivalents,2012,mapped,34472000.0,34472,PASS,Cash and cash equivalents (Note 17),2014,"label='Cash and cash equivalents (Note 17)' x1,000 sheet=34.472"
balance_sheet,CommonStock,2012,absent_on_face,0.0,,NOTE_ONLY,,,alias 'common shares' appears only in notes
balance_sheet,ConstructionInProgress,2012,absent_on_face,0.0,,PASS,,,no face/notes hit
balance_sheet,CurrentAccruedExpenses,2012,absent_on_face,0.0,,NOTE_ONLY,,,alias 'accrued liabilities' appears only in notes
balance_sheet,CurrentAssets,2012,mapped,292637000.0,292637,PASS,Current assets total,2014,"label='Current assets total' x1,000 sheet=292.637"
balance_sheet,CurrentCapitalLeaseObligation,2012,absent_on_face,0.0,,PASS,,,no face/notes hit
balance_sheet,CurrentDebt,2012,absent_on_face,0.0,,NOTE_ONLY,,,alias 'current portion of long term debt' appears only in notes
balance_sheet,CurrentDebtAndCapitalLeaseObligation,2012,absent_on_face,0.0,,PASS,,,no face/notes hit
balance_sheet,CurrentDeferredLiabilities,2012,absent_on_face,0.0,,PASS,,,no face/notes hit
balance_sheet,CurrentDeferredRevenue,2012,absent_on_face,0.0,,PASS,,,no face/notes hit
balance_sheet,CurrentDeferredTaxesLiabilities,2012,absent_on_face,0.0,,PASS,,,no face/notes hit
balance_sheet,CurrentLiabilities,2012,mapped,247116000.0,247116,PASS,Current liabilities total,2014,"label='Current liabilities total' x1,000 sheet=247.116"
balance_sheet,FinishedGoods,2012,absent_on_face,0.0,,PASS,,,no face/notes hit
balance_sheet,GainsLossesNotAffectingRetainedEarnings,2012,absent_on_face,0.0,,PASS,,,no face/notes hit
balance_sheet,Goodwill,2012,mapped,380000.0,380,PASS,Goodwill (Note 21),2014,"label='Goodwill (Note 21)' x1,000 sheet=0.380"
balance_sheet,GrossPPE,2012,absent_on_face,0.0,,PASS,,,no face/notes hit
balance_sheet,InventoriesAdjustmentsAllowances,2012,absent_on_face,0.0,,PASS,,,no face/notes hit
balance_sheet,Inventory,2012,mapped,199119000.0,199119,PASS,Inventories (Note 19),2014,"label='Inventories (Note 19)' x1,000 sheet=199.119"
balance_sheet,InvestmentsAndAdvances,2012,absent_on_face,0.0,,NOTE_ONLY,,,alias 'investments' appears only in notes
balance_sheet,LandAndImprovements,2012,absent_on_face,0.0,,PASS,,,no face/notes hit
balance_sheet,LoansReceivable,2012,absent_on_face,0.0,,PASS,,,no face/notes hit
balance_sheet,LongTermCapitalLeaseObligation,2012,absent_on_face,0.0,,PASS,,,no face/notes hit
balance_sheet,LongTermDebt,2012,absent_on_face,0.0,,NOTE_ONLY,,,alias 'long term debt' appears only in notes
balance_sheet,LongTermDebtAndCapitalLeaseObligation,2012,absent_on_face,0.0,,PASS,,,no face/notes hit
balance_sheet,MachineryFurnitureEquipment,2012,absent_on_face,0.0,,NOTE_ONLY,,,alias 'equipment' appears only in notes
balance_sheet,MinorityInterest,2012,absent_on_face,0.0,,PASS,,,no face/notes hit
balance_sheet,NetPPE,2012,mapped,38513000.0,38513,PASS,Property and equipment (Note 20),2014,"label='Property and equipment (Note 20)' x1,000 sheet=38.513"
balance_sheet,NonCurrentDeferredLiabilities,2012,absent_on_face,0.0,,PASS,,,no face/notes hit
balance_sheet,NonCurrentDeferredRevenue,2012,absent_on_face,0.0,,PASS,,,no face/notes hit
balance_sheet,NonCurrentDeferredTaxesLiabilities,2012,absent_on_face,0.0,,NOTE_ONLY,,,alias 'deferred tax liabilities' appears only in notes
balance_sheet,NonCurrentPensionAndOtherPostretirementBenefitPlans,2012,absent_on_face,0.0,,PASS,,,no face/notes hit
balance_sheet,NotesReceivable,2012,absent_on_face,0.0,,PASS,,,no face/notes hit
balance_sheet,OtherCurrentAssets,2012,mapped,1102000.0,1102,PASS,Other current assets,2014,"label='Other current assets' x1,000 sheet=1.102"
balance_sheet,OtherIntangibleAssets,2012,mapped,66403000.0,66403,PASS,Intangible assets (Note 21),2014,"label='Intangible assets (Note 21)' x1,000 sheet=66.403"
balance_sheet,OtherInventories,2012,absent_on_face,0.0,,PASS,,,no face/notes hit
balance_sheet,OtherNonCurrentAssets,2012,mapped,7699000.0,7699,PASS,Other long-term assets (Note 23),2014,"label='Other long-term assets (Note 23)' x1,000 sheet=7.699"
balance_sheet,OtherNonCurrentLiabilities,2012,absent_on_face,0.0,,PASS,,,no face/notes hit
balance_sheet,OtherPayable,2012,absent_on_face,0.0,,NOTE_ONLY,,,alias 'other payable' appears only in notes
balance_sheet,OtherReceivables,2012,absent_on_face,0.0,,NOTE_ONLY,,,alias 'other receivables' appears only in notes
balance_sheet,PreferredStock,2012,absent_on_face,0.0,,PASS,,,no face/notes hit
balance_sheet,RawMaterials,2012,absent_on_face,0.0,,PASS,,,no face/notes hit
balance_sheet,ShortTermInvestments,2012,absent_on_face,0.0,,PASS,,,no face/notes hit
balance_sheet,TotalTaxPayable,2012,absent_on_face,0.0,,PASS,,,no face/notes hit
balance_sheet,TreasuryStock,2012,absent_on_face,0.0,,PASS,,,no face/notes hit
balance_sheet,WorkInProcess,2012,absent_on_face,0.0,,PASS,,,no face/notes hit
cash_flow,AssetImpairmentCharge,2012,absent_on_face,0.0,,NOTE_ONLY,,,alias 'asset impairment charge' appears only in notes
cash_flow,BeginningCashPosition,2012,mapped,53641000.0,53641,PASS,Cash and cash equivalents at beginning of year,2014,"label='Cash and cash equivalents at beginning of year' x1,000 sheet=53.641"
cash_flow,CashDividendsPaid,2012,mapped,-12301000.0,-12301,PASS,Dividends paid (Note 29),2014,"label='Dividends paid (Note 29)' x1,000 sheet=-12.301"
cash_flow,CashFromDiscontinuedInvestingActivities,2012,absent_on_face,0.0,,PASS,,,no face/notes hit
cash_flow,CashFromDiscontinuedOperatingActivities,2012,absent_on_face,0.0,,PASS,,,no face/notes hit
cash_flow,ChangeInInventory,2012,absent_on_face,0.0,,NOTE_ONLY,,,alias 'inventories' appears only in notes
cash_flow,ChangeInOtherWorkingCapital,2012,absent_on_face,0.0,,PASS,,,no face/notes hit
cash_flow,ChangeInPayablesAndAccruedExpense,2012,absent_on_face,0.0,,NOTE_ONLY,,,alias 'accounts payable and accrued liabilities' appears only in notes
cash_flow,ChangeInPrepaidAssets,2012,absent_on_face,0.0,,NOTE_ONLY,,,alias 'prepaid expenses' appears only in notes
cash_flow,ChangeInReceivables,2012,absent_on_face,0.0,,NOTE_ONLY,,,alias 'accounts receivable' appears only in notes
cash_flow,ChangeInWorkingCapital,2012,mapped,-12392000.0,-12392,PASS,Net change in non-cash working capital (Note 32),2014,"label='Net change in non-cash working capital (Note 32)' x1,000 sheet=-12.392"
cash_flow,ChangesInCash,2012,mapped,-19168000.0,-19168,PASS,Increase (decrease) in cash,2014,"label='Increase (decrease) in cash' x1,000 sheet=-19.168"
cash_flow,DepreciationAmortizationDepletion,2012,absent_on_face,0.0,,PASS,,,no face/notes hit
cash_flow,EffectOfExchangeRateChanges,2012,absent_on_face,0.0,,PASS,,,no face/notes hit
cash_flow,EndCashPosition,2012,mapped,34472000.0,34472,PASS,Cash and cash equivalents at end of year,2014,"label='Cash and cash equivalents at end of year' x1,000 sheet=34.472"
cash_flow,FinancingCashFlow,2012,mapped,-9344000.0,-9344,PASS,Financing activities total,2014,"label='Financing activities total' x1,000 sheet=-9.344"
cash_flow,InvestingCashFlow,2012,mapped,-30897000.0,-30897,PASS,Investing activities total,2014,"label='Investing activities total' x1,000 sheet=-30.897"
cash_flow,IssuanceOfCapitalStock,2012,absent_on_face,0.0,,PASS,,,no face/notes hit
cash_flow,IssuanceOfDebt,2012,absent_on_face,0.0,,NOTE_ONLY,,,alias 'issuance of debt' appears only in notes
cash_flow,NetIncomeFromContinuingOperations,2012,mapped,24236000.0,24236,PASS,Net income,2014,"label='Net income' x1,000 sheet=24.236"
cash_flow,NetIntangiblesPurchaseAndSale,2012,absent_on_face,0.0,,PASS,,,no face/notes hit
cash_flow,NetIssuancePaymentsOfDebt,2012,absent_on_face,0.0,,PASS,,,no face/notes hit
cash_flow,NetOtherFinancingCharges,2012,absent_on_face,0.0,,PASS,,,no face/notes hit
cash_flow,NetOtherInvestingChanges,2012,absent_on_face,0.0,,PASS,,,no face/notes hit
cash_flow,NetPreferredStockIssuance,2012,absent_on_face,0.0,,PASS,,,no face/notes hit
cash_flow,OtherNonCashItems,2012,absent_on_face,0.0,,PASS,,,no face/notes hit
cash_flow,PurchaseOfBusiness,2012,absent_on_face,0.0,,PASS,,,no face/notes hit
cash_flow,PurchaseOfInvestment,2012,absent_on_face,0.0,,PASS,,,no face/notes hit
cash_flow,PurchaseOfPPE,2012,mapped,-16069000.0,-16069,PASS,Purchases of property and equipment (Note 20),2014,"label='Purchases of property and equipment (Note 20)' x1,000 sheet=-16.069"
cash_flow,RepaymentOfDebt,2012,absent_on_face,0.0,,NOTE_ONLY,,,alias 'repayment of debt' appears only in notes
cash_flow,RepurchaseOfCapitalStock,2012,absent_on_face,0.0,,PASS,,,no face/notes hit
cash_flow,SaleOfInvestment,2012,absent_on_face,0.0,,PASS,,,no face/notes hit
cash_flow,SaleOfPPE,2012,absent_on_face,0.0,,PASS,,,no face/notes hit
cash_flow,StockBasedCompensation,2012,mapped,739000.0,739,PASS,Share-based compensation,2013,"label='Share-based compensation' x1,000 sheet=0.739"
income_statement,BasicEPS,2012,mapped,1.222,1.222,PASS,Basic,2014,label='Basic' sheet=0.000
income_statement,CostOfRevenue,2012,mapped,911473000.0,-911473,PASS,Cost of sales (Note 9),2014,"label='Cost of sales (Note 9)' x1,000 sheet=911.473"
income_statement,DepreciationAmortizationDepletion,2012,absent_on_face,0.0,,PASS,,,no face/notes hit
income_statement,DilutedEPS,2012,mapped,1.222,1.222,PASS,Diluted,2014,label='Diluted' sheet=0.000
income_statement,GrossProfit,2012,mapped,190429000.0,190429,PASS,Gross profit,2014,"label='Gross profit' x1,000 sheet=190.429"
income_statement,InterestExpenseNonOperating,2012,absent_on_face,0.0,,PASS,,,no face/notes hit
income_statement,InterestIncomeNonOperating,2012,mapped,1973000.0,1973,PASS,Finance income (Note 12),2014,"label='Finance income (Note 12)' x1,000 sheet=1.973"
income_statement,MinorityInterests,2012,absent_on_face,0.0,,PASS,,,no face/notes hit
income_statement,NetIncomeDiscontinuousOperations,2012,absent_on_face,0.0,,PASS,,,no face/notes hit
income_statement,NetNonOperatingInterestIncomeExpense,2012,absent_on_face,0.0,,PASS,,,no face/notes hit
income_statement,OperatingExpense,2012,mapped,149140000.0,-149140,PASS,Operating expenses (Note 10),2014,"label='Operating expenses (Note 10)' x1,000 sheet=149.140"
income_statement,OperatingIncome,2012,mapped,41884000.0,41884,PASS,Operating profit,2014,"label='Operating profit' x1,000 sheet=41.884"
income_statement,OtherIncomeExpense,2012,mapped,41289000.0,41289,PASS,Operating profit before other income,2014,"label='Operating profit before other income' x1,000 sheet=41.289"
income_statement,OtherOperatingExpenses,2012,absent_on_face,0.0,,NOTE_ONLY,,,alias 'office' appears only in notes
income_statement,ResearchAndDevelopment,2012,absent_on_face,0.0,,PASS,,,no face/notes hit
income_statement,SellingGeneralAndAdministration,2012,absent_on_face,0.0,,NOTE_ONLY,,,alias 'selling general and administrative' appears only in notes
income_statement,TaxProvision,2012,mapped,8576000.0,8576,PASS,Income tax (Note 13),2014,"label='Income tax (Note 13)' x1,000 sheet=-8.576"
income_statement,TotalRevenue,2012,mapped,1101902000.0,1.1019e+06,PASS,Revenue (Note 8),2014,"label='Revenue (Note 8)' x1,000 sheet=1,101.902"
balance_sheet,CashCashEquivalentsAndShortTermInvestments,2012,derived,34472000.0,,PASS,,,identities clean
balance_sheet,OtherCurrentLiabilities,2012,derived,211526000.0,,PASS,,,identities clean
balance_sheet,PayablesAndAccruedExpenses,2012,derived,35590000.0,,PASS,,,identities clean
balance_sheet,Receivables,2012,derived,47944000.0,,PASS,,,identities clean
cash_flow,CapitalExpenditure,2012,derived,-16069000.0,,PASS,,,identities clean
cash_flow,FreeCashFlow,2012,derived,5004000.0,,PASS,,,identities clean
income_statement,DilutedAverageShares,2012,derived,19833061.0,,PASS,,,identities clean
income_statement,EBIT,2012,derived,30839000.0,,PASS,,,identities clean
income_statement,EBITDA,2012,derived,30839000.0,,PASS,,,identities clean
income_statement,NetIncome,2012,derived,24236000.0,,PASS,,,identities clean
income_statement,NetIncomeContinuousOperations,2012,derived,24236000.0,,PASS,,,identities clean
income_statement,PretaxIncome,2012,derived,32812000.0,,PASS,,,identities clean
balance_sheet,AccountsPayable,2013,mapped,50428000.0,50428,PASS,Trade and other payables (Note 25),2015,"label='Trade and other payables (Note 25)' x1,000 sheet=50.428"
balance_sheet,AccountsReceivable,2013,mapped,57771000.0,57771,PASS,Trade and other receivables (Note 18),2015,"label='Trade and other receivables (Note 18)' x1,000 sheet=57.771"
balance_sheet,AccumulatedDepreciation,2013,absent_on_face,0.0,,NOTE_ONLY,,,alias 'accumulated depreciation' appears only in notes
balance_sheet,AdditionalPaidInCapital,2013,absent_on_face,0.0,,NOTE_ONLY,,,alias 'reserves' appears only in notes
balance_sheet,BuildingsAndImprovements,2013,absent_on_face,0.0,,PASS,,,no face/notes hit
balance_sheet,CashAndCashEquivalents,2013,mapped,35113000.0,35113,PASS,Cash and cash equivalents (Note 17),2015,"label='Cash and cash equivalents (Note 17)' x1,000 sheet=35.113"
balance_sheet,CommonStock,2013,absent_on_face,0.0,,NOTE_ONLY,,,alias 'common shares' appears only in notes
balance_sheet,ConstructionInProgress,2013,absent_on_face,0.0,,PASS,,,no face/notes hit
balance_sheet,CurrentAccruedExpenses,2013,absent_on_face,0.0,,NOTE_ONLY,,,alias 'accrued liabilities' appears only in notes
balance_sheet,CurrentAssets,2013,mapped,372578000.0,372578,PASS,Current assets total,2015,"label='Current assets total' x1,000 sheet=372.578"
balance_sheet,CurrentCapitalLeaseObligation,2013,absent_on_face,0.0,,PASS,,,no face/notes hit
balance_sheet,CurrentDebt,2013,absent_on_face,0.0,,NOTE_ONLY,,,alias 'current portion of long term debt' appears only in notes
balance_sheet,CurrentDebtAndCapitalLeaseObligation,2013,absent_on_face,0.0,,PASS,,,no face/notes hit
balance_sheet,CurrentDeferredLiabilities,2013,absent_on_face,0.0,,PASS,,,no face/notes hit
balance_sheet,CurrentDeferredRevenue,2013,absent_on_face,0.0,,PASS,,,no face/notes hit
balance_sheet,CurrentDeferredTaxesLiabilities,2013,absent_on_face,0.0,,PASS,,,no face/notes hit
balance_sheet,CurrentLiabilities,2013,mapped,323776000.0,323776,PASS,Current liabilities total,2015,"label='Current liabilities total' x1,000 sheet=323.776"
balance_sheet,FinishedGoods,2013,absent_on_face,0.0,,PASS,,,no face/notes hit
balance_sheet,GainsLossesNotAffectingRetainedEarnings,2013,absent_on_face,0.0,,PASS,,,no face/notes hit
balance_sheet,Goodwill,2013,mapped,6672000.0,6672,PASS,Goodwill (Note 22),2015,"label='Goodwill (Note 22)' x1,000 sheet=6.672"
balance_sheet,GrossPPE,2013,absent_on_face,0.0,,PASS,,,no face/notes hit
balance_sheet,InventoriesAdjustmentsAllowances,2013,absent_on_face,0.0,,PASS,,,no face/notes hit
balance_sheet,Inventory,2013,mapped,278091000.0,278091,PASS,Inventories (Note 19),2015,"label='Inventories (Note 19)' x1,000 sheet=278.091"
balance_sheet,InvestmentsAndAdvances,2013,absent_on_face,0.0,,NOTE_ONLY,,,alias 'investments' appears only in notes
balance_sheet,LandAndImprovements,2013,absent_on_face,0.0,,PASS,,,no face/notes hit
balance_sheet,LoansReceivable,2013,absent_on_face,0.0,,PASS,,,no face/notes hit
balance_sheet,LongTermCapitalLeaseObligation,2013,absent_on_face,0.0,,PASS,,,no face/notes hit
balance_sheet,LongTermDebt,2013,absent_on_face,0.0,,NOTE_ONLY,,,alias 'long term debt' appears only in notes
balance_sheet,LongTermDebtAndCapitalLeaseObligation,2013,absent_on_face,0.0,,PASS,,,no face/notes hit
balance_sheet,MachineryFurnitureEquipment,2013,absent_on_face,0.0,,NOTE_ONLY,,,alias 'equipment' appears only in notes
balance_sheet,MinorityInterest,2013,absent_on_face,0.0,,PASS,,,no face/notes hit
balance_sheet,NetPPE,2013,mapped,122915000.0,122915,PASS,Property and equipment (Note 21),2015,"label='Property and equipment (Note 21)' x1,000 sheet=122.915"
balance_sheet,NonCurrentDeferredLiabilities,2013,absent_on_face,0.0,,PASS,,,no face/notes hit
balance_sheet,NonCurrentDeferredRevenue,2013,absent_on_face,0.0,,PASS,,,no face/notes hit
balance_sheet,NonCurrentDeferredTaxesLiabilities,2013,absent_on_face,0.0,,NOTE_ONLY,,,alias 'deferred tax liabilities' appears only in notes
balance_sheet,NonCurrentPensionAndOtherPostretirementBenefitPlans,2013,absent_on_face,0.0,,PASS,,,no face/notes hit
balance_sheet,NotesReceivable,2013,absent_on_face,0.0,,PASS,,,no face/notes hit
balance_sheet,OtherCurrentAssets,2013,mapped,1603000.0,1603,PASS,Other current assets,2015,"label='Other current assets' x1,000 sheet=1.603"
balance_sheet,OtherIntangibleAssets,2013,mapped,96985000.0,96985,PASS,Intangible assets (Note 22),2015,"label='Intangible assets (Note 22)' x1,000 sheet=96.985"
balance_sheet,OtherInventories,2013,absent_on_face,0.0,,PASS,,,no face/notes hit
balance_sheet,OtherNonCurrentAssets,2013,mapped,6797000.0,6797,PASS,Other long-term assets (Note 24),2015,"label='Other long-term assets (Note 24)' x1,000 sheet=6.797"
balance_sheet,OtherNonCurrentLiabilities,2013,absent_on_face,0.0,,PASS,,,no face/notes hit
balance_sheet,OtherPayable,2013,absent_on_face,0.0,,NOTE_ONLY,,,alias 'other payable' appears only in notes
balance_sheet,OtherReceivables,2013,absent_on_face,0.0,,NOTE_ONLY,,,alias 'other receivables' appears only in notes
balance_sheet,PreferredStock,2013,absent_on_face,0.0,,PASS,,,no face/notes hit
balance_sheet,RawMaterials,2013,absent_on_face,0.0,,PASS,,,no face/notes hit
balance_sheet,ShortTermInvestments,2013,absent_on_face,0.0,,PASS,,,no face/notes hit
balance_sheet,StockholdersEquity,2013,mapped,190242000.0,190242,PASS,equity total,2015,"label='equity total' x1,000 sheet=190.242"
balance_sheet,TotalTaxPayable,2013,absent_on_face,0.0,,PASS,,,no face/notes hit
balance_sheet,TreasuryStock,2013,absent_on_face,0.0,,NOTE_ONLY,,,alias 'treasury shares' appears only in notes
balance_sheet,WorkInProcess,2013,absent_on_face,0.0,,PASS,,,no face/notes hit
cash_flow,AssetImpairmentCharge,2013,absent_on_face,0.0,,NOTE_ONLY,,,alias 'asset impairment charge' appears only in notes
cash_flow,BeginningCashPosition,2013,mapped,34472000.0,34472,PASS,Cash and cash equivalents at beginning of year (Note 17),2015,"label='Cash and cash equivalents at beginning of year (Note 17)' x1,000 sheet=34.472"
cash_flow,CashDividendsPaid,2013,mapped,-16197000.0,-16197,PASS,Dividends paid (Note 30),2015,"label='Dividends paid (Note 30)' x1,000 sheet=-16.197"
cash_flow,CashFromDiscontinuedInvestingActivities,2013,absent_on_face,0.0,,PASS,,,no face/notes hit
cash_flow,CashFromDiscontinuedOperatingActivities,2013,absent_on_face,0.0,,PASS,,,no face/notes hit
cash_flow,ChangeInInventory,2013,absent_on_face,0.0,,NOTE_ONLY,,,alias 'inventories' appears only in notes
cash_flow,ChangeInOtherWorkingCapital,2013,absent_on_face,0.0,,PASS,,,no face/notes hit
cash_flow,ChangeInPayablesAndAccruedExpense,2013,absent_on_face,0.0,,NOTE_ONLY,,,alias 'accounts payable and accrued liabilities' appears only in notes
cash_flow,ChangeInPrepaidAssets,2013,absent_on_face,0.0,,NOTE_ONLY,,,alias 'prepaid expenses' appears only in notes
cash_flow,ChangeInReceivables,2013,absent_on_face,0.0,,NOTE_ONLY,,,alias 'accounts receivable' appears only in notes
cash_flow,ChangeInWorkingCapital,2013,mapped,-9968000.0,-9968,PASS,Net change in non-cash working capital (Note 33),2015,"label='Net change in non-cash working capital (Note 33)' x1,000 sheet=-9.968"
cash_flow,ChangesInCash,2013,mapped,641000.0,641,PASS,Increase in cash,2015,"label='Increase in cash' x1,000 sheet=0.641"
cash_flow,DepreciationAmortizationDepletion,2013,absent_on_face,0.0,,PASS,,,no face/notes hit
cash_flow,EffectOfExchangeRateChanges,2013,absent_on_face,0.0,,PASS,,,no face/notes hit
cash_flow,EndCashPosition,2013,mapped,35113000.0,35113,PASS,Cash and cash equivalents at end of year (Note 17),2015,"label='Cash and cash equivalents at end of year (Note 17)' x1,000 sheet=35.113"
cash_flow,FinancingCashFlow,2013,mapped,86631000.0,86631,PASS,Financing activities total,2015,"label='Financing activities total' x1,000 sheet=86.631"
cash_flow,InvestingCashFlow,2013,mapped,-123975000.0,-123975,PASS,Investing activities total,2015,"label='Investing activities total' x1,000 sheet=-123.975"
cash_flow,IssuanceOfCapitalStock,2013,absent_on_face,0.0,,PASS,,,no face/notes hit
cash_flow,IssuanceOfDebt,2013,absent_on_face,0.0,,PASS,,,no face/notes hit
cash_flow,NetIncomeFromContinuingOperations,2013,mapped,38166000.0,38166,PASS,Net income,2014,"label='Net income' x1,000 sheet=38.166"
cash_flow,NetIntangiblesPurchaseAndSale,2013,absent_on_face,0.0,,PASS,,,no face/notes hit
cash_flow,NetIssuancePaymentsOfDebt,2013,absent_on_face,0.0,,PASS,,,no face/notes hit
cash_flow,NetOtherFinancingCharges,2013,absent_on_face,0.0,,PASS,,,no face/notes hit
cash_flow,NetOtherInvestingChanges,2013,absent_on_face,0.0,,PASS,,,no face/notes hit
cash_flow,NetPreferredStockIssuance,2013,absent_on_face,0.0,,PASS,,,no face/notes hit
cash_flow,OtherNonCashItems,2013,absent_on_face,0.0,,PASS,,,no face/notes hit
cash_flow,PurchaseOfBusiness,2013,mapped,-65368000.0,-65368,PASS,"Business acquisitions, net of cash acquired (Note 13)",2015,"label='Business acquisitions, net of cash acquired (Note 13)' x1,000 sheet=-65.368"
cash_flow,PurchaseOfInvestment,2013,absent_on_face,0.0,,PASS,,,no face/notes hit
cash_flow,PurchaseOfPPE,2013,mapped,-67105000.0,-67105,PASS,Purchases of property and equipment (Note 21),2015,"label='Purchases of property and equipment (Note 21)' x1,000 sheet=-67.105"
cash_flow,RepaymentOfDebt,2013,absent_on_face,0.0,,NOTE_ONLY,,,alias 'repayment of debt' appears only in notes
cash_flow,RepurchaseOfCapitalStock,2013,absent_on_face,0.0,,PASS,,,no face/notes hit
cash_flow,SaleOfInvestment,2013,absent_on_face,0.0,,PASS,,,no face/notes hit
cash_flow,SaleOfPPE,2013,absent_on_face,0.0,,PASS,,,no face/notes hit
cash_flow,StockBasedCompensation,2013,absent_on_face,0.0,,BUG_FACE,Share-based compensation                                                                739          302,,zero-filled but concept on FACE (exact): 'Share-based compensation                                                                739          302'
income_statement,BasicEPS,2013,mapped,1.829,1.829,PASS,Basic,2014,label='Basic' sheet=0.000
income_statement,CostOfRevenue,2013,mapped,1163005000.0,-1.163e+06,PASS,Cost of sales (Note 8),2015,"label='Cost of sales (Note 8)' x1,000 sheet=1,163.005"
income_statement,DepreciationAmortizationDepletion,2013,absent_on_face,0.0,,PASS,,,no face/notes hit
income_statement,DilutedEPS,2013,mapped,1.829,1.829,PASS,Diluted,2014,label='Diluted' sheet=0.000
income_statement,GrossProfit,2013,mapped,246035000.0,246035,PASS,Gross profit,2015,"label='Gross profit' x1,000 sheet=246.035"
income_statement,InterestExpenseNonOperating,2013,absent_on_face,0.0,,PASS,,,no face/notes hit
income_statement,InterestIncomeNonOperating,2013,mapped,1187000.0,1187,PASS,Finance income (Note 11),2015,"label='Finance income (Note 11)' x1,000 sheet=1.187"
income_statement,MinorityInterests,2013,absent_on_face,0.0,,PASS,,,no face/notes hit
income_statement,NetIncomeDiscontinuousOperations,2013,absent_on_face,0.0,,PASS,,,no face/notes hit
income_statement,NetNonOperatingInterestIncomeExpense,2013,absent_on_face,0.0,,PASS,,,no face/notes hit
income_statement,OperatingExpense,2013,mapped,188519000.0,-188519,PASS,Operating expenses (Note 9),2015,"label='Operating expenses (Note 9)' x1,000 sheet=188.519"
income_statement,OperatingIncome,2013,mapped,60293000.0,60293,PASS,Operating profit,2015,"label='Operating profit' x1,000 sheet=60.293"
income_statement,OtherIncomeExpense,2013,mapped,57516000.0,57516,PASS,Operating profit before other income (expense),2015,"label='Operating profit before other income (expense)' x1,000 sheet=57.516"
income_statement,OtherOperatingExpenses,2013,absent_on_face,0.0,,NOTE_ONLY,,,alias 'office' appears only in notes
income_statement,ResearchAndDevelopment,2013,absent_on_face,0.0,,PASS,,,no face/notes hit
income_statement,SellingGeneralAndAdministration,2013,absent_on_face,0.0,,NOTE_ONLY,,,alias 'selling general and administrative' appears only in notes
income_statement,TaxProvision,2013,mapped,13696000.0,13696,PASS,Income tax (Note 12),2015,"label='Income tax (Note 12)' x1,000 sheet=-13.696"
income_statement,TotalRevenue,2013,mapped,1409040000.0,1.40904e+06,PASS,Revenue (Note 7),2015,"label='Revenue (Note 7)' x1,000 sheet=1,409.040"
balance_sheet,CashCashEquivalentsAndShortTermInvestments,2013,derived,35113000.0,,PASS,,,identities clean
balance_sheet,OtherCurrentLiabilities,2013,derived,273348000.0,,PASS,,,identities clean
balance_sheet,PayablesAndAccruedExpenses,2013,derived,50428000.0,,PASS,,,identities clean
balance_sheet,Receivables,2013,derived,57771000.0,,PASS,,,identities clean
balance_sheet,TotalEquityGrossMinorityInterest,2013,derived,190242000.0,,PASS,,,identities clean
cash_flow,CapitalExpenditure,2013,derived,-67105000.0,,PASS,,,identities clean
cash_flow,FreeCashFlow,2013,derived,-29120000.0,,PASS,,,identities clean
income_statement,DilutedAverageShares,2013,derived,20867141.0,,PASS,,,identities clean
income_statement,EBIT,2013,derived,50675000.0,,PASS,,,identities clean
income_statement,EBITDA,2013,derived,50675000.0,,PASS,,,identities clean
income_statement,NetIncome,2013,derived,38166000.0,,PASS,,,identities clean
income_statement,NetIncomeContinuousOperations,2013,derived,38166000.0,,PASS,,,identities clean
income_statement,PretaxIncome,2013,derived,51862000.0,,PASS,,,identities clean
balance_sheet,AccountsPayable,2014,mapped,82670000.0,82670,PASS,Trade and other payables (Note 27),2016,"label='Trade and other payables (Note 27)' x1,000 sheet=82.670"
balance_sheet,AccountsReceivable,2014,mapped,92138000.0,92138,PASS,Trade and other receivables (Note 19),2016,"label='Trade and other receivables (Note 19)' x1,000 sheet=92.138"
balance_sheet,AccumulatedDepreciation,2014,absent_on_face,0.0,,NOTE_ONLY,,,alias 'accumulated depreciation' appears only in notes
balance_sheet,AdditionalPaidInCapital,2014,absent_on_face,0.0,,NOTE_ONLY,,,alias 'reserves' appears only in notes
balance_sheet,BuildingsAndImprovements,2014,absent_on_face,0.0,,PASS,,,no face/notes hit
balance_sheet,CashAndCashEquivalents,2014,mapped,72462000.0,72462,PASS,Cash and cash equivalents (Note 18),2016,"label='Cash and cash equivalents (Note 18)' x1,000 sheet=72.462"
balance_sheet,CommonStock,2014,absent_on_face,0.0,,NOTE_ONLY,,,alias 'common shares' appears only in notes
balance_sheet,ConstructionInProgress,2014,absent_on_face,0.0,,PASS,,,no face/notes hit
balance_sheet,CurrentAccruedExpenses,2014,absent_on_face,0.0,,NOTE_ONLY,,,alias 'accrued liabilities' appears only in notes
balance_sheet,CurrentAssets,2014,mapped,736580000.0,736580,PASS,Current assets total,2016,"label='Current assets total' x1,000 sheet=736.580"
balance_sheet,CurrentCapitalLeaseObligation,2014,absent_on_face,0.0,,PASS,,,no face/notes hit
balance_sheet,CurrentDebt,2014,absent_on_face,0.0,,NOTE_ONLY,,,alias 'credit facility' appears only in notes
balance_sheet,CurrentDebtAndCapitalLeaseObligation,2014,absent_on_face,0.0,,PASS,,,no face/notes hit
balance_sheet,CurrentDeferredLiabilities,2014,absent_on_face,0.0,,PASS,,,no face/notes hit
balance_sheet,CurrentDeferredRevenue,2014,absent_on_face,0.0,,PASS,,,no face/notes hit
balance_sheet,CurrentDeferredTaxesLiabilities,2014,absent_on_face,0.0,,PASS,,,no face/notes hit
balance_sheet,CurrentLiabilities,2014,mapped,636194000.0,636194,PASS,Current liabilities total,2016,"label='Current liabilities total' x1,000 sheet=636.194"
balance_sheet,FinishedGoods,2014,absent_on_face,0.0,,PASS,,,no face/notes hit
balance_sheet,GainsLossesNotAffectingRetainedEarnings,2014,absent_on_face,0.0,,PASS,,,no face/notes hit
balance_sheet,Goodwill,2014,mapped,32852000.0,32852,PASS,Goodwill (Note 24),2016,"label='Goodwill (Note 24)' x1,000 sheet=32.852"
balance_sheet,GrossPPE,2014,absent_on_face,0.0,,PASS,,,no face/notes hit
balance_sheet,InventoriesAdjustmentsAllowances,2014,absent_on_face,0.0,,PASS,,,no face/notes hit
balance_sheet,Inventory,2014,mapped,563277000.0,563277,PASS,Inventories (Note 20),2016,"label='Inventories (Note 20)' x1,000 sheet=563.277"
balance_sheet,InvestmentsAndAdvances,2014,absent_on_face,0.0,,NOTE_ONLY,,,alias 'investments' appears only in notes
balance_sheet,LandAndImprovements,2014,absent_on_face,0.0,,PASS,,,no face/notes hit
balance_sheet,LoansReceivable,2014,absent_on_face,0.0,,PASS,,,no face/notes hit
balance_sheet,LongTermCapitalLeaseObligation,2014,absent_on_face,0.0,,PASS,,,no face/notes hit
balance_sheet,LongTermDebt,2014,absent_on_face,0.0,,NOTE_ONLY,,,alias 'long term debt' appears only in notes
balance_sheet,LongTermDebtAndCapitalLeaseObligation,2014,absent_on_face,0.0,,PASS,,,no face/notes hit
balance_sheet,MachineryFurnitureEquipment,2014,absent_on_face,0.0,,NOTE_ONLY,,,alias 'equipment' appears only in notes
balance_sheet,MinorityInterest,2014,mapped,55028000.0,55028,PASS,Attributable to Non-controlling interests,2016,"label='Attributable to Non-controlling interests' x1,000 sheet=55.028"
balance_sheet,NetPPE,2014,mapped,214938000.0,214938,PASS,Property and equipment (Note 22),2016,"label='Property and equipment (Note 22)' x1,000 sheet=214.938"
balance_sheet,NonCurrentDeferredLiabilities,2014,absent_on_face,0.0,,PASS,,,no face/notes hit
balance_sheet,NonCurrentDeferredRevenue,2014,absent_on_face,0.0,,PASS,,,no face/notes hit
balance_sheet,NonCurrentDeferredTaxesLiabilities,2014,absent_on_face,0.0,,NOTE_ONLY,,,alias 'deferred tax liabilities' appears only in notes
balance_sheet,NonCurrentPensionAndOtherPostretirementBenefitPlans,2014,absent_on_face,0.0,,PASS,,,no face/notes hit
balance_sheet,NotesReceivable,2014,absent_on_face,0.0,,PASS,,,no face/notes hit
balance_sheet,OtherCurrentAssets,2014,mapped,5166000.0,5166,PASS,Other current assets,2016,"label='Other current assets' x1,000 sheet=5.166"
balance_sheet,OtherIntangibleAssets,2014,mapped,356612000.0,356612,PASS,Intangible assets (Note 24),2016,"label='Intangible assets (Note 24)' x1,000 sheet=356.612"
balance_sheet,OtherInventories,2014,absent_on_face,0.0,,PASS,,,no face/notes hit
balance_sheet,OtherNonCurrentAssets,2014,mapped,6713000.0,6713,PASS,Other long-term assets (Note 26),2016,"label='Other long-term assets (Note 26)' x1,000 sheet=6.713"
balance_sheet,OtherNonCurrentLiabilities,2014,absent_on_face,0.0,,PASS,,,no face/notes hit
balance_sheet,OtherPayable,2014,absent_on_face,0.0,,NOTE_ONLY,,,alias 'other payable' appears only in notes
balance_sheet,OtherReceivables,2014,absent_on_face,0.0,,NOTE_ONLY,,,alias 'other receivables' appears only in notes
balance_sheet,PreferredStock,2014,absent_on_face,0.0,,PASS,,,no face/notes hit
balance_sheet,RawMaterials,2014,absent_on_face,0.0,,PASS,,,no face/notes hit
balance_sheet,ShortTermInvestments,2014,absent_on_face,0.0,,PASS,,,no face/notes hit
balance_sheet,StockholdersEquity,2014,mapped,436456000.0,436456,PASS,equity total,2016,"label='equity total' x1,000 sheet=436.456"
balance_sheet,TotalTaxPayable,2014,absent_on_face,0.0,,PASS,,,no face/notes hit
balance_sheet,TreasuryStock,2014,absent_on_face,0.0,,NOTE_ONLY,,,alias 'treasury shares' appears only in notes
balance_sheet,WorkInProcess,2014,absent_on_face,0.0,,PASS,,,no face/notes hit
cash_flow,AssetImpairmentCharge,2014,absent_on_face,0.0,,PASS,,,no face/notes hit
cash_flow,BeginningCashPosition,2014,mapped,35113000.0,35113,PASS,Cash and cash equivalents at beginning of year (Note 18),2016,"label='Cash and cash equivalents at beginning of year (Note 18)' x1,000 sheet=35.113"
cash_flow,CashDividendsPaid,2014,mapped,-21745000.0,-21745,PASS,Dividends paid (Note 32),2016,"label='Dividends paid (Note 32)' x1,000 sheet=-21.745"
cash_flow,CashFromDiscontinuedInvestingActivities,2014,absent_on_face,0.0,,PASS,,,no face/notes hit
cash_flow,CashFromDiscontinuedOperatingActivities,2014,absent_on_face,0.0,,PASS,,,no face/notes hit
cash_flow,ChangeInInventory,2014,absent_on_face,0.0,,NOTE_ONLY,,,alias 'inventories' appears only in notes
cash_flow,ChangeInOtherWorkingCapital,2014,absent_on_face,0.0,,PASS,,,no face/notes hit
cash_flow,ChangeInPayablesAndAccruedExpense,2014,absent_on_face,0.0,,NOTE_ONLY,,,alias 'accounts payable and accrued liabilities' appears only in notes
cash_flow,ChangeInPrepaidAssets,2014,absent_on_face,0.0,,NOTE_ONLY,,,alias 'prepaid expenses' appears only in notes
cash_flow,ChangeInReceivables,2014,absent_on_face,0.0,,NOTE_ONLY,,,alias 'accounts receivable' appears only in notes
cash_flow,ChangeInWorkingCapital,2014,mapped,4339000.0,4339,PASS,Net change in non-cash working capital (Note 35),2016,"label='Net change in non-cash working capital (Note 35)' x1,000 sheet=4.339"
cash_flow,ChangesInCash,2014,mapped,35168000.0,35168,PASS,Net (decrease) increase in cash and cash equivalents,2016,"label='Net (decrease) increase in cash and cash equivalents' x1,000 sheet=35.168"
cash_flow,DepreciationAmortizationDepletion,2014,absent_on_face,0.0,,PASS,,,no face/notes hit
cash_flow,EffectOfExchangeRateChanges,2014,absent_on_face,0.0,,PASS,,,no face/notes hit
cash_flow,EndCashPosition,2014,mapped,70281000.0,70281,PASS,Cash and cash equivalents at end of year (Note 18),2016,"label='Cash and cash equivalents at end of year (Note 18)' x1,000 sheet=70.281"
cash_flow,FinancingCashFlow,2014,mapped,295166000.0,295166,PASS,Financing activities total,2016,"label='Financing activities total' x1,000 sheet=295.166"
cash_flow,InvestingCashFlow,2014,mapped,-331135000.0,-331135,PASS,Investing activities total,2016,"label='Investing activities total' x1,000 sheet=-331.135"
cash_flow,IssuanceOfCapitalStock,2014,absent_on_face,0.0,,PASS,,,no face/notes hit
cash_flow,IssuanceOfDebt,2014,absent_on_face,0.0,,PASS,,,no face/notes hit
cash_flow,NetIntangiblesPurchaseAndSale,2014,absent_on_face,0.0,,PASS,,,no face/notes hit
cash_flow,NetIssuancePaymentsOfDebt,2014,absent_on_face,0.0,,PASS,,,no face/notes hit
cash_flow,NetOtherFinancingCharges,2014,absent_on_face,0.0,,PASS,,,no face/notes hit
cash_flow,NetOtherInvestingChanges,2014,absent_on_face,0.0,,PASS,,,no face/notes hit
cash_flow,NetPreferredStockIssuance,2014,absent_on_face,0.0,,PASS,,,no face/notes hit
cash_flow,OtherNonCashItems,2014,absent_on_face,0.0,,PASS,,,no face/notes hit
cash_flow,PurchaseOfBusiness,2014,mapped,-269983000.0,-269983,PASS,"Business acquisitions, net of cash acquired (Note 13)",2016,"label='Business acquisitions, net of cash acquired (Note 13)' x1,000 sheet=-269.983"
cash_flow,PurchaseOfInvestment,2014,absent_on_face,0.0,,PASS,,,no face/notes hit
cash_flow,PurchaseOfPPE,2014,mapped,-23441000.0,-23441,PASS,Purchases of property and equipment (Note 22),2016,"label='Purchases of property and equipment (Note 22)' x1,000 sheet=-23.441"
cash_flow,RepaymentOfDebt,2014,absent_on_face,0.0,,NOTE_ONLY,,,alias 'lease payments' appears only in notes
cash_flow,RepurchaseOfCapitalStock,2014,absent_on_face,0.0,,PASS,,,no face/notes hit
cash_flow,SaleOfInvestment,2014,absent_on_face,0.0,,PASS,,,no face/notes hit
cash_flow,SaleOfPPE,2014,absent_on_face,0.0,,PASS,,,no face/notes hit
cash_flow,StockBasedCompensation,2014,absent_on_face,0.0,,NOTE_ONLY,,,alias 'share based compensation' appears only in notes
income_statement,CostOfRevenue,2014,mapped,1841629000.0,-1.84163e+06,PASS,Cost of sales (Note 8),2016,"label='Cost of sales (Note 8)' x1,000 sheet=1,841.629"
income_statement,DepreciationAmortizationDepletion,2014,absent_on_face,0.0,,PASS,,,no face/notes hit
income_statement,GrossProfit,2014,mapped,373149000.0,373149,PASS,Gross profit,2016,"label='Gross profit' x1,000 sheet=373.149"
income_statement,InterestExpenseNonOperating,2014,absent_on_face,0.0,,PASS,,,no face/notes hit
income_statement,InterestIncomeNonOperating,2014,mapped,2147000.0,2147,PASS,Finance income (Note 11),2016,"label='Finance income (Note 11)' x1,000 sheet=2.147"
income_statement,MinorityInterests,2014,mapped,-3160000.0,3160,PASS,Non-controlling interests,2016,"label='Non-controlling interests' x1,000 sheet=-3.160"
income_statement,NetIncomeDiscontinuousOperations,2014,absent_on_face,0.0,,PASS,,,no face/notes hit
income_statement,NetNonOperatingInterestIncomeExpense,2014,absent_on_face,0.0,,PASS,,,no face/notes hit
income_statement,OperatingExpense,2014,mapped,290904000.0,-290904,PASS,Operating expenses (Note 9),2016,"label='Operating expenses (Note 9)' x1,000 sheet=290.904"
income_statement,OperatingIncome,2014,mapped,92843000.0,92843,PASS,Operating profit,2016,"label='Operating profit' x1,000 sheet=92.843"
income_statement,OtherIncomeExpense,2014,mapped,82245000.0,82245,PASS,Operating profit before other income (expense),2016,"label='Operating profit before other income (expense)' x1,000 sheet=82.245"
income_statement,OtherOperatingExpenses,2014,absent_on_face,0.0,,NOTE_ONLY,,,alias 'office' appears only in notes
income_statement,ResearchAndDevelopment,2014,absent_on_face,0.0,,PASS,,,no face/notes hit
income_statement,SellingGeneralAndAdministration,2014,absent_on_face,0.0,,NOTE_ONLY,,,alias 'selling general and administrative' appears only in notes
income_statement,TaxProvision,2014,mapped,18335000.0,18335,PASS,Income taxes (Note 12),2016,"label='Income taxes (Note 12)' x1,000 sheet=-18.335"
income_statement,TotalRevenue,2014,mapped,2214778000.0,2.21478e+06,PASS,Revenue (Note 7),2016,"label='Revenue (Note 7)' x1,000 sheet=2,214.778"
balance_sheet,CashCashEquivalentsAndShortTermInvestments,2014,derived,72462000.0,,PASS,,,identities clean
balance_sheet,OtherCurrentLiabilities,2014,derived,553524000.0,,PASS,,,identities clean
balance_sheet,PayablesAndAccruedExpenses,2014,derived,82670000.0,,PASS,,,identities clean
balance_sheet,Receivables,2014,derived,92138000.0,,PASS,,,identities clean
balance_sheet,TotalEquityGrossMinorityInterest,2014,derived,491484000.0,,PASS,,,identities clean
cash_flow,CapitalExpenditure,2014,derived,-23441000.0,,PASS,,,identities clean
cash_flow,FreeCashFlow,2014,derived,47696000.0,,PASS,,,identities clean
balance_sheet,AccountsPayable,2015,mapped,86284000.0,86284,PASS,Trade and other payables (Note 27),2017,"label='Trade and other payables (Note 27)' x1,000 sheet=86.284"
balance_sheet,AccountsReceivable,2015,mapped,90821000.0,90821,PASS,Trade and other receivables (Note 18),2017,"label='Trade and other receivables (Note 18)' x1,000 sheet=90.821"
balance_sheet,AccumulatedDepreciation,2015,absent_on_face,0.0,,NOTE_ONLY,,,alias 'accumulated depreciation' appears only in notes
balance_sheet,AdditionalPaidInCapital,2015,absent_on_face,0.0,,NOTE_ONLY,,,alias 'reserves' appears only in notes
balance_sheet,BuildingsAndImprovements,2015,absent_on_face,0.0,,PASS,,,no face/notes hit
balance_sheet,CashAndCashEquivalents,2015,mapped,62274000.0,62274,PASS,Cash and cash equivalents (Note 17),2017,"label='Cash and cash equivalents (Note 17)' x1,000 sheet=62.274"
balance_sheet,CommonStock,2015,absent_on_face,0.0,,NOTE_ONLY,,,alias 'common shares' appears only in notes
balance_sheet,ConstructionInProgress,2015,absent_on_face,0.0,,PASS,,,no face/notes hit
balance_sheet,CurrentAccruedExpenses,2015,absent_on_face,0.0,,PASS,,,no face/notes hit
balance_sheet,CurrentAssets,2015,mapped,792811000.0,792811,PASS,Current assets total,2017,"label='Current assets total' x1,000 sheet=792.811"
balance_sheet,CurrentCapitalLeaseObligation,2015,absent_on_face,0.0,,PASS,,,no face/notes hit
balance_sheet,CurrentDebt,2015,absent_on_face,0.0,,NOTE_ONLY,,,alias 'credit facility' appears only in notes
balance_sheet,CurrentDebtAndCapitalLeaseObligation,2015,absent_on_face,0.0,,PASS,,,no face/notes hit
balance_sheet,CurrentDeferredLiabilities,2015,absent_on_face,0.0,,PASS,,,no face/notes hit
balance_sheet,CurrentDeferredRevenue,2015,absent_on_face,0.0,,PASS,,,no face/notes hit
balance_sheet,CurrentDeferredTaxesLiabilities,2015,absent_on_face,0.0,,PASS,,,no face/notes hit
balance_sheet,CurrentLiabilities,2015,mapped,669665000.0,669665,PASS,Current liabilities total,2017,"label='Current liabilities total' x1,000 sheet=669.665"
balance_sheet,FinishedGoods,2015,absent_on_face,0.0,,PASS,,,no face/notes hit
balance_sheet,GainsLossesNotAffectingRetainedEarnings,2015,absent_on_face,0.0,,PASS,,,no face/notes hit
balance_sheet,Goodwill,2015,mapped,32956000.0,32956,PASS,Goodwill (Note 24),2017,"label='Goodwill (Note 24)' x1,000 sheet=32.956"
balance_sheet,GrossPPE,2015,absent_on_face,0.0,,PASS,,,no face/notes hit
balance_sheet,InventoriesAdjustmentsAllowances,2015,absent_on_face,0.0,,PASS,,,no face/notes hit
balance_sheet,Inventory,2015,mapped,596542000.0,596542,PASS,Inventories (Note 19),2017,"label='Inventories (Note 19)' x1,000 sheet=596.542"
balance_sheet,InvestmentsAndAdvances,2015,absent_on_face,0.0,,NOTE_ONLY,,,alias 'investments' appears only in notes
balance_sheet,LandAndImprovements,2015,absent_on_face,0.0,,PASS,,,no face/notes hit
balance_sheet,LoansReceivable,2015,absent_on_face,0.0,,PASS,,,no face/notes hit
balance_sheet,LongTermCapitalLeaseObligation,2015,absent_on_face,0.0,,PASS,,,no face/notes hit
balance_sheet,LongTermDebt,2015,absent_on_face,0.0,,NOTE_ONLY,,,alias 'long term debt' appears only in notes
balance_sheet,LongTermDebtAndCapitalLeaseObligation,2015,absent_on_face,0.0,,PASS,,,no face/notes hit
balance_sheet,MachineryFurnitureEquipment,2015,absent_on_face,0.0,,NOTE_ONLY,,,alias 'equipment' appears only in notes
balance_sheet,MinorityInterest,2015,mapped,58084000.0,58084,PASS,Attributable to Non-controlling interests,2017,"label='Attributable to Non-controlling interests' x1,000 sheet=58.084"
balance_sheet,NetPPE,2015,mapped,278385000.0,278385,PASS,Property and equipment (Note 22),2017,"label='Property and equipment (Note 22)' x1,000 sheet=278.385"
balance_sheet,NonCurrentDeferredLiabilities,2015,absent_on_face,0.0,,PASS,,,no face/notes hit
balance_sheet,NonCurrentDeferredRevenue,2015,absent_on_face,0.0,,PASS,,,no face/notes hit
balance_sheet,NonCurrentDeferredTaxesLiabilities,2015,absent_on_face,0.0,,NOTE_ONLY,,,alias 'deferred tax liabilities' appears only in notes
balance_sheet,NonCurrentPensionAndOtherPostretirementBenefitPlans,2015,absent_on_face,0.0,,PASS,,,no face/notes hit
balance_sheet,NotesReceivable,2015,absent_on_face,0.0,,PASS,,,no face/notes hit
balance_sheet,OtherCurrentAssets,2015,mapped,4760000.0,4760,PASS,Other current assets,2017,"label='Other current assets' x1,000 sheet=4.760"
balance_sheet,OtherIntangibleAssets,2015,mapped,399648000.0,399648,PASS,Intangible assets (Note 24),2017,"label='Intangible assets (Note 24)' x1,000 sheet=399.648"
balance_sheet,OtherInventories,2015,absent_on_face,0.0,,PASS,,,no face/notes hit
balance_sheet,OtherNonCurrentAssets,2015,mapped,7078000.0,7078,PASS,Other long-term assets (Note 26),2017,"label='Other long-term assets (Note 26)' x1,000 sheet=7.078"
balance_sheet,OtherNonCurrentLiabilities,2015,absent_on_face,0.0,,NOTE_ONLY,,,alias 'other non current liabilities' appears only in notes
balance_sheet,OtherPayable,2015,absent_on_face,0.0,,NOTE_ONLY,,,alias 'due to related parties' appears only in notes
balance_sheet,OtherReceivables,2015,absent_on_face,0.0,,NOTE_ONLY,,,alias 'other receivables' appears only in notes
balance_sheet,PreferredStock,2015,absent_on_face,0.0,,PASS,,,no face/notes hit
balance_sheet,RawMaterials,2015,absent_on_face,0.0,,PASS,,,no face/notes hit
balance_sheet,ShortTermInvestments,2015,absent_on_face,0.0,,PASS,,,no face/notes hit
balance_sheet,StockholdersEquity,2015,mapped,510029000.0,510029,PASS,equity total,2017,"label='equity total' x1,000 sheet=510.029"
balance_sheet,TotalTaxPayable,2015,absent_on_face,0.0,,PASS,,,no face/notes hit
balance_sheet,TreasuryStock,2015,absent_on_face,0.0,,NOTE_ONLY,,,alias 'treasury stock' appears only in notes
balance_sheet,WorkInProcess,2015,absent_on_face,0.0,,PASS,,,no face/notes hit
cash_flow,AssetImpairmentCharge,2015,absent_on_face,0.0,,PASS,,,no face/notes hit
cash_flow,BeginningCashPosition,2015,mapped,70281000.0,70281,PASS,Cash and cash equivalents at beginning of year (Note 17),2017,"label='Cash and cash equivalents at beginning of year (Note 17)' x1,000 sheet=70.281"
cash_flow,CashDividendsPaid,2015,mapped,-24432000.0,-24432,PASS,Dividends paid (Note 32),2017,"label='Dividends paid (Note 32)' x1,000 sheet=-24.432"
cash_flow,CashFromDiscontinuedInvestingActivities,2015,absent_on_face,0.0,,PASS,,,no face/notes hit
cash_flow,CashFromDiscontinuedOperatingActivities,2015,absent_on_face,0.0,,PASS,,,no face/notes hit
cash_flow,ChangeInInventory,2015,absent_on_face,0.0,,NOTE_ONLY,,,alias 'inventories' appears only in notes
cash_flow,ChangeInOtherWorkingCapital,2015,absent_on_face,0.0,,PASS,,,no face/notes hit
cash_flow,ChangeInPayablesAndAccruedExpense,2015,absent_on_face,0.0,,NOTE_ONLY,,,alias 'trade and other payables' appears only in notes
cash_flow,ChangeInPrepaidAssets,2015,absent_on_face,0.0,,PASS,,,no face/notes hit
cash_flow,ChangeInReceivables,2015,absent_on_face,0.0,,NOTE_ONLY,,,alias 'accounts receivable' appears only in notes
cash_flow,ChangeInWorkingCapital,2015,mapped,1264000.0,1264,PASS,Net change in non-cash working capital (Note 35),2017,"label='Net change in non-cash working capital (Note 35)' x1,000 sheet=1.264"
cash_flow,ChangesInCash,2015,mapped,-8905000.0,-8905,PASS,Net increase (decrease) in cash and cash equivalents,2017,"label='Net increase (decrease) in cash and cash equivalents' x1,000 sheet=-8.905"
cash_flow,DepreciationAmortizationDepletion,2015,absent_on_face,0.0,,PASS,,,no face/notes hit
cash_flow,EffectOfExchangeRateChanges,2015,absent_on_face,0.0,,PASS,,,no face/notes hit
cash_flow,EndCashPosition,2015,mapped,61376000.0,61376,PASS,Cash and cash equivalents at end of year (Note 17),2017,"label='Cash and cash equivalents at end of year (Note 17)' x1,000 sheet=61.376"
cash_flow,FinancingCashFlow,2015,mapped,104043000.0,104043,PASS,Financing activities total,2017,"label='Financing activities total' x1,000 sheet=104.043"
cash_flow,InvestingCashFlow,2015,mapped,-165701000.0,-165701,PASS,Investing activities total,2017,"label='Investing activities total' x1,000 sheet=-165.701"
cash_flow,IssuanceOfCapitalStock,2015,absent_on_face,0.0,,PASS,,,no face/notes hit
cash_flow,IssuanceOfDebt,2015,absent_on_face,0.0,,PASS,,,no face/notes hit
cash_flow,NetIntangiblesPurchaseAndSale,2015,absent_on_face,0.0,,PASS,,,no face/notes hit
cash_flow,NetIssuancePaymentsOfDebt,2015,absent_on_face,0.0,,PASS,,,no face/notes hit
cash_flow,NetOtherFinancingCharges,2015,absent_on_face,0.0,,NOTE_ONLY,,,alias 'share issuance costs' appears only in notes
cash_flow,NetOtherInvestingChanges,2015,absent_on_face,0.0,,PASS,,,no face/notes hit
cash_flow,NetPreferredStockIssuance,2015,absent_on_face,0.0,,PASS,,,no face/notes hit
cash_flow,OtherNonCashItems,2015,absent_on_face,0.0,,PASS,,,no face/notes hit
cash_flow,PurchaseOfBusiness,2015,mapped,-76480000.0,-76480,PASS,"Business acquisitions, net of cash acquired (Note 14)",2017,"label='Business acquisitions, net of cash acquired (Note 14)' x1,000 sheet=-76.480"
cash_flow,PurchaseOfInvestment,2015,absent_on_face,0.0,,PASS,,,no face/notes hit
cash_flow,PurchaseOfPPE,2015,mapped,-74606000.0,-74606,PASS,Purchases of property and equipment (Note 22),2017,"label='Purchases of property and equipment (Note 22)' x1,000 sheet=-74.606"
cash_flow,RepaymentOfDebt,2015,absent_on_face,0.0,,NOTE_ONLY,,,alias 'lease payments' appears only in notes
cash_flow,RepurchaseOfCapitalStock,2015,absent_on_face,0.0,,PASS,,,no face/notes hit
cash_flow,SaleOfInvestment,2015,absent_on_face,0.0,,PASS,,,no face/notes hit
cash_flow,SaleOfPPE,2015,absent_on_face,0.0,,PASS,,,no face/notes hit
cash_flow,StockBasedCompensation,2015,absent_on_face,0.0,,NOTE_ONLY,,,alias 'share based compensation' appears only in notes
income_statement,CostOfRevenue,2015,mapped,2416094000.0,-2.41609e+06,PASS,Cost of sales (Note 8),2017,"label='Cost of sales (Note 8)' x1,000 sheet=2,416.094"
income_statement,DepreciationAmortizationDepletion,2015,absent_on_face,0.0,,PASS,,,no face/notes hit
income_statement,GrossProfit,2015,mapped,487709000.0,487709,PASS,Gross profit,2017,"label='Gross profit' x1,000 sheet=487.709"
income_statement,InterestExpenseNonOperating,2015,absent_on_face,0.0,,PASS,,,no face/notes hit
income_statement,InterestIncomeNonOperating,2015,mapped,2292000.0,2292,PASS,Finance income (Note 11),2017,"label='Finance income (Note 11)' x1,000 sheet=2.292"
income_statement,MinorityInterests,2015,mapped,-4493000.0,4493,PASS,Non-controlling interests,2017,"label='Non-controlling interests' x1,000 sheet=-4.493"
income_statement,NetIncomeDiscontinuousOperations,2015,absent_on_face,0.0,,PASS,,,no face/notes hit
income_statement,NetNonOperatingInterestIncomeExpense,2015,absent_on_face,0.0,,PASS,,,no face/notes hit
income_statement,OperatingExpense,2015,mapped,395877000.0,-395877,PASS,Operating expenses (Note 9),2017,"label='Operating expenses (Note 9)' x1,000 sheet=395.877"
income_statement,OperatingIncome,2015,mapped,78919000.0,78919,PASS,Operating profit,2017,"label='Operating profit' x1,000 sheet=78.919"
income_statement,OtherIncomeExpense,2015,mapped,91832000.0,91832,PASS,Operating profit before other income (expense),2017,"label='Operating profit before other income (expense)' x1,000 sheet=91.832"
income_statement,OtherOperatingExpenses,2015,absent_on_face,0.0,,NOTE_ONLY,,,alias 'office' appears only in notes
income_statement,ResearchAndDevelopment,2015,absent_on_face,0.0,,PASS,,,no face/notes hit
income_statement,SellingGeneralAndAdministration,2015,absent_on_face,0.0,,NOTE_ONLY,,,alias 'insurance' appears only in notes
income_statement,TaxProvision,2015,mapped,17791000.0,17791,PASS,Income taxes (Note 13),2017,"label='Income taxes (Note 13)' x1,000 sheet=-17.791"
income_statement,TotalRevenue,2015,mapped,2903803000.0,2.9038e+06,PASS,Revenue (Note 7),2017,"label='Revenue (Note 7)' x1,000 sheet=2,903.803"
balance_sheet,CashCashEquivalentsAndShortTermInvestments,2015,derived,62274000.0,,PASS,,,identities clean
balance_sheet,OtherCurrentLiabilities,2015,derived,583381000.0,,PASS,,,identities clean
balance_sheet,PayablesAndAccruedExpenses,2015,derived,86284000.0,,PASS,,,identities clean
balance_sheet,Receivables,2015,derived,90821000.0,,PASS,,,identities clean
balance_sheet,TotalEquityGrossMinorityInterest,2015,derived,568113000.0,,PASS,,,identities clean
cash_flow,CapitalExpenditure,2015,derived,-74606000.0,,PASS,,,identities clean
cash_flow,FreeCashFlow,2015,derived,-21853000.0,,PASS,,,identities clean
balance_sheet,AccountsPayable,2016,mapped,90131000.0,90131,PASS,Trade and other payables (Note 29),2018,"label='Trade and other payables (Note 29)' x1,000 sheet=90.131"
balance_sheet,AccountsReceivable,2016,mapped,85587000.0,85587,PASS,Trade and other receivables (Note 20),2018,"label='Trade and other receivables (Note 20)' x1,000 sheet=85.587"
balance_sheet,AccumulatedDepreciation,2016,absent_on_face,0.0,,NOTE_ONLY,,,alias 'accumulated depreciation' appears only in notes
balance_sheet,AdditionalPaidInCapital,2016,absent_on_face,0.0,,NOTE_ONLY,,,alias 'reserves' appears only in notes
balance_sheet,BuildingsAndImprovements,2016,absent_on_face,0.0,,PASS,,,no face/notes hit
balance_sheet,CashAndCashEquivalents,2016,mapped,103221000.0,103221,PASS,Cash and cash equivalents (Note 19),2018,"label='Cash and cash equivalents (Note 19)' x1,000 sheet=103.221"
balance_sheet,CommonStock,2016,absent_on_face,0.0,,NOTE_ONLY,,,alias 'common shares' appears only in notes
balance_sheet,ConstructionInProgress,2016,absent_on_face,0.0,,PASS,,,no face/notes hit
balance_sheet,CurrentAccruedExpenses,2016,absent_on_face,0.0,,PASS,,,no face/notes hit
balance_sheet,CurrentAssets,2016,mapped,820360000.0,820360,PASS,Current assets total,2018,"label='Current assets total' x1,000 sheet=820.360"
balance_sheet,CurrentCapitalLeaseObligation,2016,absent_on_face,0.0,,PASS,,,no face/notes hit
balance_sheet,CurrentDebt,2016,absent_on_face,0.0,,NOTE_ONLY,,,alias 'current portion of long term debt' appears only in notes
balance_sheet,CurrentDebtAndCapitalLeaseObligation,2016,absent_on_face,0.0,,PASS,,,no face/notes hit
balance_sheet,CurrentDeferredLiabilities,2016,absent_on_face,0.0,,PASS,,,no face/notes hit
balance_sheet,CurrentDeferredRevenue,2016,absent_on_face,0.0,,PASS,,,no face/notes hit
balance_sheet,CurrentDeferredTaxesLiabilities,2016,absent_on_face,0.0,,PASS,,,no face/notes hit
balance_sheet,CurrentLiabilities,2016,mapped,724277000.0,724277,PASS,Current liabilities total,2018,"label='Current liabilities total' x1,000 sheet=724.277"
balance_sheet,FinishedGoods,2016,absent_on_face,0.0,,PASS,,,no face/notes hit
balance_sheet,GainsLossesNotAffectingRetainedEarnings,2016,absent_on_face,0.0,,PASS,,,no face/notes hit
balance_sheet,Goodwill,2016,mapped,24364000.0,24364,PASS,Goodwill (Note 26),2018,"label='Goodwill (Note 26)' x1,000 sheet=24.364"
balance_sheet,GrossPPE,2016,absent_on_face,0.0,,PASS,,,no face/notes hit
balance_sheet,InventoriesAdjustmentsAllowances,2016,absent_on_face,0.0,,PASS,,,no face/notes hit
balance_sheet,Inventory,2016,mapped,619718000.0,619718,PASS,Inventories (Note 21),2018,"label='Inventories (Note 21)' x1,000 sheet=619.718"
balance_sheet,InvestmentsAndAdvances,2016,absent_on_face,0.0,,NOTE_ONLY,,,alias 'investments' appears only in notes
balance_sheet,LandAndImprovements,2016,absent_on_face,0.0,,PASS,,,no face/notes hit
balance_sheet,LoansReceivable,2016,absent_on_face,0.0,,PASS,,,no face/notes hit
balance_sheet,LongTermCapitalLeaseObligation,2016,absent_on_face,0.0,,PASS,,,no face/notes hit
balance_sheet,LongTermDebt,2016,absent_on_face,0.0,,NOTE_ONLY,,,alias 'long term debt' appears only in notes
balance_sheet,LongTermDebtAndCapitalLeaseObligation,2016,absent_on_face,0.0,,PASS,,,no face/notes hit
balance_sheet,MachineryFurnitureEquipment,2016,absent_on_face,0.0,,NOTE_ONLY,,,alias 'equipment' appears only in notes
balance_sheet,MinorityInterest,2016,mapped,57511000.0,57511,PASS,Attributable to Non-controlling interests,2018,"label='Attributable to Non-controlling interests' x1,000 sheet=57.511"
balance_sheet,NetPPE,2016,mapped,342768000.0,342768,PASS,Property and equipment (Note 24),2018,"label='Property and equipment (Note 24)' x1,000 sheet=342.768"
balance_sheet,NonCurrentDeferredLiabilities,2016,absent_on_face,0.0,,PASS,,,no face/notes hit
balance_sheet,NonCurrentDeferredRevenue,2016,absent_on_face,0.0,,PASS,,,no face/notes hit
balance_sheet,NonCurrentDeferredTaxesLiabilities,2016,absent_on_face,0.0,,NOTE_ONLY,,,alias 'deferred tax liabilities' appears only in notes
balance_sheet,NonCurrentPensionAndOtherPostretirementBenefitPlans,2016,absent_on_face,0.0,,PASS,,,no face/notes hit
balance_sheet,NotesReceivable,2016,absent_on_face,0.0,,PASS,,,no face/notes hit
balance_sheet,OtherCurrentAssets,2016,mapped,4219000.0,4219,PASS,Other current assets,2018,"label='Other current assets' x1,000 sheet=4.219"
balance_sheet,OtherIntangibleAssets,2016,mapped,378982000.0,378982,PASS,Intangible assets (Note 26),2018,"label='Intangible assets (Note 26)' x1,000 sheet=378.982"
balance_sheet,OtherInventories,2016,absent_on_face,0.0,,PASS,,,no face/notes hit
balance_sheet,OtherNonCurrentAssets,2016,mapped,7110000.0,7110,PASS,Other long-term assets (Note 28),2018,"label='Other long-term assets (Note 28)' x1,000 sheet=7.110"
balance_sheet,OtherNonCurrentLiabilities,2016,absent_on_face,0.0,,NOTE_ONLY,,,alias 'other non current liabilities' appears only in notes
balance_sheet,OtherPayable,2016,absent_on_face,0.0,,NOTE_ONLY,,,alias 'due to related parties' appears only in notes
balance_sheet,OtherReceivables,2016,absent_on_face,0.0,,NOTE_ONLY,,,alias 'interest receivable' appears only in notes
balance_sheet,PreferredStock,2016,absent_on_face,0.0,,PASS,,,no face/notes hit
balance_sheet,RawMaterials,2016,absent_on_face,0.0,,PASS,,,no face/notes hit
balance_sheet,ShortTermInvestments,2016,absent_on_face,0.0,,PASS,,,no face/notes hit
balance_sheet,StockholdersEquity,2016,mapped,497592000.0,497592,PASS,equity total,2018,"label='equity total' x1,000 sheet=497.592"
balance_sheet,TotalTaxPayable,2016,absent_on_face,0.0,,PASS,,,no face/notes hit
balance_sheet,TreasuryStock,2016,absent_on_face,0.0,,NOTE_ONLY,,,alias 'treasury stock' appears only in notes
balance_sheet,WorkInProcess,2016,absent_on_face,0.0,,PASS,,,no face/notes hit
cash_flow,AssetImpairmentCharge,2016,absent_on_face,0.0,,NOTE_ONLY,,,alias 'asset impairment charge' appears only in notes
cash_flow,BeginningCashPosition,2016,mapped,61376000.0,61376,PASS,Cash and cash equivalents at beginning of year (Note 19),2018,"label='Cash and cash equivalents at beginning of year (Note 19)' x1,000 sheet=61.376"
cash_flow,CashDividendsPaid,2016,mapped,-15046000.0,-15046,PASS,Dividends paid (Note 34),2018,"label='Dividends paid (Note 34)' x1,000 sheet=-15.046"
cash_flow,CashFromDiscontinuedInvestingActivities,2016,absent_on_face,0.0,,PASS,,,no face/notes hit
cash_flow,CashFromDiscontinuedOperatingActivities,2016,absent_on_face,0.0,,PASS,,,no face/notes hit
cash_flow,ChangeInInventory,2016,absent_on_face,0.0,,NOTE_ONLY,,,alias 'inventories' appears only in notes
cash_flow,ChangeInOtherWorkingCapital,2016,absent_on_face,0.0,,PASS,,,no face/notes hit
cash_flow,ChangeInPayablesAndAccruedExpense,2016,absent_on_face,0.0,,NOTE_ONLY,,,alias 'trade and other payables' appears only in notes
cash_flow,ChangeInPrepaidAssets,2016,absent_on_face,0.0,,PASS,,,no face/notes hit
cash_flow,ChangeInReceivables,2016,absent_on_face,0.0,,NOTE_ONLY,,,alias 'accounts receivable' appears only in notes
cash_flow,ChangeInWorkingCapital,2016,mapped,28583000.0,28583,PASS,Net change in non-cash working capital (Note 38),2018,"label='Net change in non-cash working capital (Note 38)' x1,000 sheet=28.583"
cash_flow,ChangesInCash,2016,mapped,41619000.0,41619,PASS,Net (decrease) increase in cash and cash equivalents,2018,"label='Net (decrease) increase in cash and cash equivalents' x1,000 sheet=41.619"
cash_flow,DepreciationAmortizationDepletion,2016,absent_on_face,0.0,,PASS,,,no face/notes hit
cash_flow,EffectOfExchangeRateChanges,2016,absent_on_face,0.0,,PASS,,,no face/notes hit
cash_flow,EndCashPosition,2016,mapped,102995000.0,102995,PASS,Cash and cash equivalents at end of year (Note 19),2018,"label='Cash and cash equivalents at end of year (Note 19)' x1,000 sheet=102.995"
cash_flow,FinancingCashFlow,2016,mapped,37779000.0,37779,PASS,Financing activities total,2018,"label='Financing activities total' x1,000 sheet=37.779"
cash_flow,InvestingCashFlow,2016,mapped,-100889000.0,-100889,PASS,Investing activities total,2018,"label='Investing activities total' x1,000 sheet=-100.889"
cash_flow,IssuanceOfCapitalStock,2016,absent_on_face,0.0,,PASS,,,no face/notes hit
cash_flow,IssuanceOfDebt,2016,absent_on_face,0.0,,PASS,,,no face/notes hit
cash_flow,NetIntangiblesPurchaseAndSale,2016,absent_on_face,0.0,,PASS,,,no face/notes hit
cash_flow,NetIssuancePaymentsOfDebt,2016,absent_on_face,0.0,,PASS,,,no face/notes hit
cash_flow,NetOtherFinancingCharges,2016,absent_on_face,0.0,,NOTE_ONLY,,,alias 'share issuance costs' appears only in notes
cash_flow,NetOtherInvestingChanges,2016,absent_on_face,0.0,,PASS,,,no face/notes hit
cash_flow,NetPreferredStockIssuance,2016,absent_on_face,0.0,,PASS,,,no face/notes hit
cash_flow,OtherNonCashItems,2016,absent_on_face,0.0,,PASS,,,no face/notes hit
cash_flow,PurchaseOfBusiness,2016,mapped,-40859000.0,-40859,PASS,"Business acquisitions, net of cash acquired (Note 16)",2018,"label='Business acquisitions, net of cash acquired (Note 16)' x1,000 sheet=-40.859"
cash_flow,PurchaseOfInvestment,2016,absent_on_face,0.0,,PASS,,,no face/notes hit
cash_flow,PurchaseOfPPE,2016,mapped,-63702000.0,-63702,PASS,Purchases of property and equipment (Note 24),2018,"label='Purchases of property and equipment (Note 24)' x1,000 sheet=-63.702"
cash_flow,RepaymentOfDebt,2016,absent_on_face,0.0,,NOTE_ONLY,,,alias 'repayment of debt' appears only in notes
cash_flow,RepurchaseOfCapitalStock,2016,absent_on_face,0.0,,PASS,,,no face/notes hit
cash_flow,SaleOfInvestment,2016,absent_on_face,0.0,,PASS,,,no face/notes hit
cash_flow,SaleOfPPE,2016,absent_on_face,0.0,,PASS,,,no face/notes hit
cash_flow,StockBasedCompensation,2016,absent_on_face,0.0,,NOTE_ONLY,,,alias 'share based compensation' appears only in notes
income_statement,CostOfRevenue,2016,mapped,2405448000.0,-2.40545e+06,PASS,Cost of sales (Note 9),2018,"label='Cost of sales (Note 9)' x1,000 sheet=2,405.448"
income_statement,DepreciationAmortizationDepletion,2016,absent_on_face,0.0,,PASS,,,no face/notes hit
income_statement,GrossProfit,2016,mapped,486133000.0,486133,PASS,Gross profit,2018,"label='Gross profit' x1,000 sheet=486.133"
income_statement,InterestExpenseNonOperating,2016,absent_on_face,0.0,,PASS,,,no face/notes hit
income_statement,InterestIncomeNonOperating,2016,mapped,2121000.0,2121,PASS,Finance income (Note 13),2018,"label='Finance income (Note 13)' x1,000 sheet=2.121"
income_statement,MinorityInterests,2016,mapped,-5983000.0,5983,PASS,Non-controlling interests,2018,"label='Non-controlling interests' x1,000 sheet=-5.983"
income_statement,NetIncomeDiscontinuousOperations,2016,absent_on_face,0.0,,PASS,,,no face/notes hit
income_statement,NetNonOperatingInterestIncomeExpense,2016,absent_on_face,0.0,,PASS,,,no face/notes hit
income_statement,OperatingExpense,2016,mapped,400417000.0,-400417,PASS,Operating expenses (Note 10),2018,"label='Operating expenses (Note 10)' x1,000 sheet=400.417"
income_statement,OperatingIncome,2016,mapped,40912000.0,40912,PASS,Operating profit,2018,"label='Operating profit' x1,000 sheet=40.912"
income_statement,OtherIncomeExpense,2016,mapped,85716000.0,85716,PASS,Operating profit before other income (expense),2018,"label='Operating profit before other income (expense)' x1,000 sheet=85.716"
income_statement,OtherOperatingExpenses,2016,absent_on_face,0.0,,NOTE_ONLY,,,alias 'office' appears only in notes
income_statement,ResearchAndDevelopment,2016,absent_on_face,0.0,,PASS,,,no face/notes hit
income_statement,SellingGeneralAndAdministration,2016,absent_on_face,0.0,,NOTE_ONLY,,,alias 'travel' appears only in notes
income_statement,TaxProvision,2016,mapped,8575000.0,8575,PASS,Income taxes (Note 15),2018,"label='Income taxes (Note 15)' x1,000 sheet=-8.575"
income_statement,TotalRevenue,2016,mapped,2891581000.0,2.89158e+06,PASS,Revenue (Note 8),2018,"label='Revenue (Note 8)' x1,000 sheet=2,891.581"
balance_sheet,CashCashEquivalentsAndShortTermInvestments,2016,derived,103221000.0,,PASS,,,identities clean
balance_sheet,OtherCurrentLiabilities,2016,derived,634146000.0,,PASS,,,identities clean
balance_sheet,PayablesAndAccruedExpenses,2016,derived,90131000.0,,PASS,,,identities clean
balance_sheet,Receivables,2016,derived,85587000.0,,PASS,,,identities clean
balance_sheet,TotalEquityGrossMinorityInterest,2016,derived,555103000.0,,PASS,,,identities clean
cash_flow,CapitalExpenditure,2016,derived,-63702000.0,,PASS,,,identities clean
cash_flow,FreeCashFlow,2016,derived,41027000.0,,PASS,,,identities clean
balance_sheet,AccountsPayable,2017,mapped,63295000.0,63295,PASS,Trade and other payables (Note 28),2019,"label='Trade and other payables (Note 28)' x1,000 sheet=63.295"
balance_sheet,AccountsReceivable,2017,mapped,79931000.0,79931,PASS,Trade and other receivables (Note 20),2019,"label='Trade and other receivables (Note 20)' x1,000 sheet=79.931"
balance_sheet,AccumulatedDepreciation,2017,absent_on_face,0.0,,NOTE_ONLY,,,alias 'accumulated depreciation' appears only in notes
balance_sheet,AdditionalPaidInCapital,2017,absent_on_face,0.0,,NOTE_ONLY,,,alias 'reserves' appears only in notes
balance_sheet,BuildingsAndImprovements,2017,absent_on_face,0.0,,PASS,,,no face/notes hit
balance_sheet,CashAndCashEquivalents,2017,mapped,94660000.0,94660,PASS,Cash and cash equivalents (Note 19),2019,"label='Cash and cash equivalents (Note 19)' x1,000 sheet=94.660"
balance_sheet,CommonStock,2017,absent_on_face,0.0,,NOTE_ONLY,,,alias 'common shares' appears only in notes
balance_sheet,ConstructionInProgress,2017,absent_on_face,0.0,,PASS,,,no face/notes hit
balance_sheet,CurrentAccruedExpenses,2017,absent_on_face,0.0,,PASS,,,no face/notes hit
balance_sheet,CurrentAssets,2017,mapped,1001419000.0,1.00142e+06,PASS,Current assets total,2019,"label='Current assets total' x1,000 sheet=1,001.419"
balance_sheet,CurrentCapitalLeaseObligation,2017,absent_on_face,0.0,,PASS,,,no face/notes hit
balance_sheet,CurrentDebt,2017,absent_on_face,0.0,,NOTE_ONLY,,,alias 'current portion of long term debt' appears only in notes
balance_sheet,CurrentDebtAndCapitalLeaseObligation,2017,absent_on_face,0.0,,PASS,,,no face/notes hit
balance_sheet,CurrentDeferredLiabilities,2017,absent_on_face,0.0,,PASS,,,no face/notes hit
balance_sheet,CurrentDeferredRevenue,2017,absent_on_face,0.0,,NOTE_ONLY,,,alias 'deferred revenue' appears only in notes
balance_sheet,CurrentDeferredTaxesLiabilities,2017,absent_on_face,0.0,,PASS,,,no face/notes hit
balance_sheet,CurrentLiabilities,2017,mapped,865279000.0,865279,PASS,Current liabilities total,2019,"label='Current liabilities total' x1,000 sheet=865.279"
balance_sheet,FinishedGoods,2017,absent_on_face,0.0,,PASS,,,no face/notes hit
balance_sheet,GainsLossesNotAffectingRetainedEarnings,2017,absent_on_face,0.0,,PASS,,,no face/notes hit
balance_sheet,Goodwill,2017,mapped,21991000.0,21991,PASS,Goodwill (Note 25),2019,"label='Goodwill (Note 25)' x1,000 sheet=21.991"
balance_sheet,GrossPPE,2017,absent_on_face,0.0,,PASS,,,no face/notes hit
balance_sheet,InventoriesAdjustmentsAllowances,2017,absent_on_face,0.0,,PASS,,,no face/notes hit
balance_sheet,Inventory,2017,mapped,659593000.0,659593,PASS,Inventories (Note 21),2019,"label='Inventories (Note 21)' x1,000 sheet=659.593"
balance_sheet,InvestmentsAndAdvances,2017,absent_on_face,0.0,,NOTE_ONLY,,,alias 'investments' appears only in notes
balance_sheet,LandAndImprovements,2017,absent_on_face,0.0,,PASS,,,no face/notes hit
balance_sheet,LoansReceivable,2017,absent_on_face,0.0,,PASS,,,no face/notes hit
balance_sheet,LongTermCapitalLeaseObligation,2017,absent_on_face,0.0,,PASS,,,no face/notes hit
balance_sheet,LongTermDebt,2017,absent_on_face,0.0,,NOTE_ONLY,,,alias 'long term debt' appears only in notes
balance_sheet,LongTermDebtAndCapitalLeaseObligation,2017,absent_on_face,0.0,,PASS,,,no face/notes hit
balance_sheet,MachineryFurnitureEquipment,2017,absent_on_face,0.0,,NOTE_ONLY,,,alias 'equipment' appears only in notes
balance_sheet,MinorityInterest,2017,mapped,49335000.0,49335,PASS,Attributable to Non-controlling interests,2019,"label='Attributable to Non-controlling interests' x1,000 sheet=49.335"
balance_sheet,NetPPE,2017,mapped,350354000.0,350354,PASS,Property and equipment (Note 23),2019,"label='Property and equipment (Note 23)' x1,000 sheet=350.354"
balance_sheet,NonCurrentDeferredLiabilities,2017,absent_on_face,0.0,,PASS,,,no face/notes hit
balance_sheet,NonCurrentDeferredRevenue,2017,absent_on_face,0.0,,PASS,,,no face/notes hit
balance_sheet,NonCurrentDeferredTaxesLiabilities,2017,absent_on_face,0.0,,NOTE_ONLY,,,alias 'deferred tax liabilities' appears only in notes
balance_sheet,NonCurrentPensionAndOtherPostretirementBenefitPlans,2017,absent_on_face,0.0,,PASS,,,no face/notes hit
balance_sheet,NotesReceivable,2017,absent_on_face,0.0,,PASS,,,no face/notes hit
balance_sheet,OtherCurrentAssets,2017,mapped,3593000.0,3593,PASS,Other current assets (Note 27),2019,"label='Other current assets (Note 27)' x1,000 sheet=3.593"
balance_sheet,OtherIntangibleAssets,2017,mapped,359996000.0,359996,PASS,Intangible assets (Note 25),2019,"label='Intangible assets (Note 25)' x1,000 sheet=359.996"
balance_sheet,OtherInventories,2017,absent_on_face,0.0,,PASS,,,no face/notes hit
balance_sheet,OtherNonCurrentAssets,2017,mapped,5080000.0,5080,PASS,Other long-term assets (Note 27),2019,"label='Other long-term assets (Note 27)' x1,000 sheet=5.080"
balance_sheet,OtherNonCurrentLiabilities,2017,absent_on_face,0.0,,PASS,,,no face/notes hit
balance_sheet,OtherPayable,2017,absent_on_face,0.0,,NOTE_ONLY,,,alias 'other payable' appears only in notes
balance_sheet,OtherReceivables,2017,absent_on_face,0.0,,NOTE_ONLY,,,alias 'interest receivable' appears only in notes
balance_sheet,PreferredStock,2017,absent_on_face,0.0,,PASS,,,no face/notes hit
balance_sheet,RawMaterials,2017,absent_on_face,0.0,,PASS,,,no face/notes hit
balance_sheet,ShortTermInvestments,2017,absent_on_face,0.0,,PASS,,,no face/notes hit
balance_sheet,StockholdersEquity,2017,mapped,537607000.0,537607,PASS,equity total,2019,"label='equity total' x1,000 sheet=537.607"
balance_sheet,TotalTaxPayable,2017,absent_on_face,0.0,,PASS,,,no face/notes hit
balance_sheet,TreasuryStock,2017,absent_on_face,0.0,,NOTE_ONLY,,,alias 'treasury stock' appears only in notes
balance_sheet,WorkInProcess,2017,absent_on_face,0.0,,PASS,,,no face/notes hit
cash_flow,AssetImpairmentCharge,2017,absent_on_face,0.0,,NOTE_ONLY,,,alias 'asset impairment charge' appears only in notes
cash_flow,BeginningCashPosition,2017,mapped,102995000.0,102995,PASS,Cash and cash equivalents at beginning of year (Note 19),2019,"label='Cash and cash equivalents at beginning of year (Note 19)' x1,000 sheet=102.995"
cash_flow,CashDividendsPaid,2017,mapped,-10952000.0,-10952,PASS,Dividends paid (Note 34),2018,"label='Dividends paid (Note 34)' x1,000 sheet=-10.952"
cash_flow,CashFromDiscontinuedInvestingActivities,2017,absent_on_face,0.0,,PASS,,,no face/notes hit
cash_flow,CashFromDiscontinuedOperatingActivities,2017,absent_on_face,0.0,,PASS,,,no face/notes hit
cash_flow,ChangeInInventory,2017,absent_on_face,0.0,,NOTE_ONLY,,,alias 'inventories' appears only in notes
cash_flow,ChangeInOtherWorkingCapital,2017,absent_on_face,0.0,,NOTE_ONLY,,,alias 'deferred revenue' appears only in notes
cash_flow,ChangeInPayablesAndAccruedExpense,2017,absent_on_face,0.0,,NOTE_ONLY,,,alias 'trade and other payables' appears only in notes
cash_flow,ChangeInPrepaidAssets,2017,absent_on_face,0.0,,PASS,,,no face/notes hit
cash_flow,ChangeInReceivables,2017,absent_on_face,0.0,,NOTE_ONLY,,,alias 'accounts receivable' appears only in notes
cash_flow,ChangeInWorkingCapital,2017,mapped,-22512000.0,-22512,PASS,Net change in non-cash working capital (Note 37),2019,"label='Net change in non-cash working capital (Note 37)' x1,000 sheet=-22.512"
cash_flow,ChangesInCash,2017,mapped,-8471000.0,-8471,PASS,Net (decrease) in cash and cash equivalents,2019,"label='Net (decrease) in cash and cash equivalents' x1,000 sheet=-8.471"
cash_flow,DepreciationAmortizationDepletion,2017,absent_on_face,0.0,,PASS,,,no face/notes hit
cash_flow,EffectOfExchangeRateChanges,2017,absent_on_face,0.0,,PASS,,,no face/notes hit
cash_flow,EndCashPosition,2017,mapped,94524000.0,94524,PASS,Cash and cash equivalents at end of year (Note 19),2019,"label='Cash and cash equivalents at end of year (Note 19)' x1,000 sheet=94.524"
cash_flow,FinancingCashFlow,2017,mapped,-38082000.0,-38082,PASS,Financing activities total,2019,"label='Financing activities total' x1,000 sheet=-38.082"
cash_flow,InvestingCashFlow,2017,mapped,-42509000.0,-42509,PASS,Investing activities total,2019,"label='Investing activities total' x1,000 sheet=-42.509"
cash_flow,IssuanceOfCapitalStock,2017,absent_on_face,0.0,,PASS,,,no face/notes hit
cash_flow,IssuanceOfDebt,2017,absent_on_face,0.0,,PASS,,,no face/notes hit
cash_flow,NetIncomeFromContinuingOperations,2017,mapped,65797000.0,65797,PASS,Net (loss) income for the year,2019,"label='Net (loss) income for the year' x1,000 sheet=65.797"
cash_flow,NetIntangiblesPurchaseAndSale,2017,absent_on_face,0.0,,PASS,,,no face/notes hit
cash_flow,NetOtherFinancingCharges,2017,absent_on_face,0.0,,NOTE_ONLY,,,alias 'share issuance costs' appears only in notes
cash_flow,NetOtherInvestingChanges,2017,absent_on_face,0.0,,PASS,,,no face/notes hit
cash_flow,NetPreferredStockIssuance,2017,absent_on_face,0.0,,PASS,,,no face/notes hit
cash_flow,OtherNonCashItems,2017,absent_on_face,0.0,,PASS,,,no face/notes hit
cash_flow,PurchaseOfBusiness,2017,mapped,-20961000.0,-20961,PASS,"Business acquisition, net of cash acquired (Note 16)",2019,"label='Business acquisition, net of cash acquired (Note 16)' x1,000 sheet=-20.961"
cash_flow,PurchaseOfInvestment,2017,absent_on_face,0.0,,PASS,,,no face/notes hit
cash_flow,PurchaseOfPPE,2017,mapped,-24831000.0,-24831,PASS,Purchases of property and equipment (Note 23),2019,"label='Purchases of property and equipment (Note 23)' x1,000 sheet=-24.831"
cash_flow,RepaymentOfDebt,2017,mapped,-133485000.0,-133485,PASS,Repayment of indebtedness,2019,"label='Repayment of indebtedness' x1,000 sheet=-133.485"
cash_flow,RepurchaseOfCapitalStock,2017,absent_on_face,0.0,,PASS,,,no face/notes hit
cash_flow,SaleOfInvestment,2017,absent_on_face,0.0,,PASS,,,no face/notes hit
cash_flow,SaleOfPPE,2017,absent_on_face,0.0,,PASS,,,no face/notes hit
cash_flow,StockBasedCompensation,2017,absent_on_face,0.0,,NOTE_ONLY,,,alias 'share based compensation' appears only in notes
income_statement,CostOfRevenue,2017,mapped,2582931000.0,-2.58293e+06,PASS,Cost of sales (Note 9),2018,"label='Cost of sales (Note 9)' x1,000 sheet=2,582.931"
income_statement,DepreciationAmortizationDepletion,2017,absent_on_face,0.0,,PASS,,,no face/notes hit
income_statement,GrossProfit,2017,mapped,518629000.0,518629,PASS,Gross profit,2018,"label='Gross profit' x1,000 sheet=518.629"
income_statement,InterestExpenseNonOperating,2017,absent_on_face,0.0,,PASS,,,no face/notes hit
income_statement,InterestIncomeNonOperating,2017,mapped,2294000.0,2294,PASS,Finance income (Note 13),2018,"label='Finance income (Note 13)' x1,000 sheet=2.294"
income_statement,MinorityInterests,2017,mapped,-7953000.0,7953,PASS,Non-controlling interests,2018,"label='Non-controlling interests' x1,000 sheet=-7.953"
income_statement,NetIncomeDiscontinuousOperations,2017,absent_on_face,0.0,,PASS,,,no face/notes hit
income_statement,NetNonOperatingInterestIncomeExpense,2017,absent_on_face,0.0,,PASS,,,no face/notes hit
income_statement,OperatingExpense,2017,mapped,426253000.0,-426253,PASS,Operating expenses (Note 10),2018,"label='Operating expenses (Note 10)' x1,000 sheet=426.253"
income_statement,OperatingIncome,2017,mapped,118969000.0,118969,PASS,Operating profit,2018,"label='Operating profit' x1,000 sheet=118.969"
income_statement,OtherIncomeExpense,2017,mapped,92376000.0,92376,PASS,Operating profit before other income (expense),2018,"label='Operating profit before other income (expense)' x1,000 sheet=92.376"
income_statement,OtherOperatingExpenses,2017,absent_on_face,0.0,,NOTE_ONLY,,,alias 'office' appears only in notes
income_statement,ResearchAndDevelopment,2017,absent_on_face,0.0,,PASS,,,no face/notes hit
income_statement,SellingGeneralAndAdministration,2017,absent_on_face,0.0,,NOTE_ONLY,,,alias 'insurance' appears only in notes
income_statement,TaxProvision,2017,mapped,22713000.0,22713,PASS,Income taxes (Note 15),2018,"label='Income taxes (Note 15)' x1,000 sheet=-22.713"
income_statement,TotalRevenue,2017,mapped,3101560000.0,3.10156e+06,PASS,Revenue (Note 8),2018,"label='Revenue (Note 8)' x1,000 sheet=3,101.560"
balance_sheet,CashCashEquivalentsAndShortTermInvestments,2017,derived,94660000.0,,PASS,,,identities clean
balance_sheet,OtherCurrentLiabilities,2017,derived,801984000.0,,PASS,,,identities clean
balance_sheet,PayablesAndAccruedExpenses,2017,derived,63295000.0,,PASS,,,identities clean
balance_sheet,Receivables,2017,derived,79931000.0,,PASS,,,identities clean
balance_sheet,TotalEquityGrossMinorityInterest,2017,derived,586942000.0,,PASS,,,identities clean
cash_flow,CapitalExpenditure,2017,derived,-24831000.0,,PASS,,,identities clean
cash_flow,FreeCashFlow,2017,derived,47289000.0,,PASS,,,identities clean
cash_flow,NetIssuancePaymentsOfDebt,2017,derived,-133485000.0,,PASS,,,identities clean
income_statement,EBIT,2017,derived,86216000.0,,PASS,,,identities clean
income_statement,EBITDA,2017,derived,86216000.0,,PASS,,,identities clean
income_statement,NetIncome,2017,derived,65797000.0,,PASS,,,identities clean
income_statement,NetIncomeContinuousOperations,2017,derived,65797000.0,,PASS,,,identities clean
income_statement,PretaxIncome,2017,derived,88510000.0,,PASS,,,identities clean
balance_sheet,AccountsPayable,2018,mapped,101280000.0,101280,PASS,"Trade and other payables (Note 25) 134,971",2020,"label='Trade and other payables (Note 25) 134,971' x1,000 sheet=101.280"
balance_sheet,AccountsReceivable,2018,mapped,131152000.0,131152,PASS,"Trade and other receivables (Note 18) 132,625",2020,"label='Trade and other receivables (Note 18) 132,625' x1,000 sheet=131.152"
balance_sheet,AccumulatedDepreciation,2018,absent_on_face,0.0,,NOTE_ONLY,,,alias 'accumulated depreciation' appears only in notes
balance_sheet,AdditionalPaidInCapital,2018,absent_on_face,0.0,,NOTE_ONLY,,,alias 'reserves' appears only in notes
balance_sheet,BuildingsAndImprovements,2018,absent_on_face,0.0,,PASS,,,no face/notes hit
balance_sheet,CashAndCashEquivalents,2018,mapped,25324000.0,25324,PASS,"Cash and cash equivalents (Note 17) 55,555",2020,"label='Cash and cash equivalents (Note 17) 55,555' x1,000 sheet=25.324"
balance_sheet,CommonStock,2018,absent_on_face,0.0,,NOTE_ONLY,,,alias 'common shares' appears only in notes
balance_sheet,ConstructionInProgress,2018,absent_on_face,0.0,,PASS,,,no face/notes hit
balance_sheet,CurrentAccruedExpenses,2018,absent_on_face,0.0,,PASS,,,no face/notes hit
balance_sheet,CurrentAssets,2018,mapped,988852000.0,988852,PASS,Current assets total,2020,"label='Current assets total' x1,000 sheet=988.852"
balance_sheet,CurrentCapitalLeaseObligation,2018,absent_on_face,0.0,,PASS,,,no face/notes hit
balance_sheet,CurrentDebt,2018,absent_on_face,0.0,,NOTE_ONLY,,,alias 'credit facility' appears only in notes
balance_sheet,CurrentDebtAndCapitalLeaseObligation,2018,absent_on_face,0.0,,PASS,,,no face/notes hit
balance_sheet,CurrentDeferredLiabilities,2018,absent_on_face,0.0,,PASS,,,no face/notes hit
balance_sheet,CurrentDeferredRevenue,2018,absent_on_face,0.0,,PASS,,,no face/notes hit
balance_sheet,CurrentDeferredTaxesLiabilities,2018,absent_on_face,0.0,,PASS,,,no face/notes hit
balance_sheet,CurrentLiabilities,2018,mapped,884219000.0,884219,PASS,Current liabilities total,2020,"label='Current liabilities total' x1,000 sheet=884.219"
balance_sheet,FinishedGoods,2018,absent_on_face,0.0,,PASS,,,no face/notes hit
balance_sheet,GainsLossesNotAffectingRetainedEarnings,2018,absent_on_face,0.0,,PASS,,,no face/notes hit
balance_sheet,Goodwill,2018,mapped,58432000.0,58432,PASS,"Goodwill (Note 22) 24,115",2020,"label='Goodwill (Note 22) 24,115' x1,000 sheet=58.432"
balance_sheet,GrossPPE,2018,absent_on_face,0.0,,PASS,,,no face/notes hit
balance_sheet,InventoriesAdjustmentsAllowances,2018,absent_on_face,0.0,,PASS,,,no face/notes hit
balance_sheet,Inventory,2018,mapped,760865000.0,760865,PASS,"Inventories (Note 19) 821,455",2020,"label='Inventories (Note 19) 821,455' x1,000 sheet=760.865"
balance_sheet,InvestmentsAndAdvances,2018,absent_on_face,0.0,,NOTE_ONLY,,,alias 'investments' appears only in notes
balance_sheet,LandAndImprovements,2018,absent_on_face,0.0,,PASS,,,no face/notes hit
balance_sheet,LoansReceivable,2018,absent_on_face,0.0,,PASS,,,no face/notes hit
balance_sheet,LongTermCapitalLeaseObligation,2018,absent_on_face,0.0,,PASS,,,no face/notes hit
balance_sheet,LongTermDebt,2018,absent_on_face,0.0,,NOTE_ONLY,,,alias 'long term debt' appears only in notes
balance_sheet,LongTermDebtAndCapitalLeaseObligation,2018,absent_on_face,0.0,,PASS,,,no face/notes hit
balance_sheet,MachineryFurnitureEquipment,2018,absent_on_face,0.0,,NOTE_ONLY,,,alias 'equipment' appears only in notes
balance_sheet,MinorityInterest,2018,mapped,18739000.0,18739,PASS,"Attributable to Non-controlling interests 14,492",2020,"label='Attributable to Non-controlling interests 14,492' x1,000 sheet=18.739"
balance_sheet,NetPPE,2018,mapped,237141000.0,237141,PASS,"Property and equipment (Note 21) 197,410",2020,"label='Property and equipment (Note 21) 197,410' x1,000 sheet=237.141"
balance_sheet,NonCurrentDeferredLiabilities,2018,absent_on_face,0.0,,PASS,,,no face/notes hit
balance_sheet,NonCurrentDeferredRevenue,2018,absent_on_face,0.0,,PASS,,,no face/notes hit
balance_sheet,NonCurrentDeferredTaxesLiabilities,2018,absent_on_face,0.0,,NOTE_ONLY,,,alias 'deferred tax liabilities' appears only in notes
balance_sheet,NonCurrentPensionAndOtherPostretirementBenefitPlans,2018,absent_on_face,0.0,,PASS,,,no face/notes hit
balance_sheet,NotesReceivable,2018,absent_on_face,0.0,,PASS,,,no face/notes hit
balance_sheet,OtherCurrentAssets,2018,mapped,6513000.0,6513,PASS,"Other current assets (Note 24) 8,502",2020,"label='Other current assets (Note 24) 8,502' x1,000 sheet=6.513"
balance_sheet,OtherIntangibleAssets,2018,mapped,412353000.0,412353,PASS,"Intangible assets (Note 22) 410,293",2020,"label='Intangible assets (Note 22) 410,293' x1,000 sheet=412.353"
balance_sheet,OtherInventories,2018,absent_on_face,0.0,,PASS,,,no face/notes hit
balance_sheet,OtherNonCurrentAssets,2018,mapped,10148000.0,10148,PASS,"Other long-term assets (Note 24) 5,042",2020,"label='Other long-term assets (Note 24) 5,042' x1,000 sheet=10.148"
balance_sheet,OtherNonCurrentLiabilities,2018,absent_on_face,0.0,,PASS,,,no face/notes hit
balance_sheet,OtherPayable,2018,absent_on_face,0.0,,NOTE_ONLY,,,alias 'other payable' appears only in notes
balance_sheet,OtherReceivables,2018,absent_on_face,0.0,,NOTE_ONLY,,,alias 'interest receivable' appears only in notes
balance_sheet,PreferredStock,2018,absent_on_face,0.0,,PASS,,,no face/notes hit
balance_sheet,RawMaterials,2018,absent_on_face,0.0,,PASS,,,no face/notes hit
balance_sheet,ShortTermInvestments,2018,absent_on_face,0.0,,PASS,,,no face/notes hit
balance_sheet,StockholdersEquity,2018,mapped,439293000.0,439293,PASS,equity total,2020,"label='equity total' x1,000 sheet=439.293"
balance_sheet,TotalTaxPayable,2018,absent_on_face,0.0,,PASS,,,no face/notes hit
balance_sheet,TreasuryStock,2018,absent_on_face,0.0,,NOTE_ONLY,,,alias 'treasury stock' appears only in notes
balance_sheet,WorkInProcess,2018,absent_on_face,0.0,,PASS,,,no face/notes hit
cash_flow,AssetImpairmentCharge,2018,absent_on_face,0.0,,PASS,,,no face/notes hit
cash_flow,BeginningCashPosition,2018,mapped,94524000.0,94524,PASS,"Cash and cash equivalents at beginning of year (Note 17) 25,324",2020,"label='Cash and cash equivalents at beginning of year (Note 17) 25,324' x1,000 sheet=94.524"
cash_flow,CashDividendsPaid,2018,absent_on_face,0.0,,BUG_FACE,"Dividends paid (Note 34)                                                           (10,952)        (15,046)",,"zero-filled but concept on FACE (exact): 'Dividends paid (Note 34)                                                           (10,952)        (15,046)'"
cash_flow,CashFromDiscontinuedInvestingActivities,2018,absent_on_face,0.0,,PASS,,,no face/notes hit
cash_flow,CashFromDiscontinuedOperatingActivities,2018,absent_on_face,0.0,,PASS,,,no face/notes hit
cash_flow,ChangeInInventory,2018,absent_on_face,0.0,,NOTE_ONLY,,,alias 'inventories' appears only in notes
cash_flow,ChangeInOtherWorkingCapital,2018,absent_on_face,0.0,,PASS,,,no face/notes hit
cash_flow,ChangeInPayablesAndAccruedExpense,2018,absent_on_face,0.0,,NOTE_ONLY,,,alias 'trade and other payables' appears only in notes
cash_flow,ChangeInPrepaidAssets,2018,absent_on_face,0.0,,PASS,,,no face/notes hit
cash_flow,ChangeInReceivables,2018,absent_on_face,0.0,,NOTE_ONLY,,,alias 'accounts receivable' appears only in notes
cash_flow,ChangeInWorkingCapital,2018,mapped,-32992000.0,-32992,PASS,"Net change in non-cash working capital (Note 35) 40,073",2020,"label='Net change in non-cash working capital (Note 35) 40,073' x1,000 sheet=-32.992"
cash_flow,ChangesInCash,2018,mapped,-69200000.0,-69200,PASS,"Net increase (decrease) in cash and cash equivalents 30,231",2020,"label='Net increase (decrease) in cash and cash equivalents 30,231' x1,000 sheet=-69.200"
cash_flow,DepreciationAmortizationDepletion,2018,absent_on_face,0.0,,PASS,,,no face/notes hit
cash_flow,EffectOfExchangeRateChanges,2018,absent_on_face,0.0,,PASS,,,no face/notes hit
cash_flow,EndCashPosition,2018,mapped,25324000.0,25324,PASS,"Cash and cash equivalents at end of year (Note 17) 55,555",2020,"label='Cash and cash equivalents at end of year (Note 17) 55,555' x1,000 sheet=25.324"
cash_flow,FinancingCashFlow,2018,mapped,-38667000.0,-38667,PASS,Financing activities total,2020,"label='Financing activities total' x1,000 sheet=-38.667"
cash_flow,InvestingCashFlow,2018,mapped,-12802000.0,-12802,PASS,Investing activities total,2020,"label='Investing activities total' x1,000 sheet=-12.802"
cash_flow,IssuanceOfCapitalStock,2018,absent_on_face,0.0,,PASS,,,no face/notes hit
cash_flow,IssuanceOfDebt,2018,absent_on_face,0.0,,PASS,,,no face/notes hit
cash_flow,NetIncomeFromContinuingOperations,2018,mapped,-77428000.0,-77428,PASS,Net (loss) income for the year,2019,"label='Net (loss) income for the year' x1,000 sheet=-77.428"
cash_flow,NetIntangiblesPurchaseAndSale,2018,absent_on_face,0.0,,PASS,,,no face/notes hit
cash_flow,NetOtherFinancingCharges,2018,absent_on_face,0.0,,PASS,,,no face/notes hit
cash_flow,NetOtherInvestingChanges,2018,absent_on_face,0.0,,PASS,,,no face/notes hit
cash_flow,NetPreferredStockIssuance,2018,absent_on_face,0.0,,PASS,,,no face/notes hit
cash_flow,OtherNonCashItems,2018,absent_on_face,0.0,,PASS,,,no face/notes hit
cash_flow,PurchaseOfBusiness,2018,mapped,-176569000.0,-176569,PASS,"Business acquisition, net of cash acquired (Note 14) —",2020,"label='Business acquisition, net of cash acquired (Note 14) —' x1,000 sheet=-176.569"
cash_flow,PurchaseOfInvestment,2018,absent_on_face,0.0,,PASS,,,no face/notes hit
cash_flow,PurchaseOfPPE,2018,mapped,-26574000.0,-26574,PASS,Purchases of property and equipment (Note 23),2019,"label='Purchases of property and equipment (Note 23)' x1,000 sheet=-26.574"
cash_flow,RepaymentOfDebt,2018,mapped,-302213000.0,,SUSPECT,"Principal elements of lease payments (20,288)",2020,printed cell not locatable in raw_line_items
cash_flow,RepurchaseOfCapitalStock,2018,absent_on_face,0.0,,PASS,,,no face/notes hit
cash_flow,SaleOfInvestment,2018,absent_on_face,0.0,,PASS,,,no face/notes hit
cash_flow,SaleOfPPE,2018,absent_on_face,0.0,,PASS,,,no face/notes hit
cash_flow,StockBasedCompensation,2018,absent_on_face,0.0,,NOTE_ONLY,,,alias 'share based compensation' appears only in notes
income_statement,DepreciationAmortizationDepletion,2018,absent_on_face,0.0,,PASS,,,no face/notes hit
income_statement,GrossProfit,2018,mapped,507963000.0,507963,PASS,"Gross profit 570,495",2020,"label='Gross profit 570,495' x1,000 sheet=507.963"
income_statement,InterestExpenseNonOperating,2018,absent_on_face,0.0,,PASS,,,no face/notes hit
income_statement,InterestIncomeNonOperating,2018,mapped,1289000.0,1289,PASS,Finance income (Note 11) 912,2020,"label='Finance income (Note 11) 912' x1,000 sheet=1.289"
income_statement,MinorityInterests,2018,mapped,-655000.0,655,PASS,"Non-controlling interests 1,280",2020,"label='Non-controlling interests 1,280' x1,000 sheet=-0.655"
income_statement,NetIncomeDiscontinuousOperations,2018,absent_on_face,0.0,,PASS,,,no face/notes hit
income_statement,NetNonOperatingInterestIncomeExpense,2018,absent_on_face,0.0,,PASS,,,no face/notes hit
income_statement,OperatingIncome,2018,mapped,-38642000.0,-38642,PASS,"Operating profit (loss) 42,474",2020,"label='Operating profit (loss) 42,474' x1,000 sheet=-38.642"
income_statement,OtherIncomeExpense,2018,mapped,33159000.0,33159,PASS,"Operating profit before other income (expense) 70,727",2020,"label='Operating profit before other income (expense) 70,727' x1,000 sheet=33.159"
income_statement,OtherOperatingExpenses,2018,absent_on_face,0.0,,NOTE_ONLY,,,alias 'office' appears only in notes
income_statement,ResearchAndDevelopment,2018,absent_on_face,0.0,,PASS,,,no face/notes hit
income_statement,SellingGeneralAndAdministration,2018,absent_on_face,0.0,,NOTE_ONLY,,,alias 'insurance' appears only in notes
income_statement,TaxProvision,2018,mapped,1846000.0,1846,PASS,Income taxes (Note 13) 775,2020,"label='Income taxes (Note 13) 775' x1,000 sheet=-1.846"
income_statement,TotalRevenue,2018,mapped,3150781000.0,3.15078e+06,PASS,"Revenue (Note 6) 3,476,111",2020,"label='Revenue (Note 6) 3,476,111' x1,000 sheet=3,150.781"
balance_sheet,CashCashEquivalentsAndShortTermInvestments,2018,derived,25324000.0,,PASS,,,identities clean
balance_sheet,OtherCurrentLiabilities,2018,derived,782939000.0,,PASS,,,identities clean
balance_sheet,PayablesAndAccruedExpenses,2018,derived,101280000.0,,PASS,,,identities clean
balance_sheet,Receivables,2018,derived,131152000.0,,PASS,,,identities clean
balance_sheet,TotalEquityGrossMinorityInterest,2018,derived,458032000.0,,PASS,,,identities clean
cash_flow,CapitalExpenditure,2018,derived,-26574000.0,,PASS,,,identities clean
cash_flow,FreeCashFlow,2018,derived,-43750000.0,,PASS,,,identities clean
cash_flow,NetIssuancePaymentsOfDebt,2018,derived,-302213000.0,,PASS,,,identities clean
income_statement,CostOfRevenue,2018,derived,2642818000.0,,PASS,,,identities clean
income_statement,EBIT,2018,derived,-76871000.0,,PASS,,,identities clean
income_statement,EBITDA,2018,derived,-76871000.0,,PASS,,,identities clean
income_statement,NetIncome,2018,derived,-77428000.0,,PASS,,,identities clean
income_statement,NetIncomeContinuousOperations,2018,derived,-77428000.0,,PASS,,,identities clean
income_statement,OperatingExpense,2018,derived,0.0,,PASS,,,identities clean
income_statement,PretaxIncome,2018,derived,-75582000.0,,PASS,,,identities clean
balance_sheet,AccountsPayable,2020,mapped,137510000.0,137510,PASS,Trade and other payables (Note 23),2022,"label='Trade and other payables (Note 23)' x1,000 sheet=137.510"
balance_sheet,AccountsReceivable,2020,mapped,118650000.0,118650,PASS,Trade and other receivables (Note 17),2022,"label='Trade and other receivables (Note 17)' x1,000 sheet=118.650"
balance_sheet,AccumulatedDepreciation,2020,absent_on_face,0.0,,NOTE_ONLY,,,alias 'accumulated depreciation' appears only in notes
balance_sheet,AdditionalPaidInCapital,2020,absent_on_face,0.0,,NOTE_ONLY,,,alias 'reserves' appears only in notes
balance_sheet,BuildingsAndImprovements,2020,absent_on_face,0.0,,PASS,,,no face/notes hit
balance_sheet,CashAndCashEquivalents,2020,mapped,107704000.0,107704,PASS,Cash and cash equivalents (Note 16),2022,"label='Cash and cash equivalents (Note 16)' x1,000 sheet=107.704"
balance_sheet,CommonStock,2020,absent_on_face,0.0,,NOTE_ONLY,,,alias 'common shares' appears only in notes
balance_sheet,ConstructionInProgress,2020,absent_on_face,0.0,,NOTE_ONLY,,,alias 'construction in progress' appears only in notes
balance_sheet,CurrentAccruedExpenses,2020,absent_on_face,0.0,,PASS,,,no face/notes hit
balance_sheet,CurrentAssets,2020,mapped,935524000.0,935524,PASS,Current assets total,2022,"label='Current assets total' x1,000 sheet=935.524"
balance_sheet,CurrentCapitalLeaseObligation,2020,absent_on_face,0.0,,PASS,,,no face/notes hit
balance_sheet,CurrentDebt,2020,absent_on_face,0.0,,NOTE_ONLY,,,alias 'credit facility' appears only in notes
balance_sheet,CurrentDebtAndCapitalLeaseObligation,2020,absent_on_face,0.0,,PASS,,,no face/notes hit
balance_sheet,CurrentDeferredLiabilities,2020,absent_on_face,0.0,,PASS,,,no face/notes hit
balance_sheet,CurrentDeferredRevenue,2020,absent_on_face,0.0,,PASS,,,no face/notes hit
balance_sheet,CurrentDeferredTaxesLiabilities,2020,absent_on_face,0.0,,PASS,,,no face/notes hit
balance_sheet,CurrentLiabilities,2020,mapped,942886000.0,942886,PASS,Current liabilities total,2022,"label='Current liabilities total' x1,000 sheet=942.886"
balance_sheet,FinishedGoods,2020,absent_on_face,0.0,,PASS,,,no face/notes hit
balance_sheet,GainsLossesNotAffectingRetainedEarnings,2020,absent_on_face,0.0,,NOTE_ONLY,,,alias 'accumulated other comprehensive income' appears only in notes
balance_sheet,Goodwill,2020,mapped,25734000.0,25734,PASS,Goodwill (Note 21),2022,"label='Goodwill (Note 21)' x1,000 sheet=25.734"
balance_sheet,GrossPPE,2020,absent_on_face,0.0,,PASS,,,no face/notes hit
balance_sheet,InventoriesAdjustmentsAllowances,2020,absent_on_face,0.0,,PASS,,,no face/notes hit
balance_sheet,Inventory,2020,mapped,699200000.0,699200,PASS,Inventories (Note 18),2022,"label='Inventories (Note 18)' x1,000 sheet=699.200"
balance_sheet,InvestmentsAndAdvances,2020,absent_on_face,0.0,,NOTE_ONLY,,,alias 'investments' appears only in notes
balance_sheet,LandAndImprovements,2020,absent_on_face,0.0,,PASS,,,no face/notes hit
balance_sheet,LoansReceivable,2020,absent_on_face,0.0,,NOTE_ONLY,,,alias 'loans receivable' appears only in notes
balance_sheet,LongTermCapitalLeaseObligation,2020,absent_on_face,0.0,,PASS,,,no face/notes hit
balance_sheet,LongTermDebt,2020,absent_on_face,0.0,,NOTE_ONLY,,,alias 'long term debt' appears only in notes
balance_sheet,LongTermDebtAndCapitalLeaseObligation,2020,absent_on_face,0.0,,PASS,,,no face/notes hit
balance_sheet,MachineryFurnitureEquipment,2020,absent_on_face,0.0,,NOTE_ONLY,,,alias 'equipment' appears only in notes
balance_sheet,MinorityInterest,2020,mapped,20946000.0,20946,PASS,Attributable to non-controlling interests,2022,"label='Attributable to non-controlling interests' x1,000 sheet=20.946"
balance_sheet,NetPPE,2020,mapped,512422000.0,203525+308897,PASS,Property and equipment (Note 20),2022,"label='Property and equipment (Note 20)' x1,000 sheet=512.422"
balance_sheet,NonCurrentDeferredLiabilities,2020,absent_on_face,0.0,,PASS,,,no face/notes hit
balance_sheet,NonCurrentDeferredRevenue,2020,absent_on_face,0.0,,PASS,,,no face/notes hit
balance_sheet,NonCurrentDeferredTaxesLiabilities,2020,absent_on_face,0.0,,NOTE_ONLY,,,alias 'deferred tax liabilities' appears only in notes
balance_sheet,NonCurrentPensionAndOtherPostretirementBenefitPlans,2020,absent_on_face,0.0,,PASS,,,no face/notes hit
balance_sheet,NotesReceivable,2020,absent_on_face,0.0,,PASS,,,no face/notes hit
balance_sheet,OtherCurrentAssets,2020,mapped,8931000.0,8931,PASS,Other current assets (Note 22),2022,"label='Other current assets (Note 22)' x1,000 sheet=8.931"
balance_sheet,OtherIntangibleAssets,2020,mapped,399633000.0,399633,PASS,Intangible assets (Note 21),2022,"label='Intangible assets (Note 21)' x1,000 sheet=399.633"
balance_sheet,OtherInventories,2020,absent_on_face,0.0,,PASS,,,no face/notes hit
balance_sheet,OtherNonCurrentAssets,2020,mapped,14337000.0,14337,PASS,Other long-term assets (Note 22),2022,"label='Other long-term assets (Note 22)' x1,000 sheet=14.337"
balance_sheet,OtherNonCurrentLiabilities,2020,absent_on_face,0.0,,PASS,,,no face/notes hit
balance_sheet,OtherPayable,2020,absent_on_face,0.0,,NOTE_ONLY,,,alias 'other payable' appears only in notes
balance_sheet,OtherReceivables,2020,absent_on_face,0.0,,NOTE_ONLY,,,alias 'other receivables' appears only in notes
balance_sheet,PreferredStock,2020,absent_on_face,0.0,,PASS,,,no face/notes hit
balance_sheet,RawMaterials,2020,absent_on_face,0.0,,PASS,,,no face/notes hit
balance_sheet,ShortTermInvestments,2020,absent_on_face,0.0,,NOTE_ONLY,,,alias 'short term investments' appears only in notes
balance_sheet,StockholdersEquity,2020,mapped,362820000.0,362820,PASS,equity total,2022,"label='equity total' x1,000 sheet=362.820"
balance_sheet,TotalTaxPayable,2020,absent_on_face,0.0,,PASS,,,no face/notes hit
balance_sheet,TreasuryStock,2020,absent_on_face,0.0,,NOTE_ONLY,,,alias 'treasury stock' appears only in notes
balance_sheet,WorkInProcess,2020,absent_on_face,0.0,,PASS,,,no face/notes hit
cash_flow,AssetImpairmentCharge,2020,absent_on_face,0.0,,PASS,,,no face/notes hit
cash_flow,BeginningCashPosition,2020,mapped,55555000.0,55555,PASS,Cash and cash equivalents at beginning of year (Note 16),2022,"label='Cash and cash equivalents at beginning of year (Note 16)' x1,000 sheet=55.555"
cash_flow,CashDividendsPaid,2020,absent_on_face,0.0,,NOTE_ONLY,,,alias 'dividends paid' appears only in notes
cash_flow,CashFromDiscontinuedInvestingActivities,2020,absent_on_face,0.0,,PASS,,,no face/notes hit
cash_flow,CashFromDiscontinuedOperatingActivities,2020,absent_on_face,0.0,,PASS,,,no face/notes hit
cash_flow,ChangeInInventory,2020,absent_on_face,0.0,,NOTE_ONLY,,,alias 'change in inventory' appears only in notes
cash_flow,ChangeInOtherWorkingCapital,2020,absent_on_face,0.0,,PASS,,,no face/notes hit
cash_flow,ChangeInPayablesAndAccruedExpense,2020,absent_on_face,0.0,,NOTE_ONLY,,,alias 'trade and other payables' appears only in notes
cash_flow,ChangeInPrepaidAssets,2020,absent_on_face,0.0,,NOTE_ONLY,,,alias 'prepaid expenses' appears only in notes
cash_flow,ChangeInReceivables,2020,absent_on_face,0.0,,NOTE_ONLY,,,alias 'accounts receivable' appears only in notes
cash_flow,ChangeInWorkingCapital,2020,mapped,70965000.0,70965,PASS,Net change in non-cash working capital (Note 36),2022,"label='Net change in non-cash working capital (Note 36)' x1,000 sheet=70.965"
cash_flow,ChangesInCash,2020,mapped,52149000.0,52149,PASS,Net (decrease) increase in cash and cash equivalents,2022,"label='Net (decrease) increase in cash and cash equivalents' x1,000 sheet=52.149"
cash_flow,DepreciationAmortizationDepletion,2020,absent_on_face,0.0,,PASS,,,no face/notes hit
cash_flow,EffectOfExchangeRateChanges,2020,absent_on_face,0.0,,NOTE_ONLY,,,alias 'effect of exchange rate changes' appears only in notes
cash_flow,EndCashPosition,2020,mapped,107704000.0,107704,PASS,Cash and cash equivalents at end of year (Note 16),2022,"label='Cash and cash equivalents at end of year (Note 16)' x1,000 sheet=107.704"
cash_flow,FinancingCashFlow,2020,mapped,-51015000.0,-51015,PASS,Financing activities total,2022,"label='Financing activities total' x1,000 sheet=-51.015"
cash_flow,InvestingCashFlow,2020,mapped,-35120000.0,-35120,PASS,Investing activities total,2022,"label='Investing activities total' x1,000 sheet=-35.120"
cash_flow,IssuanceOfCapitalStock,2020,absent_on_face,0.0,,PASS,,,no face/notes hit
cash_flow,IssuanceOfDebt,2020,absent_on_face,0.0,,PASS,,,no face/notes hit
cash_flow,NetIncomeFromContinuingOperations,2020,mapped,-6623000.0,-6623,PASS,Net income (loss) for the year,2022,"label='Net income (loss) for the year' x1,000 sheet=-6.623"
cash_flow,NetIntangiblesPurchaseAndSale,2020,absent_on_face,0.0,,PASS,,,no face/notes hit
cash_flow,NetOtherFinancingCharges,2020,absent_on_face,0.0,,PASS,,,no face/notes hit
cash_flow,NetOtherInvestingChanges,2020,absent_on_face,0.0,,PASS,,,no face/notes hit
cash_flow,NetPreferredStockIssuance,2020,absent_on_face,0.0,,PASS,,,no face/notes hit
cash_flow,OtherNonCashItems,2020,absent_on_face,0.0,,PASS,,,no face/notes hit
cash_flow,PurchaseOfBusiness,2020,mapped,-18445000.0,-18445,PASS,"Business acquisitions, net of cash acquired (Note 13)",2022,"label='Business acquisitions, net of cash acquired (Note 13)' x1,000 sheet=-18.445"
cash_flow,PurchaseOfInvestment,2020,absent_on_face,0.0,,PASS,,,no face/notes hit
cash_flow,PurchaseOfPPE,2020,mapped,-26344000.0,-26344,PASS,Purchases of property and equipment,2022,"label='Purchases of property and equipment' x1,000 sheet=-26.344"
cash_flow,RepaymentOfDebt,2020,mapped,-266197000.0,-245505+-20692,PASS,Repayment of indebtedness,2022,"label='Repayment of indebtedness' x1,000 sheet=-266.197"
cash_flow,RepurchaseOfCapitalStock,2020,absent_on_face,0.0,,PASS,,,no face/notes hit
cash_flow,SaleOfInvestment,2020,absent_on_face,0.0,,PASS,,,no face/notes hit
cash_flow,SaleOfPPE,2020,absent_on_face,0.0,,PASS,,,no face/notes hit
cash_flow,StockBasedCompensation,2020,absent_on_face,0.0,,NOTE_ONLY,,,alias 'share based compensation' appears only in notes
income_statement,CostOfRevenue,2020,mapped,2782168000.0,-2.78217e+06,PASS,Cost of sales (Note 7),2022,"label='Cost of sales (Note 7)' x1,000 sheet=2,782.168"
income_statement,DepreciationAmortizationDepletion,2020,absent_on_face,0.0,,PASS,,,no face/notes hit
income_statement,GrossProfit,2020,mapped,547326000.0,547326,PASS,Gross profit,2022,"label='Gross profit' x1,000 sheet=547.326"
income_statement,InterestExpenseNonOperating,2020,absent_on_face,0.0,,PASS,,,no face/notes hit
income_statement,InterestIncomeNonOperating,2020,mapped,808000.0,808,PASS,Finance income (Note 11),2022,"label='Finance income (Note 11)' x1,000 sheet=0.808"
income_statement,MinorityInterests,2020,mapped,-832000.0,832,PASS,Non-controlling interests,2022,"label='Non-controlling interests' x1,000 sheet=-0.832"
income_statement,NetIncome,2020,mapped,-6623000.0,-6623,PASS,Net income (loss) for the year,2022,"label='Net income (loss) for the year' x1,000 sheet=-6.623"
income_statement,NetIncomeDiscontinuousOperations,2020,absent_on_face,0.0,,PASS,,,no face/notes hit
income_statement,NetNonOperatingInterestIncomeExpense,2020,absent_on_face,0.0,,PASS,,,no face/notes hit
income_statement,OperatingExpense,2020,mapped,461663000.0,-461663,PASS,Operating expenses (Note 8),2022,"label='Operating expenses (Note 8)' x1,000 sheet=461.663"
income_statement,OperatingIncome,2020,mapped,70212000.0,70212,PASS,Operating profit,2022,"label='Operating profit' x1,000 sheet=70.212"
income_statement,OtherIncomeExpense,2020,mapped,85663000.0,85663,PASS,Operating profit before other income (expense),2022,"label='Operating profit before other income (expense)' x1,000 sheet=85.663"
income_statement,OtherOperatingExpenses,2020,absent_on_face,0.0,,NOTE_ONLY,,,alias 'office' appears only in notes
income_statement,ResearchAndDevelopment,2020,absent_on_face,0.0,,PASS,,,no face/notes hit
income_statement,SellingGeneralAndAdministration,2020,absent_on_face,0.0,,NOTE_ONLY,,,alias 'insurance' appears only in notes
income_statement,TaxProvision,2020,mapped,5418000.0,5418,PASS,Income taxes (Note 12),2022,"label='Income taxes (Note 12)' x1,000 sheet=-5.418"
income_statement,TotalRevenue,2020,mapped,3329494000.0,3.32949e+06,PASS,Revenue (Note 6),2022,"label='Revenue (Note 6)' x1,000 sheet=3,329.494"
balance_sheet,CashCashEquivalentsAndShortTermInvestments,2020,derived,107704000.0,,PASS,,,identities clean
balance_sheet,OtherCurrentLiabilities,2020,derived,805376000.0,,PASS,,,identities clean
balance_sheet,PayablesAndAccruedExpenses,2020,derived,137510000.0,,PASS,,,identities clean
balance_sheet,Receivables,2020,derived,118650000.0,,PASS,,,identities clean
balance_sheet,TotalEquityGrossMinorityInterest,2020,derived,383766000.0,,PASS,,,identities clean
cash_flow,CapitalExpenditure,2020,derived,-26344000.0,,PASS,,,identities clean
cash_flow,FreeCashFlow,2020,derived,111940000.0,,PASS,,,identities clean
cash_flow,NetIssuancePaymentsOfDebt,2020,derived,-266197000.0,,PASS,,,identities clean
income_statement,EBIT,2020,derived,-2013000.0,,PASS,,,identities clean
income_statement,EBITDA,2020,derived,-2013000.0,,PASS,,,identities clean
income_statement,NetIncomeContinuousOperations,2020,derived,-6623000.0,,PASS,,,identities clean
income_statement,PretaxIncome,2020,derived,-1205000.0,,PASS,,,identities clean
balance_sheet,AccountsPayable,2021,mapped,189731000.0,189731,PASS,Trade and other payables (Note 21),2023,"label='Trade and other payables (Note 21)' x1,000 sheet=189.731"
balance_sheet,AccountsReceivable,2021,mapped,132913000.0,132913,PASS,Trade and other receivables (Note 16),2023,"label='Trade and other receivables (Note 16)' x1,000 sheet=132.913"
balance_sheet,AccumulatedDepreciation,2021,absent_on_face,0.0,,PASS,,,no face/notes hit
balance_sheet,AdditionalPaidInCapital,2021,absent_on_face,0.0,,PASS,,,no face/notes hit
balance_sheet,BuildingsAndImprovements,2021,absent_on_face,0.0,,PASS,,,no face/notes hit
balance_sheet,CashAndCashEquivalents,2021,mapped,102480000.0,102480,PASS,Cash and cash equivalents (Note 15),2023,"label='Cash and cash equivalents (Note 15)' x1,000 sheet=102.480"
balance_sheet,CommonStock,2021,absent_on_face,0.0,,PASS,,,no face/notes hit
balance_sheet,ConstructionInProgress,2021,absent_on_face,0.0,,PASS,,,no face/notes hit
balance_sheet,CurrentAccruedExpenses,2021,absent_on_face,0.0,,PASS,,,no face/notes hit
balance_sheet,CurrentAssets,2021,mapped,982264000.0,982264,PASS,Current assets total,2023,"label='Current assets total' x1,000 sheet=982.264"
balance_sheet,CurrentCapitalLeaseObligation,2021,absent_on_face,0.0,,PASS,,,no face/notes hit
balance_sheet,CurrentDebt,2021,absent_on_face,0.0,,PASS,,,no face/notes hit
balance_sheet,CurrentDebtAndCapitalLeaseObligation,2021,absent_on_face,0.0,,PASS,,,no face/notes hit
balance_sheet,CurrentDeferredLiabilities,2021,absent_on_face,0.0,,PASS,,,no face/notes hit
balance_sheet,CurrentDeferredRevenue,2021,absent_on_face,0.0,,PASS,,,no face/notes hit
balance_sheet,CurrentDeferredTaxesLiabilities,2021,absent_on_face,0.0,,PASS,,,no face/notes hit
balance_sheet,CurrentLiabilities,2021,mapped,953437000.0,953437,PASS,Current liabilities total,2023,"label='Current liabilities total' x1,000 sheet=953.437"
balance_sheet,FinishedGoods,2021,absent_on_face,0.0,,PASS,,,no face/notes hit
balance_sheet,GainsLossesNotAffectingRetainedEarnings,2021,absent_on_face,0.0,,PASS,,,no face/notes hit
balance_sheet,Goodwill,2021,mapped,50961000.0,50961,PASS,Goodwill (Note 19),2023,"label='Goodwill (Note 19)' x1,000 sheet=50.961"
balance_sheet,GrossPPE,2021,absent_on_face,0.0,,PASS,,,no face/notes hit
balance_sheet,InventoriesAdjustmentsAllowances,2021,absent_on_face,0.0,,PASS,,,no face/notes hit
balance_sheet,Inventory,2021,mapped,737299000.0,737299,PASS,Inventories (Note 17),2023,"label='Inventories (Note 17)' x1,000 sheet=737.299"
balance_sheet,InvestmentsAndAdvances,2021,absent_on_face,0.0,,PASS,,,no face/notes hit
balance_sheet,LandAndImprovements,2021,absent_on_face,0.0,,PASS,,,no face/notes hit
balance_sheet,LoansReceivable,2021,absent_on_face,0.0,,PASS,,,no face/notes hit
balance_sheet,LongTermCapitalLeaseObligation,2021,absent_on_face,0.0,,PASS,,,no face/notes hit
balance_sheet,LongTermDebt,2021,absent_on_face,0.0,,PASS,,,no face/notes hit
balance_sheet,LongTermDebtAndCapitalLeaseObligation,2021,absent_on_face,0.0,,PASS,,,no face/notes hit
balance_sheet,MachineryFurnitureEquipment,2021,absent_on_face,0.0,,PASS,,,no face/notes hit
balance_sheet,MinorityInterest,2021,mapped,25998000.0,25998,PASS,Attributable to non-controlling interests,2023,"label='Attributable to non-controlling interests' x1,000 sheet=25.998"
balance_sheet,NetPPE,2021,mapped,619107000.0,248109+370998,PASS,Property and equipment (Note 18),2023,"label='Property and equipment (Note 18)' x1,000 sheet=619.107"
balance_sheet,NonCurrentDeferredLiabilities,2021,absent_on_face,0.0,,PASS,,,no face/notes hit
balance_sheet,NonCurrentDeferredRevenue,2021,absent_on_face,0.0,,PASS,,,no face/notes hit
balance_sheet,NonCurrentDeferredTaxesLiabilities,2021,absent_on_face,0.0,,PASS,,,no face/notes hit
balance_sheet,NonCurrentPensionAndOtherPostretirementBenefitPlans,2021,absent_on_face,0.0,,PASS,,,no face/notes hit
balance_sheet,NotesReceivable,2021,absent_on_face,0.0,,PASS,,,no face/notes hit
balance_sheet,OtherCurrentAssets,2021,mapped,9572000.0,9572,PASS,Other current assets (Note 20),2023,"label='Other current assets (Note 20)' x1,000 sheet=9.572"
balance_sheet,OtherIntangibleAssets,2021,mapped,548249000.0,548249,PASS,Intangible assets (Note 19),2023,"label='Intangible assets (Note 19)' x1,000 sheet=548.249"
balance_sheet,OtherInventories,2021,absent_on_face,0.0,,PASS,,,no face/notes hit
balance_sheet,OtherNonCurrentAssets,2021,mapped,17211000.0,17211,PASS,Other long-term assets (Note 20),2023,"label='Other long-term assets (Note 20)' x1,000 sheet=17.211"
balance_sheet,OtherNonCurrentLiabilities,2021,absent_on_face,0.0,,PASS,,,no face/notes hit
balance_sheet,OtherPayable,2021,absent_on_face,0.0,,PASS,,,no face/notes hit
balance_sheet,OtherReceivables,2021,absent_on_face,0.0,,PASS,,,no face/notes hit
balance_sheet,PreferredStock,2021,absent_on_face,0.0,,PASS,,,no face/notes hit
balance_sheet,RawMaterials,2021,absent_on_face,0.0,,PASS,,,no face/notes hit
balance_sheet,ShortTermInvestments,2021,absent_on_face,0.0,,PASS,,,no face/notes hit
balance_sheet,StockholdersEquity,2021,mapped,519409000.0,519409,PASS,equity total,2023,"label='equity total' x1,000 sheet=519.409"
balance_sheet,TotalTaxPayable,2021,absent_on_face,0.0,,PASS,,,no face/notes hit
balance_sheet,TreasuryStock,2021,absent_on_face,0.0,,PASS,,,no face/notes hit
balance_sheet,WorkInProcess,2021,absent_on_face,0.0,,PASS,,,no face/notes hit
cash_flow,AssetImpairmentCharge,2021,absent_on_face,0.0,,PASS,,,no face/notes hit
cash_flow,BeginningCashPosition,2021,mapped,107704000.0,107704,PASS,Cash and cash equivalents at beginning of year (Note 15),2023,"label='Cash and cash equivalents at beginning of year (Note 15)' x1,000 sheet=107.704"
cash_flow,CashDividendsPaid,2021,absent_on_face,0.0,,PASS,,,no face/notes hit
cash_flow,CashFromDiscontinuedInvestingActivities,2021,absent_on_face,0.0,,PASS,,,no face/notes hit
cash_flow,CashFromDiscontinuedOperatingActivities,2021,absent_on_face,0.0,,PASS,,,no face/notes hit
cash_flow,ChangeInInventory,2021,absent_on_face,0.0,,PASS,,,no face/notes hit
cash_flow,ChangeInOtherWorkingCapital,2021,absent_on_face,0.0,,PASS,,,no face/notes hit
cash_flow,ChangeInPayablesAndAccruedExpense,2021,absent_on_face,0.0,,PASS,,,no face/notes hit
cash_flow,ChangeInPrepaidAssets,2021,absent_on_face,0.0,,PASS,,,no face/notes hit
cash_flow,ChangeInReceivables,2021,absent_on_face,0.0,,PASS,,,no face/notes hit
cash_flow,ChangeInWorkingCapital,2021,mapped,-43407000.0,-43407,PASS,Net change in non-cash working capital (Note 34),2023,"label='Net change in non-cash working capital (Note 34)' x1,000 sheet=-43.407"
cash_flow,ChangesInCash,2021,mapped,-5224000.0,-5224,PASS,Net increase (decrease) in cash and cash equivalents,2023,"label='Net increase (decrease) in cash and cash equivalents' x1,000 sheet=-5.224"
cash_flow,DepreciationAmortizationDepletion,2021,absent_on_face,0.0,,PASS,,,no face/notes hit
cash_flow,EffectOfExchangeRateChanges,2021,absent_on_face,0.0,,PASS,,,no face/notes hit
cash_flow,EndCashPosition,2021,mapped,102480000.0,102480,PASS,Cash and cash equivalents at end of year (Note 15),2023,"label='Cash and cash equivalents at end of year (Note 15)' x1,000 sheet=102.480"
cash_flow,FinancingCashFlow,2021,mapped,97003000.0,97003,PASS,Financing activities total,2023,"label='Financing activities total' x1,000 sheet=97.003"
cash_flow,InvestingCashFlow,2021,mapped,-215374000.0,-215374,PASS,Investing activities total,2023,"label='Investing activities total' x1,000 sheet=-215.374"
cash_flow,IssuanceOfCapitalStock,2021,absent_on_face,0.0,,PASS,,,no face/notes hit
cash_flow,IssuanceOfDebt,2021,absent_on_face,0.0,,PASS,,,no face/notes hit
cash_flow,NetIncomeFromContinuingOperations,2021,mapped,167199000.0,167199,PASS,Net income for the year,2023,"label='Net income for the year' x1,000 sheet=167.199"
cash_flow,NetIntangiblesPurchaseAndSale,2021,absent_on_face,0.0,,PASS,,,no face/notes hit
cash_flow,NetOtherFinancingCharges,2021,absent_on_face,0.0,,PASS,,,no face/notes hit
cash_flow,NetOtherInvestingChanges,2021,absent_on_face,0.0,,PASS,,,no face/notes hit
cash_flow,NetPreferredStockIssuance,2021,absent_on_face,0.0,,PASS,,,no face/notes hit
cash_flow,OtherNonCashItems,2021,absent_on_face,0.0,,PASS,,,no face/notes hit
cash_flow,PurchaseOfBusiness,2021,mapped,-183197000.0,-183197,PASS,"Business acquisitions, net of cash acquired (Note 13)",2023,"label='Business acquisitions, net of cash acquired (Note 13)' x1,000 sheet=-183.197"
cash_flow,PurchaseOfInvestment,2021,absent_on_face,0.0,,PASS,,,no face/notes hit
cash_flow,PurchaseOfPPE,2021,mapped,-34576000.0,-34576,PASS,Purchases of property and equipment (Note 18),2023,"label='Purchases of property and equipment (Note 18)' x1,000 sheet=-34.576"
cash_flow,RepaymentOfDebt,2021,mapped,-257102000.0,-231180+-25922,PASS,Repayment of indebtedness,2023,"label='Repayment of indebtedness' x1,000 sheet=-257.102"
cash_flow,RepurchaseOfCapitalStock,2021,absent_on_face,0.0,,PASS,,,no face/notes hit
cash_flow,SaleOfInvestment,2021,absent_on_face,0.0,,PASS,,,no face/notes hit
cash_flow,SaleOfPPE,2021,absent_on_face,0.0,,PASS,,,no face/notes hit
cash_flow,StockBasedCompensation,2021,absent_on_face,0.0,,PASS,,,no face/notes hit
income_statement,CostOfRevenue,2021,mapped,3819232000.0,-3.81923e+06,PASS,Cost of sales (Note 7),2023,"label='Cost of sales (Note 7)' x1,000 sheet=3,819.232"
income_statement,DepreciationAmortizationDepletion,2021,absent_on_face,0.0,,PASS,,,no face/notes hit
income_statement,GrossProfit,2021,mapped,834183000.0,834183,PASS,Gross profit,2023,"label='Gross profit' x1,000 sheet=834.183"
income_statement,InterestExpenseNonOperating,2021,absent_on_face,0.0,,PASS,,,no face/notes hit
income_statement,InterestIncomeNonOperating,2021,mapped,810000.0,810,PASS,Finance income (Note 11),2023,"label='Finance income (Note 11)' x1,000 sheet=0.810"
income_statement,MinorityInterests,2021,mapped,-2992000.0,2992,PASS,Non-controlling interests,2023,"label='Non-controlling interests' x1,000 sheet=-2.992"
income_statement,NetIncome,2021,mapped,167199000.0,167199,PASS,Net income for the year,2023,"label='Net income for the year' x1,000 sheet=167.199"
income_statement,NetIncomeDiscontinuousOperations,2021,absent_on_face,0.0,,PASS,,,no face/notes hit
income_statement,NetNonOperatingInterestIncomeExpense,2021,absent_on_face,0.0,,PASS,,,no face/notes hit
income_statement,OperatingExpense,2021,mapped,612609000.0,-612609,PASS,Operating expenses (Note 8),2023,"label='Operating expenses (Note 8)' x1,000 sheet=612.609"
income_statement,OperatingIncome,2021,mapped,270068000.0,270068,PASS,Operating profit,2023,"label='Operating profit' x1,000 sheet=270.068"
income_statement,OtherIncomeExpense,2021,mapped,221574000.0,221574,PASS,Operating profit before other income (expense),2023,"label='Operating profit before other income (expense)' x1,000 sheet=221.574"
income_statement,OtherOperatingExpenses,2021,absent_on_face,0.0,,PASS,,,no face/notes hit
income_statement,ResearchAndDevelopment,2021,absent_on_face,0.0,,PASS,,,no face/notes hit
income_statement,SellingGeneralAndAdministration,2021,absent_on_face,0.0,,PASS,,,no face/notes hit
income_statement,TaxProvision,2021,mapped,54021000.0,54021,PASS,Income tax expense (Note 12),2023,"label='Income tax expense (Note 12)' x1,000 sheet=-54.021"
income_statement,TotalRevenue,2021,mapped,4653415000.0,4.65342e+06,PASS,Revenue (Note 6),2023,"label='Revenue (Note 6)' x1,000 sheet=4,653.415"
balance_sheet,CashCashEquivalentsAndShortTermInvestments,2021,derived,102480000.0,,PASS,,,identities clean
balance_sheet,OtherCurrentLiabilities,2021,derived,763706000.0,,PASS,,,identities clean
balance_sheet,PayablesAndAccruedExpenses,2021,derived,189731000.0,,PASS,,,identities clean
balance_sheet,Receivables,2021,derived,132913000.0,,PASS,,,identities clean
balance_sheet,TotalEquityGrossMinorityInterest,2021,derived,545407000.0,,PASS,,,identities clean
cash_flow,CapitalExpenditure,2021,derived,-34576000.0,,PASS,,,identities clean
cash_flow,FreeCashFlow,2021,derived,78571000.0,,PASS,,,identities clean
cash_flow,NetIssuancePaymentsOfDebt,2021,derived,-257102000.0,,PASS,,,identities clean
income_statement,EBIT,2021,derived,220410000.0,,PASS,,,identities clean
income_statement,EBITDA,2021,derived,220410000.0,,PASS,,,identities clean
income_statement,NetIncomeContinuousOperations,2021,derived,167199000.0,,PASS,,,identities clean
income_statement,PretaxIncome,2021,derived,221220000.0,,PASS,,,identities clean
balance_sheet,AccountsPayable,2022,mapped,229696000.0,229696,PASS,Trade and other payables (Note 21),2024,"label='Trade and other payables (Note 21)' x1,000 sheet=229.696"
balance_sheet,AccountsReceivable,2022,mapped,217790000.0,217790,PASS,Trade and other receivables (Note 15),2024,"label='Trade and other receivables (Note 15)' x1,000 sheet=217.790"
balance_sheet,AccumulatedDepreciation,2022,absent_on_face,0.0,,NOTE_ONLY,,,alias 'accumulated depreciation' appears only in notes
balance_sheet,AdditionalPaidInCapital,2022,absent_on_face,0.0,,NOTE_ONLY,,,alias 'contributed surplus' appears only in notes
balance_sheet,BuildingsAndImprovements,2022,absent_on_face,0.0,,PASS,,,no face/notes hit
balance_sheet,CashAndCashEquivalents,2022,mapped,108301000.0,108301,PASS,Cash,2024,"label='Cash' x1,000 sheet=108.301"
balance_sheet,CommonStock,2022,absent_on_face,0.0,,NOTE_ONLY,,,alias 'common shares' appears only in notes
balance_sheet,ConstructionInProgress,2022,absent_on_face,0.0,,NOTE_ONLY,,,alias 'construction in progress' appears only in notes
balance_sheet,CurrentAccruedExpenses,2022,absent_on_face,0.0,,PASS,,,no face/notes hit
balance_sheet,CurrentAssets,2022,mapped,1315773000.0,1.31577e+06,PASS,Current assets total,2024,"label='Current assets total' x1,000 sheet=1,315.773"
balance_sheet,CurrentCapitalLeaseObligation,2022,absent_on_face,0.0,,PASS,,,no face/notes hit
balance_sheet,CurrentDebt,2022,absent_on_face,0.0,,NOTE_ONLY,,,alias 'credit facility' appears only in notes
balance_sheet,CurrentDebtAndCapitalLeaseObligation,2022,absent_on_face,0.0,,PASS,,,no face/notes hit
balance_sheet,CurrentDeferredLiabilities,2022,absent_on_face,0.0,,PASS,,,no face/notes hit
balance_sheet,CurrentDeferredRevenue,2022,absent_on_face,0.0,,PASS,,,no face/notes hit
balance_sheet,CurrentDeferredTaxesLiabilities,2022,absent_on_face,0.0,,PASS,,,no face/notes hit
balance_sheet,CurrentLiabilities,2022,mapped,1297279000.0,1.29728e+06,PASS,Current liabilities total,2024,"label='Current liabilities total' x1,000 sheet=1,297.279"
balance_sheet,FinishedGoods,2022,absent_on_face,0.0,,PASS,,,no face/notes hit
balance_sheet,GainsLossesNotAffectingRetainedEarnings,2022,absent_on_face,0.0,,NOTE_ONLY,,,alias 'accumulated other comprehensive income' appears only in notes
balance_sheet,Goodwill,2022,mapped,78084000.0,78084,PASS,Goodwill (Note 19),2024,"label='Goodwill (Note 19)' x1,000 sheet=78.084"
balance_sheet,GrossPPE,2022,absent_on_face,0.0,,PASS,,,no face/notes hit
balance_sheet,InventoriesAdjustmentsAllowances,2022,absent_on_face,0.0,,PASS,,,no face/notes hit
balance_sheet,Inventory,2022,mapped,979540000.0,979540,PASS,Inventories (Note 16),2024,"label='Inventories (Note 16)' x1,000 sheet=979.540"
balance_sheet,InvestmentsAndAdvances,2022,absent_on_face,0.0,,NOTE_ONLY,,,alias 'investments' appears only in notes
balance_sheet,LandAndImprovements,2022,absent_on_face,0.0,,PASS,,,no face/notes hit
balance_sheet,LoansReceivable,2022,absent_on_face,0.0,,NOTE_ONLY,,,alias 'loans receivable' appears only in notes
balance_sheet,LongTermCapitalLeaseObligation,2022,absent_on_face,0.0,,PASS,,,no face/notes hit
balance_sheet,LongTermDebt,2022,absent_on_face,0.0,,NOTE_ONLY,,,alias 'long term debt' appears only in notes
balance_sheet,LongTermDebtAndCapitalLeaseObligation,2022,absent_on_face,0.0,,PASS,,,no face/notes hit
balance_sheet,MachineryFurnitureEquipment,2022,absent_on_face,0.0,,NOTE_ONLY,,,alias 'equipment' appears only in notes
balance_sheet,MinorityInterest,2022,mapped,28898000.0,28898,PASS,Attributable to non-controlling interests,2024,"label='Attributable to non-controlling interests' x1,000 sheet=28.898"
balance_sheet,NetPPE,2022,mapped,741961000.0,345592+396369,PASS,Property and equipment (Note 18),2024,"label='Property and equipment (Note 18)' x1,000 sheet=741.961"
balance_sheet,NonCurrentDeferredLiabilities,2022,absent_on_face,0.0,,PASS,,,no face/notes hit
balance_sheet,NonCurrentDeferredRevenue,2022,absent_on_face,0.0,,PASS,,,no face/notes hit
balance_sheet,NonCurrentDeferredTaxesLiabilities,2022,absent_on_face,0.0,,NOTE_ONLY,,,alias 'deferred tax liabilities' appears only in notes
balance_sheet,NonCurrentPensionAndOtherPostretirementBenefitPlans,2022,absent_on_face,0.0,,PASS,,,no face/notes hit
balance_sheet,NotesReceivable,2022,absent_on_face,0.0,,PASS,,,no face/notes hit
balance_sheet,OtherCurrentAssets,2022,mapped,10142000.0,10142,PASS,Other current assets (Note 20),2024,"label='Other current assets (Note 20)' x1,000 sheet=10.142"
balance_sheet,OtherIntangibleAssets,2022,mapped,659261000.0,659261,PASS,Intangible assets (Note 19),2024,"label='Intangible assets (Note 19)' x1,000 sheet=659.261"
balance_sheet,OtherInventories,2022,absent_on_face,0.0,,PASS,,,no face/notes hit
balance_sheet,OtherNonCurrentAssets,2022,mapped,17298000.0,17298,PASS,Other long-term assets (Note 20),2024,"label='Other long-term assets (Note 20)' x1,000 sheet=17.298"
balance_sheet,OtherNonCurrentLiabilities,2022,absent_on_face,0.0,,PASS,,,no face/notes hit
balance_sheet,OtherPayable,2022,absent_on_face,0.0,,NOTE_ONLY,,,alias 'other payable' appears only in notes
balance_sheet,OtherReceivables,2022,absent_on_face,0.0,,NOTE_ONLY,,,alias 'other receivables' appears only in notes
balance_sheet,PreferredStock,2022,absent_on_face,0.0,,PASS,,,no face/notes hit
balance_sheet,RawMaterials,2022,absent_on_face,0.0,,PASS,,,no face/notes hit
balance_sheet,ShortTermInvestments,2022,absent_on_face,0.0,,NOTE_ONLY,,,alias 'short term investments' appears only in notes
balance_sheet,StockholdersEquity,2022,mapped,486797000.0,486797,PASS,equity total,2024,"label='equity total' x1,000 sheet=486.797"
balance_sheet,TotalTaxPayable,2022,absent_on_face,0.0,,PASS,,,no face/notes hit
balance_sheet,TreasuryStock,2022,absent_on_face,0.0,,NOTE_ONLY,,,alias 'treasury stock' appears only in notes
balance_sheet,WorkInProcess,2022,absent_on_face,0.0,,PASS,,,no face/notes hit
cash_flow,AssetImpairmentCharge,2022,absent_on_face,0.0,,PASS,,,no face/notes hit
cash_flow,BeginningCashPosition,2022,mapped,102480000.0,102480,PASS,Cash at beginning of year,2024,"label='Cash at beginning of year' x1,000 sheet=102.480"
cash_flow,CashDividendsPaid,2022,absent_on_face,0.0,,NOTE_ONLY,,,alias 'dividends paid' appears only in notes
cash_flow,CashFromDiscontinuedInvestingActivities,2022,absent_on_face,0.0,,PASS,,,no face/notes hit
cash_flow,CashFromDiscontinuedOperatingActivities,2022,absent_on_face,0.0,,PASS,,,no face/notes hit
cash_flow,ChangeInInventory,2022,absent_on_face,0.0,,NOTE_ONLY,,,alias 'inventories' appears only in notes
cash_flow,ChangeInOtherWorkingCapital,2022,absent_on_face,0.0,,PASS,,,no face/notes hit
cash_flow,ChangeInPayablesAndAccruedExpense,2022,absent_on_face,0.0,,NOTE_ONLY,,,alias 'trade and other payables' appears only in notes
cash_flow,ChangeInPrepaidAssets,2022,absent_on_face,0.0,,NOTE_ONLY,,,alias 'prepaid expenses' appears only in notes
cash_flow,ChangeInReceivables,2022,absent_on_face,0.0,,NOTE_ONLY,,,alias 'accounts receivable' appears only in notes
cash_flow,ChangeInWorkingCapital,2022,mapped,-28089000.0,-28089,PASS,Net change in non-cash working capital (Note 34) 1,2024,"label='Net change in non-cash working capital (Note 34) 1' x1,000 sheet=-28.089"
cash_flow,ChangesInCash,2022,mapped,5821000.0,5821,PASS,Net (decrease) increase in cash,2024,"label='Net (decrease) increase in cash' x1,000 sheet=5.821"
cash_flow,DepreciationAmortizationDepletion,2022,absent_on_face,0.0,,PASS,,,no face/notes hit
cash_flow,EffectOfExchangeRateChanges,2022,mapped,3034000.0,3034,PASS,Effect of exchange rate changes on cash,2024,"label='Effect of exchange rate changes on cash' x1,000 sheet=3.034"
cash_flow,EndCashPosition,2022,mapped,108301000.0,108301,PASS,Cash at end of year,2024,"label='Cash at end of year' x1,000 sheet=108.301"
cash_flow,FinancingCashFlow,2022,mapped,83213000.0,83213,PASS,Financing activities total,2024,"label='Financing activities total' x1,000 sheet=83.213"
cash_flow,InvestingCashFlow,2022,mapped,-228024000.0,-228024,PASS,Investing activities total,2024,"label='Investing activities total' x1,000 sheet=-228.024"
cash_flow,IssuanceOfCapitalStock,2022,mapped,8573000.0,8573,PASS,"Proceeds from exercise of stock options, net",2024,"label='Proceeds from exercise of stock options, net' x1,000 sheet=8.573"
cash_flow,IssuanceOfDebt,2022,absent_on_face,0.0,,PASS,,,no face/notes hit
cash_flow,NetIncomeFromContinuingOperations,2022,mapped,91060000.0,91060,PASS,Net income for the year,2024,"label='Net income for the year' x1,000 sheet=91.060"
cash_flow,NetIntangiblesPurchaseAndSale,2022,absent_on_face,0.0,,PASS,,,no face/notes hit
cash_flow,NetOtherFinancingCharges,2022,absent_on_face,0.0,,PASS,,,no face/notes hit
cash_flow,NetOtherInvestingChanges,2022,absent_on_face,0.0,,PASS,,,no face/notes hit
cash_flow,NetPreferredStockIssuance,2022,absent_on_face,0.0,,PASS,,,no face/notes hit
cash_flow,OtherNonCashItems,2022,absent_on_face,0.0,,PASS,,,no face/notes hit
cash_flow,PurchaseOfBusiness,2022,mapped,-174882000.0,-174882,PASS,"Business acquisitions, net of cash acquired (Note 13)",2024,"label='Business acquisitions, net of cash acquired (Note 13)' x1,000 sheet=-174.882"
cash_flow,PurchaseOfInvestment,2022,absent_on_face,0.0,,PASS,,,no face/notes hit
cash_flow,PurchaseOfPPE,2022,mapped,-52667000.0,-52667,PASS,Purchases of property and equipment (Note 18),2024,"label='Purchases of property and equipment (Note 18)' x1,000 sheet=-52.667"
cash_flow,RepaymentOfDebt,2022,mapped,-797278000.0,-770064+-27214,PASS,Repayment of indebtedness,2024,"label='Repayment of indebtedness' x1,000 sheet=-797.278"
cash_flow,RepurchaseOfCapitalStock,2022,absent_on_face,0.0,,PASS,,,no face/notes hit
cash_flow,SaleOfInvestment,2022,absent_on_face,0.0,,PASS,,,no face/notes hit
cash_flow,SaleOfPPE,2022,absent_on_face,0.0,,PASS,,,no face/notes hit
cash_flow,StockBasedCompensation,2022,mapped,5410000.0,5410,PASS,Share-based compensation (Note 28),2024,"label='Share-based compensation (Note 28)' x1,000 sheet=5.410"
income_statement,CostOfRevenue,2022,mapped,4997746000.0,-4.99775e+06,PASS,Cost of sales (Note 7),2024,"label='Cost of sales (Note 7)' x1,000 sheet=4,997.746"
income_statement,GrossProfit,2022,mapped,1042873000.0,1.04287e+06,PASS,Gross profit,2024,"label='Gross profit' x1,000 sheet=1,042.873"
income_statement,InterestExpenseNonOperating,2022,absent_on_face,0.0,,PASS,,,no face/notes hit
income_statement,InterestIncomeNonOperating,2022,mapped,4144000.0,4144,PASS,Finance income (Note 11),2024,"label='Finance income (Note 11)' x1,000 sheet=4.144"
income_statement,MinorityInterests,2022,mapped,-5624000.0,5624,PASS,Non-controlling interests,2024,"label='Non-controlling interests' x1,000 sheet=-5.624"
income_statement,NetIncome,2022,mapped,91060000.0,91060,PASS,Net income for the year,2024,"label='Net income for the year' x1,000 sheet=91.060"
income_statement,NetIncomeDiscontinuousOperations,2022,absent_on_face,0.0,,PASS,,,no face/notes hit
income_statement,NetNonOperatingInterestIncomeExpense,2022,absent_on_face,0.0,,PASS,,,no face/notes hit
income_statement,OperatingExpense,2022,mapped,811018000.0,-811018,PASS,Operating expenses (Note 8),2024,"label='Operating expenses (Note 8)' x1,000 sheet=811.018"
income_statement,OperatingIncome,2022,mapped,254551000.0,254551,PASS,Operating profit,2024,"label='Operating profit' x1,000 sheet=254.551"
income_statement,OtherIncomeExpense,2022,mapped,246156000.0,231855+14301,PASS,Operating profit before other income,2024,"label='Operating profit before other income' x1,000 sheet=246.156"
income_statement,OtherOperatingExpenses,2022,absent_on_face,0.0,,NOTE_ONLY,,,alias 'office' appears only in notes
income_statement,ResearchAndDevelopment,2022,absent_on_face,0.0,,PASS,,,no face/notes hit
income_statement,SellingGeneralAndAdministration,2022,absent_on_face,0.0,,NOTE_ONLY,,,alias 'insurance' appears only in notes
income_statement,TaxProvision,2022,mapped,32824000.0,32824,PASS,Income tax expense (Note 12),2024,"label='Income tax expense (Note 12)' x1,000 sheet=-32.824"
income_statement,TotalRevenue,2022,mapped,6040619000.0,6.04062e+06,PASS,Revenue (Note 6),2024,"label='Revenue (Note 6)' x1,000 sheet=6,040.619"
balance_sheet,CashCashEquivalentsAndShortTermInvestments,2022,derived,108301000.0,,PASS,,,identities clean
balance_sheet,OtherCurrentLiabilities,2022,derived,1067583000.0,,PASS,,,identities clean
balance_sheet,PayablesAndAccruedExpenses,2022,derived,229696000.0,,PASS,,,identities clean
balance_sheet,Receivables,2022,derived,217790000.0,,PASS,,,identities clean
balance_sheet,TotalEquityGrossMinorityInterest,2022,derived,515695000.0,,PASS,,,identities clean
cash_flow,CapitalExpenditure,2022,derived,-52667000.0,,PASS,,,identities clean
cash_flow,FreeCashFlow,2022,derived,94931000.0,,PASS,,,identities clean
cash_flow,NetIssuancePaymentsOfDebt,2022,derived,-797278000.0,,PASS,,,identities clean
income_statement,DepreciationAmortizationDepletion,2022,derived,374000.0,,PASS,,,identities clean
income_statement,EBIT,2022,derived,119740000.0,,PASS,,,identities clean
income_statement,EBITDA,2022,derived,120114000.0,,PASS,,,identities clean
income_statement,NetIncomeContinuousOperations,2022,derived,91060000.0,,PASS,,,identities clean
income_statement,PretaxIncome,2022,derived,123884000.0,,PASS,,,identities clean
balance_sheet,AccountsPayable,2023,mapped,238427000.0,238427,PASS,Trade and other payables (Note 22),2025,"label='Trade and other payables (Note 22)' x1,000 sheet=238.427"
balance_sheet,AccountsReceivable,2023,mapped,222076000.0,222076,PASS,Trade and other receivables (Note 15),2025,"label='Trade and other receivables (Note 15)' x1,000 sheet=222.076"
balance_sheet,AccumulatedDepreciation,2023,absent_on_face,0.0,,NOTE_ONLY,,,alias 'accumulated depreciation' appears only in notes
balance_sheet,AdditionalPaidInCapital,2023,absent_on_face,0.0,,NOTE_ONLY,,,alias 'contributed surplus' appears only in notes
balance_sheet,BuildingsAndImprovements,2023,absent_on_face,0.0,,PASS,,,no face/notes hit
balance_sheet,CashAndCashEquivalents,2023,mapped,103146000.0,103146,PASS,Cash,2025,"label='Cash' x1,000 sheet=103.146"
balance_sheet,CommonStock,2023,absent_on_face,0.0,,NOTE_ONLY,,,alias 'common shares' appears only in notes
balance_sheet,ConstructionInProgress,2023,absent_on_face,0.0,,NOTE_ONLY,,,alias 'construction in progress' appears only in notes
balance_sheet,CurrentAccruedExpenses,2023,absent_on_face,0.0,,PASS,,,no face/notes hit
balance_sheet,CurrentAssets,2023,mapped,1517438000.0,1.51744e+06,PASS,Current assets total,2025,"label='Current assets total' x1,000 sheet=1,517.438"
balance_sheet,CurrentCapitalLeaseObligation,2023,absent_on_face,0.0,,PASS,,,no face/notes hit
balance_sheet,CurrentDebt,2023,absent_on_face,0.0,,NOTE_ONLY,,,alias 'credit facility' appears only in notes
balance_sheet,CurrentDebtAndCapitalLeaseObligation,2023,absent_on_face,0.0,,PASS,,,no face/notes hit
balance_sheet,CurrentDeferredLiabilities,2023,absent_on_face,0.0,,PASS,,,no face/notes hit
balance_sheet,CurrentDeferredRevenue,2023,absent_on_face,0.0,,PASS,,,no face/notes hit
balance_sheet,CurrentDeferredTaxesLiabilities,2023,absent_on_face,0.0,,PASS,,,no face/notes hit
balance_sheet,CurrentLiabilities,2023,mapped,1479064000.0,1.47906e+06,PASS,Current liabilities total,2025,"label='Current liabilities total' x1,000 sheet=1,479.064"
balance_sheet,FinishedGoods,2023,absent_on_face,0.0,,PASS,,,no face/notes hit
balance_sheet,GainsLossesNotAffectingRetainedEarnings,2023,absent_on_face,0.0,,NOTE_ONLY,,,alias 'accumulated other comprehensive income' appears only in notes
balance_sheet,Goodwill,2023,mapped,98266000.0,98266,PASS,Goodwill (Note 20),2025,"label='Goodwill (Note 20)' x1,000 sheet=98.266"
balance_sheet,GrossPPE,2023,absent_on_face,0.0,,PASS,,,no face/notes hit
balance_sheet,InventoriesAdjustmentsAllowances,2023,absent_on_face,0.0,,PASS,,,no face/notes hit
balance_sheet,Inventory,2023,mapped,1154311000.0,1.15431e+06,PASS,Inventories (Note 16),2025,"label='Inventories (Note 16)' x1,000 sheet=1,154.311"
balance_sheet,InvestmentsAndAdvances,2023,absent_on_face,0.0,,NOTE_ONLY,,,alias 'investments' appears only in notes
balance_sheet,LandAndImprovements,2023,absent_on_face,0.0,,PASS,,,no face/notes hit
balance_sheet,LoansReceivable,2023,absent_on_face,0.0,,NOTE_ONLY,,,alias 'loans receivable' appears only in notes
balance_sheet,LongTermCapitalLeaseObligation,2023,absent_on_face,0.0,,PASS,,,no face/notes hit
balance_sheet,LongTermDebt,2023,absent_on_face,0.0,,NOTE_ONLY,,,alias 'long term debt' appears only in notes
balance_sheet,LongTermDebtAndCapitalLeaseObligation,2023,absent_on_face,0.0,,PASS,,,no face/notes hit
balance_sheet,MachineryFurnitureEquipment,2023,absent_on_face,0.0,,NOTE_ONLY,,,alias 'equipment' appears only in notes
balance_sheet,MinorityInterest,2023,mapped,29982000.0,29982,PASS,Attributable to non-controlling interests,2025,"label='Attributable to non-controlling interests' x1,000 sheet=29.982"
balance_sheet,NetPPE,2023,mapped,783374000.0,378269+405105,PASS,Property and equipment (Note 19),2025,"label='Property and equipment (Note 19)' x1,000 sheet=783.374"
balance_sheet,NonCurrentDeferredLiabilities,2023,absent_on_face,0.0,,PASS,,,no face/notes hit
balance_sheet,NonCurrentDeferredRevenue,2023,absent_on_face,0.0,,PASS,,,no face/notes hit
balance_sheet,NonCurrentDeferredTaxesLiabilities,2023,absent_on_face,0.0,,NOTE_ONLY,,,alias 'deferred tax liabilities' appears only in notes
balance_sheet,NonCurrentPensionAndOtherPostretirementBenefitPlans,2023,absent_on_face,0.0,,PASS,,,no face/notes hit
balance_sheet,NotesReceivable,2023,absent_on_face,0.0,,PASS,,,no face/notes hit
balance_sheet,OtherCurrentAssets,2023,mapped,15718000.0,15718,PASS,Other current assets (Note 21),2025,"label='Other current assets (Note 21)' x1,000 sheet=15.718"
balance_sheet,OtherIntangibleAssets,2023,mapped,682137000.0,682137,PASS,Intangible assets (Note 20),2025,"label='Intangible assets (Note 20)' x1,000 sheet=682.137"
balance_sheet,OtherInventories,2023,absent_on_face,0.0,,PASS,,,no face/notes hit
balance_sheet,OtherNonCurrentAssets,2023,mapped,16708000.0,16708,PASS,Other long-term assets (Note 21),2025,"label='Other long-term assets (Note 21)' x1,000 sheet=16.708"
balance_sheet,OtherPayable,2023,absent_on_face,0.0,,NOTE_ONLY,,,alias 'other payable' appears only in notes
balance_sheet,OtherReceivables,2023,absent_on_face,0.0,,NOTE_ONLY,,,alias 'sales tax receivable' appears only in notes
balance_sheet,PreferredStock,2023,absent_on_face,0.0,,PASS,,,no face/notes hit
balance_sheet,RawMaterials,2023,absent_on_face,0.0,,PASS,,,no face/notes hit
balance_sheet,ShortTermInvestments,2023,absent_on_face,0.0,,NOTE_ONLY,,,alias 'short term investments' appears only in notes
balance_sheet,StockholdersEquity,2023,mapped,3159439000.0,3.15944e+06,PASS,equity total,2025,"label='equity total' x1,000 sheet=3,159.439"
balance_sheet,TotalAssets,2023,mapped,3159439000.0,3.15944e+06,PASS,Total assets,2025,"label='Total assets' x1,000 sheet=3,159.439"
balance_sheet,TotalEquityGrossMinorityInterest,2023,mapped,564829000.0,564829,PASS,Total equity,2025,"label='Total equity' x1,000 sheet=564.829"
balance_sheet,TotalLiabilities,2023,mapped,2594610000.0,2.59461e+06,PASS,Total liabilities,2025,"label='Total liabilities' x1,000 sheet=2,594.610"
balance_sheet,TotalTaxPayable,2023,absent_on_face,0.0,,PASS,,,no face/notes hit
balance_sheet,TreasuryStock,2023,absent_on_face,0.0,,NOTE_ONLY,,,alias 'treasury stock' appears only in notes
balance_sheet,WorkInProcess,2023,absent_on_face,0.0,,PASS,,,no face/notes hit
cash_flow,AssetImpairmentCharge,2023,absent_on_face,0.0,,PASS,,,no face/notes hit
cash_flow,BeginningCashPosition,2023,mapped,108301000.0,108301,PASS,Cash at beginning of year,2025,"label='Cash at beginning of year' x1,000 sheet=108.301"
cash_flow,CashDividendsPaid,2023,absent_on_face,0.0,,NOTE_ONLY,,,alias 'dividends paid' appears only in notes
cash_flow,CashFromDiscontinuedInvestingActivities,2023,absent_on_face,0.0,,PASS,,,no face/notes hit
cash_flow,CashFromDiscontinuedOperatingActivities,2023,absent_on_face,0.0,,PASS,,,no face/notes hit
cash_flow,ChangeInInventory,2023,absent_on_face,0.0,,NOTE_ONLY,,,alias 'inventories' appears only in notes
cash_flow,ChangeInOtherWorkingCapital,2023,absent_on_face,0.0,,PASS,,,no face/notes hit
cash_flow,ChangeInPayablesAndAccruedExpense,2023,absent_on_face,0.0,,NOTE_ONLY,,,alias 'trade and other payables' appears only in notes
cash_flow,ChangeInPrepaidAssets,2023,absent_on_face,0.0,,NOTE_ONLY,,,alias 'prepaid expenses' appears only in notes
cash_flow,ChangeInReceivables,2023,absent_on_face,0.0,,NOTE_ONLY,,,alias 'accounts receivable' appears only in notes
cash_flow,ChangeInWorkingCapital,2023,mapped,-3552000.0,-3552,PASS,Net change in non-cash working capital (Note 36),2025,"label='Net change in non-cash working capital (Note 36)' x1,000 sheet=-3.552"
cash_flow,ChangesInCash,2023,mapped,-5155000.0,-5155,PASS,Net increase (decrease) in cash,2025,"label='Net increase (decrease) in cash' x1,000 sheet=-5.155"
cash_flow,DepreciationAmortizationDepletion,2023,absent_on_face,0.0,,PASS,,,no face/notes hit
cash_flow,EffectOfExchangeRateChanges,2023,mapped,-958000.0,-958,PASS,Effect of exchange rate changes on cash,2025,"label='Effect of exchange rate changes on cash' x1,000 sheet=-0.958"
cash_flow,EndCashPosition,2023,mapped,103146000.0,103146,PASS,Cash at end of year,2025,"label='Cash at end of year' x1,000 sheet=103.146"
cash_flow,FinancingCashFlow,2023,mapped,1698000.0,1698,PASS,Financing activities total,2025,"label='Financing activities total' x1,000 sheet=1.698"
cash_flow,InvestingCashFlow,2023,mapped,-125429000.0,-125429,PASS,Investing activities total,2025,"label='Investing activities total' x1,000 sheet=-125.429"
cash_flow,IssuanceOfCapitalStock,2023,mapped,279000.0,279,PASS,"Proceeds from exercise of stock options, net",2025,"label='Proceeds from exercise of stock options, net' x1,000 sheet=0.279"
cash_flow,IssuanceOfDebt,2023,absent_on_face,0.0,,PASS,,,no face/notes hit
cash_flow,NetIncomeFromContinuingOperations,2023,mapped,53781000.0,53781,PASS,Net (loss) income for the year,2025,"label='Net (loss) income for the year' x1,000 sheet=53.781"
cash_flow,NetIntangiblesPurchaseAndSale,2023,absent_on_face,0.0,,PASS,,,no face/notes hit
cash_flow,NetOtherFinancingCharges,2023,absent_on_face,0.0,,PASS,,,no face/notes hit
cash_flow,NetOtherInvestingChanges,2023,absent_on_face,0.0,,PASS,,,no face/notes hit
cash_flow,NetPreferredStockIssuance,2023,absent_on_face,0.0,,PASS,,,no face/notes hit
cash_flow,OtherNonCashItems,2023,absent_on_face,0.0,,PASS,,,no face/notes hit
cash_flow,PurchaseOfBusiness,2023,mapped,-47027000.0,-47027,PASS,"Business acquisitions, net of cash acquired (Note 13)",2025,"label='Business acquisitions, net of cash acquired (Note 13)' x1,000 sheet=-47.027"
cash_flow,PurchaseOfInvestment,2023,absent_on_face,0.0,,PASS,,,no face/notes hit
cash_flow,PurchaseOfPPE,2023,mapped,-77416000.0,-77416,PASS,Purchases of property and equipment (Note 19),2025,"label='Purchases of property and equipment (Note 19)' x1,000 sheet=-77.416"
cash_flow,RepaymentOfDebt,2023,mapped,-698162000.0,-669334+-28828,PASS,Repayment of indebtedness (Note 23),2025,"label='Repayment of indebtedness (Note 23)' x1,000 sheet=-698.162"
cash_flow,RepurchaseOfCapitalStock,2023,absent_on_face,0.0,,NOTE_ONLY,,,alias 'shares repurchased and cancelled' appears only in notes
cash_flow,SaleOfInvestment,2023,absent_on_face,0.0,,PASS,,,no face/notes hit
cash_flow,SaleOfPPE,2023,absent_on_face,0.0,,PASS,,,no face/notes hit
cash_flow,StockBasedCompensation,2023,mapped,6485000.0,6485,PASS,Share-based compensation (Note 29),2025,"label='Share-based compensation (Note 29)' x1,000 sheet=6.485"
income_statement,CostOfRevenue,2023,mapped,5315016000.0,-5.31502e+06,PASS,Cost of sales (Note 7),2024,"label='Cost of sales (Note 7)' x1,000 sheet=5,315.016"
income_statement,GrossProfit,2023,mapped,1121787000.0,1.12179e+06,PASS,Gross profit,2024,"label='Gross profit' x1,000 sheet=1,121.787"
income_statement,InterestExpenseNonOperating,2023,absent_on_face,0.0,,PASS,,,no face/notes hit
income_statement,InterestIncomeNonOperating,2023,mapped,3346000.0,3346,PASS,Finance income (Note 11),2024,"label='Finance income (Note 11)' x1,000 sheet=3.346"
income_statement,MinorityInterests,2023,mapped,-3291000.0,3291,PASS,Non-controlling interests,2024,"label='Non-controlling interests' x1,000 sheet=-3.291"
income_statement,NetIncome,2023,mapped,53781000.0,53781,PASS,Net income for the year,2024,"label='Net income for the year' x1,000 sheet=53.781"
income_statement,NetIncomeDiscontinuousOperations,2023,absent_on_face,0.0,,PASS,,,no face/notes hit
income_statement,NetNonOperatingInterestIncomeExpense,2023,absent_on_face,0.0,,PASS,,,no face/notes hit
income_statement,OperatingExpense,2023,mapped,915263000.0,-915263,PASS,Operating expenses (Note 8),2024,"label='Operating expenses (Note 8)' x1,000 sheet=915.263"
income_statement,OperatingIncome,2023,mapped,223640000.0,223640,PASS,Operating profit,2024,"label='Operating profit' x1,000 sheet=223.640"
income_statement,OtherIncomeExpense,2023,mapped,219680000.0,206524+13156,PASS,Operating profit before other income,2024,"label='Operating profit before other income' x1,000 sheet=219.680"
income_statement,OtherOperatingExpenses,2023,absent_on_face,0.0,,NOTE_ONLY,,,alias 'office' appears only in notes
income_statement,ResearchAndDevelopment,2023,absent_on_face,0.0,,NOTE_ONLY,,,alias 'research and development' appears only in notes
income_statement,SellingGeneralAndAdministration,2023,absent_on_face,0.0,,NOTE_ONLY,,,alias 'insurance' appears only in notes
income_statement,TaxProvision,2023,mapped,30584000.0,30584,PASS,Income tax expense (Note 12),2024,"label='Income tax expense (Note 12)' x1,000 sheet=-30.584"
income_statement,TotalRevenue,2023,mapped,6436803000.0,6.4368e+06,PASS,Revenue (Note 6),2024,"label='Revenue (Note 6)' x1,000 sheet=6,436.803"
balance_sheet,CashCashEquivalentsAndShortTermInvestments,2023,derived,103146000.0,,PASS,,,identities clean
balance_sheet,OtherCurrentLiabilities,2023,derived,1240637000.0,,PASS,,,identities clean
balance_sheet,OtherNonCurrentLiabilities,2023,derived,1115546000.0,,PASS,,,identities clean
balance_sheet,PayablesAndAccruedExpenses,2023,derived,238427000.0,,PASS,,,identities clean
balance_sheet,Receivables,2023,derived,222076000.0,,PASS,,,identities clean
balance_sheet,TotalNonCurrentAssets,2023,derived,1642001000.0,,PASS,,,identities clean
balance_sheet,TotalNonCurrentLiabilities,2023,derived,1115546000.0,,PASS,,,identities clean
cash_flow,CapitalExpenditure,2023,derived,-77416000.0,,PASS,,,identities clean
cash_flow,FreeCashFlow,2023,derived,42118000.0,,PASS,,,identities clean
cash_flow,NetIssuancePaymentsOfDebt,2023,derived,-698162000.0,,PASS,,,identities clean
income_statement,DepreciationAmortizationDepletion,2023,derived,529000.0,,PASS,,,identities clean
income_statement,EBIT,2023,derived,81019000.0,,PASS,,,identities clean
income_statement,EBITDA,2023,derived,81548000.0,,PASS,,,identities clean
income_statement,NetIncomeContinuousOperations,2023,derived,53781000.0,,PASS,,,identities clean
income_statement,PretaxIncome,2023,derived,84365000.0,,PASS,,,identities clean
balance_sheet,AccountsPayable,2024,mapped,177473000.0,177473,PASS,Trade and other payables (Note 22),2026,"label='Trade and other payables (Note 22)' x1,000 sheet=177.473"
balance_sheet,AccountsReceivable,2024,mapped,173568000.0,173568,PASS,Trade and other receivables (Note 15),2026,"label='Trade and other receivables (Note 15)' x1,000 sheet=173.568"
balance_sheet,AccumulatedDepreciation,2024,absent_on_face,0.0,,NOTE_ONLY,,,alias 'accumulated depreciation' appears only in notes
balance_sheet,AdditionalPaidInCapital,2024,absent_on_face,0.0,,NOTE_ONLY,,,alias 'contributed surplus' appears only in notes
balance_sheet,BuildingsAndImprovements,2024,absent_on_face,0.0,,PASS,,,no face/notes hit
balance_sheet,CashAndCashEquivalents,2024,mapped,67343000.0,67343,PASS,Cash,2026,"label='Cash' x1,000 sheet=67.343"
balance_sheet,CommonStock,2024,absent_on_face,0.0,,NOTE_ONLY,,,alias 'common shares' appears only in notes
balance_sheet,ConstructionInProgress,2024,absent_on_face,0.0,,NOTE_ONLY,,,alias 'construction in progress' appears only in notes
balance_sheet,CurrentAccruedExpenses,2024,absent_on_face,0.0,,PASS,,,no face/notes hit
balance_sheet,CurrentAssets,2024,mapped,1210763000.0,1.21076e+06,PASS,Current assets total,2026,"label='Current assets total' x1,000 sheet=1,210.763"
balance_sheet,CurrentCapitalLeaseObligation,2024,absent_on_face,0.0,,PASS,,,no face/notes hit
balance_sheet,CurrentDebt,2024,absent_on_face,0.0,,NOTE_ONLY,,,alias 'credit facility' appears only in notes
balance_sheet,CurrentDebtAndCapitalLeaseObligation,2024,absent_on_face,0.0,,PASS,,,no face/notes hit
balance_sheet,CurrentDeferredLiabilities,2024,absent_on_face,0.0,,PASS,,,no face/notes hit
balance_sheet,CurrentDeferredRevenue,2024,absent_on_face,0.0,,PASS,,,no face/notes hit
balance_sheet,CurrentDeferredTaxesLiabilities,2024,absent_on_face,0.0,,PASS,,,no face/notes hit
balance_sheet,CurrentLiabilities,2024,mapped,1291281000.0,1.29128e+06,PASS,Current liabilities total,2026,"label='Current liabilities total' x1,000 sheet=1,291.281"
balance_sheet,FinishedGoods,2024,absent_on_face,0.0,,PASS,,,no face/notes hit
balance_sheet,GainsLossesNotAffectingRetainedEarnings,2024,absent_on_face,0.0,,NOTE_ONLY,,,alias 'accumulated other comprehensive income' appears only in notes
balance_sheet,Goodwill,2024,mapped,94592000.0,94592,PASS,Goodwill (Note 20),2026,"label='Goodwill (Note 20)' x1,000 sheet=94.592"
balance_sheet,GrossPPE,2024,absent_on_face,0.0,,PASS,,,no face/notes hit
balance_sheet,InventoriesAdjustmentsAllowances,2024,absent_on_face,0.0,,PASS,,,no face/notes hit
balance_sheet,Inventory,2024,mapped,947278000.0,947278,PASS,Inventories (Note 16),2026,"label='Inventories (Note 16)' x1,000 sheet=947.278"
balance_sheet,InvestmentsAndAdvances,2024,absent_on_face,0.0,,NOTE_ONLY,,,alias 'investments' appears only in notes
balance_sheet,LandAndImprovements,2024,absent_on_face,0.0,,PASS,,,no face/notes hit
balance_sheet,LoansReceivable,2024,absent_on_face,0.0,,NOTE_ONLY,,,alias 'loans receivable' appears only in notes
balance_sheet,LongTermCapitalLeaseObligation,2024,absent_on_face,0.0,,PASS,,,no face/notes hit
balance_sheet,LongTermDebt,2024,absent_on_face,0.0,,NOTE_ONLY,,,alias 'long term debt' appears only in notes
balance_sheet,LongTermDebtAndCapitalLeaseObligation,2024,absent_on_face,0.0,,PASS,,,no face/notes hit
balance_sheet,MachineryFurnitureEquipment,2024,absent_on_face,0.0,,NOTE_ONLY,,,alias 'equipment' appears only in notes
balance_sheet,MinorityInterest,2024,mapped,27301000.0,27301,PASS,Attributable to non-controlling interests,2026,"label='Attributable to non-controlling interests' x1,000 sheet=27.301"
balance_sheet,NetPPE,2024,mapped,701972000.0,312014+389958,PASS,Property and equipment (Note 19),2026,"label='Property and equipment (Note 19)' x1,000 sheet=701.972"
balance_sheet,NonCurrentDeferredLiabilities,2024,absent_on_face,0.0,,PASS,,,no face/notes hit
balance_sheet,NonCurrentDeferredRevenue,2024,absent_on_face,0.0,,PASS,,,no face/notes hit
balance_sheet,NonCurrentDeferredTaxesLiabilities,2024,absent_on_face,0.0,,NOTE_ONLY,,,alias 'deferred tax liabilities' appears only in notes
balance_sheet,NonCurrentPensionAndOtherPostretirementBenefitPlans,2024,absent_on_face,0.0,,PASS,,,no face/notes hit
balance_sheet,NotesReceivable,2024,absent_on_face,0.0,,PASS,,,no face/notes hit
balance_sheet,OtherCurrentAssets,2024,mapped,11993000.0,11993,PASS,Other current assets (Note 21),2026,"label='Other current assets (Note 21)' x1,000 sheet=11.993"
balance_sheet,OtherIntangibleAssets,2024,mapped,630467000.0,630467,PASS,Intangible assets (Note 20),2026,"label='Intangible assets (Note 20)' x1,000 sheet=630.467"
balance_sheet,OtherInventories,2024,absent_on_face,0.0,,PASS,,,no face/notes hit
balance_sheet,OtherNonCurrentAssets,2024,mapped,16501000.0,16501,PASS,Other long-term assets (Note 21),2026,"label='Other long-term assets (Note 21)' x1,000 sheet=16.501"
balance_sheet,OtherPayable,2024,absent_on_face,0.0,,NOTE_ONLY,,,alias 'other payable' appears only in notes
balance_sheet,OtherReceivables,2024,absent_on_face,0.0,,NOTE_ONLY,,,alias 'interest receivable' appears only in notes
balance_sheet,PreferredStock,2024,absent_on_face,0.0,,PASS,,,no face/notes hit
balance_sheet,RawMaterials,2024,absent_on_face,0.0,,PASS,,,no face/notes hit
balance_sheet,ShortTermInvestments,2024,absent_on_face,0.0,,NOTE_ONLY,,,alias 'short term investments' appears only in notes
balance_sheet,StockholdersEquity,2024,mapped,3005828000.0,3.00583e+06,PASS,equity total,2026,"label='equity total' x1,000 sheet=3,005.828"
balance_sheet,TotalAssets,2024,mapped,3005828000.0,3.00583e+06,PASS,Total assets,2026,"label='Total assets' x1,000 sheet=3,005.828"
balance_sheet,TotalEquityGrossMinorityInterest,2024,mapped,495328000.0,495328,PASS,Total equity,2026,"label='Total equity' x1,000 sheet=495.328"
balance_sheet,TotalLiabilities,2024,mapped,2510500000.0,2.5105e+06,PASS,Total liabilities,2026,"label='Total liabilities' x1,000 sheet=2,510.500"
balance_sheet,TotalTaxPayable,2024,absent_on_face,0.0,,PASS,,,no face/notes hit
balance_sheet,TreasuryStock,2024,absent_on_face,0.0,,NOTE_ONLY,,,alias 'treasury shares' appears only in notes
balance_sheet,WorkInProcess,2024,absent_on_face,0.0,,PASS,,,no face/notes hit
cash_flow,AssetImpairmentCharge,2024,absent_on_face,0.0,,PASS,,,no face/notes hit
cash_flow,BeginningCashPosition,2024,mapped,103146000.0,103146,PASS,Cash at beginning of year,2025,"label='Cash at beginning of year' x1,000 sheet=103.146"
cash_flow,CashDividendsPaid,2024,absent_on_face,0.0,,NOTE_ONLY,,,alias 'dividends paid' appears only in notes
cash_flow,CashFromDiscontinuedInvestingActivities,2024,absent_on_face,0.0,,PASS,,,no face/notes hit
cash_flow,CashFromDiscontinuedOperatingActivities,2024,absent_on_face,0.0,,PASS,,,no face/notes hit
cash_flow,ChangeInInventory,2024,absent_on_face,0.0,,NOTE_ONLY,,,alias 'inventories' appears only in notes
cash_flow,ChangeInOtherWorkingCapital,2024,absent_on_face,0.0,,PASS,,,no face/notes hit
cash_flow,ChangeInPayablesAndAccruedExpense,2024,absent_on_face,0.0,,NOTE_ONLY,,,alias 'trade and other payables' appears only in notes
cash_flow,ChangeInPrepaidAssets,2024,absent_on_face,0.0,,NOTE_ONLY,,,alias 'prepaid expenses' appears only in notes
cash_flow,ChangeInReceivables,2024,absent_on_face,0.0,,NOTE_ONLY,,,alias 'accounts receivable' appears only in notes
cash_flow,ChangeInWorkingCapital,2024,mapped,1325000.0,1325,PASS,Net change in non-cash working capital (Note 36),2026,"label='Net change in non-cash working capital (Note 36)' x1,000 sheet=1.325"
cash_flow,ChangesInCash,2024,mapped,4202000.0,4202,PASS,Net increase in cash,2026,"label='Net increase in cash' x1,000 sheet=4.202"
cash_flow,DepreciationAmortizationDepletion,2024,absent_on_face,0.0,,PASS,,,no face/notes hit
cash_flow,EffectOfExchangeRateChanges,2024,mapped,-1359000.0,-1359,PASS,Effect of exchange rate changes on cash,2026,"label='Effect of exchange rate changes on cash' x1,000 sheet=-1.359"
cash_flow,EndCashPosition,2024,mapped,107348000.0,107348,PASS,Cash at end of year,2026,"label='Cash at end of year' x1,000 sheet=107.348"
cash_flow,FinancingCashFlow,2024,mapped,-93925000.0,-93925,PASS,Financing activities total,2026,"label='Financing activities total' x1,000 sheet=-93.925"
cash_flow,InvestingCashFlow,2024,mapped,67860000.0,67860,PASS,Investing activities total,2026,"label='Investing activities total' x1,000 sheet=67.860"
cash_flow,IssuanceOfCapitalStock,2024,absent_on_face,0.0,,BUG_FACE,"Proceeds from exercise of stock options, net                                                279            8,573",,"zero-filled but concept on FACE (fuzzy): 'Proceeds from exercise of stock options, net                                                279            8,573'"
cash_flow,IssuanceOfDebt,2024,absent_on_face,0.0,,PASS,,,no face/notes hit
cash_flow,NetIncomeFromContinuingOperations,2024,mapped,-66748000.0,-66748,PASS,Net income (loss) for the year,2026,"label='Net income (loss) for the year' x1,000 sheet=-66.748"
cash_flow,NetIntangiblesPurchaseAndSale,2024,absent_on_face,0.0,,PASS,,,no face/notes hit
cash_flow,NetOtherFinancingCharges,2024,absent_on_face,0.0,,PASS,,,no face/notes hit
cash_flow,NetOtherInvestingChanges,2024,absent_on_face,0.0,,PASS,,,no face/notes hit
cash_flow,NetPreferredStockIssuance,2024,absent_on_face,0.0,,PASS,,,no face/notes hit
cash_flow,OtherNonCashItems,2024,absent_on_face,0.0,,PASS,,,no face/notes hit
cash_flow,PurchaseOfBusiness,2024,mapped,-20197000.0,-20197,PASS,"Business acquisitions, net of cash acquired (Note 13)",2026,"label='Business acquisitions, net of cash acquired (Note 13)' x1,000 sheet=-20.197"
cash_flow,PurchaseOfInvestment,2024,absent_on_face,0.0,,PASS,,,no face/notes hit
cash_flow,PurchaseOfPPE,2024,mapped,-33282000.0,-33282,PASS,Purchases of property and equipment,2026,"label='Purchases of property and equipment' x1,000 sheet=-33.282"
cash_flow,RepaymentOfDebt,2024,mapped,-689714000.0,-657730+-31984,PASS,Repayment of indebtedness (Note 23),2026,"label='Repayment of indebtedness (Note 23)' x1,000 sheet=-689.714"
cash_flow,RepurchaseOfCapitalStock,2024,absent_on_face,0.0,,NOTE_ONLY,,,alias 'shares repurchased and cancelled' appears only in notes
cash_flow,SaleOfInvestment,2024,absent_on_face,0.0,,PASS,,,no face/notes hit
cash_flow,SaleOfPPE,2024,absent_on_face,0.0,,PASS,,,no face/notes hit
cash_flow,StockBasedCompensation,2024,mapped,8033000.0,8033,PASS,Share-based compensation (Note 29),2026,"label='Share-based compensation (Note 29)' x1,000 sheet=8.033"
income_statement,GrossProfit,2024,mapped,875440000.0,875440,PASS,"Gross profit 784,784",2026,"label='Gross profit 784,784' x1,000 sheet=875.440"
income_statement,InterestExpenseNonOperating,2024,absent_on_face,0.0,,PASS,,,no face/notes hit
income_statement,InterestIncomeNonOperating,2024,mapped,2674000.0,2674,PASS,"Finance income (Note 11) 1,192",2026,"label='Finance income (Note 11) 1,192' x1,000 sheet=2.674"
income_statement,MinorityInterests,2024,mapped,-1485000.0,1485,PASS,"Non-controlling interests 1,905",2026,"label='Non-controlling interests 1,905' x1,000 sheet=-1.485"
income_statement,NetIncome,2024,mapped,-66748000.0,-66748,PASS,"Net income (loss) for the year 17,939",2026,"label='Net income (loss) for the year 17,939' x1,000 sheet=-66.748"
income_statement,NetIncomeDiscontinuousOperations,2024,absent_on_face,0.0,,PASS,,,no face/notes hit
income_statement,NetNonOperatingInterestIncomeExpense,2024,absent_on_face,0.0,,PASS,,,no face/notes hit
income_statement,OperatingIncome,2024,mapped,182547000.0,182547,PASS,"Operating profit 135,818",2026,"label='Operating profit 135,818' x1,000 sheet=182.547"
income_statement,OtherIncomeExpense,2024,absent_on_face,0.0,,NOTE_ONLY,,,alias 'loss on foreign exchange' appears only in notes
income_statement,OtherOperatingExpenses,2024,absent_on_face,0.0,,NOTE_ONLY,,,alias 'office' appears only in notes
income_statement,ResearchAndDevelopment,2024,absent_on_face,0.0,,NOTE_ONLY,,,alias 'research and development' appears only in notes
income_statement,SellingGeneralAndAdministration,2024,absent_on_face,0.0,,NOTE_ONLY,,,alias 'insurance' appears only in notes
income_statement,TaxProvision,2024,mapped,8035000.0,8035,PASS,"Income tax expense (Note 12) 12,121",2026,"label='Income tax expense (Note 12) 12,121' x1,000 sheet=-8.035"
income_statement,TotalRevenue,2024,mapped,5271549000.0,5.27155e+06,PASS,"Revenue (Note 6) 4,896,320",2026,"label='Revenue (Note 6) 4,896,320' x1,000 sheet=5,271.549"
balance_sheet,CashCashEquivalentsAndShortTermInvestments,2024,derived,67343000.0,,PASS,,,identities clean
balance_sheet,OtherCurrentLiabilities,2024,derived,1113808000.0,,PASS,,,identities clean
balance_sheet,OtherNonCurrentLiabilities,2024,derived,1219219000.0,,PASS,,,identities clean
balance_sheet,PayablesAndAccruedExpenses,2024,derived,177473000.0,,PASS,,,identities clean
balance_sheet,Receivables,2024,derived,173568000.0,,PASS,,,identities clean
balance_sheet,TotalNonCurrentAssets,2024,derived,1795065000.0,,PASS,,,identities clean
balance_sheet,TotalNonCurrentLiabilities,2024,derived,1219219000.0,,PASS,,,identities clean
cash_flow,CapitalExpenditure,2024,derived,-33282000.0,,PASS,,,identities clean
cash_flow,FreeCashFlow,2024,derived,-1656000.0,,PASS,,,identities clean
cash_flow,NetIssuancePaymentsOfDebt,2024,derived,-689714000.0,,PASS,,,identities clean
income_statement,CostOfRevenue,2024,derived,4396109000.0,,PASS,,,identities clean
income_statement,DepreciationAmortizationDepletion,2024,derived,503000.0,,PASS,,,identities clean
income_statement,EBIT,2024,derived,-61387000.0,,PASS,,,identities clean
income_statement,EBITDA,2024,derived,-60884000.0,,PASS,,,identities clean
income_statement,NetIncomeContinuousOperations,2024,derived,-66748000.0,,PASS,,,identities clean
income_statement,OperatingExpense,2024,derived,0.0,,PASS,,,identities clean
income_statement,PretaxIncome,2024,derived,-58713000.0,,PASS,,,identities clean
balance_sheet,AccountsPayable,2025,mapped,149517000.0,149517,PASS,Trade and other payables (Note 22),2026,"label='Trade and other payables (Note 22)' x1,000 sheet=149.517"
balance_sheet,AccountsReceivable,2025,mapped,133164000.0,133164,PASS,Trade and other receivables (Note 15),2026,"label='Trade and other receivables (Note 15)' x1,000 sheet=133.164"
balance_sheet,AccumulatedDepreciation,2025,absent_on_face,0.0,,NOTE_ONLY,,,alias 'accumulated depreciation' appears only in notes
balance_sheet,AdditionalPaidInCapital,2025,absent_on_face,0.0,,NOTE_ONLY,,,alias 'contributed surplus' appears only in notes
balance_sheet,BuildingsAndImprovements,2025,absent_on_face,0.0,,PASS,,,no face/notes hit
balance_sheet,CashAndCashEquivalents,2025,mapped,87963000.0,87963,PASS,Cash,2026,"label='Cash' x1,000 sheet=87.963"
balance_sheet,CommonStock,2025,absent_on_face,0.0,,NOTE_ONLY,,,alias 'common shares' appears only in notes
balance_sheet,ConstructionInProgress,2025,absent_on_face,0.0,,NOTE_ONLY,,,alias 'construction in progress' appears only in notes
balance_sheet,CurrentAccruedExpenses,2025,absent_on_face,0.0,,PASS,,,no face/notes hit
balance_sheet,CurrentAssets,2025,mapped,1147053000.0,1.14705e+06,PASS,Current assets total,2026,"label='Current assets total' x1,000 sheet=1,147.053"
balance_sheet,CurrentCapitalLeaseObligation,2025,absent_on_face,0.0,,PASS,,,no face/notes hit
balance_sheet,CurrentDebt,2025,absent_on_face,0.0,,NOTE_ONLY,,,alias 'credit facility' appears only in notes
balance_sheet,CurrentDebtAndCapitalLeaseObligation,2025,absent_on_face,0.0,,PASS,,,no face/notes hit
balance_sheet,CurrentDeferredLiabilities,2025,absent_on_face,0.0,,PASS,,,no face/notes hit
balance_sheet,CurrentDeferredRevenue,2025,absent_on_face,0.0,,PASS,,,no face/notes hit
balance_sheet,CurrentDeferredTaxesLiabilities,2025,absent_on_face,0.0,,PASS,,,no face/notes hit
balance_sheet,CurrentLiabilities,2025,mapped,1190102000.0,1.1901e+06,PASS,Current liabilities total,2026,"label='Current liabilities total' x1,000 sheet=1,190.102"
balance_sheet,FinishedGoods,2025,absent_on_face,0.0,,PASS,,,no face/notes hit
balance_sheet,GainsLossesNotAffectingRetainedEarnings,2025,absent_on_face,0.0,,NOTE_ONLY,,,alias 'accumulated other comprehensive income' appears only in notes
balance_sheet,Goodwill,2025,mapped,91905000.0,91905,PASS,Goodwill (Note 20),2026,"label='Goodwill (Note 20)' x1,000 sheet=91.905"
balance_sheet,GrossPPE,2025,absent_on_face,0.0,,PASS,,,no face/notes hit
balance_sheet,InventoriesAdjustmentsAllowances,2025,absent_on_face,0.0,,PASS,,,no face/notes hit
balance_sheet,Inventory,2025,mapped,895928000.0,895928,PASS,Inventories (Note 16),2026,"label='Inventories (Note 16)' x1,000 sheet=895.928"
balance_sheet,InvestmentsAndAdvances,2025,absent_on_face,0.0,,NOTE_ONLY,,,alias 'investments' appears only in notes
balance_sheet,LandAndImprovements,2025,absent_on_face,0.0,,PASS,,,no face/notes hit
balance_sheet,LoansReceivable,2025,absent_on_face,0.0,,NOTE_ONLY,,,alias 'loans receivable' appears only in notes
balance_sheet,LongTermCapitalLeaseObligation,2025,absent_on_face,0.0,,PASS,,,no face/notes hit
balance_sheet,LongTermDebt,2025,absent_on_face,0.0,,NOTE_ONLY,,,alias 'long term debt' appears only in notes
balance_sheet,LongTermDebtAndCapitalLeaseObligation,2025,absent_on_face,0.0,,PASS,,,no face/notes hit
balance_sheet,MachineryFurnitureEquipment,2025,absent_on_face,0.0,,NOTE_ONLY,,,alias 'equipment' appears only in notes
balance_sheet,MinorityInterest,2025,mapped,21499000.0,21499,PASS,Attributable to non-controlling interests,2026,"label='Attributable to non-controlling interests' x1,000 sheet=21.499"
balance_sheet,NetPPE,2025,mapped,639321000.0,301385+337936,PASS,Property and equipment (Note 19),2026,"label='Property and equipment (Note 19)' x1,000 sheet=639.321"
balance_sheet,NonCurrentDeferredLiabilities,2025,absent_on_face,0.0,,PASS,,,no face/notes hit
balance_sheet,NonCurrentDeferredRevenue,2025,absent_on_face,0.0,,PASS,,,no face/notes hit
balance_sheet,NonCurrentDeferredTaxesLiabilities,2025,absent_on_face,0.0,,NOTE_ONLY,,,alias 'deferred tax liabilities' appears only in notes
balance_sheet,NonCurrentPensionAndOtherPostretirementBenefitPlans,2025,absent_on_face,0.0,,PASS,,,no face/notes hit
balance_sheet,NotesReceivable,2025,absent_on_face,0.0,,PASS,,,no face/notes hit
balance_sheet,OtherCurrentAssets,2025,mapped,16790000.0,16790,PASS,Other current assets (Note 21),2026,"label='Other current assets (Note 21)' x1,000 sheet=16.790"
balance_sheet,OtherIntangibleAssets,2025,mapped,607765000.0,607765,PASS,Intangible assets (Note 20),2026,"label='Intangible assets (Note 20)' x1,000 sheet=607.765"
balance_sheet,OtherInventories,2025,absent_on_face,0.0,,PASS,,,no face/notes hit
balance_sheet,OtherNonCurrentAssets,2025,mapped,15821000.0,15821,PASS,Other long-term assets (Note 21),2026,"label='Other long-term assets (Note 21)' x1,000 sheet=15.821"
balance_sheet,OtherPayable,2025,absent_on_face,0.0,,NOTE_ONLY,,,alias 'other payable' appears only in notes
balance_sheet,OtherReceivables,2025,absent_on_face,0.0,,NOTE_ONLY,,,alias 'interest receivable' appears only in notes
balance_sheet,PreferredStock,2025,absent_on_face,0.0,,PASS,,,no face/notes hit
balance_sheet,RawMaterials,2025,absent_on_face,0.0,,PASS,,,no face/notes hit
balance_sheet,ShortTermInvestments,2025,absent_on_face,0.0,,NOTE_ONLY,,,alias 'short term investments' appears only in notes
balance_sheet,StockholdersEquity,2025,mapped,2746896000.0,2.7469e+06,PASS,equity total,2026,"label='equity total' x1,000 sheet=2,746.896"
balance_sheet,TotalAssets,2025,mapped,2746896000.0,2.7469e+06,PASS,Total assets,2026,"label='Total assets' x1,000 sheet=2,746.896"
balance_sheet,TotalEquityGrossMinorityInterest,2025,mapped,481976000.0,481976,PASS,Total equity,2026,"label='Total equity' x1,000 sheet=481.976"
balance_sheet,TotalLiabilities,2025,mapped,2264920000.0,2.26492e+06,PASS,Total liabilities,2026,"label='Total liabilities' x1,000 sheet=2,264.920"
balance_sheet,TotalTaxPayable,2025,absent_on_face,0.0,,PASS,,,no face/notes hit
balance_sheet,TreasuryStock,2025,absent_on_face,0.0,,NOTE_ONLY,,,alias 'treasury shares' appears only in notes
balance_sheet,WorkInProcess,2025,absent_on_face,0.0,,PASS,,,no face/notes hit
cash_flow,AssetImpairmentCharge,2025,absent_on_face,0.0,,PASS,,,no face/notes hit
cash_flow,CashDividendsPaid,2025,absent_on_face,0.0,,NOTE_ONLY,,,alias 'dividends paid' appears only in notes
cash_flow,CashFromDiscontinuedInvestingActivities,2025,absent_on_face,0.0,,PASS,,,no face/notes hit
cash_flow,CashFromDiscontinuedOperatingActivities,2025,absent_on_face,0.0,,PASS,,,no face/notes hit
cash_flow,ChangeInInventory,2025,absent_on_face,0.0,,NOTE_ONLY,,,alias 'inventories' appears only in notes
cash_flow,ChangeInOtherWorkingCapital,2025,absent_on_face,0.0,,PASS,,,no face/notes hit
cash_flow,ChangeInPayablesAndAccruedExpense,2025,absent_on_face,0.0,,NOTE_ONLY,,,alias 'trade and other payables' appears only in notes
cash_flow,ChangeInPrepaidAssets,2025,absent_on_face,0.0,,NOTE_ONLY,,,alias 'prepaid expenses' appears only in notes
cash_flow,ChangeInReceivables,2025,absent_on_face,0.0,,NOTE_ONLY,,,alias 'accounts receivable' appears only in notes
cash_flow,ChangeInWorkingCapital,2025,mapped,-34068000.0,-34068,PASS,Net change in non-cash working capital (Note 36),2026,"label='Net change in non-cash working capital (Note 36)' x1,000 sheet=-34.068"
cash_flow,ChangesInCash,2025,mapped,7714000.0,7714,PASS,Net increase in cash,2026,"label='Net increase in cash' x1,000 sheet=7.714"
cash_flow,DepreciationAmortizationDepletion,2025,absent_on_face,0.0,,PASS,,,no face/notes hit
cash_flow,EffectOfExchangeRateChanges,2025,mapped,-1217000.0,-1217,PASS,Effect of exchange rate changes on cash,2026,"label='Effect of exchange rate changes on cash' x1,000 sheet=-1.217"
cash_flow,EndCashPosition,2025,mapped,115062000.0,115062,PASS,Cash at end of year,2026,"label='Cash at end of year' x1,000 sheet=115.062"
cash_flow,FinancingCashFlow,2025,mapped,-70596000.0,-70596,PASS,Financing activities total,2026,"label='Financing activities total' x1,000 sheet=-70.596"
cash_flow,InvestingCashFlow,2025,mapped,56485000.0,56485,PASS,Investing activities total,2026,"label='Investing activities total' x1,000 sheet=56.485"
cash_flow,IssuanceOfCapitalStock,2025,absent_on_face,0.0,,BUG_FACE,"Proceeds from exercise of stock options, net                               —            279",,"zero-filled but concept on FACE (fuzzy): 'Proceeds from exercise of stock options, net                               —            279'"
cash_flow,IssuanceOfDebt,2025,absent_on_face,0.0,,PASS,,,no face/notes hit
cash_flow,NetIncomeFromContinuingOperations,2025,mapped,17939000.0,17939,PASS,Net income (loss) for the year,2026,"label='Net income (loss) for the year' x1,000 sheet=17.939"
cash_flow,NetIntangiblesPurchaseAndSale,2025,absent_on_face,0.0,,PASS,,,no face/notes hit
cash_flow,NetOtherFinancingCharges,2025,absent_on_face,0.0,,PASS,,,no face/notes hit
cash_flow,NetOtherInvestingChanges,2025,absent_on_face,0.0,,PASS,,,no face/notes hit
cash_flow,NetPreferredStockIssuance,2025,absent_on_face,0.0,,PASS,,,no face/notes hit
cash_flow,OtherNonCashItems,2025,absent_on_face,0.0,,PASS,,,no face/notes hit
cash_flow,PurchaseOfBusiness,2025,mapped,-2174000.0,-2174,PASS,"Business acquisitions, net of cash acquired (Note 13)",2026,"label='Business acquisitions, net of cash acquired (Note 13)' x1,000 sheet=-2.174"
cash_flow,PurchaseOfInvestment,2025,absent_on_face,0.0,,PASS,,,no face/notes hit
cash_flow,PurchaseOfPPE,2025,mapped,-26229000.0,-26229,PASS,Purchases of property and equipment,2026,"label='Purchases of property and equipment' x1,000 sheet=-26.229"
cash_flow,RepaymentOfDebt,2025,mapped,-820913000.0,-789539+-31374,PASS,Repayment of indebtedness (Note 23),2026,"label='Repayment of indebtedness (Note 23)' x1,000 sheet=-820.913"
cash_flow,RepurchaseOfCapitalStock,2025,absent_on_face,0.0,,NOTE_ONLY,,,alias 'shares repurchased and cancelled' appears only in notes
cash_flow,SaleOfInvestment,2025,absent_on_face,0.0,,PASS,,,no face/notes hit
cash_flow,SaleOfPPE,2025,absent_on_face,0.0,,PASS,,,no face/notes hit
cash_flow,StockBasedCompensation,2025,mapped,8613000.0,8613,PASS,Share-based compensation (Note 29),2026,"label='Share-based compensation (Note 29)' x1,000 sheet=8.613"
balance_sheet,CashCashEquivalentsAndShortTermInvestments,2025,derived,87963000.0,,PASS,,,identities clean
balance_sheet,OtherCurrentLiabilities,2025,derived,1040585000.0,,PASS,,,identities clean
balance_sheet,OtherNonCurrentLiabilities,2025,derived,1074818000.0,,PASS,,,identities clean
balance_sheet,PayablesAndAccruedExpenses,2025,derived,149517000.0,,PASS,,,identities clean
balance_sheet,Receivables,2025,derived,133164000.0,,PASS,,,identities clean
balance_sheet,TotalNonCurrentAssets,2025,derived,1599843000.0,,PASS,,,identities clean
balance_sheet,TotalNonCurrentLiabilities,2025,derived,1074818000.0,,PASS,,,identities clean
cash_flow,BeginningCashPosition,2025,derived,107348000.0,,PASS,,,identities clean
cash_flow,CapitalExpenditure,2025,derived,-26229000.0,,PASS,,,identities clean
cash_flow,FreeCashFlow,2025,derived,-3187000.0,,PASS,,,identities clean
cash_flow,NetIssuancePaymentsOfDebt,2025,derived,-820913000.0,,PASS,,,identities clean
income_statement,NetIncome,2025,derived,17939000.0,,PASS,,,identities clean
