statement,key,year,match_kind,stored_value,expected_from_page,verdict,raw_label,src_pdf_year,note
cash_flow,AssetImpairmentCharge,2008,absent_on_face,0.0,,PASS,,,no face/notes hit
cash_flow,BeginningCashPosition,2008,mapped,551300000.0,551.3,PASS,"Cash and cash equivalents, beginning of year",2011,"label='Cash and cash equivalents, beginning of year' x1,000,000 sheet=551.300"
cash_flow,CapitalExpenditure,2008,absent_on_face,0.0,,PASS,,,no face/notes hit
cash_flow,CashDividendsPaid,2008,mapped,-50900000.0,-50.9,PASS,Dividends paid,2011,"label='Dividends paid' x1,000,000 sheet=-50.900"
cash_flow,CashFromDiscontinuedInvestingActivities,2008,absent_on_face,0.0,,PASS,,,no face/notes hit
cash_flow,CashFromDiscontinuedOperatingActivities,2008,absent_on_face,0.0,,PASS,,,no face/notes hit
cash_flow,ChangeInInventory,2008,mapped,-145400000.0,-145.4,PASS,Inventories,2011,"label='Inventories' x1,000,000 sheet=-145.400"
cash_flow,ChangeInOtherWorkingCapital,2008,absent_on_face,0.0,,PASS,,,no face/notes hit
cash_flow,ChangeInPayablesAndAccruedExpense,2008,absent_on_face,0.0,,PASS,,,no face/notes hit
cash_flow,ChangeInPrepaidAssets,2008,absent_on_face,0.0,,PASS,,,no face/notes hit
cash_flow,ChangeInReceivables,2008,absent_on_face,0.0,,PASS,,,no face/notes hit
cash_flow,ChangesInCash,2008,mapped,-60700000.0,-60.7,PASS,Increase (decrease) in cash and cash equivalents,2011,"label='Increase (decrease) in cash and cash equivalents' x1,000,000 sheet=-60.700"
cash_flow,DepreciationAmortizationDepletion,2008,mapped,273800000.0,273.8,PASS,"Depreciation, depletion and amortization",2011,"label='Depreciation, depletion and amortization' x1,000,000 sheet=273.800"
cash_flow,EffectOfExchangeRateChanges,2008,mapped,-23800000.0,-23.8,PASS,Effect of exchange rate changes on cash,2011,"label='Effect of exchange rate changes on cash' x1,000,000 sheet=-23.800"
cash_flow,EndCashPosition,2008,mapped,490600000.0,490.6,PASS,"Cash and cash equivalents, end of year $",2011,"label='Cash and cash equivalents, end of year $' x1,000,000 sheet=490.600"
cash_flow,IssuanceOfCapitalStock,2008,absent_on_face,0.0,,PASS,,,no face/notes hit
cash_flow,IssuanceOfDebt,2008,mapped,123200000.0,123.2,PASS,Proceeds from issuance of debt,2011,"label='Proceeds from issuance of debt' x1,000,000 sheet=123.200"
cash_flow,NetIntangiblesPurchaseAndSale,2008,absent_on_face,0.0,,PASS,,,no face/notes hit
cash_flow,NetOtherFinancingCharges,2008,absent_on_face,0.0,,PASS,,,no face/notes hit
cash_flow,NetOtherInvestingChanges,2008,absent_on_face,0.0,,PASS,,,no face/notes hit
cash_flow,NetPreferredStockIssuance,2008,absent_on_face,0.0,,PASS,,,no face/notes hit
cash_flow,OtherNonCashItems,2008,absent_on_face,0.0,,PASS,,,no face/notes hit
cash_flow,PurchaseOfBusiness,2008,absent_on_face,0.0,,PASS,,,no face/notes hit
cash_flow,PurchaseOfInvestment,2008,absent_on_face,0.0,,PASS,,,no face/notes hit
cash_flow,PurchaseOfPPE,2008,absent_on_face,0.0,,PASS,,,no face/notes hit
cash_flow,RepaymentOfDebt,2008,mapped,-123500000.0,-123.5,PASS,Repayment of debt,2011,"label='Repayment of debt' x1,000,000 sheet=-123.500"
cash_flow,RepurchaseOfCapitalStock,2008,absent_on_face,0.0,,PASS,,,no face/notes hit
cash_flow,SaleOfInvestment,2008,absent_on_face,0.0,,PASS,,,no face/notes hit
cash_flow,SaleOfPPE,2008,absent_on_face,0.0,,PASS,,,no face/notes hit
cash_flow,StockBasedCompensation,2008,mapped,40800000.0,21.6+19.2,PASS,Stock-based compensation expense Note 12,2011,"label='Stock-based compensation expense Note 12' x1,000,000 sheet=40.800"
income_statement,BasicEPS,2008,mapped,-1.28,-1.28,PASS,Basic $,2011,label='Basic $' sheet=-0.000
income_statement,DepreciationAmortizationDepletion,2008,mapped,273800000.0,273.8,PASS,"Depreciation, depletion and amortization",2011,"label='Depreciation, depletion and amortization' x1,000,000 sheet=273.800"
income_statement,DilutedEPS,2008,mapped,-1.28,-1.28,PASS,Diluted $,2011,label='Diluted $' sheet=-0.000
income_statement,MinorityInterests,2008,mapped,42300000.0,-42.3,PASS,Non-controlling interest Note 5,2011,"label='Non-controlling interest Note 5' x1,000,000 sheet=42.300"
cash_flow,ChangeInWorkingCapital,2008,derived,-145400000.0,,PASS,,,identities clean
cash_flow,FreeCashFlow,2008,derived,443600000.0,,PASS,,,identities clean
cash_flow,NetIssuancePaymentsOfDebt,2008,derived,-300000.0,,PASS,,,identities clean
balance_sheet,AccountsPayable,2009,absent_on_face,0.0,,PASS,,,no face/notes hit
balance_sheet,AccountsReceivable,2009,mapped,9900000.0,9.9,PASS,Trade receivables $,2012,"label='Trade receivables $' x1,000,000 sheet=9.900"
balance_sheet,AccumulatedDepreciation,2009,absent_on_face,0.0,,PASS,,,no face/notes hit
balance_sheet,AdditionalPaidInCapital,2009,mapped,107400000.0,107.4,PASS,Contributed surplus,2012,"label='Contributed surplus' x1,000,000 sheet=107.400"
balance_sheet,BuildingsAndImprovements,2009,absent_on_face,0.0,,PASS,,,no face/notes hit
balance_sheet,CashAndCashEquivalents,2009,mapped,597400000.0,597.4,PASS,Cash and cash equivalents Note 7 $,2012,"label='Cash and cash equivalents Note 7 $' x1,000,000 sheet=597.400"
balance_sheet,CashCashEquivalentsAndShortTermInvestments,2009,mapped,632400000.0,632.4,PASS,"Cash, cash equivalents and short-term investments Note 5 $",2011,"label='Cash, cash equivalents and short-term investments Note 5 $' x1,000,000 sheet=632.400"
balance_sheet,CommonStock,2009,absent_on_face,0.0,,PASS,,,no face/notes hit
balance_sheet,ConstructionInProgress,2009,absent_on_face,0.0,,PASS,,,no face/notes hit
balance_sheet,CurrentAccruedExpenses,2009,absent_on_face,0.0,,PASS,,,no face/notes hit
balance_sheet,CurrentAssets,2009,mapped,1390900000.0,1390.9,PASS,Current assets $,2012,"label='Current assets $' x1,000,000 sheet=1,390.900"
balance_sheet,CurrentCapitalLeaseObligation,2009,absent_on_face,0.0,,PASS,,,no face/notes hit
balance_sheet,CurrentDebt,2009,mapped,177000000.0,177,PASS,Current portion of long-term debt Note 13,2012,"label='Current portion of long-term debt Note 13' x1,000,000 sheet=177.000"
balance_sheet,CurrentDeferredLiabilities,2009,absent_on_face,0.0,,PASS,,,no face/notes hit
balance_sheet,CurrentDeferredRevenue,2009,absent_on_face,0.0,,PASS,,,no face/notes hit
balance_sheet,CurrentDeferredTaxesLiabilities,2009,absent_on_face,0.0,,PASS,,,no face/notes hit
balance_sheet,CurrentLiabilities,2009,mapped,638000000.0,638,PASS,Current liabilities $,2012,"label='Current liabilities $' x1,000,000 sheet=638.000"
balance_sheet,FinishedGoods,2009,absent_on_face,0.0,,PASS,,,no face/notes hit
balance_sheet,GainsLossesNotAffectingRetainedEarnings,2009,mapped,-218400000.0,-218.4,PASS,Accumulated other comprehensive loss Note 7,2012,"label='Accumulated other comprehensive loss Note 7' x1,000,000 sheet=-218.400"
balance_sheet,Goodwill,2009,absent_on_face,0.0,,PASS,,,no face/notes hit
balance_sheet,GrossPPE,2009,absent_on_face,0.0,,PASS,,,no face/notes hit
balance_sheet,InventoriesAdjustmentsAllowances,2009,absent_on_face,0.0,,PASS,,,no face/notes hit
balance_sheet,Inventory,2009,absent_on_face,0.0,,PASS,,,no face/notes hit
balance_sheet,InvestmentsAndAdvances,2009,absent_on_face,0.0,,PASS,,,no face/notes hit
balance_sheet,LandAndImprovements,2009,absent_on_face,0.0,,PASS,,,no face/notes hit
balance_sheet,LoansReceivable,2009,absent_on_face,0.0,,PASS,,,no face/notes hit
balance_sheet,LongTermCapitalLeaseObligation,2009,absent_on_face,0.0,,PASS,,,no face/notes hit
balance_sheet,LongTermDebt,2009,absent_on_face,0.0,,PASS,,,no face/notes hit
balance_sheet,LongTermDebtAndCapitalLeaseObligation,2009,absent_on_face,0.0,,PASS,,,no face/notes hit
balance_sheet,MachineryFurnitureEquipment,2009,absent_on_face,0.0,,PASS,,,no face/notes hit
balance_sheet,MinorityInterest,2009,mapped,132900000.0,132.9,PASS,Non-controlling interest $,2012,"label='Non-controlling interest $' x1,000,000 sheet=132.900"
balance_sheet,NetPPE,2009,mapped,4836700000.0,4836.7,PASS,"Property, plant and equipment Note 7",2012,"label='Property, plant and equipment Note 7' x1,000,000 sheet=4,836.700"
balance_sheet,NonCurrentDeferredRevenue,2009,absent_on_face,0.0,,PASS,,,no face/notes hit
balance_sheet,NonCurrentDeferredTaxesLiabilities,2009,mapped,234300000.0,234.3,PASS,Deferred tax liabilities Note 18,2012,"label='Deferred tax liabilities Note 18' x1,000,000 sheet=234.300"
balance_sheet,NonCurrentPensionAndOtherPostretirementBenefitPlans,2009,absent_on_face,0.0,,PASS,,,no face/notes hit
balance_sheet,NotesReceivable,2009,absent_on_face,0.0,,PASS,,,no face/notes hit
balance_sheet,OtherIntangibleAssets,2009,absent_on_face,0.0,,PASS,,,no face/notes hit
balance_sheet,OtherInventories,2009,absent_on_face,0.0,,PASS,,,no face/notes hit
balance_sheet,OtherNonCurrentAssets,2009,mapped,7876300000.0,7876.3,PASS,other long-term assets                                                                                  other long-term assets,2012,"label='other long-term assets                                                                                  other long-term assets' x1,000,000 sheet=7,876.300"
balance_sheet,OtherPayable,2009,absent_on_face,0.0,,PASS,,,no face/notes hit
balance_sheet,OtherReceivables,2009,absent_on_face,0.0,,PASS,,,no face/notes hit
balance_sheet,PayablesAndAccruedExpenses,2009,mapped,287600000.0,287.6,PASS,Accounts payable and accrued liabilities Note 7 $,2012,"label='Accounts payable and accrued liabilities Note 7 $' x1,000,000 sheet=287.600"
balance_sheet,PreferredStock,2009,absent_on_face,0.0,,PASS,,,no face/notes hit
balance_sheet,RawMaterials,2009,absent_on_face,0.0,,PASS,,,no face/notes hit
balance_sheet,RetainedEarnings,2009,mapped,-740600000.0,-740.6,PASS,Accumulated deficit,2012,"label='Accumulated deficit' x1,000,000 sheet=-740.600"
balance_sheet,ShortTermInvestments,2009,mapped,35000000.0,35,PASS,Short-term investments,2012,"label='Short-term investments' x1,000,000 sheet=35.000"
balance_sheet,StockholdersEquity,2009,mapped,5559500000.0,5559.5,PASS,Common shareholders’ equity,2012,"label='Common shareholders’ equity' x1,000,000 sheet=5,559.500"
balance_sheet,TotalAssets,2009,mapped,8013200000.0,8013.2,PASS,Total assets,2012,"label='Total assets' x1,000,000 sheet=8,013.200"
balance_sheet,TotalLiabilities,2009,mapped,2453700000.0,2453.7,PASS,Total liabilities $,2012,"label='Total liabilities $' x1,000,000 sheet=2,453.700"
balance_sheet,TotalNonCurrentAssets,2009,mapped,7876300000.0,7876.3,PASS,Non-current assets total,2012,"label='Non-current assets total' x1,000,000 sheet=7,876.300"
balance_sheet,TotalNonCurrentLiabilities,2009,mapped,2220000000.0,2220,PASS,Non-current liabilities total,2012,"label='Non-current liabilities total' x1,000,000 sheet=2,220.000"
balance_sheet,TotalTaxPayable,2009,absent_on_face,0.0,,PASS,,,no face/notes hit
balance_sheet,TreasuryStock,2009,absent_on_face,0.0,,PASS,,,no face/notes hit
balance_sheet,WorkInProcess,2009,absent_on_face,0.0,,PASS,,,no face/notes hit
cash_flow,AssetImpairmentCharge,2009,absent_on_face,0.0,,PASS,,,no face/notes hit
cash_flow,BeginningCashPosition,2009,mapped,490600000.0,490.6,PASS,"Cash and cash equivalents, beginning of year",2011,"label='Cash and cash equivalents, beginning of year' x1,000,000 sheet=490.600"
cash_flow,CapitalExpenditure,2009,absent_on_face,0.0,,PASS,,,no face/notes hit
cash_flow,CashDividendsPaid,2009,mapped,-62400000.0,-62.4,PASS,Dividends paid,2011,"label='Dividends paid' x1,000,000 sheet=-62.400"
cash_flow,CashFromDiscontinuedInvestingActivities,2009,absent_on_face,0.0,,PASS,,,no face/notes hit
cash_flow,CashFromDiscontinuedOperatingActivities,2009,absent_on_face,0.0,,PASS,,,no face/notes hit
cash_flow,ChangeInInventory,2009,mapped,-115100000.0,-115.1,PASS,Inventories,2011,"label='Inventories' x1,000,000 sheet=-115.100"
cash_flow,ChangeInOtherWorkingCapital,2009,absent_on_face,0.0,,PASS,,,no face/notes hit
cash_flow,ChangeInPayablesAndAccruedExpense,2009,absent_on_face,0.0,,PASS,,,no face/notes hit
cash_flow,ChangeInPrepaidAssets,2009,absent_on_face,0.0,,PASS,,,no face/notes hit
cash_flow,ChangeInReceivables,2009,absent_on_face,0.0,,PASS,,,no face/notes hit
cash_flow,ChangesInCash,2009,mapped,106800000.0,106.8,PASS,Increase (decrease) in cash and cash equivalents,2011,"label='Increase (decrease) in cash and cash equivalents' x1,000,000 sheet=106.800"
cash_flow,DepreciationAmortizationDepletion,2009,mapped,447300000.0,447.3,PASS,"Depreciation, depletion and amortization",2011,"label='Depreciation, depletion and amortization' x1,000,000 sheet=447.300"
cash_flow,EffectOfExchangeRateChanges,2009,mapped,9400000.0,9.4,PASS,Effect of exchange rate changes on cash,2011,"label='Effect of exchange rate changes on cash' x1,000,000 sheet=9.400"
cash_flow,EndCashPosition,2009,mapped,597400000.0,597.4,PASS,"Cash and cash equivalents, end of year $",2011,"label='Cash and cash equivalents, end of year $' x1,000,000 sheet=597.400"
cash_flow,IssuanceOfCapitalStock,2009,absent_on_face,0.0,,PASS,,,no face/notes hit
cash_flow,IssuanceOfDebt,2009,mapped,77700000.0,77.7,PASS,Proceeds from issuance of debt,2011,"label='Proceeds from issuance of debt' x1,000,000 sheet=77.700"
cash_flow,NetIntangiblesPurchaseAndSale,2009,absent_on_face,0.0,,PASS,,,no face/notes hit
cash_flow,NetOtherFinancingCharges,2009,absent_on_face,0.0,,PASS,,,no face/notes hit
cash_flow,NetOtherInvestingChanges,2009,absent_on_face,0.0,,PASS,,,no face/notes hit
cash_flow,NetPreferredStockIssuance,2009,absent_on_face,0.0,,PASS,,,no face/notes hit
cash_flow,OtherNonCashItems,2009,absent_on_face,0.0,,PASS,,,no face/notes hit
cash_flow,PurchaseOfBusiness,2009,absent_on_face,0.0,,PASS,,,no face/notes hit
cash_flow,PurchaseOfInvestment,2009,absent_on_face,0.0,,PASS,,,no face/notes hit
cash_flow,PurchaseOfPPE,2009,absent_on_face,0.0,,PASS,,,no face/notes hit
cash_flow,RepaymentOfDebt,2009,mapped,-325900000.0,-325.9,PASS,Repayment of debt,2011,"label='Repayment of debt' x1,000,000 sheet=-325.900"
cash_flow,RepurchaseOfCapitalStock,2009,absent_on_face,0.0,,PASS,,,no face/notes hit
cash_flow,SaleOfInvestment,2009,absent_on_face,0.0,,PASS,,,no face/notes hit
cash_flow,SaleOfPPE,2009,absent_on_face,0.0,,PASS,,,no face/notes hit
cash_flow,StockBasedCompensation,2009,mapped,54300000.0,29+25.3,PASS,Stock-based compensation expense Note 12,2011,"label='Stock-based compensation expense Note 12' x1,000,000 sheet=54.300"
income_statement,BasicEPS,2009,mapped,0.45,0.45,PASS,Basic $,2011,label='Basic $' sheet=0.000
income_statement,DepreciationAmortizationDepletion,2009,mapped,447300000.0,447.3,PASS,"Depreciation, depletion and amortization",2011,"label='Depreciation, depletion and amortization' x1,000,000 sheet=447.300"
income_statement,DilutedEPS,2009,mapped,0.44,0.44,PASS,Diluted $,2011,label='Diluted $' sheet=0.000
income_statement,MinorityInterests,2009,mapped,102300000.0,-102.3,PASS,Non-controlling interest Note 5,2011,"label='Non-controlling interest Note 5' x1,000,000 sheet=102.300"
balance_sheet,CurrentDebtAndCapitalLeaseObligation,2009,derived,177000000.0,,MISMATCH,,,"identity failed: balance_identity_fail, asset_split_fail"
balance_sheet,NonCurrentDeferredLiabilities,2009,derived,234300000.0,,MISMATCH,,,"identity failed: balance_identity_fail, asset_split_fail"
balance_sheet,OtherCurrentAssets,2009,derived,748600000.0,,MISMATCH,,,"identity failed: balance_identity_fail, asset_split_fail"
balance_sheet,OtherCurrentLiabilities,2009,derived,173400000.0,,MISMATCH,,,"identity failed: balance_identity_fail, asset_split_fail"
balance_sheet,OtherNonCurrentLiabilities,2009,derived,1985700000.0,,MISMATCH,,,"identity failed: balance_identity_fail, asset_split_fail"
balance_sheet,Receivables,2009,derived,9900000.0,,MISMATCH,,,"identity failed: balance_identity_fail, asset_split_fail"
balance_sheet,TotalEquityGrossMinorityInterest,2009,derived,5692400000.0,,MISMATCH,,,"identity failed: balance_identity_fail, asset_split_fail"
cash_flow,ChangeInWorkingCapital,2009,derived,-115100000.0,,PASS,,,identities clean
cash_flow,FreeCashFlow,2009,derived,785600000.0,,PASS,,,identities clean
cash_flow,NetIssuancePaymentsOfDebt,2009,derived,-248200000.0,,PASS,,,identities clean
balance_sheet,AccountsPayable,2010,absent_on_face,0.0,,NOTE_ONLY,,,alias 'accounts payable' appears only in notes
balance_sheet,AccountsReceivable,2010,mapped,24300000.0,24.3,PASS,Trade receivables $,2012,"label='Trade receivables $' x1,000,000 sheet=24.300"
balance_sheet,AccumulatedDepreciation,2010,absent_on_face,0.0,,NOTE_ONLY,,,alias 'accumulated depreciation' appears only in notes
balance_sheet,AdditionalPaidInCapital,2010,mapped,185500000.0,185.5,PASS,Contributed surplus,2012,"label='Contributed surplus' x1,000,000 sheet=185.500"
balance_sheet,BuildingsAndImprovements,2010,absent_on_face,0.0,,PASS,,,no face/notes hit
balance_sheet,CashAndCashEquivalents,2010,mapped,1766000000.0,1766,PASS,Cash and cash equivalents Note,2013,"label='Cash and cash equivalents Note' x1,000,000 sheet=1,766.000"
balance_sheet,CashCashEquivalentsAndShortTermInvestments,2010,mapped,1466600000.0,1466.6,PASS,"Cash, cash equivalents and short-term investments Note 5 $",2011,"label='Cash, cash equivalents and short-term investments Note 5 $' x1,000,000 sheet=1,466.600"
balance_sheet,CommonStock,2010,absent_on_face,0.0,,NOTE_ONLY,,,alias 'common stock' appears only in notes
balance_sheet,ConstructionInProgress,2010,absent_on_face,0.0,,PASS,,,no face/notes hit
balance_sheet,CurrentAccruedExpenses,2010,absent_on_face,0.0,,NOTE_ONLY,,,alias 'accrued liabilities' appears only in notes
balance_sheet,CurrentAssets,2010,mapped,2663100000.0,2663.1,PASS,Current assets $,2013,"label='Current assets $' x1,000,000 sheet=2,663.100"
balance_sheet,CurrentCapitalLeaseObligation,2010,absent_on_face,0.0,,PASS,,,no face/notes hit
balance_sheet,CurrentDebt,2010,mapped,1008800000.0,976.1+32.7,PASS,"Current liabilities, including current portion of long-term debt $",2013,"label='Current liabilities, including current portion of long-term debt $' x1,000,000 sheet=1,008.800"
balance_sheet,CurrentDeferredLiabilities,2010,absent_on_face,0.0,,PASS,,,no face/notes hit
balance_sheet,CurrentDeferredRevenue,2010,absent_on_face,0.0,,PASS,,,no face/notes hit
balance_sheet,CurrentDeferredTaxesLiabilities,2010,absent_on_face,0.0,,PASS,,,no face/notes hit
balance_sheet,CurrentLiabilities,2010,mapped,976100000.0,976.1,PASS,Current liabilities $,2012,"label='Current liabilities $' x1,000,000 sheet=976.100"
balance_sheet,FinishedGoods,2010,absent_on_face,0.0,,NOTE_ONLY,,,alias 'finished goods' appears only in notes
balance_sheet,GainsLossesNotAffectingRetainedEarnings,2010,mapped,-97700000.0,-97.7,PASS,Accumulated other comprehensive income (loss) Note,2013,"label='Accumulated other comprehensive income (loss) Note' x1,000,000 sheet=-97.700"
balance_sheet,Goodwill,2010,absent_on_face,0.0,,NOTE_ONLY,,,alias 'goodwill' appears only in notes
balance_sheet,GrossPPE,2010,absent_on_face,0.0,,PASS,,,no face/notes hit
balance_sheet,InventoriesAdjustmentsAllowances,2010,absent_on_face,0.0,,PASS,,,no face/notes hit
balance_sheet,Inventory,2010,absent_on_face,0.0,,NOTE_ONLY,,,alias 'inventory' appears only in notes
balance_sheet,InvestmentsAndAdvances,2010,absent_on_face,0.0,,NOTE_ONLY,,,alias 'investments' appears only in notes
balance_sheet,LandAndImprovements,2010,absent_on_face,0.0,,PASS,,,no face/notes hit
balance_sheet,LoansReceivable,2010,absent_on_face,0.0,,PASS,,,no face/notes hit
balance_sheet,LongTermCapitalLeaseObligation,2010,absent_on_face,0.0,,PASS,,,no face/notes hit
balance_sheet,LongTermDebt,2010,absent_on_face,0.0,,NOTE_ONLY,,,alias 'long term debt' appears only in notes
balance_sheet,LongTermDebtAndCapitalLeaseObligation,2010,absent_on_face,0.0,,PASS,,,no face/notes hit
balance_sheet,MachineryFurnitureEquipment,2010,absent_on_face,0.0,,NOTE_ONLY,,,alias 'equipment' appears only in notes
balance_sheet,MinorityInterest,2010,mapped,262200000.0,262.2,PASS,Non-controlling interest $,2013,"label='Non-controlling interest $' x1,000,000 sheet=262.200"
balance_sheet,NetPPE,2010,mapped,8959400000.0,8959.4,PASS,"Property, plant and equipment Note",2013,"label='Property, plant and equipment Note' x1,000,000 sheet=8,959.400"
balance_sheet,NonCurrentDeferredRevenue,2010,absent_on_face,0.0,,PASS,,,no face/notes hit
balance_sheet,NonCurrentDeferredTaxesLiabilities,2010,mapped,879100000.0,879.1,PASS,Deferred tax liabilities Note,2013,"label='Deferred tax liabilities Note' x1,000,000 sheet=879.100"
balance_sheet,NonCurrentPensionAndOtherPostretirementBenefitPlans,2010,absent_on_face,0.0,,PASS,,,no face/notes hit
balance_sheet,NotesReceivable,2010,mapped,70000000.0,70,PASS,Note receivable (a),2012,"label='Note receivable (a)' x1,000,000 sheet=70.000"
balance_sheet,OtherCurrentLiabilities,2010,absent_on_face,0.0,,PASS,,,no face/notes hit
balance_sheet,OtherIntangibleAssets,2010,absent_on_face,0.0,,NOTE_ONLY,,,alias 'intangible assets' appears only in notes
balance_sheet,OtherInventories,2010,absent_on_face,0.0,,PASS,,,no face/notes hit
balance_sheet,OtherPayable,2010,absent_on_face,0.0,,PASS,,,no face/notes hit
balance_sheet,OtherReceivables,2010,absent_on_face,0.0,,PASS,,,no face/notes hit
balance_sheet,PayablesAndAccruedExpenses,2010,mapped,575300000.0,575.3,PASS,Accounts payable and accrued liabilities Note,2013,"label='Accounts payable and accrued liabilities Note' x1,000,000 sheet=575.300"
balance_sheet,PreferredStock,2010,absent_on_face,0.0,,NOTE_ONLY,,,alias 'preferred shares' appears only in notes
balance_sheet,RawMaterials,2010,absent_on_face,0.0,,PASS,,,no face/notes hit
balance_sheet,RetainedEarnings,2010,mapped,-51500000.0,-51.5,PASS,Accumulated deficit,2012,"label='Accumulated deficit' x1,000,000 sheet=-51.500"
balance_sheet,ShortTermInvestments,2010,mapped,1300000.0,1.3,PASS,Short-term investments - - - -,2013,"label='Short-term investments - - - -' x1,000,000 sheet=1.300"
balance_sheet,StockholdersEquity,2010,mapped,14531100000.0,14531.1,PASS,Common shareholders' equity $,2013,"label=""Common shareholders' equity $"" x1,000,000 sheet=14,531.100"
balance_sheet,TotalAssets,2010,mapped,17795200000.0,17795.2,PASS,Total assets $,2013,"label='Total assets $' x1,000,000 sheet=17,795.200"
balance_sheet,TotalLiabilities,2010,mapped,3001900000.0,3001.9,PASS,Total liabilities $,2013,"label='Total liabilities $' x1,000,000 sheet=3,001.900"
balance_sheet,TotalNonCurrentAssets,2010,mapped,17795200000.0,17795.2,PASS,Non-current assets total,2012,"label='Non-current assets total' x1,000,000 sheet=17,795.200"
balance_sheet,TotalNonCurrentLiabilities,2010,mapped,3001900000.0,3001.9,PASS,Non-current liabilities total,2012,"label='Non-current liabilities total' x1,000,000 sheet=3,001.900"
balance_sheet,TotalTaxPayable,2010,absent_on_face,0.0,,PASS,,,no face/notes hit
balance_sheet,TreasuryStock,2010,absent_on_face,0.0,,NOTE_ONLY,,,alias 'treasury shares' appears only in notes
balance_sheet,WorkInProcess,2010,absent_on_face,0.0,,PASS,,,no face/notes hit
cash_flow,AssetImpairmentCharge,2010,absent_on_face,0.0,,NOTE_ONLY,,,alias 'asset impairment charge' appears only in notes
cash_flow,BeginningCashPosition,2010,mapped,597400000.0,597.4,PASS,"Cash and cash equivalents, beginning of period",2012,"label='Cash and cash equivalents, beginning of period' x1,000,000 sheet=597.400"
cash_flow,CashDividendsPaid,2010,mapped,-70600000.0,-70.6,PASS,Dividends paid,2012,"label='Dividends paid' x1,000,000 sheet=-70.600"
cash_flow,CashFromDiscontinuedInvestingActivities,2010,absent_on_face,0.0,,PASS,,,no face/notes hit
cash_flow,CashFromDiscontinuedOperatingActivities,2010,absent_on_face,0.0,,PASS,,,no face/notes hit
cash_flow,ChangeInInventory,2010,mapped,-96500000.0,-96.5,PASS,Inventories,2012,"label='Inventories' x1,000,000 sheet=-96.500"
cash_flow,ChangeInOtherWorkingCapital,2010,absent_on_face,0.0,,PASS,,,no face/notes hit
cash_flow,ChangeInPayablesAndAccruedExpense,2010,absent_on_face,0.0,,NOTE_ONLY,,,alias 'accounts payable and accrued liabilities' appears only in notes
cash_flow,ChangeInPrepaidAssets,2010,absent_on_face,0.0,,NOTE_ONLY,,,alias 'prepaid expenses' appears only in notes
cash_flow,ChangeInReceivables,2010,absent_on_face,0.0,,NOTE_ONLY,,,alias 'accounts receivable' appears only in notes
cash_flow,ChangesInCash,2010,mapped,869200000.0,869.2,PASS,Increase in cash and cash equivalents,2012,"label='Increase in cash and cash equivalents' x1,000,000 sheet=869.200"
cash_flow,DepreciationAmortizationDepletion,2010,mapped,551500000.0,551.5,PASS,"Depreciation, depletion and amortization",2012,"label='Depreciation, depletion and amortization' x1,000,000 sheet=551.500"
cash_flow,EffectOfExchangeRateChanges,2010,mapped,6300000.0,6.3,PASS,Effect of exchange rate changes on cash,2011,"label='Effect of exchange rate changes on cash' x1,000,000 sheet=6.300"
cash_flow,EndCashPosition,2010,mapped,1466600000.0,1466.6,PASS,"Cash and cash equivalents, end of period $",2012,"label='Cash and cash equivalents, end of period $' x1,000,000 sheet=1,466.600"
cash_flow,IssuanceOfCapitalStock,2010,absent_on_face,0.0,,PASS,,,no face/notes hit
cash_flow,IssuanceOfDebt,2010,mapped,127300000.0,127.3,PASS,Proceeds from issuance of debt,2012,"label='Proceeds from issuance of debt' x1,000,000 sheet=127.300"
cash_flow,NetIntangiblesPurchaseAndSale,2010,absent_on_face,0.0,,PASS,,,no face/notes hit
cash_flow,NetOtherFinancingCharges,2010,absent_on_face,0.0,,PASS,,,no face/notes hit
cash_flow,NetOtherInvestingChanges,2010,absent_on_face,0.0,,PASS,,,no face/notes hit
cash_flow,NetPreferredStockIssuance,2010,absent_on_face,0.0,,PASS,,,no face/notes hit
cash_flow,OtherNonCashItems,2010,absent_on_face,0.0,,PASS,,,no face/notes hit
cash_flow,PurchaseOfBusiness,2010,mapped,545500000.0,545.5,PASS,Business acquisitions - net of cash acquired,2012,"label='Business acquisitions - net of cash acquired' x1,000,000 sheet=545.500"
cash_flow,PurchaseOfInvestment,2010,absent_on_face,0.0,,PASS,,,no face/notes hit
cash_flow,PurchaseOfPPE,2010,mapped,-628300000.0,-628.3,PASS,"Additions to property, plant and equipment",2012,"label='Additions to property, plant and equipment' x1,000,000 sheet=-628.300"
cash_flow,RepaymentOfDebt,2010,mapped,-334900000.0,-334.9,PASS,Repayment of debt,2012,"label='Repayment of debt' x1,000,000 sheet=-334.900"
cash_flow,RepurchaseOfCapitalStock,2010,absent_on_face,0.0,,PASS,,,no face/notes hit
cash_flow,SaleOfInvestment,2010,absent_on_face,0.0,,PASS,,,no face/notes hit
cash_flow,SaleOfPPE,2010,absent_on_face,0.0,,PASS,,,no face/notes hit
cash_flow,StockBasedCompensation,2010,mapped,30100000.0,30.1,PASS,Share-based compensation,2012,"label='Share-based compensation' x1,000,000 sheet=30.100"
income_statement,BasicEPS,2010,mapped,0.92,0.92,PASS,Basic $,2012,label='Basic $' sheet=0.000
income_statement,CostOfRevenue,2010,mapped,1249000000.0,1249,PASS,Production cost of sales,2012,"label='Production cost of sales' x1,000,000 sheet=1,249.000"
income_statement,DepreciationAmortizationDepletion,2010,mapped,551500000.0,551.5,PASS,"Depreciation, depletion and amortization",2012,"label='Depreciation, depletion and amortization' x1,000,000 sheet=551.500"
income_statement,DilutedEPS,2010,mapped,0.92,0.92,PASS,Diluted $,2012,label='Diluted $' sheet=0.000
income_statement,GrossProfit,2010,mapped,1209600000.0,1209.6,PASS,Gross profit (loss),2012,"label='Gross profit (loss)' x1,000,000 sheet=1,209.600"
income_statement,InterestExpenseNonOperating,2010,absent_on_face,0.0,,PASS,,,no face/notes hit
income_statement,InterestIncomeNonOperating,2010,mapped,5800000.0,5.8,PASS,Finance income,2012,"label='Finance income' x1,000,000 sheet=5.800"
income_statement,MinorityInterests,2010,mapped,-112400000.0,112.4,PASS,Attributed to non-controlling interest $,2012,"label='Attributed to non-controlling interest $' x1,000,000 sheet=-112.400"
income_statement,NetIncomeDiscontinuousOperations,2010,absent_on_face,0.0,,PASS,,,no face/notes hit
income_statement,NetNonOperatingInterestIncomeExpense,2010,absent_on_face,0.0,,PASS,,,no face/notes hit
income_statement,OtherIncomeExpense,2010,absent_on_face,0.0,,NOTE_ONLY,,,alias 'foreign exchange loss' appears only in notes
income_statement,OtherOperatingExpenses,2010,absent_on_face,0.0,,NOTE_ONLY,,,alias 'office' appears only in notes
income_statement,ResearchAndDevelopment,2010,absent_on_face,0.0,,PASS,,,no face/notes hit
income_statement,SellingGeneralAndAdministration,2010,absent_on_face,0.0,,NOTE_ONLY,,,alias 'travel' appears only in notes
income_statement,TaxProvision,2010,absent_on_face,0.0,,NOTE_ONLY,,,alias 'income tax expense' appears only in notes
balance_sheet,CurrentDebtAndCapitalLeaseObligation,2010,derived,1008800000.0,,MISMATCH,,,identity failed: asset_split_fail
balance_sheet,NonCurrentDeferredLiabilities,2010,derived,879100000.0,,MISMATCH,,,identity failed: asset_split_fail
balance_sheet,OtherCurrentAssets,2010,derived,1102200000.0,,MISMATCH,,,identity failed: asset_split_fail
balance_sheet,OtherNonCurrentAssets,2010,derived,8835800000.0,,MISMATCH,,,identity failed: asset_split_fail
balance_sheet,OtherNonCurrentLiabilities,2010,derived,2122800000.0,,MISMATCH,,,identity failed: asset_split_fail
balance_sheet,Receivables,2010,derived,94300000.0,,MISMATCH,,,identity failed: asset_split_fail
balance_sheet,TotalEquityGrossMinorityInterest,2010,derived,14793300000.0,,MISMATCH,,,identity failed: asset_split_fail
cash_flow,CapitalExpenditure,2010,derived,-628300000.0,,PASS,,,identities clean
cash_flow,ChangeInWorkingCapital,2010,derived,-96500000.0,,PASS,,,identities clean
cash_flow,FreeCashFlow,2010,derived,661200000.0,,PASS,,,identities clean
cash_flow,NetIssuancePaymentsOfDebt,2010,derived,-207600000.0,,PASS,,,identities clean
income_statement,OperatingExpense,2010,derived,0.0,,PASS,,,identities clean
income_statement,OperatingIncome,2010,derived,1209600000.0,,PASS,,,identities clean
income_statement,TotalRevenue,2010,derived,2458600000.0,,PASS,,,identities clean
balance_sheet,AccountsPayable,2011,absent_on_face,0.0,,NOTE_ONLY,,,alias 'accounts payable' appears only in notes
balance_sheet,AccountsReceivable,2011,mapped,20200000.0,20.2,PASS,Trade receivables $,2012,"label='Trade receivables $' x1,000,000 sheet=20.200"
balance_sheet,AccumulatedDepreciation,2011,absent_on_face,0.0,,NOTE_ONLY,,,alias 'accumulated depreciation' appears only in notes
balance_sheet,AdditionalPaidInCapital,2011,mapped,81400000.0,81.4,PASS,Contributed surplus,2012,"label='Contributed surplus' x1,000,000 sheet=81.400"
balance_sheet,BuildingsAndImprovements,2011,absent_on_face,0.0,,PASS,,,no face/notes hit
balance_sheet,CashAndCashEquivalents,2011,mapped,1632900000.0,1632.9,PASS,Cash and cash equivalents Note,2013,"label='Cash and cash equivalents Note' x1,000,000 sheet=1,632.900"
balance_sheet,CommonStock,2011,absent_on_face,0.0,,NOTE_ONLY,,,alias 'common stock' appears only in notes
balance_sheet,ConstructionInProgress,2011,absent_on_face,0.0,,PASS,,,no face/notes hit
balance_sheet,CurrentAccruedExpenses,2011,absent_on_face,0.0,,NOTE_ONLY,,,alias 'accrued liabilities' appears only in notes
balance_sheet,CurrentAssets,2011,mapped,3117800000.0,3117.8,PASS,Current assets $,2013,"label='Current assets $' x1,000,000 sheet=3,117.800"
balance_sheet,CurrentCapitalLeaseObligation,2011,absent_on_face,0.0,,PASS,,,no face/notes hit
balance_sheet,CurrentDebt,2011,mapped,1311900000.0,795.7+516.2,PASS,"Current liabilities, including current portion of long-term debt $",2013,"label='Current liabilities, including current portion of long-term debt $' x1,000,000 sheet=1,311.900"
balance_sheet,CurrentDeferredLiabilities,2011,absent_on_face,0.0,,PASS,,,no face/notes hit
balance_sheet,CurrentDeferredRevenue,2011,absent_on_face,0.0,,PASS,,,no face/notes hit
balance_sheet,CurrentDeferredTaxesLiabilities,2011,absent_on_face,0.0,,PASS,,,no face/notes hit
balance_sheet,CurrentLiabilities,2011,mapped,795700000.0,795.7,PASS,Current liabilities $,2012,"label='Current liabilities $' x1,000,000 sheet=795.700"
balance_sheet,FinishedGoods,2011,absent_on_face,0.0,,NOTE_ONLY,,,alias 'finished goods' appears only in notes
balance_sheet,GainsLossesNotAffectingRetainedEarnings,2011,mapped,4900000.0,4.9,PASS,Accumulated other comprehensive income (loss) Note,2013,"label='Accumulated other comprehensive income (loss) Note' x1,000,000 sheet=4.900"
balance_sheet,Goodwill,2011,absent_on_face,0.0,,NOTE_ONLY,,,alias 'goodwill' appears only in notes
balance_sheet,GrossPPE,2011,absent_on_face,0.0,,PASS,,,no face/notes hit
balance_sheet,InventoriesAdjustmentsAllowances,2011,absent_on_face,0.0,,PASS,,,no face/notes hit
balance_sheet,Inventory,2011,absent_on_face,0.0,,NOTE_ONLY,,,alias 'inventory' appears only in notes
balance_sheet,InvestmentsAndAdvances,2011,absent_on_face,0.0,,NOTE_ONLY,,,alias 'investments' appears only in notes
balance_sheet,LandAndImprovements,2011,absent_on_face,0.0,,PASS,,,no face/notes hit
balance_sheet,LoansReceivable,2011,absent_on_face,0.0,,PASS,,,no face/notes hit
balance_sheet,LongTermCapitalLeaseObligation,2011,absent_on_face,0.0,,PASS,,,no face/notes hit
balance_sheet,LongTermDebt,2011,absent_on_face,0.0,,NOTE_ONLY,,,alias 'long term debt' appears only in notes
balance_sheet,LongTermDebtAndCapitalLeaseObligation,2011,absent_on_face,0.0,,PASS,,,no face/notes hit
balance_sheet,MachineryFurnitureEquipment,2011,absent_on_face,0.0,,NOTE_ONLY,,,alias 'equipment' appears only in notes
balance_sheet,MinorityInterest,2011,mapped,80300000.0,80.3,PASS,Non-controlling interest $,2013,"label='Non-controlling interest $' x1,000,000 sheet=80.300"
balance_sheet,NetPPE,2011,mapped,8978800000.0,8978.8,PASS,"Property, plant and equipment Note",2013,"label='Property, plant and equipment Note' x1,000,000 sheet=8,978.800"
balance_sheet,NonCurrentDeferredRevenue,2011,absent_on_face,0.0,,PASS,,,no face/notes hit
balance_sheet,NonCurrentDeferredTaxesLiabilities,2011,mapped,676600000.0,676.6,PASS,Deferred tax liabilities Note,2013,"label='Deferred tax liabilities Note' x1,000,000 sheet=676.600"
balance_sheet,NonCurrentPensionAndOtherPostretirementBenefitPlans,2011,absent_on_face,0.0,,PASS,,,no face/notes hit
balance_sheet,NotesReceivable,2011,absent_on_face,0.0,,PASS,,,no face/notes hit
balance_sheet,OtherCurrentAssets,2011,absent_on_face,0.0,,PASS,,,no face/notes hit
balance_sheet,OtherCurrentLiabilities,2011,absent_on_face,0.0,,PASS,,,no face/notes hit
balance_sheet,OtherIntangibleAssets,2011,absent_on_face,0.0,,NOTE_ONLY,,,alias 'intangible assets' appears only in notes
balance_sheet,OtherInventories,2011,absent_on_face,0.0,,PASS,,,no face/notes hit
balance_sheet,OtherNonCurrentAssets,2011,mapped,-136900000.0,-136.9,PASS,other long-term assets                                                                                  other long-term assets,2012,"label='other long-term assets                                                                                  other long-term assets' x1,000,000 sheet=-136.900"
balance_sheet,OtherPayable,2011,absent_on_face,0.0,,PASS,,,no face/notes hit
balance_sheet,OtherReceivables,2011,absent_on_face,0.0,,PASS,,,no face/notes hit
balance_sheet,PayablesAndAccruedExpenses,2011,mapped,632800000.0,632.8,PASS,Accounts payable and accrued liabilities Note,2013,"label='Accounts payable and accrued liabilities Note' x1,000,000 sheet=632.800"
balance_sheet,PreferredStock,2011,absent_on_face,0.0,,NOTE_ONLY,,,alias 'preferred shares' appears only in notes
balance_sheet,RawMaterials,2011,absent_on_face,0.0,,PASS,,,no face/notes hit
balance_sheet,RetainedEarnings,2011,mapped,-2249900000.0,-2249.9,PASS,Accumulated deficit,2012,"label='Accumulated deficit' x1,000,000 sheet=-2,249.900"
balance_sheet,ShortTermInvestments,2011,mapped,1767300000.0,1767.3,PASS,Cash and cash equivalents and short-term investments $,2013,"label='Cash and cash equivalents and short-term investments $' x1,000,000 sheet=1,767.300"
balance_sheet,StockholdersEquity,2011,mapped,12390400000.0,12390.4,PASS,Common shareholders' equity $,2013,"label=""Common shareholders' equity $"" x1,000,000 sheet=12,390.400"
balance_sheet,TotalAssets,2011,mapped,16508800000.0,16508.8,PASS,Total assets $,2013,"label='Total assets $' x1,000,000 sheet=16,508.800"
balance_sheet,TotalLiabilities,2011,mapped,4038100000.0,4038.1,PASS,Total liabilities $,2013,"label='Total liabilities $' x1,000,000 sheet=4,038.100"
balance_sheet,TotalNonCurrentAssets,2011,mapped,16508800000.0,16508.8,PASS,Non-current assets total,2012,"label='Non-current assets total' x1,000,000 sheet=16,508.800"
balance_sheet,TotalNonCurrentLiabilities,2011,mapped,4038100000.0,4038.1,PASS,Non-current liabilities total,2012,"label='Non-current liabilities total' x1,000,000 sheet=4,038.100"
balance_sheet,TotalTaxPayable,2011,absent_on_face,0.0,,PASS,,,no face/notes hit
balance_sheet,TreasuryStock,2011,absent_on_face,0.0,,PASS,,,no face/notes hit
balance_sheet,WorkInProcess,2011,absent_on_face,0.0,,PASS,,,no face/notes hit
cash_flow,AssetImpairmentCharge,2011,absent_on_face,0.0,,NOTE_ONLY,,,alias 'asset impairment charge' appears only in notes
cash_flow,BeginningCashPosition,2011,mapped,1466600000.0,1466.6,PASS,"Cash and cash equivalents, beginning of period",2012,"label='Cash and cash equivalents, beginning of period' x1,000,000 sheet=1,466.600"
cash_flow,CashDividendsPaid,2011,mapped,-124800000.0,-124.8,PASS,Dividends paid,2012,"label='Dividends paid' x1,000,000 sheet=-124.800"
cash_flow,CashFromDiscontinuedInvestingActivities,2011,absent_on_face,0.0,,PASS,,,no face/notes hit
cash_flow,CashFromDiscontinuedOperatingActivities,2011,absent_on_face,0.0,,PASS,,,no face/notes hit
cash_flow,ChangeInInventory,2011,mapped,-233700000.0,-233.7,PASS,Inventories,2012,"label='Inventories' x1,000,000 sheet=-233.700"
cash_flow,ChangeInOtherWorkingCapital,2011,absent_on_face,0.0,,PASS,,,no face/notes hit
cash_flow,ChangeInPayablesAndAccruedExpense,2011,absent_on_face,0.0,,NOTE_ONLY,,,alias 'accounts payable and accrued liabilities' appears only in notes
cash_flow,ChangeInPrepaidAssets,2011,absent_on_face,0.0,,NOTE_ONLY,,,alias 'prepaid expenses' appears only in notes
cash_flow,ChangeInReceivables,2011,absent_on_face,0.0,,NOTE_ONLY,,,alias 'accounts receivable' appears only in notes
cash_flow,ChangesInCash,2011,mapped,299400000.0,299.4,PASS,Increase in cash and cash equivalents,2012,"label='Increase in cash and cash equivalents' x1,000,000 sheet=299.400"
cash_flow,DepreciationAmortizationDepletion,2011,mapped,577400000.0,577.4,PASS,"Depreciation, depletion and amortization",2012,"label='Depreciation, depletion and amortization' x1,000,000 sheet=577.400"
cash_flow,EffectOfExchangeRateChanges,2011,absent_on_face,0.0,,BUG_FACE,Effect of exchange rate changes on cash                                            6.3                9.4                (23.8),,zero-filled but concept on FACE (exact): 'Effect of exchange rate changes on cash                                            6.3                9.4                (23.8)'
cash_flow,EndCashPosition,2011,mapped,1766000000.0,1766,PASS,"Cash and cash equivalents, end of period $",2012,"label='Cash and cash equivalents, end of period $' x1,000,000 sheet=1,766.000"
cash_flow,IssuanceOfCapitalStock,2011,absent_on_face,0.0,,PASS,,,no face/notes hit
cash_flow,IssuanceOfDebt,2011,mapped,1608500000.0,1608.5,PASS,Proceeds from issuance of debt,2012,"label='Proceeds from issuance of debt' x1,000,000 sheet=1,608.500"
cash_flow,NetIntangiblesPurchaseAndSale,2011,absent_on_face,0.0,,PASS,,,no face/notes hit
cash_flow,NetOtherFinancingCharges,2011,absent_on_face,0.0,,PASS,,,no face/notes hit
cash_flow,NetOtherInvestingChanges,2011,absent_on_face,0.0,,PASS,,,no face/notes hit
cash_flow,NetPreferredStockIssuance,2011,absent_on_face,0.0,,PASS,,,no face/notes hit
cash_flow,OtherNonCashItems,2011,absent_on_face,0.0,,PASS,,,no face/notes hit
cash_flow,PurchaseOfBusiness,2011,absent_on_face,0.0,,PASS,,,no face/notes hit
cash_flow,PurchaseOfInvestment,2011,absent_on_face,0.0,,PASS,,,no face/notes hit
cash_flow,PurchaseOfPPE,2011,mapped,-1651500000.0,-1651.5,PASS,"Additions to property, plant and equipment",2012,"label='Additions to property, plant and equipment' x1,000,000 sheet=-1,651.500"
cash_flow,RepaymentOfDebt,2011,mapped,-482100000.0,-482.1,PASS,Repayment of debt,2012,"label='Repayment of debt' x1,000,000 sheet=-482.100"
cash_flow,RepurchaseOfCapitalStock,2011,absent_on_face,0.0,,PASS,,,no face/notes hit
cash_flow,SaleOfInvestment,2011,absent_on_face,0.0,,PASS,,,no face/notes hit
cash_flow,SaleOfPPE,2011,absent_on_face,0.0,,PASS,,,no face/notes hit
cash_flow,StockBasedCompensation,2011,mapped,33900000.0,33.9,PASS,Share-based compensation,2012,"label='Share-based compensation' x1,000,000 sheet=33.900"
income_statement,BasicEPS,2011,mapped,-1.83,-1.83,PASS,Basic $,2012,label='Basic $' sheet=-0.000
income_statement,CostOfRevenue,2011,mapped,1546100000.0,1546.1,PASS,Production cost of sales,2013,"label='Production cost of sales' x1,000,000 sheet=1,546.100"
income_statement,DepreciationAmortizationDepletion,2011,mapped,564100000.0,564.1,PASS,"Depreciation, depletion and amortization",2013,"label='Depreciation, depletion and amortization' x1,000,000 sheet=564.100"
income_statement,DilutedEPS,2011,mapped,-1.83,-1.83,PASS,Diluted $,2012,label='Diluted $' sheet=-0.000
income_statement,GrossProfit,2011,mapped,-1168100000.0,-1168.1,PASS,Gross profit (loss),2012,"label='Gross profit (loss)' x1,000,000 sheet=-1,168.100"
income_statement,InterestExpenseNonOperating,2011,absent_on_face,0.0,,PASS,,,no face/notes hit
income_statement,InterestIncomeNonOperating,2011,mapped,6200000.0,6.2,PASS,Finance income,2013,"label='Finance income' x1,000,000 sheet=6.200"
income_statement,MinorityInterests,2011,mapped,-60600000.0,60.6,PASS,Non-controlling interest $,2013,"label='Non-controlling interest $' x1,000,000 sheet=-60.600"
income_statement,NetIncome,2011,mapped,-2013000000.0,-2013,PASS,Net loss $,2013,"label='Net loss $' x1,000,000 sheet=-2,013.000"
income_statement,NetIncomeDiscontinuousOperations,2011,absent_on_face,0.0,,PASS,,,no face/notes hit
income_statement,NetNonOperatingInterestIncomeExpense,2011,absent_on_face,0.0,,PASS,,,no face/notes hit
income_statement,OperatingExpense,2011,mapped,62100000.0,62.1,PASS,Other operating expense,2013,"label='Other operating expense' x1,000,000 sheet=62.100"
income_statement,OperatingIncome,2011,mapped,-1575500000.0,-1575.5,PASS,Operating loss,2013,"label='Operating loss' x1,000,000 sheet=-1,575.500"
income_statement,OtherIncomeExpense,2011,mapped,17200000.0,11.3+5.9,PASS,Foreign exchange gains (losses),2013,"label='Foreign exchange gains (losses)' x1,000,000 sheet=17.200"
income_statement,OtherOperatingExpenses,2011,absent_on_face,0.0,,NOTE_ONLY,,,alias 'office' appears only in notes
income_statement,ResearchAndDevelopment,2011,absent_on_face,0.0,,PASS,,,no face/notes hit
income_statement,SellingGeneralAndAdministration,2011,absent_on_face,0.0,,NOTE_ONLY,,,alias 'insurance' appears only in notes
balance_sheet,CashCashEquivalentsAndShortTermInvestments,2011,derived,3400200000.0,,MISMATCH,,,identity failed: asset_split_fail
balance_sheet,CurrentDebtAndCapitalLeaseObligation,2011,derived,1311900000.0,,MISMATCH,,,identity failed: asset_split_fail
balance_sheet,NonCurrentDeferredLiabilities,2011,derived,676600000.0,,MISMATCH,,,identity failed: asset_split_fail
balance_sheet,OtherNonCurrentLiabilities,2011,derived,3361500000.0,,MISMATCH,,,identity failed: asset_split_fail
balance_sheet,Receivables,2011,derived,20200000.0,,MISMATCH,,,identity failed: asset_split_fail
balance_sheet,TotalEquityGrossMinorityInterest,2011,derived,12470700000.0,,MISMATCH,,,identity failed: asset_split_fail
cash_flow,CapitalExpenditure,2011,derived,-1651500000.0,,PASS,,,identities clean
cash_flow,ChangeInWorkingCapital,2011,derived,-233700000.0,,PASS,,,identities clean
cash_flow,FreeCashFlow,2011,derived,157800000.0,,PASS,,,identities clean
cash_flow,NetIncomeFromContinuingOperations,2011,derived,-2013000000.0,,PASS,,,identities clean
cash_flow,NetIssuancePaymentsOfDebt,2011,derived,1126400000.0,,PASS,,,identities clean
income_statement,DilutedAverageShares,2011,derived,1100000000.0,,PASS,,,identities clean
income_statement,EBIT,2011,derived,-2019200000.0,,PASS,,,identities clean
income_statement,EBITDA,2011,derived,-1455100000.0,,PASS,,,identities clean
income_statement,NetIncomeContinuousOperations,2011,derived,-2013000000.0,,PASS,,,identities clean
income_statement,PretaxIncome,2011,derived,-2013000000.0,,PASS,,,identities clean
income_statement,TaxProvision,2011,derived,0.0,,PASS,,,identities clean
income_statement,TotalRevenue,2011,derived,378000000.0,,PASS,,,identities clean
balance_sheet,AccountsPayable,2012,absent_on_face,0.0,,NOTE_ONLY,,,alias 'accounts payable' appears only in notes
balance_sheet,AccountsReceivable,2012,absent_on_face,0.0,,BUG_FACE,Trade receivables                             $     20.2       $       24.3       $        9.9,,zero-filled but concept on FACE (exact): 'Trade receivables                             $     20.2       $       24.3       $        9.9'
balance_sheet,AccumulatedDepreciation,2012,absent_on_face,0.0,,NOTE_ONLY,,,alias 'accumulated depreciation' appears only in notes
balance_sheet,AdditionalPaidInCapital,2012,absent_on_face,0.0,,BUG_FACE,Contributed surplus                                                  81.4              185.5            107.4,,zero-filled but concept on FACE (exact): 'Contributed surplus                                                  81.4              185.5            107.4'
balance_sheet,BuildingsAndImprovements,2012,absent_on_face,0.0,,PASS,,,no face/notes hit
balance_sheet,CashAndCashEquivalents,2012,mapped,1982500000.0,1982.5,PASS,Cash and cash equivalents $,2015,"label='Cash and cash equivalents $' x1,000,000 sheet=1,982.500"
balance_sheet,CommonStock,2012,absent_on_face,0.0,,NOTE_ONLY,,,alias 'common stock' appears only in notes
balance_sheet,ConstructionInProgress,2012,absent_on_face,0.0,,PASS,,,no face/notes hit
balance_sheet,CurrentAccruedExpenses,2012,absent_on_face,0.0,,NOTE_ONLY,,,alias 'accrued liabilities' appears only in notes
balance_sheet,CurrentAssets,2012,mapped,3591400000.0,3591.4,PASS,Current assets $,2015,"label='Current assets $' x1,000,000 sheet=3,591.400"
balance_sheet,CurrentCapitalLeaseObligation,2012,absent_on_face,0.0,,PASS,,,no face/notes hit
balance_sheet,CurrentDebt,2012,mapped,1369600000.0,1309.6+60,PASS,"Current liabilities, including current portion of long-term debt $",2015,"label='Current liabilities, including current portion of long-term debt $' x1,000,000 sheet=1,369.600"
balance_sheet,CurrentDeferredLiabilities,2012,absent_on_face,0.0,,PASS,,,no face/notes hit
balance_sheet,CurrentDeferredRevenue,2012,absent_on_face,0.0,,PASS,,,no face/notes hit
balance_sheet,CurrentDeferredTaxesLiabilities,2012,absent_on_face,0.0,,PASS,,,no face/notes hit
balance_sheet,CurrentLiabilities,2012,mapped,765800000.0,765.8,PASS,Current liabilities total,2014,"label='Current liabilities total' x1,000,000 sheet=765.800"
balance_sheet,FinishedGoods,2012,absent_on_face,0.0,,NOTE_ONLY,,,alias 'finished goods' appears only in notes
balance_sheet,GainsLossesNotAffectingRetainedEarnings,2012,mapped,-36500000.0,-36.5,PASS,Accumulated other comprehensive income (loss) Note,2015,"label='Accumulated other comprehensive income (loss) Note' x1,000,000 sheet=-36.500"
balance_sheet,Goodwill,2012,absent_on_face,0.0,,NOTE_ONLY,,,alias 'goodwill' appears only in notes
balance_sheet,GrossPPE,2012,absent_on_face,0.0,,PASS,,,no face/notes hit
balance_sheet,InventoriesAdjustmentsAllowances,2012,absent_on_face,0.0,,PASS,,,no face/notes hit
balance_sheet,Inventory,2012,absent_on_face,0.0,,NOTE_ONLY,,,alias 'inventory' appears only in notes
balance_sheet,InvestmentsAndAdvances,2012,absent_on_face,0.0,,NOTE_ONLY,,,alias 'investments' appears only in notes
balance_sheet,LandAndImprovements,2012,absent_on_face,0.0,,PASS,,,no face/notes hit
balance_sheet,LoansReceivable,2012,absent_on_face,0.0,,PASS,,,no face/notes hit
balance_sheet,LongTermCapitalLeaseObligation,2012,absent_on_face,0.0,,PASS,,,no face/notes hit
balance_sheet,LongTermDebt,2012,absent_on_face,0.0,,NOTE_ONLY,,,alias 'long term debt' appears only in notes
balance_sheet,LongTermDebtAndCapitalLeaseObligation,2012,absent_on_face,0.0,,PASS,,,no face/notes hit
balance_sheet,MachineryFurnitureEquipment,2012,absent_on_face,0.0,,NOTE_ONLY,,,alias 'equipment' appears only in notes
balance_sheet,MinorityInterest,2012,mapped,75500000.0,75.5,PASS,Non-controlling interest $,2015,"label='Non-controlling interest $' x1,000,000 sheet=75.500"
balance_sheet,NetPPE,2012,mapped,6582700000.0,6582.7,PASS,"Property, plant and equipment Note",2015,"label='Property, plant and equipment Note' x1,000,000 sheet=6,582.700"
balance_sheet,NonCurrentDeferredRevenue,2012,absent_on_face,0.0,,PASS,,,no face/notes hit
balance_sheet,NonCurrentDeferredTaxesLiabilities,2012,mapped,533700000.00000006,533.7,PASS,Deferred tax liabilities Note,2015,"label='Deferred tax liabilities Note' x1,000,000 sheet=533.700"
balance_sheet,NonCurrentPensionAndOtherPostretirementBenefitPlans,2012,absent_on_face,0.0,,PASS,,,no face/notes hit
balance_sheet,NotesReceivable,2012,absent_on_face,0.0,,BUG_FACE,Note receivable (a)                                                                 -               70.0                             -,,zero-filled but concept on FACE (fuzzy): 'Note receivable (a)                                                                 -               70.0                             -'
balance_sheet,OtherCurrentLiabilities,2012,absent_on_face,0.0,,PASS,,,no face/notes hit
balance_sheet,OtherIntangibleAssets,2012,absent_on_face,0.0,,PASS,,,no face/notes hit
balance_sheet,OtherInventories,2012,absent_on_face,0.0,,PASS,,,no face/notes hit
balance_sheet,OtherPayable,2012,absent_on_face,0.0,,PASS,,,no face/notes hit
balance_sheet,OtherReceivables,2012,absent_on_face,0.0,,PASS,,,no face/notes hit
balance_sheet,PayablesAndAccruedExpenses,2012,mapped,544500000.0,544.5,PASS,Accounts payable and accrued liabilities Note,2015,"label='Accounts payable and accrued liabilities Note' x1,000,000 sheet=544.500"
balance_sheet,PreferredStock,2012,absent_on_face,0.0,,PASS,,,no face/notes hit
balance_sheet,RawMaterials,2012,absent_on_face,0.0,,PASS,,,no face/notes hit
balance_sheet,Receivables,2012,absent_on_face,0.0,,NOTE_ONLY,,,alias 'receivables' appears only in notes
balance_sheet,ShortTermInvestments,2012,mapped,1300000.0,1.3,PASS,Short-term investments - - - -,2013,"label='Short-term investments - - - -' x1,000,000 sheet=1.300"
balance_sheet,StockholdersEquity,2012,mapped,9850200000.0,9850.2,PASS,Common shareholders' equity $,2015,"label=""Common shareholders' equity $"" x1,000,000 sheet=9,850.200"
balance_sheet,TotalAssets,2012,mapped,14882600000.0,14882.6,PASS,Total assets $,2015,"label='Total assets $' x1,000,000 sheet=14,882.600"
balance_sheet,TotalLiabilities,2012,mapped,4956900000.0,4956.9,PASS,Total liabilities $,2015,"label='Total liabilities $' x1,000,000 sheet=4,956.900"
balance_sheet,TotalTaxPayable,2012,absent_on_face,0.0,,PASS,,,no face/notes hit
balance_sheet,TreasuryStock,2012,absent_on_face,0.0,,PASS,,,no face/notes hit
balance_sheet,WorkInProcess,2012,absent_on_face,0.0,,PASS,,,no face/notes hit
cash_flow,AssetImpairmentCharge,2012,absent_on_face,0.0,,PASS,,,no face/notes hit
cash_flow,BeginningCashPosition,2012,mapped,1724800000.0,1724.8,PASS,"Cash and cash equivalents, beginning of period",2014,"label='Cash and cash equivalents, beginning of period' x1,000,000 sheet=1,724.800"
cash_flow,CashDividendsPaid,2012,mapped,-182300000.0,-182.3,PASS,Dividends paid,2014,"label='Dividends paid' x1,000,000 sheet=-182.300"
cash_flow,CashFromDiscontinuedInvestingActivities,2012,absent_on_face,0.0,,PASS,,,no face/notes hit
cash_flow,CashFromDiscontinuedOperatingActivities,2012,absent_on_face,0.0,,PASS,,,no face/notes hit
cash_flow,ChangeInInventory,2012,mapped,-298200000.0,-298.2,PASS,Inventories,2014,"label='Inventories' x1,000,000 sheet=-298.200"
cash_flow,ChangeInOtherWorkingCapital,2012,absent_on_face,0.0,,PASS,,,no face/notes hit
cash_flow,ChangeInPayablesAndAccruedExpense,2012,mapped,479000000.0,479,PASS,Accounts payable and accrued liabilities,2014,"label='Accounts payable and accrued liabilities' x1,000,000 sheet=479.000"
cash_flow,ChangeInPrepaidAssets,2012,absent_on_face,0.0,,NOTE_ONLY,,,alias 'prepaid expenses' appears only in notes
cash_flow,ChangeInReceivables,2012,absent_on_face,0.0,,NOTE_ONLY,,,alias 'accounts receivable' appears only in notes
cash_flow,ChangesInCash,2012,mapped,-92100000.0,-92.1,PASS,Decrease in cash and cash equivalents,2014,"label='Decrease in cash and cash equivalents' x1,000,000 sheet=-92.100"
cash_flow,DepreciationAmortizationDepletion,2012,mapped,680900000.0,680.9,PASS,"Depreciation, depletion and amortization",2014,"label='Depreciation, depletion and amortization' x1,000,000 sheet=680.900"
cash_flow,EffectOfExchangeRateChanges,2012,absent_on_face,0.0,,NOTE_ONLY,,,alias 'effect of exchange rate changes' appears only in notes
cash_flow,EndCashPosition,2012,mapped,1632700000.0,1632.7,PASS,"Cash and cash equivalents, end of period $",2014,"label='Cash and cash equivalents, end of period $' x1,000,000 sheet=1,632.700"
cash_flow,IssuanceOfCapitalStock,2012,absent_on_face,0.0,,PASS,,,no face/notes hit
cash_flow,IssuanceOfDebt,2012,absent_on_face,0.0,,NOTE_ONLY,,,alias 'proceeds from debt' appears only in notes
cash_flow,NetIntangiblesPurchaseAndSale,2012,absent_on_face,0.0,,PASS,,,no face/notes hit
cash_flow,NetOtherFinancingCharges,2012,absent_on_face,0.0,,PASS,,,no face/notes hit
cash_flow,NetOtherInvestingChanges,2012,absent_on_face,0.0,,NOTE_ONLY,,,alias 'exploration and evaluation expenditures' appears only in notes
cash_flow,NetPreferredStockIssuance,2012,absent_on_face,0.0,,PASS,,,no face/notes hit
cash_flow,OtherNonCashItems,2012,absent_on_face,0.0,,PASS,,,no face/notes hit
cash_flow,PurchaseOfBusiness,2012,absent_on_face,0.0,,BUG_FACE,Business acquisitions - net of cash acquired                                                                -              545.5,,zero-filled but concept on FACE (exact): 'Business acquisitions - net of cash acquired                                                                -              545.5'
cash_flow,PurchaseOfInvestment,2012,absent_on_face,0.0,,PASS,,,no face/notes hit
cash_flow,PurchaseOfPPE,2012,mapped,-1858300000.0,-1858.3,PASS,"Additions to property, plant and equipment",2014,"label='Additions to property, plant and equipment' x1,000,000 sheet=-1,858.300"
cash_flow,RepaymentOfDebt,2012,mapped,-577300000.0,-577.3,PASS,Repayment of debt,2014,"label='Repayment of debt' x1,000,000 sheet=-577.300"
cash_flow,RepurchaseOfCapitalStock,2012,absent_on_face,0.0,,PASS,,,no face/notes hit
cash_flow,SaleOfInvestment,2012,absent_on_face,0.0,,PASS,,,no face/notes hit
cash_flow,SaleOfPPE,2012,absent_on_face,0.0,,PASS,,,no face/notes hit
cash_flow,StockBasedCompensation,2012,mapped,35600000.0,35.6,PASS,Share-­‐based compensation,2014,"label='Share-\xad‐based compensation' x1,000,000 sheet=35.600"
income_statement,CostOfRevenue,2012,mapped,1849200000.0,1849.2,PASS,Production cost of sales,2014,"label='Production cost of sales' x1,000,000 sheet=1,849.200"
income_statement,DepreciationAmortizationDepletion,2012,mapped,680900000.0,680.9,PASS,"Depreciation, depletion and amortization",2014,"label='Depreciation, depletion and amortization' x1,000,000 sheet=680.900"
income_statement,InterestExpenseNonOperating,2012,absent_on_face,0.0,,PASS,,,no face/notes hit
income_statement,InterestIncomeNonOperating,2012,mapped,5300000.0,5.3,PASS,Finance income,2014,"label='Finance income' x1,000,000 sheet=5.300"
income_statement,MinorityInterests,2012,mapped,4800000.0,-4.8,PASS,Non-­‐controlling interest $,2014,"label='Non-\xad‐controlling interest $' x1,000,000 sheet=4.800"
income_statement,NetIncome,2012,mapped,-2509700000.0,-2509.7,PASS,Net loss $,2014,"label='Net loss $' x1,000,000 sheet=-2,509.700"
income_statement,NetIncomeDiscontinuousOperations,2012,absent_on_face,0.0,,PASS,,,no face/notes hit
income_statement,NetNonOperatingInterestIncomeExpense,2012,absent_on_face,0.0,,PASS,,,no face/notes hit
income_statement,OperatingExpense,2012,mapped,82600000.0,82.6,PASS,Other operating expense,2014,"label='Other operating expense' x1,000,000 sheet=82.600"
income_statement,OperatingIncome,2012,mapped,-2241900000.0,-2241.9,PASS,Operating loss,2014,"label='Operating loss' x1,000,000 sheet=-2,241.900"
income_statement,OtherIncomeExpense,2012,mapped,-3000000.0,-2.1+-0.9,PASS,Foreign exchange gains (losses),2013,"label='Foreign exchange gains (losses)' x1,000,000 sheet=-3.000"
income_statement,OtherOperatingExpenses,2012,absent_on_face,0.0,,NOTE_ONLY,,,alias 'office' appears only in notes
income_statement,ResearchAndDevelopment,2012,absent_on_face,0.0,,PASS,,,no face/notes hit
income_statement,SellingGeneralAndAdministration,2012,absent_on_face,0.0,,NOTE_ONLY,,,alias 'insurance' appears only in notes
balance_sheet,CashCashEquivalentsAndShortTermInvestments,2012,derived,1983800000.0,,PASS,,,identities clean
balance_sheet,CurrentDebtAndCapitalLeaseObligation,2012,derived,1369600000.0,,PASS,,,identities clean
balance_sheet,NonCurrentDeferredLiabilities,2012,derived,533700000.00000006,,PASS,,,identities clean
balance_sheet,OtherCurrentAssets,2012,derived,1607600000.0,,PASS,,,identities clean
balance_sheet,OtherNonCurrentAssets,2012,derived,4708500000.0,,PASS,,,identities clean
balance_sheet,OtherNonCurrentLiabilities,2012,derived,3657400000.0,,PASS,,,identities clean
balance_sheet,TotalEquityGrossMinorityInterest,2012,derived,9925700000.0,,PASS,,,identities clean
balance_sheet,TotalNonCurrentAssets,2012,derived,11291200000.0,,PASS,,,identities clean
balance_sheet,TotalNonCurrentLiabilities,2012,derived,4191100000.0,,PASS,,,identities clean
cash_flow,CapitalExpenditure,2012,derived,-1858300000.0,,PASS,,,identities clean
cash_flow,ChangeInWorkingCapital,2012,derived,180800000.0,,PASS,,,identities clean
cash_flow,FreeCashFlow,2012,derived,-124300000.0,,PASS,,,identities clean
cash_flow,NetIncomeFromContinuingOperations,2012,derived,-2509700000.0,,PASS,,,identities clean
cash_flow,NetIssuancePaymentsOfDebt,2012,derived,-577300000.0,,PASS,,,identities clean
income_statement,EBIT,2012,derived,-2515000000.0,,PASS,,,identities clean
income_statement,EBITDA,2012,derived,-1834100000.0,,PASS,,,identities clean
income_statement,NetIncomeContinuousOperations,2012,derived,-2509700000.0,,PASS,,,identities clean
income_statement,PretaxIncome,2012,derived,-2509700000.0,,PASS,,,identities clean
income_statement,TaxProvision,2012,derived,0.0,,PASS,,,identities clean
balance_sheet,AccountsPayable,2013,absent_on_face,0.0,,NOTE_ONLY,,,alias 'accounts payable' appears only in notes
balance_sheet,AccountsReceivable,2013,absent_on_face,0.0,,NOTE_ONLY,,,alias 'accounts receivable' appears only in notes
balance_sheet,AccumulatedDepreciation,2013,absent_on_face,0.0,,NOTE_ONLY,,,alias 'accumulated depreciation' appears only in notes
balance_sheet,AdditionalPaidInCapital,2013,absent_on_face,0.0,,BUG_FACE,Contributed surplus                                                              89.9                81.4,,zero-filled but concept on FACE (exact): 'Contributed surplus                                                              89.9                81.4'
balance_sheet,BuildingsAndImprovements,2013,absent_on_face,0.0,,PASS,,,no face/notes hit
balance_sheet,CashAndCashEquivalents,2013,mapped,734500000.0,734.5,PASS,Cash and cash equivalents $,2015,"label='Cash and cash equivalents $' x1,000,000 sheet=734.500"
balance_sheet,CommonStock,2013,absent_on_face,0.0,,NOTE_ONLY,,,alias 'common stock' appears only in notes
balance_sheet,ConstructionInProgress,2013,absent_on_face,0.0,,PASS,,,no face/notes hit
balance_sheet,CurrentAccruedExpenses,2013,absent_on_face,0.0,,NOTE_ONLY,,,alias 'accrued liabilities' appears only in notes
balance_sheet,CurrentAssets,2013,mapped,2405800000.0,2405.8,PASS,Current assets $,2015,"label='Current assets $' x1,000,000 sheet=2,405.800"
balance_sheet,CurrentCapitalLeaseObligation,2013,absent_on_face,0.0,,PASS,,,no face/notes hit
balance_sheet,CurrentDebt,2013,mapped,772900000.0,712.9+60,PASS,"Current liabilities, including current portion of long-term debt $",2015,"label='Current liabilities, including current portion of long-term debt $' x1,000,000 sheet=772.900"
balance_sheet,CurrentDeferredLiabilities,2013,absent_on_face,0.0,,PASS,,,no face/notes hit
balance_sheet,CurrentDeferredRevenue,2013,absent_on_face,0.0,,PASS,,,no face/notes hit
balance_sheet,CurrentDeferredTaxesLiabilities,2013,absent_on_face,0.0,,PASS,,,no face/notes hit
balance_sheet,CurrentLiabilities,2013,mapped,1309600000.0,1309.6,PASS,Current liabilities total,2014,"label='Current liabilities total' x1,000,000 sheet=1,309.600"
balance_sheet,FinishedGoods,2013,absent_on_face,0.0,,PASS,,,no face/notes hit
balance_sheet,GainsLossesNotAffectingRetainedEarnings,2013,mapped,-46100000.0,-46.1,PASS,Accumulated other comprehensive income (loss) Note,2015,"label='Accumulated other comprehensive income (loss) Note' x1,000,000 sheet=-46.100"
balance_sheet,Goodwill,2013,absent_on_face,0.0,,BUG_FACE,"Goodw ill                                                                            -           424.4                   -           424.4          712.3                   -          1,136.7",,"zero-filled but concept on FACE (fuzzy): 'Goodw ill                                                                            -           424.4                   -           424.4          712.3                   -          1,136.7'"
balance_sheet,GrossPPE,2013,absent_on_face,0.0,,BUG_FACE,"Property, plant and equipment                                20.9         3,457.0                   -          3,477.9         5,500.9                   -          8,978.8",,"zero-filled but concept on FACE (fuzzy): 'Property, plant and equipment                                20.9         3,457.0                   -          3,477.9         5,500.9                   -          8,978.8'"
balance_sheet,InventoriesAdjustmentsAllowances,2013,absent_on_face,0.0,,PASS,,,no face/notes hit
balance_sheet,Inventory,2013,absent_on_face,0.0,,BUG_FACE,"Inventories                                                                         -           504.7                   -           504.7          753.0                   -          1,257.7",,"zero-filled but concept on FACE (exact): 'Inventories                                                                         -           504.7                   -           504.7          753.0                   -          1,257.7'"
balance_sheet,InvestmentsAndAdvances,2013,absent_on_face,0.0,,BUG_FACE,Long-term investments                                      33.5             1.4                   -            34.9           14.2                   -            49.1,,zero-filled but concept on FACE (exact): 'Long-term investments                                      33.5             1.4                   -            34.9           14.2                   -            49.1'
balance_sheet,LandAndImprovements,2013,absent_on_face,0.0,,PASS,,,no face/notes hit
balance_sheet,LoansReceivable,2013,absent_on_face,0.0,,PASS,,,no face/notes hit
balance_sheet,LongTermCapitalLeaseObligation,2013,absent_on_face,0.0,,PASS,,,no face/notes hit
balance_sheet,LongTermDebt,2013,absent_on_face,0.0,,BUG_FACE,"Long-term debt                                           1,980.3                   -                     -          1,980.3          136.1                   -          2,116.4",,"zero-filled but concept on FACE (exact): 'Long-term debt                                           1,980.3                   -                     -          1,980.3          136.1                   -          2,116.4'"
balance_sheet,LongTermDebtAndCapitalLeaseObligation,2013,absent_on_face,0.0,,PASS,,,no face/notes hit
balance_sheet,MachineryFurnitureEquipment,2013,absent_on_face,0.0,,NOTE_ONLY,,,alias 'equipment' appears only in notes
balance_sheet,MinorityInterest,2013,mapped,75900000.0,75.9,PASS,Non-controlling interest $,2015,"label='Non-controlling interest $' x1,000,000 sheet=75.900"
balance_sheet,NetPPE,2013,mapped,5409400000.0,5409.4,PASS,"Property, plant and equipment Note",2015,"label='Property, plant and equipment Note' x1,000,000 sheet=5,409.400"
balance_sheet,NonCurrentDeferredRevenue,2013,absent_on_face,0.0,,PASS,,,no face/notes hit
balance_sheet,NonCurrentDeferredTaxesLiabilities,2013,mapped,469000000.0,469,PASS,Deferred tax liabilities Note,2015,"label='Deferred tax liabilities Note' x1,000,000 sheet=469.000"
balance_sheet,NonCurrentPensionAndOtherPostretirementBenefitPlans,2013,absent_on_face,0.0,,PASS,,,no face/notes hit
balance_sheet,NotesReceivable,2013,absent_on_face,0.0,,PASS,,,no face/notes hit
balance_sheet,OtherIntangibleAssets,2013,absent_on_face,0.0,,PASS,,,no face/notes hit
balance_sheet,OtherInventories,2013,absent_on_face,0.0,,PASS,,,no face/notes hit
balance_sheet,OtherPayable,2013,absent_on_face,0.0,,PASS,,,no face/notes hit
balance_sheet,OtherReceivables,2013,absent_on_face,0.0,,PASS,,,no face/notes hit
balance_sheet,PayablesAndAccruedExpenses,2013,mapped,421900000.0,421.9,PASS,Accounts payable and accrued liabilities Note,2015,"label='Accounts payable and accrued liabilities Note' x1,000,000 sheet=421.900"
balance_sheet,PreferredStock,2013,absent_on_face,0.0,,PASS,,,no face/notes hit
balance_sheet,RawMaterials,2013,absent_on_face,0.0,,PASS,,,no face/notes hit
balance_sheet,Receivables,2013,absent_on_face,0.0,,NOTE_ONLY,,,alias 'receivables' appears only in notes
balance_sheet,ShortTermInvestments,2013,absent_on_face,0.0,,BUG_FACE,Short-term investments                                    349.8                   -                     -           349.8                   -                     -           349.8,,zero-filled but concept on FACE (exact): 'Short-term investments                                    349.8                   -                     -           349.8                   -                     -           349.8'
balance_sheet,StockholdersEquity,2013,mapped,6014000000.0,6014,PASS,Common shareholders' equity $,2015,"label=""Common shareholders' equity $"" x1,000,000 sheet=6,014.000"
balance_sheet,TotalAssets,2013,mapped,10286700000.0,10286.7,PASS,Total assets $,2015,"label='Total assets $' x1,000,000 sheet=10,286.700"
balance_sheet,TotalLiabilities,2013,mapped,4196800000.0,4196.8,PASS,Total liabilities $,2015,"label='Total liabilities $' x1,000,000 sheet=4,196.800"
balance_sheet,TotalTaxPayable,2013,absent_on_face,0.0,,PASS,,,no face/notes hit
balance_sheet,TreasuryStock,2013,absent_on_face,0.0,,PASS,,,no face/notes hit
balance_sheet,WorkInProcess,2013,absent_on_face,0.0,,PASS,,,no face/notes hit
cash_flow,AssetImpairmentCharge,2013,absent_on_face,0.0,,PASS,,,no face/notes hit
cash_flow,BeginningCashPosition,2013,mapped,1632700000.0,1632.7,PASS,"Cash and cash equivalents, beginning of period",2015,"label='Cash and cash equivalents, beginning of period' x1,000,000 sheet=1,632.700"
cash_flow,CashDividendsPaid,2013,mapped,-91300000.0,-91.3,PASS,Dividends paid,2015,"label='Dividends paid' x1,000,000 sheet=-91.300"
cash_flow,CashFromDiscontinuedInvestingActivities,2013,absent_on_face,0.0,,PASS,,,no face/notes hit
cash_flow,CashFromDiscontinuedOperatingActivities,2013,absent_on_face,0.0,,PASS,,,no face/notes hit
cash_flow,ChangeInInventory,2013,mapped,-197500000.0,-197.5,PASS,Inventories,2015,"label='Inventories' x1,000,000 sheet=-197.500"
cash_flow,ChangeInOtherWorkingCapital,2013,absent_on_face,0.0,,PASS,,,no face/notes hit
cash_flow,ChangeInPayablesAndAccruedExpense,2013,mapped,157600000.0,157.6,PASS,Accounts payable and accrued liabilities,2015,"label='Accounts payable and accrued liabilities' x1,000,000 sheet=157.600"
cash_flow,ChangeInPrepaidAssets,2013,absent_on_face,0.0,,NOTE_ONLY,,,alias 'prepaid expenses' appears only in notes
cash_flow,ChangeInReceivables,2013,absent_on_face,0.0,,NOTE_ONLY,,,alias 'accounts receivable' appears only in notes
cash_flow,ChangesInCash,2013,mapped,-898200000.0,-898.2,PASS,Increase (decrease) in cash and cash equivalents,2015,"label='Increase (decrease) in cash and cash equivalents' x1,000,000 sheet=-898.200"
cash_flow,DepreciationAmortizationDepletion,2013,mapped,828800000.0,828.8,PASS,"Depreciation, depletion and amortization",2015,"label='Depreciation, depletion and amortization' x1,000,000 sheet=828.800"
cash_flow,EffectOfExchangeRateChanges,2013,absent_on_face,0.0,,NOTE_ONLY,,,alias 'effect of exchange rate changes' appears only in notes
cash_flow,EndCashPosition,2013,mapped,734500000.0,734.5,PASS,"Cash and cash equivalents, end of period $",2015,"label='Cash and cash equivalents, end of period $' x1,000,000 sheet=734.500"
cash_flow,IssuanceOfCapitalStock,2013,absent_on_face,0.0,,PASS,,,no face/notes hit
cash_flow,IssuanceOfDebt,2013,absent_on_face,0.0,,NOTE_ONLY,,,alias 'proceeds from debt' appears only in notes
cash_flow,NetIntangiblesPurchaseAndSale,2013,absent_on_face,0.0,,PASS,,,no face/notes hit
cash_flow,NetOtherFinancingCharges,2013,absent_on_face,0.0,,PASS,,,no face/notes hit
cash_flow,NetOtherInvestingChanges,2013,absent_on_face,0.0,,NOTE_ONLY,,,alias 'exploration and evaluation expenditures' appears only in notes
cash_flow,NetPreferredStockIssuance,2013,absent_on_face,0.0,,PASS,,,no face/notes hit
cash_flow,OtherNonCashItems,2013,absent_on_face,0.0,,PASS,,,no face/notes hit
cash_flow,PurchaseOfBusiness,2013,absent_on_face,0.0,,PASS,,,no face/notes hit
cash_flow,PurchaseOfInvestment,2013,absent_on_face,0.0,,PASS,,,no face/notes hit
cash_flow,PurchaseOfPPE,2013,mapped,-1262400000.0,-1262.4,PASS,"Additions to property, plant and equipment",2015,"label='Additions to property, plant and equipment' x1,000,000 sheet=-1,262.400"
cash_flow,RepaymentOfDebt,2013,mapped,-523299999.99999994,-523.3,PASS,Repayment of debt,2015,"label='Repayment of debt' x1,000,000 sheet=-523.300"
cash_flow,RepurchaseOfCapitalStock,2013,absent_on_face,0.0,,PASS,,,no face/notes hit
cash_flow,SaleOfInvestment,2013,absent_on_face,0.0,,PASS,,,no face/notes hit
cash_flow,SaleOfPPE,2013,absent_on_face,0.0,,PASS,,,no face/notes hit
cash_flow,StockBasedCompensation,2013,mapped,31600000.0,31.6,PASS,Share-based compensation,2015,"label='Share-based compensation' x1,000,000 sheet=31.600"
income_statement,CostOfRevenue,2013,mapped,2004400000.0,2004.4,PASS,Production cost of sales,2015,"label='Production cost of sales' x1,000,000 sheet=2,004.400"
income_statement,DepreciationAmortizationDepletion,2013,mapped,828800000.0,828.8,PASS,"Depreciation, depletion and amortization",2015,"label='Depreciation, depletion and amortization' x1,000,000 sheet=828.800"
income_statement,InterestExpenseNonOperating,2013,absent_on_face,0.0,,PASS,,,no face/notes hit
income_statement,InterestIncomeNonOperating,2013,mapped,7600000.0,7.6,PASS,Finance income,2015,"label='Finance income' x1,000,000 sheet=7.600"
income_statement,MinorityInterests,2013,mapped,-400000.0,0.4,PASS,Non-controlling interest $,2015,"label='Non-controlling interest $' x1,000,000 sheet=-0.400"
income_statement,NetIncome,2013,mapped,-3742300000.0,-3742.3,PASS,Net loss $,2015,"label='Net loss $' x1,000,000 sheet=-3,742.300"
income_statement,NetIncomeDiscontinuousOperations,2013,absent_on_face,0.0,,PASS,,,no face/notes hit
income_statement,NetNonOperatingInterestIncomeExpense,2013,absent_on_face,0.0,,PASS,,,no face/notes hit
income_statement,OperatingExpense,2013,mapped,88200000.0,88.2,PASS,Other operating expense,2015,"label='Other operating expense' x1,000,000 sheet=88.200"
income_statement,OperatingIncome,2013,mapped,-2635200000.0,-2635.2,PASS,Operating loss,2015,"label='Operating loss' x1,000,000 sheet=-2,635.200"
income_statement,OtherIncomeExpense,2013,absent_on_face,0.0,,BUG_FACE,Other income (expense)                                                              (0.9)                5.9,,zero-filled but concept on FACE (exact): 'Other income (expense)                                                              (0.9)                5.9'
income_statement,OtherOperatingExpenses,2013,absent_on_face,0.0,,BUG_FACE,Other operating expense                                               84.4              62.1,,zero-filled but concept on FACE (fuzzy): 'Other operating expense                                               84.4              62.1'
income_statement,ResearchAndDevelopment,2013,absent_on_face,0.0,,PASS,,,no face/notes hit
income_statement,SellingGeneralAndAdministration,2013,absent_on_face,0.0,,NOTE_ONLY,,,alias 'insurance' appears only in notes
balance_sheet,CashCashEquivalentsAndShortTermInvestments,2013,derived,734500000.0,,PASS,,,identities clean
balance_sheet,CurrentDebtAndCapitalLeaseObligation,2013,derived,772900000.0,,PASS,,,identities clean
balance_sheet,NonCurrentDeferredLiabilities,2013,derived,469000000.0,,PASS,,,identities clean
balance_sheet,OtherCurrentAssets,2013,derived,1671300000.0,,PASS,,,identities clean
balance_sheet,OtherCurrentLiabilities,2013,derived,114800000.0,,PASS,,,identities clean
balance_sheet,OtherNonCurrentAssets,2013,derived,2471500000.0,,PASS,,,identities clean
balance_sheet,OtherNonCurrentLiabilities,2013,derived,2418200000.0,,PASS,,,identities clean
balance_sheet,TotalEquityGrossMinorityInterest,2013,derived,6089900000.0,,PASS,,,identities clean
balance_sheet,TotalNonCurrentAssets,2013,derived,7880900000.0,,PASS,,,identities clean
balance_sheet,TotalNonCurrentLiabilities,2013,derived,2887200000.0,,PASS,,,identities clean
cash_flow,CapitalExpenditure,2013,derived,-1262400000.0,,PASS,,,identities clean
cash_flow,ChangeInWorkingCapital,2013,derived,-39900000.0,,PASS,,,identities clean
cash_flow,FreeCashFlow,2013,derived,-180400000.0,,PASS,,,identities clean
cash_flow,NetIncomeFromContinuingOperations,2013,derived,-3742300000.0,,PASS,,,identities clean
cash_flow,NetIssuancePaymentsOfDebt,2013,derived,-523299999.99999994,,PASS,,,identities clean
income_statement,EBIT,2013,derived,-3749900000.0,,PASS,,,identities clean
income_statement,EBITDA,2013,derived,-2921100000.0,,PASS,,,identities clean
income_statement,NetIncomeContinuousOperations,2013,derived,-3742300000.0,,PASS,,,identities clean
income_statement,PretaxIncome,2013,derived,-3742300000.0,,PASS,,,identities clean
income_statement,TaxProvision,2013,derived,0.0,,PASS,,,identities clean
balance_sheet,AccountsPayable,2014,absent_on_face,0.0,,NOTE_ONLY,,,alias 'accounts payable' appears only in notes
balance_sheet,AccountsReceivable,2014,absent_on_face,0.0,,NOTE_ONLY,,,alias 'accounts receivable' appears only in notes
balance_sheet,AccumulatedDepreciation,2014,absent_on_face,0.0,,NOTE_ONLY,,,alias 'accumulated depreciation' appears only in notes
balance_sheet,AdditionalPaidInCapital,2014,absent_on_face,0.0,,BUG_FACE,Contributed surplus                                                                   84.5               89.9               81.4,,zero-filled but concept on FACE (exact): 'Contributed surplus                                                                   84.5               89.9               81.4'
balance_sheet,BuildingsAndImprovements,2014,absent_on_face,0.0,,PASS,,,no face/notes hit
balance_sheet,CashAndCashEquivalents,2014,mapped,983500000.0,983.5,PASS,Cash and cash equivalents $,2017,"label='Cash and cash equivalents $' x1,000,000 sheet=983.500"
balance_sheet,CommonStock,2014,absent_on_face,0.0,,NOTE_ONLY,,,alias 'common shares' appears only in notes
balance_sheet,ConstructionInProgress,2014,absent_on_face,0.0,,PASS,,,no face/notes hit
balance_sheet,CurrentAccruedExpenses,2014,absent_on_face,0.0,,NOTE_ONLY,,,alias 'accrued liabilities' appears only in notes
balance_sheet,CurrentAssets,2014,mapped,2587100000.0,2587.1,PASS,Current assets $,2017,"label='Current assets $' x1,000,000 sheet=2,587.100"
balance_sheet,CurrentCapitalLeaseObligation,2014,absent_on_face,0.0,,PASS,,,no face/notes hit
balance_sheet,CurrentDebt,2014,mapped,853900000.0,604.4+249.5,PASS,"Current liabilities, including current portion of long-term debt $",2017,"label='Current liabilities, including current portion of long-term debt $' x1,000,000 sheet=853.900"
balance_sheet,CurrentDeferredLiabilities,2014,absent_on_face,0.0,,PASS,,,no face/notes hit
balance_sheet,CurrentDeferredRevenue,2014,absent_on_face,0.0,,PASS,,,no face/notes hit
balance_sheet,CurrentDeferredTaxesLiabilities,2014,absent_on_face,0.0,,PASS,,,no face/notes hit
balance_sheet,FinishedGoods,2014,absent_on_face,0.0,,PASS,,,no face/notes hit
balance_sheet,GainsLossesNotAffectingRetainedEarnings,2014,mapped,-31300000.0,-31.3,PASS,Accumulated other comprehensive income (loss) Note,2017,"label='Accumulated other comprehensive income (loss) Note' x1,000,000 sheet=-31.300"
balance_sheet,Goodwill,2014,absent_on_face,0.0,,NOTE_ONLY,,,alias 'goodwill' appears only in notes
balance_sheet,GrossPPE,2014,absent_on_face,0.0,,PASS,,,no face/notes hit
balance_sheet,InventoriesAdjustmentsAllowances,2014,absent_on_face,0.0,,PASS,,,no face/notes hit
balance_sheet,Inventory,2014,absent_on_face,0.0,,NOTE_ONLY,,,alias 'inventory' appears only in notes
balance_sheet,InvestmentsAndAdvances,2014,absent_on_face,0.0,,NOTE_ONLY,,,alias 'investments' appears only in notes
balance_sheet,LandAndImprovements,2014,absent_on_face,0.0,,PASS,,,no face/notes hit
balance_sheet,LoansReceivable,2014,absent_on_face,0.0,,PASS,,,no face/notes hit
balance_sheet,LongTermCapitalLeaseObligation,2014,absent_on_face,0.0,,PASS,,,no face/notes hit
balance_sheet,LongTermDebt,2014,absent_on_face,0.0,,NOTE_ONLY,,,alias 'long term debt' appears only in notes
balance_sheet,LongTermDebtAndCapitalLeaseObligation,2014,absent_on_face,0.0,,PASS,,,no face/notes hit
balance_sheet,MachineryFurnitureEquipment,2014,absent_on_face,0.0,,NOTE_ONLY,,,alias 'equipment' appears only in notes
balance_sheet,MinorityInterest,2014,mapped,48800000.0,48.8,PASS,Non-controlling interest $,2017,"label='Non-controlling interest $' x1,000,000 sheet=48.800"
balance_sheet,NetPPE,2014,mapped,4593700000.0,4593.7,PASS,"Property, plant and equipment Note",2017,"label='Property, plant and equipment Note' x1,000,000 sheet=4,593.700"
balance_sheet,NonCurrentDeferredRevenue,2014,absent_on_face,0.0,,PASS,,,no face/notes hit
balance_sheet,NonCurrentDeferredTaxesLiabilities,2014,mapped,499000000.0,499,PASS,Deferred tax liabilities Note,2017,"label='Deferred tax liabilities Note' x1,000,000 sheet=499.000"
balance_sheet,NonCurrentPensionAndOtherPostretirementBenefitPlans,2014,absent_on_face,0.0,,PASS,,,no face/notes hit
balance_sheet,NotesReceivable,2014,absent_on_face,0.0,,PASS,,,no face/notes hit
balance_sheet,OtherCurrentLiabilities,2014,absent_on_face,0.0,,PASS,,,no face/notes hit
balance_sheet,OtherIntangibleAssets,2014,absent_on_face,0.0,,PASS,,,no face/notes hit
balance_sheet,OtherInventories,2014,absent_on_face,0.0,,PASS,,,no face/notes hit
balance_sheet,OtherNonCurrentLiabilities,2014,absent_on_face,0.0,,PASS,,,no face/notes hit
balance_sheet,OtherPayable,2014,absent_on_face,0.0,,PASS,,,no face/notes hit
balance_sheet,OtherReceivables,2014,absent_on_face,0.0,,PASS,,,no face/notes hit
balance_sheet,PayablesAndAccruedExpenses,2014,mapped,379600000.0,379.6,PASS,Accounts payable and accrued liabilities Note,2017,"label='Accounts payable and accrued liabilities Note' x1,000,000 sheet=379.600"
balance_sheet,PreferredStock,2014,absent_on_face,0.0,,PASS,,,no face/notes hit
balance_sheet,RawMaterials,2014,absent_on_face,0.0,,PASS,,,no face/notes hit
balance_sheet,Receivables,2014,absent_on_face,0.0,,NOTE_ONLY,,,alias 'receivables' appears only in notes
balance_sheet,ShortTermInvestments,2014,absent_on_face,0.0,,NOTE_ONLY,,,alias 'short term investments' appears only in notes
balance_sheet,StockholdersEquity,2014,mapped,4843000000.0,4843,PASS,Common shareholders' equity $,2017,"label=""Common shareholders' equity $"" x1,000,000 sheet=4,843.000"
balance_sheet,TotalAssets,2014,mapped,8951400000.0,8951.4,PASS,Total assets $,2017,"label='Total assets $' x1,000,000 sheet=8,951.400"
balance_sheet,TotalLiabilities,2014,mapped,4059600000.0,4059.6,PASS,Total liabilities $,2017,"label='Total liabilities $' x1,000,000 sheet=4,059.600"
balance_sheet,TotalTaxPayable,2014,absent_on_face,0.0,,PASS,,,no face/notes hit
balance_sheet,TreasuryStock,2014,absent_on_face,0.0,,PASS,,,no face/notes hit
balance_sheet,WorkInProcess,2014,absent_on_face,0.0,,PASS,,,no face/notes hit
cash_flow,AssetImpairmentCharge,2014,absent_on_face,0.0,,PASS,,,no face/notes hit
cash_flow,BeginningCashPosition,2014,mapped,734500000.0,734.5,PASS,"Cash and cash equivalents, beginning of period",2015,"label='Cash and cash equivalents, beginning of period' x1,000,000 sheet=734.500"
cash_flow,CashDividendsPaid,2014,absent_on_face,0.0,,BUG_FACE,Dividends paid                                                                                     (91.3)            (182.3),,zero-filled but concept on FACE (exact): 'Dividends paid                                                                                     (91.3)            (182.3)'
cash_flow,CashFromDiscontinuedInvestingActivities,2014,absent_on_face,0.0,,PASS,,,no face/notes hit
cash_flow,CashFromDiscontinuedOperatingActivities,2014,absent_on_face,0.0,,PASS,,,no face/notes hit
cash_flow,ChangeInInventory,2014,mapped,-59400000.0,-59.4,PASS,Inventories,2015,"label='Inventories' x1,000,000 sheet=-59.400"
cash_flow,ChangeInOtherWorkingCapital,2014,absent_on_face,0.0,,PASS,,,no face/notes hit
cash_flow,ChangeInPayablesAndAccruedExpense,2014,mapped,99000000.0,99,PASS,Accounts payable and accrued liabilities,2015,"label='Accounts payable and accrued liabilities' x1,000,000 sheet=99.000"
cash_flow,ChangeInPrepaidAssets,2014,absent_on_face,0.0,,NOTE_ONLY,,,alias 'prepaid expenses' appears only in notes
cash_flow,ChangeInReceivables,2014,absent_on_face,0.0,,NOTE_ONLY,,,alias 'accounts receivable' appears only in notes
cash_flow,ChangesInCash,2014,mapped,249000000.0,249,PASS,Increase (decrease) in cash and cash equivalents,2015,"label='Increase (decrease) in cash and cash equivalents' x1,000,000 sheet=249.000"
cash_flow,DepreciationAmortizationDepletion,2014,mapped,874700000.0,874.7,PASS,"Depreciation, depletion and amortization",2015,"label='Depreciation, depletion and amortization' x1,000,000 sheet=874.700"
cash_flow,EffectOfExchangeRateChanges,2014,absent_on_face,0.0,,NOTE_ONLY,,,alias 'effect of exchange rate changes' appears only in notes
cash_flow,EndCashPosition,2014,mapped,983500000.0,983.5,PASS,"Cash and cash equivalents, end of period $",2015,"label='Cash and cash equivalents, end of period $' x1,000,000 sheet=983.500"
cash_flow,IssuanceOfCapitalStock,2014,absent_on_face,0.0,,PASS,,,no face/notes hit
cash_flow,IssuanceOfDebt,2014,mapped,913000000.0,913,PASS,Proceeds from issuance of debt,2015,"label='Proceeds from issuance of debt' x1,000,000 sheet=913.000"
cash_flow,NetIntangiblesPurchaseAndSale,2014,absent_on_face,0.0,,PASS,,,no face/notes hit
cash_flow,NetOtherFinancingCharges,2014,absent_on_face,0.0,,PASS,,,no face/notes hit
cash_flow,NetOtherInvestingChanges,2014,absent_on_face,0.0,,NOTE_ONLY,,,alias 'exploration and evaluation assets' appears only in notes
cash_flow,NetPreferredStockIssuance,2014,absent_on_face,0.0,,PASS,,,no face/notes hit
cash_flow,OtherNonCashItems,2014,absent_on_face,0.0,,PASS,,,no face/notes hit
cash_flow,PurchaseOfBusiness,2014,absent_on_face,0.0,,PASS,,,no face/notes hit
cash_flow,PurchaseOfInvestment,2014,absent_on_face,0.0,,PASS,,,no face/notes hit
cash_flow,PurchaseOfPPE,2014,mapped,-631800000.0,-631.8,PASS,"Additions to property, plant and equipment",2015,"label='Additions to property, plant and equipment' x1,000,000 sheet=-631.800"
cash_flow,RepaymentOfDebt,2014,mapped,-980100000.0,-980.1,PASS,Repayment of debt,2015,"label='Repayment of debt' x1,000,000 sheet=-980.100"
cash_flow,RepurchaseOfCapitalStock,2014,absent_on_face,0.0,,PASS,,,no face/notes hit
cash_flow,SaleOfInvestment,2014,absent_on_face,0.0,,PASS,,,no face/notes hit
cash_flow,SaleOfPPE,2014,absent_on_face,0.0,,PASS,,,no face/notes hit
cash_flow,StockBasedCompensation,2014,mapped,25100000.0,25.1,PASS,Share-based compensation,2015,"label='Share-based compensation' x1,000,000 sheet=25.100"
income_statement,CostOfRevenue,2014,mapped,1971200000.0,1971.2,PASS,Production cost of sales,2015,"label='Production cost of sales' x1,000,000 sheet=1,971.200"
income_statement,DepreciationAmortizationDepletion,2014,mapped,874700000.0,874.7,PASS,"Depreciation, depletion and amortization",2015,"label='Depreciation, depletion and amortization' x1,000,000 sheet=874.700"
income_statement,InterestExpenseNonOperating,2014,absent_on_face,0.0,,PASS,,,no face/notes hit
income_statement,InterestIncomeNonOperating,2014,mapped,11200000.0,11.2,PASS,Finance income,2015,"label='Finance income' x1,000,000 sheet=11.200"
income_statement,MinorityInterests,2014,mapped,27100000.0,-27.1,PASS,Non-controlling interest $,2015,"label='Non-controlling interest $' x1,000,000 sheet=27.100"
income_statement,NetIncome,2014,mapped,-1193600000.0,-1193.6,PASS,Net loss $,2015,"label='Net loss $' x1,000,000 sheet=-1,193.600"
income_statement,NetIncomeDiscontinuousOperations,2014,absent_on_face,0.0,,PASS,,,no face/notes hit
income_statement,NetNonOperatingInterestIncomeExpense,2014,absent_on_face,0.0,,PASS,,,no face/notes hit
income_statement,OperatingExpense,2014,mapped,111800000.0,111.8,PASS,Other operating expense,2015,"label='Other operating expense' x1,000,000 sheet=111.800"
income_statement,OperatingIncome,2014,mapped,-1027200000.0,-1027.2,PASS,Operating loss,2015,"label='Operating loss' x1,000,000 sheet=-1,027.200"
income_statement,OtherIncomeExpense,2014,absent_on_face,0.0,,NOTE_ONLY,,,alias 'foreign exchange loss' appears only in notes
income_statement,OtherOperatingExpenses,2014,absent_on_face,0.0,,BUG_FACE,Other operating expense                                                 88.2              82.6,,zero-filled but concept on FACE (fuzzy): 'Other operating expense                                                 88.2              82.6'
income_statement,ResearchAndDevelopment,2014,absent_on_face,0.0,,PASS,,,no face/notes hit
income_statement,SellingGeneralAndAdministration,2014,absent_on_face,0.0,,NOTE_ONLY,,,alias 'insurance' appears only in notes
balance_sheet,CashCashEquivalentsAndShortTermInvestments,2014,derived,983500000.0,,PASS,,,identities clean
balance_sheet,CurrentDebtAndCapitalLeaseObligation,2014,derived,853900000.0,,PASS,,,identities clean
balance_sheet,NonCurrentDeferredLiabilities,2014,derived,499000000.0,,PASS,,,identities clean
balance_sheet,OtherCurrentAssets,2014,derived,1603600000.0,,PASS,,,identities clean
balance_sheet,OtherNonCurrentAssets,2014,derived,1770600000.0,,PASS,,,identities clean
balance_sheet,TotalEquityGrossMinorityInterest,2014,derived,4891800000.0,,PASS,,,identities clean
balance_sheet,TotalNonCurrentAssets,2014,derived,6364300000.0,,PASS,,,identities clean
cash_flow,CapitalExpenditure,2014,derived,-631800000.0,,PASS,,,identities clean
cash_flow,ChangeInWorkingCapital,2014,derived,39600000.0,,PASS,,,identities clean
cash_flow,FreeCashFlow,2014,derived,411600000.0000001,,PASS,,,identities clean
cash_flow,NetIncomeFromContinuingOperations,2014,derived,-1193600000.0,,PASS,,,identities clean
cash_flow,NetIssuancePaymentsOfDebt,2014,derived,-67100000.0,,PASS,,,identities clean
income_statement,EBIT,2014,derived,-1204800000.0,,PASS,,,identities clean
income_statement,EBITDA,2014,derived,-330100000.0,,PASS,,,identities clean
income_statement,NetIncomeContinuousOperations,2014,derived,-1193600000.0,,PASS,,,identities clean
income_statement,PretaxIncome,2014,derived,-1193600000.0,,PASS,,,identities clean
income_statement,TaxProvision,2014,derived,0.0,,PASS,,,identities clean
balance_sheet,AccountsPayable,2015,absent_on_face,0.0,,NOTE_ONLY,,,alias 'accounts payable' appears only in notes
balance_sheet,AccountsReceivable,2015,absent_on_face,0.0,,NOTE_ONLY,,,alias 'accounts receivable' appears only in notes
balance_sheet,AccumulatedDepreciation,2015,absent_on_face,0.0,,NOTE_ONLY,,,alias 'accumulated depreciation' appears only in notes
balance_sheet,AdditionalPaidInCapital,2015,absent_on_face,0.0,,BUG_FACE,Contributed surplus                                                                239.0               84.5,,zero-filled but concept on FACE (exact): 'Contributed surplus                                                                239.0               84.5'
balance_sheet,BuildingsAndImprovements,2015,absent_on_face,0.0,,PASS,,,no face/notes hit
balance_sheet,CashAndCashEquivalents,2015,mapped,1043900000.0000001,1043.9,PASS,Cash and cash equivalents $,2018,"label='Cash and cash equivalents $' x1,000,000 sheet=1,043.900"
balance_sheet,CommonStock,2015,absent_on_face,0.0,,NOTE_ONLY,,,alias 'common shares' appears only in notes
balance_sheet,ConstructionInProgress,2015,absent_on_face,0.0,,PASS,,,no face/notes hit
balance_sheet,CurrentAccruedExpenses,2015,absent_on_face,0.0,,NOTE_ONLY,,,alias 'accrued liabilities' appears only in notes
balance_sheet,CurrentAssets,2015,mapped,2292100000.0,2292.1,PASS,Current assets $,2018,"label='Current assets $' x1,000,000 sheet=2,292.100"
balance_sheet,CurrentCapitalLeaseObligation,2015,absent_on_face,0.0,,PASS,,,no face/notes hit
balance_sheet,CurrentDebt,2015,mapped,701800000.0,701.8,PASS,"Current liabilities, including current portion of long-­‐term debt $",2018,"label='Current liabilities, including current portion of long-\xad‐term debt $' x1,000,000 sheet=701.800"
balance_sheet,CurrentDeferredLiabilities,2015,absent_on_face,0.0,,PASS,,,no face/notes hit
balance_sheet,CurrentDeferredRevenue,2015,absent_on_face,0.0,,PASS,,,no face/notes hit
balance_sheet,CurrentDeferredTaxesLiabilities,2015,absent_on_face,0.0,,PASS,,,no face/notes hit
balance_sheet,FinishedGoods,2015,absent_on_face,0.0,,PASS,,,no face/notes hit
balance_sheet,GainsLossesNotAffectingRetainedEarnings,2015,mapped,39100000.0,39.1,PASS,Accumulated other comprehensive income Note,2018,"label='Accumulated other comprehensive income Note' x1,000,000 sheet=39.100"
balance_sheet,Goodwill,2015,absent_on_face,0.0,,NOTE_ONLY,,,alias 'goodwill' appears only in notes
balance_sheet,GrossPPE,2015,absent_on_face,0.0,,PASS,,,no face/notes hit
balance_sheet,InventoriesAdjustmentsAllowances,2015,absent_on_face,0.0,,PASS,,,no face/notes hit
balance_sheet,Inventory,2015,absent_on_face,0.0,,NOTE_ONLY,,,alias 'inventory' appears only in notes
balance_sheet,InvestmentsAndAdvances,2015,absent_on_face,0.0,,NOTE_ONLY,,,alias 'investments' appears only in notes
balance_sheet,LandAndImprovements,2015,absent_on_face,0.0,,PASS,,,no face/notes hit
balance_sheet,LoansReceivable,2015,absent_on_face,0.0,,PASS,,,no face/notes hit
balance_sheet,LongTermCapitalLeaseObligation,2015,absent_on_face,0.0,,PASS,,,no face/notes hit
balance_sheet,LongTermDebt,2015,absent_on_face,0.0,,NOTE_ONLY,,,alias 'long term debt' appears only in notes
balance_sheet,LongTermDebtAndCapitalLeaseObligation,2015,absent_on_face,0.0,,PASS,,,no face/notes hit
balance_sheet,MachineryFurnitureEquipment,2015,absent_on_face,0.0,,NOTE_ONLY,,,alias 'equipment' appears only in notes
balance_sheet,MinorityInterest,2015,mapped,43900000.0,43.9,PASS,Non-­‐controlling interest $,2018,"label='Non-\xad‐controlling interest $' x1,000,000 sheet=43.900"
balance_sheet,NetPPE,2015,mapped,4917600000.0,4917.6,PASS,"Property, plant and equipment Note",2018,"label='Property, plant and equipment Note' x1,000,000 sheet=4,917.600"
balance_sheet,NonCurrentDeferredRevenue,2015,absent_on_face,0.0,,PASS,,,no face/notes hit
balance_sheet,NonCurrentDeferredTaxesLiabilities,2015,mapped,390700000.0,390.7,PASS,Deferred tax liabilities Note,2018,"label='Deferred tax liabilities Note' x1,000,000 sheet=390.700"
balance_sheet,NonCurrentPensionAndOtherPostretirementBenefitPlans,2015,absent_on_face,0.0,,PASS,,,no face/notes hit
balance_sheet,NotesReceivable,2015,absent_on_face,0.0,,PASS,,,no face/notes hit
balance_sheet,OtherCurrentLiabilities,2015,absent_on_face,0.0,,PASS,,,no face/notes hit
balance_sheet,OtherIntangibleAssets,2015,absent_on_face,0.0,,PASS,,,no face/notes hit
balance_sheet,OtherInventories,2015,absent_on_face,0.0,,PASS,,,no face/notes hit
balance_sheet,OtherNonCurrentLiabilities,2015,absent_on_face,0.0,,PASS,,,no face/notes hit
balance_sheet,OtherPayable,2015,absent_on_face,0.0,,PASS,,,no face/notes hit
balance_sheet,OtherReceivables,2015,absent_on_face,0.0,,PASS,,,no face/notes hit
balance_sheet,PayablesAndAccruedExpenses,2015,mapped,464800000.0,464.8,PASS,Accounts payable and accrued liabilities Note,2018,"label='Accounts payable and accrued liabilities Note' x1,000,000 sheet=464.800"
balance_sheet,PreferredStock,2015,absent_on_face,0.0,,PASS,,,no face/notes hit
balance_sheet,RawMaterials,2015,absent_on_face,0.0,,PASS,,,no face/notes hit
balance_sheet,Receivables,2015,absent_on_face,0.0,,NOTE_ONLY,,,alias 'receivables' appears only in notes
balance_sheet,ShortTermInvestments,2015,absent_on_face,0.0,,NOTE_ONLY,,,alias 'short term investments' appears only in notes
balance_sheet,StockholdersEquity,2015,mapped,3889300000.0,3889.3,PASS,Common shareholders' equity $,2018,"label=""Common shareholders' equity $"" x1,000,000 sheet=3,889.300"
balance_sheet,TotalAssets,2015,mapped,7735400000.0,7735.4,PASS,Total assets $,2018,"label='Total assets $' x1,000,000 sheet=7,735.400"
balance_sheet,TotalLiabilities,2015,mapped,3802200000.0,3802.2,PASS,Total liabilities $,2018,"label='Total liabilities $' x1,000,000 sheet=3,802.200"
balance_sheet,TotalTaxPayable,2015,absent_on_face,0.0,,PASS,,,no face/notes hit
balance_sheet,TreasuryStock,2015,absent_on_face,0.0,,PASS,,,no face/notes hit
balance_sheet,WorkInProcess,2015,absent_on_face,0.0,,PASS,,,no face/notes hit
cash_flow,AssetImpairmentCharge,2015,absent_on_face,0.0,,PASS,,,no face/notes hit
cash_flow,BeginningCashPosition,2015,mapped,983500000.0,983.5,PASS,"Cash and cash equivalents, beginning of period",2017,"label='Cash and cash equivalents, beginning of period' x1,000,000 sheet=983.500"
cash_flow,CashDividendsPaid,2015,absent_on_face,0.0,,BUG_FACE,Dividends paid                                                                                                                        -                (91.3),,zero-filled but concept on FACE (exact): 'Dividends paid                                                                                                                        -                (91.3)'
cash_flow,CashFromDiscontinuedInvestingActivities,2015,absent_on_face,0.0,,PASS,,,no face/notes hit
cash_flow,CashFromDiscontinuedOperatingActivities,2015,absent_on_face,0.0,,PASS,,,no face/notes hit
cash_flow,ChangeInInventory,2015,mapped,63500000.0,63.5,PASS,Inventories,2017,"label='Inventories' x1,000,000 sheet=63.500"
cash_flow,ChangeInOtherWorkingCapital,2015,absent_on_face,0.0,,PASS,,,no face/notes hit
cash_flow,ChangeInPayablesAndAccruedExpense,2015,mapped,27900000.0,27.9,PASS,Accounts payable and accrued liabilities,2017,"label='Accounts payable and accrued liabilities' x1,000,000 sheet=27.900"
cash_flow,ChangeInPrepaidAssets,2015,absent_on_face,0.0,,NOTE_ONLY,,,alias 'prepaid expenses' appears only in notes
cash_flow,ChangeInReceivables,2015,absent_on_face,0.0,,NOTE_ONLY,,,alias 'accounts receivable' appears only in notes
cash_flow,ChangesInCash,2015,mapped,60400000.0,60.4,PASS,Increase (decrease) in cash and cash equivalents,2017,"label='Increase (decrease) in cash and cash equivalents' x1,000,000 sheet=60.400"
cash_flow,DepreciationAmortizationDepletion,2015,mapped,897700000.0,897.7,PASS,"Depreciation, depletion and amortization",2017,"label='Depreciation, depletion and amortization' x1,000,000 sheet=897.700"
cash_flow,EffectOfExchangeRateChanges,2015,absent_on_face,0.0,,NOTE_ONLY,,,alias 'effect of exchange rate changes' appears only in notes
cash_flow,EndCashPosition,2015,mapped,1043900000.0000001,1043.9,PASS,"Cash and cash equivalents, end of period $",2017,"label='Cash and cash equivalents, end of period $' x1,000,000 sheet=1,043.900"
cash_flow,FinancingCashFlow,2015,mapped,-131699999.99999999,-131.7,PASS,Net cash flow used in financing activities,2017,"label='Net cash flow used in financing activities' x1,000,000 sheet=-131.700"
cash_flow,IssuanceOfCapitalStock,2015,absent_on_face,0.0,,PASS,,,no face/notes hit
cash_flow,IssuanceOfDebt,2015,mapped,22500000.0,22.5,PASS,Proceeds from issuance of debt,2017,"label='Proceeds from issuance of debt' x1,000,000 sheet=22.500"
cash_flow,NetIncomeFromContinuingOperations,2015,mapped,-989400000.0,-989.4,PASS,Net loss $,2017,"label='Net loss $' x1,000,000 sheet=-989.400"
cash_flow,NetIntangiblesPurchaseAndSale,2015,absent_on_face,0.0,,PASS,,,no face/notes hit
cash_flow,NetOtherFinancingCharges,2015,absent_on_face,0.0,,PASS,,,no face/notes hit
cash_flow,NetOtherInvestingChanges,2015,absent_on_face,0.0,,PASS,,,no face/notes hit
cash_flow,NetPreferredStockIssuance,2015,absent_on_face,0.0,,PASS,,,no face/notes hit
cash_flow,OtherNonCashItems,2015,absent_on_face,0.0,,PASS,,,no face/notes hit
cash_flow,PurchaseOfBusiness,2015,absent_on_face,0.0,,PASS,,,no face/notes hit
cash_flow,PurchaseOfInvestment,2015,absent_on_face,0.0,,PASS,,,no face/notes hit
cash_flow,PurchaseOfPPE,2015,mapped,-610000000.0,-610,PASS,"Additions to property, plant and equipment",2017,"label='Additions to property, plant and equipment' x1,000,000 sheet=-610.000"
cash_flow,RepaymentOfDebt,2015,mapped,-102500000.0,-102.5,PASS,Repayment of debt,2017,"label='Repayment of debt' x1,000,000 sheet=-102.500"
cash_flow,RepurchaseOfCapitalStock,2015,absent_on_face,0.0,,PASS,,,no face/notes hit
cash_flow,SaleOfInvestment,2015,absent_on_face,0.0,,PASS,,,no face/notes hit
cash_flow,SaleOfPPE,2015,absent_on_face,0.0,,PASS,,,no face/notes hit
cash_flow,StockBasedCompensation,2015,mapped,17100000.0,17.1,PASS,Share-based compensation,2017,"label='Share-based compensation' x1,000,000 sheet=17.100"
income_statement,CostOfRevenue,2015,mapped,1834800000.0,1834.8,PASS,Production cost of sales,2017,"label='Production cost of sales' x1,000,000 sheet=1,834.800"
income_statement,DepreciationAmortizationDepletion,2015,mapped,897700000.0,897.7,PASS,"Depreciation, depletion and amortization",2017,"label='Depreciation, depletion and amortization' x1,000,000 sheet=897.700"
income_statement,GrossProfit,2015,mapped,-379300000.0,-379.3,PASS,Gross profit (loss),2017,"label='Gross profit (loss)' x1,000,000 sheet=-379.300"
income_statement,InterestExpenseNonOperating,2015,absent_on_face,0.0,,PASS,,,no face/notes hit
income_statement,InterestIncomeNonOperating,2015,mapped,8300000.000000001,8.3,PASS,Finance income,2017,"label='Finance income' x1,000,000 sheet=8.300"
income_statement,MinorityInterests,2015,mapped,4900000.0,-4.9,PASS,Non-controlling interest $,2017,"label='Non-controlling interest $' x1,000,000 sheet=4.900"
income_statement,NetIncome,2015,mapped,-989400000.0,-989.4,PASS,Net loss $,2017,"label='Net loss $' x1,000,000 sheet=-989.400"
income_statement,NetIncomeDiscontinuousOperations,2015,absent_on_face,0.0,,PASS,,,no face/notes hit
income_statement,NetNonOperatingInterestIncomeExpense,2015,absent_on_face,0.0,,PASS,,,no face/notes hit
income_statement,OtherIncomeExpense,2015,absent_on_face,0.0,,NOTE_ONLY,,,alias 'foreign exchange loss' appears only in notes
income_statement,OtherOperatingExpenses,2015,absent_on_face,0.0,,BUG_FACE,Other operating expense                                                   111.8               88.2,,zero-filled but concept on FACE (fuzzy): 'Other operating expense                                                   111.8               88.2'
income_statement,ResearchAndDevelopment,2015,absent_on_face,0.0,,PASS,,,no face/notes hit
income_statement,SellingGeneralAndAdministration,2015,absent_on_face,0.0,,NOTE_ONLY,,,alias 'insurance' appears only in notes
balance_sheet,CashCashEquivalentsAndShortTermInvestments,2015,derived,1043900000.0000001,,PASS,,,identities clean
balance_sheet,CurrentDebtAndCapitalLeaseObligation,2015,derived,701800000.0,,PASS,,,identities clean
balance_sheet,NonCurrentDeferredLiabilities,2015,derived,390700000.0,,PASS,,,identities clean
balance_sheet,OtherCurrentAssets,2015,derived,1248200000.0,,PASS,,,identities clean
balance_sheet,OtherNonCurrentAssets,2015,derived,525700000.0,,PASS,,,identities clean
balance_sheet,TotalEquityGrossMinorityInterest,2015,derived,3933200000.0,,PASS,,,identities clean
balance_sheet,TotalNonCurrentAssets,2015,derived,5443300000.0,,PASS,,,identities clean
cash_flow,CapitalExpenditure,2015,derived,-610000000.0,,PASS,,,identities clean
cash_flow,ChangeInWorkingCapital,2015,derived,91400000.0,,PASS,,,identities clean
cash_flow,FreeCashFlow,2015,derived,359000000.0,,PASS,,,identities clean
cash_flow,InvestingCashFlow,2015,derived,-776900000.0,,PASS,,,identities clean
cash_flow,NetIssuancePaymentsOfDebt,2015,derived,-80000000.0,,PASS,,,identities clean
income_statement,EBIT,2015,derived,-997700000.0,,PASS,,,identities clean
income_statement,EBITDA,2015,derived,-100000000.0,,PASS,,,identities clean
income_statement,NetIncomeContinuousOperations,2015,derived,-989400000.0,,PASS,,,identities clean
income_statement,OperatingExpense,2015,derived,0.0,,PASS,,,identities clean
income_statement,OperatingIncome,2015,derived,-379300000.0,,PASS,,,identities clean
income_statement,PretaxIncome,2015,derived,-989400000.0,,PASS,,,identities clean
income_statement,TaxProvision,2015,derived,0.0,,PASS,,,identities clean
income_statement,TotalRevenue,2015,derived,1455500000.0,,PASS,,,identities clean
balance_sheet,AccountsPayable,2016,absent_on_face,0.0,,PASS,,,no face/notes hit
balance_sheet,AccountsReceivable,2016,absent_on_face,0.0,,PASS,,,no face/notes hit
balance_sheet,AccumulatedDepreciation,2016,absent_on_face,0.0,,PASS,,,no face/notes hit
balance_sheet,AdditionalPaidInCapital,2016,absent_on_face,0.0,,NOTE_ONLY,,,alias 'reserves' appears only in notes
balance_sheet,BuildingsAndImprovements,2016,absent_on_face,0.0,,PASS,,,no face/notes hit
balance_sheet,CashAndCashEquivalents,2016,mapped,827000000.0,827,PASS,Cash and cash equivalents $,2018,"label='Cash and cash equivalents $' x1,000,000 sheet=827.000"
balance_sheet,CommonStock,2016,absent_on_face,0.0,,NOTE_ONLY,,,alias 'common shares' appears only in notes
balance_sheet,ConstructionInProgress,2016,absent_on_face,0.0,,PASS,,,no face/notes hit
balance_sheet,CurrentAccruedExpenses,2016,absent_on_face,0.0,,PASS,,,no face/notes hit
balance_sheet,CurrentAssets,2016,mapped,2080699999.9999998,2080.7,PASS,Current assets $,2018,"label='Current assets $' x1,000,000 sheet=2,080.700"
balance_sheet,CurrentCapitalLeaseObligation,2016,absent_on_face,0.0,,PASS,,,no face/notes hit
balance_sheet,CurrentDebt,2016,mapped,637700000.0,637.7,PASS,"Current liabilities, including current portion of long-­‐term debt $",2018,"label='Current liabilities, including current portion of long-\xad‐term debt $' x1,000,000 sheet=637.700"
balance_sheet,CurrentDeferredLiabilities,2016,absent_on_face,0.0,,PASS,,,no face/notes hit
balance_sheet,CurrentDeferredRevenue,2016,absent_on_face,0.0,,PASS,,,no face/notes hit
balance_sheet,CurrentDeferredTaxesLiabilities,2016,absent_on_face,0.0,,PASS,,,no face/notes hit
balance_sheet,FinishedGoods,2016,absent_on_face,0.0,,PASS,,,no face/notes hit
balance_sheet,GainsLossesNotAffectingRetainedEarnings,2016,mapped,21100000.0,21.1,PASS,Accumulated other comprehensive income Note,2018,"label='Accumulated other comprehensive income Note' x1,000,000 sheet=21.100"
balance_sheet,Goodwill,2016,absent_on_face,0.0,,NOTE_ONLY,,,alias 'goodwill' appears only in notes
balance_sheet,GrossPPE,2016,absent_on_face,0.0,,PASS,,,no face/notes hit
balance_sheet,InventoriesAdjustmentsAllowances,2016,absent_on_face,0.0,,PASS,,,no face/notes hit
balance_sheet,Inventory,2016,absent_on_face,0.0,,NOTE_ONLY,,,alias 'inventory' appears only in notes
balance_sheet,InvestmentsAndAdvances,2016,absent_on_face,0.0,,NOTE_ONLY,,,alias 'investments' appears only in notes
balance_sheet,LandAndImprovements,2016,absent_on_face,0.0,,PASS,,,no face/notes hit
balance_sheet,LoansReceivable,2016,absent_on_face,0.0,,PASS,,,no face/notes hit
balance_sheet,LongTermCapitalLeaseObligation,2016,absent_on_face,0.0,,PASS,,,no face/notes hit
balance_sheet,LongTermDebt,2016,absent_on_face,0.0,,NOTE_ONLY,,,alias 'long term debt' appears only in notes
balance_sheet,LongTermDebtAndCapitalLeaseObligation,2016,absent_on_face,0.0,,PASS,,,no face/notes hit
balance_sheet,MachineryFurnitureEquipment,2016,absent_on_face,0.0,,NOTE_ONLY,,,alias 'equipment' appears only in notes
balance_sheet,MinorityInterest,2016,mapped,38800000.0,38.8,PASS,Non-­‐controlling interest $,2018,"label='Non-\xad‐controlling interest $' x1,000,000 sheet=38.800"
balance_sheet,NetPPE,2016,mapped,4887200000.0,4887.2,PASS,"Property, plant and equipment Note",2018,"label='Property, plant and equipment Note' x1,000,000 sheet=4,887.200"
balance_sheet,NonCurrentDeferredRevenue,2016,absent_on_face,0.0,,PASS,,,no face/notes hit
balance_sheet,NonCurrentDeferredTaxesLiabilities,2016,mapped,255600000.0,255.6,PASS,Deferred tax liabilities Note,2018,"label='Deferred tax liabilities Note' x1,000,000 sheet=255.600"
balance_sheet,NonCurrentPensionAndOtherPostretirementBenefitPlans,2016,absent_on_face,0.0,,PASS,,,no face/notes hit
balance_sheet,NotesReceivable,2016,absent_on_face,0.0,,PASS,,,no face/notes hit
balance_sheet,OtherCurrentLiabilities,2016,absent_on_face,0.0,,PASS,,,no face/notes hit
balance_sheet,OtherIntangibleAssets,2016,absent_on_face,0.0,,PASS,,,no face/notes hit
balance_sheet,OtherInventories,2016,absent_on_face,0.0,,PASS,,,no face/notes hit
balance_sheet,OtherNonCurrentLiabilities,2016,absent_on_face,0.0,,PASS,,,no face/notes hit
balance_sheet,OtherPayable,2016,absent_on_face,0.0,,PASS,,,no face/notes hit
balance_sheet,OtherReceivables,2016,absent_on_face,0.0,,PASS,,,no face/notes hit
balance_sheet,PayablesAndAccruedExpenses,2016,mapped,482600000.0,482.6,PASS,Accounts payable and accrued liabilities Note,2018,"label='Accounts payable and accrued liabilities Note' x1,000,000 sheet=482.600"
balance_sheet,PreferredStock,2016,absent_on_face,0.0,,PASS,,,no face/notes hit
balance_sheet,RawMaterials,2016,absent_on_face,0.0,,PASS,,,no face/notes hit
balance_sheet,Receivables,2016,absent_on_face,0.0,,PASS,,,no face/notes hit
balance_sheet,ShortTermInvestments,2016,absent_on_face,0.0,,NOTE_ONLY,,,alias 'short term investments' appears only in notes
balance_sheet,StockholdersEquity,2016,mapped,4145500000.0,4145.5,PASS,Common shareholders' equity $,2018,"label=""Common shareholders' equity $"" x1,000,000 sheet=4,145.500"
balance_sheet,TotalAssets,2016,mapped,7979300000.0,7979.3,PASS,Total assets $,2018,"label='Total assets $' x1,000,000 sheet=7,979.300"
balance_sheet,TotalLiabilities,2016,mapped,3795000000.0,3795,PASS,Total liabilities $,2018,"label='Total liabilities $' x1,000,000 sheet=3,795.000"
balance_sheet,TotalTaxPayable,2016,absent_on_face,0.0,,PASS,,,no face/notes hit
balance_sheet,TreasuryStock,2016,absent_on_face,0.0,,PASS,,,no face/notes hit
balance_sheet,WorkInProcess,2016,absent_on_face,0.0,,PASS,,,no face/notes hit
cash_flow,AssetImpairmentCharge,2016,absent_on_face,0.0,,PASS,,,no face/notes hit
cash_flow,BeginningCashPosition,2016,mapped,1043900000.0000001,1043.9,PASS,"Cash and cash equivalents, beginning of period",2018,"label='Cash and cash equivalents, beginning of period' x1,000,000 sheet=1,043.900"
cash_flow,CashDividendsPaid,2016,absent_on_face,0.0,,PASS,,,no face/notes hit
cash_flow,CashFromDiscontinuedInvestingActivities,2016,absent_on_face,0.0,,PASS,,,no face/notes hit
cash_flow,CashFromDiscontinuedOperatingActivities,2016,absent_on_face,0.0,,PASS,,,no face/notes hit
cash_flow,ChangeInInventory,2016,mapped,79500000.0,79.5,PASS,Inventories,2018,"label='Inventories' x1,000,000 sheet=79.500"
cash_flow,ChangeInOtherWorkingCapital,2016,absent_on_face,0.0,,PASS,,,no face/notes hit
cash_flow,ChangeInPayablesAndAccruedExpense,2016,mapped,239900000.0,239.9,PASS,Accounts payable and accrued liabilities,2018,"label='Accounts payable and accrued liabilities' x1,000,000 sheet=239.900"
cash_flow,ChangeInPrepaidAssets,2016,absent_on_face,0.0,,PASS,,,no face/notes hit
cash_flow,ChangeInReceivables,2016,absent_on_face,0.0,,PASS,,,no face/notes hit
cash_flow,ChangesInCash,2016,mapped,-216900000.0,-216.9,PASS,Increase (decrease) in cash and cash equivalents,2018,"label='Increase (decrease) in cash and cash equivalents' x1,000,000 sheet=-216.900"
cash_flow,DepreciationAmortizationDepletion,2016,mapped,855000000.0,855,PASS,"Depreciation, depletion and amortization",2018,"label='Depreciation, depletion and amortization' x1,000,000 sheet=855.000"
cash_flow,EffectOfExchangeRateChanges,2016,absent_on_face,0.0,,PASS,,,no face/notes hit
cash_flow,EndCashPosition,2016,mapped,827000000.0,827,PASS,"Cash and cash equivalents, end of period $",2018,"label='Cash and cash equivalents, end of period $' x1,000,000 sheet=827.000"
cash_flow,FinancingCashFlow,2016,mapped,-48300000.0,-48.3,PASS,Net cash flow used in financing activities,2018,"label='Net cash flow used in financing activities' x1,000,000 sheet=-48.300"
cash_flow,IssuanceOfCapitalStock,2016,absent_on_face,0.0,,PASS,,,no face/notes hit
cash_flow,IssuanceOfDebt,2016,mapped,175000000.0,175,PASS,Net proceeds from issuance of debt,2018,"label='Net proceeds from issuance of debt' x1,000,000 sheet=175.000"
cash_flow,NetIncomeFromContinuingOperations,2016,mapped,-109100000.0,-109.1,PASS,Net loss $,2017,"label='Net loss $' x1,000,000 sheet=-109.100"
cash_flow,NetIntangiblesPurchaseAndSale,2016,absent_on_face,0.0,,PASS,,,no face/notes hit
cash_flow,NetOtherFinancingCharges,2016,absent_on_face,0.0,,PASS,,,no face/notes hit
cash_flow,NetOtherInvestingChanges,2016,absent_on_face,0.0,,PASS,,,no face/notes hit
cash_flow,NetPreferredStockIssuance,2016,absent_on_face,0.0,,PASS,,,no face/notes hit
cash_flow,OtherNonCashItems,2016,absent_on_face,0.0,,PASS,,,no face/notes hit
cash_flow,PurchaseOfBusiness,2016,absent_on_face,0.0,,PASS,,,no face/notes hit
cash_flow,PurchaseOfInvestment,2016,absent_on_face,0.0,,PASS,,,no face/notes hit
cash_flow,PurchaseOfPPE,2016,mapped,-633800000.0,-633.8,PASS,"Additions to property, plant and equipment",2018,"label='Additions to property, plant and equipment' x1,000,000 sheet=-633.800"
cash_flow,RepaymentOfDebt,2016,mapped,-425000000.0,-425,PASS,Repayment of debt,2018,"label='Repayment of debt' x1,000,000 sheet=-425.000"
cash_flow,RepurchaseOfCapitalStock,2016,absent_on_face,0.0,,PASS,,,no face/notes hit
cash_flow,SaleOfInvestment,2016,absent_on_face,0.0,,PASS,,,no face/notes hit
cash_flow,SaleOfPPE,2016,absent_on_face,0.0,,PASS,,,no face/notes hit
cash_flow,StockBasedCompensation,2016,mapped,14200000.0,14.2,PASS,Share-­‐based compensation,2018,"label='Share-\xad‐based compensation' x1,000,000 sheet=14.200"
income_statement,CostOfRevenue,2016,mapped,1983800000.0,1983.8,PASS,Production cost of sales,2018,"label='Production cost of sales' x1,000,000 sheet=1,983.800"
income_statement,DepreciationAmortizationDepletion,2016,mapped,855000000.0,855,PASS,"Depreciation, depletion and amortization",2018,"label='Depreciation, depletion and amortization' x1,000,000 sheet=855.000"
income_statement,GrossProfit,2016,mapped,493600000.0,493.6,PASS,Gross profit,2018,"label='Gross profit' x1,000,000 sheet=493.600"
income_statement,InterestExpenseNonOperating,2016,absent_on_face,0.0,,PASS,,,no face/notes hit
income_statement,InterestIncomeNonOperating,2016,mapped,7500000.0,7.5,PASS,Finance income,2018,"label='Finance income' x1,000,000 sheet=7.500"
income_statement,MinorityInterests,2016,mapped,5100000.0,-5.1,PASS,Non-­‐controlling interest $,2018,"label='Non-\xad‐controlling interest $' x1,000,000 sheet=5.100"
income_statement,NetIncome,2016,mapped,-109100000.0,-109.1,PASS,Net loss $,2017,"label='Net loss $' x1,000,000 sheet=-109.100"
income_statement,NetIncomeDiscontinuousOperations,2016,absent_on_face,0.0,,PASS,,,no face/notes hit
income_statement,NetNonOperatingInterestIncomeExpense,2016,absent_on_face,0.0,,PASS,,,no face/notes hit
income_statement,OperatingIncome,2016,mapped,46300000.0,46.3,PASS,Operating earnings,2018,"label='Operating earnings' x1,000,000 sheet=46.300"
income_statement,OtherIncomeExpense,2016,absent_on_face,0.0,,PASS,,,no face/notes hit
income_statement,OtherOperatingExpenses,2016,absent_on_face,0.0,,NOTE_ONLY,,,alias 'telephone' appears only in notes
income_statement,ResearchAndDevelopment,2016,absent_on_face,0.0,,PASS,,,no face/notes hit
income_statement,SellingGeneralAndAdministration,2016,absent_on_face,0.0,,NOTE_ONLY,,,alias 'insurance' appears only in notes
balance_sheet,CashCashEquivalentsAndShortTermInvestments,2016,derived,827000000.0,,PASS,,,identities clean
balance_sheet,CurrentDebtAndCapitalLeaseObligation,2016,derived,637700000.0,,PASS,,,identities clean
balance_sheet,NonCurrentDeferredLiabilities,2016,derived,255600000.0,,PASS,,,identities clean
balance_sheet,OtherCurrentAssets,2016,derived,1253699999.9999998,,PASS,,,identities clean
balance_sheet,OtherNonCurrentAssets,2016,derived,1011400000.0,,PASS,,,identities clean
balance_sheet,TotalEquityGrossMinorityInterest,2016,derived,4184300000.0,,PASS,,,identities clean
balance_sheet,TotalNonCurrentAssets,2016,derived,5898600000.0,,PASS,,,identities clean
cash_flow,CapitalExpenditure,2016,derived,-633800000.0,,PASS,,,identities clean
cash_flow,ChangeInWorkingCapital,2016,derived,319400000.0,,PASS,,,identities clean
cash_flow,FreeCashFlow,2016,derived,591100000.0,,PASS,,,identities clean
cash_flow,InvestingCashFlow,2016,derived,-1393500000.0,,PASS,,,identities clean
cash_flow,NetIssuancePaymentsOfDebt,2016,derived,-250000000.0,,PASS,,,identities clean
income_statement,EBIT,2016,derived,-116600000.0,,PASS,,,identities clean
income_statement,EBITDA,2016,derived,738400000.0,,PASS,,,identities clean
income_statement,NetIncomeContinuousOperations,2016,derived,-109100000.0,,PASS,,,identities clean
income_statement,OperatingExpense,2016,derived,0.0,,PASS,,,identities clean
income_statement,PretaxIncome,2016,derived,-109100000.0,,PASS,,,identities clean
income_statement,TaxProvision,2016,derived,0.0,,PASS,,,identities clean
income_statement,TotalRevenue,2016,derived,2477400000.0,,PASS,,,identities clean
balance_sheet,AccountsPayable,2017,absent_on_face,0.0,,NOTE_ONLY,,,alias 'accounts payable' appears only in notes
balance_sheet,AccountsReceivable,2017,absent_on_face,0.0,,NOTE_ONLY,,,alias 'accounts receivable' appears only in notes
balance_sheet,AccumulatedDepreciation,2017,absent_on_face,0.0,,NOTE_ONLY,,,alias 'accumulated depreciation' appears only in notes
balance_sheet,AdditionalPaidInCapital,2017,mapped,240700000.0,240.7,PASS,Contributed surplus,2019,"label='Contributed surplus' x1,000,000 sheet=240.700"
balance_sheet,BuildingsAndImprovements,2017,absent_on_face,0.0,,PASS,,,no face/notes hit
balance_sheet,CashAndCashEquivalents,2017,mapped,1025800000.0,1025.8,PASS,Cash and cash equivalents Note 7 $,2019,"label='Cash and cash equivalents Note 7 $' x1,000,000 sheet=1,025.800"
balance_sheet,CommonStock,2017,absent_on_face,0.0,,NOTE_ONLY,,,alias 'common shares' appears only in notes
balance_sheet,ConstructionInProgress,2017,absent_on_face,0.0,,PASS,,,no face/notes hit
balance_sheet,CurrentAccruedExpenses,2017,absent_on_face,0.0,,NOTE_ONLY,,,alias 'accrued liabilities' appears only in notes
balance_sheet,CurrentAssets,2017,mapped,2284400000.0,2284.4,PASS,Current assets total,2019,"label='Current assets total' x1,000,000 sheet=2,284.400"
balance_sheet,CurrentCapitalLeaseObligation,2017,absent_on_face,0.0,,PASS,,,no face/notes hit
balance_sheet,CurrentDebt,2017,mapped,585300000.0,585.3,PASS,"Current liabilities, including current portion of long-­‐term debt $",2018,"label='Current liabilities, including current portion of long-\xad‐term debt $' x1,000,000 sheet=585.300"
balance_sheet,CurrentDeferredLiabilities,2017,absent_on_face,0.0,,PASS,,,no face/notes hit
balance_sheet,CurrentDeferredRevenue,2017,absent_on_face,0.0,,PASS,,,no face/notes hit
balance_sheet,CurrentDeferredTaxesLiabilities,2017,absent_on_face,0.0,,PASS,,,no face/notes hit
balance_sheet,CurrentLiabilities,2017,mapped,585300000.0,585.3,PASS,Current liabilities total,2019,"label='Current liabilities total' x1,000,000 sheet=585.300"
balance_sheet,FinishedGoods,2017,absent_on_face,0.0,,PASS,,,no face/notes hit
balance_sheet,GainsLossesNotAffectingRetainedEarnings,2017,mapped,21100000.0,21.1,PASS,Accumulated other comprehensive income (loss) Note 7,2019,"label='Accumulated other comprehensive income (loss) Note 7' x1,000,000 sheet=21.100"
balance_sheet,Goodwill,2017,absent_on_face,0.0,,NOTE_ONLY,,,alias 'goodwill' appears only in notes
balance_sheet,GrossPPE,2017,absent_on_face,0.0,,PASS,,,no face/notes hit
balance_sheet,InventoriesAdjustmentsAllowances,2017,absent_on_face,0.0,,PASS,,,no face/notes hit
balance_sheet,Inventory,2017,absent_on_face,0.0,,NOTE_ONLY,,,alias 'inventory' appears only in notes
balance_sheet,InvestmentsAndAdvances,2017,absent_on_face,0.0,,NOTE_ONLY,,,alias 'investments' appears only in notes
balance_sheet,LandAndImprovements,2017,absent_on_face,0.0,,PASS,,,no face/notes hit
balance_sheet,LoansReceivable,2017,absent_on_face,0.0,,PASS,,,no face/notes hit
balance_sheet,LongTermCapitalLeaseObligation,2017,absent_on_face,0.0,,PASS,,,no face/notes hit
balance_sheet,LongTermDebt,2017,absent_on_face,0.0,,NOTE_ONLY,,,alias 'long term debt' appears only in notes
balance_sheet,LongTermDebtAndCapitalLeaseObligation,2017,absent_on_face,0.0,,PASS,,,no face/notes hit
balance_sheet,MachineryFurnitureEquipment,2017,absent_on_face,0.0,,NOTE_ONLY,,,alias 'equipment' appears only in notes
balance_sheet,MinorityInterest,2017,mapped,35600000.0,35.6,PASS,Non-controlling interest,2019,"label='Non-controlling interest' x1,000,000 sheet=35.600"
balance_sheet,NetPPE,2017,mapped,4887200000.0,4887.2,PASS,"Property, plant and equipment Note 7",2019,"label='Property, plant and equipment Note 7' x1,000,000 sheet=4,887.200"
balance_sheet,NonCurrentDeferredRevenue,2017,absent_on_face,0.0,,PASS,,,no face/notes hit
balance_sheet,NonCurrentDeferredTaxesLiabilities,2017,mapped,255600000.0,255.6,PASS,Deferred tax liabilities Note 17,2019,"label='Deferred tax liabilities Note 17' x1,000,000 sheet=255.600"
balance_sheet,NonCurrentPensionAndOtherPostretirementBenefitPlans,2017,absent_on_face,0.0,,PASS,,,no face/notes hit
balance_sheet,NotesReceivable,2017,absent_on_face,0.0,,PASS,,,no face/notes hit
balance_sheet,OtherCurrentLiabilities,2017,absent_on_face,0.0,,PASS,,,no face/notes hit
balance_sheet,OtherIntangibleAssets,2017,absent_on_face,0.0,,PASS,,,no face/notes hit
balance_sheet,OtherInventories,2017,absent_on_face,0.0,,PASS,,,no face/notes hit
balance_sheet,OtherPayable,2017,absent_on_face,0.0,,PASS,,,no face/notes hit
balance_sheet,OtherReceivables,2017,absent_on_face,0.0,,PASS,,,no face/notes hit
balance_sheet,PayablesAndAccruedExpenses,2017,mapped,482600000.0,482.6,PASS,Accounts payable and accrued liabilities Note 7 $,2019,"label='Accounts payable and accrued liabilities Note 7 $' x1,000,000 sheet=482.600"
balance_sheet,PreferredStock,2017,absent_on_face,0.0,,PASS,,,no face/notes hit
balance_sheet,RawMaterials,2017,absent_on_face,0.0,,PASS,,,no face/notes hit
balance_sheet,Receivables,2017,absent_on_face,0.0,,NOTE_ONLY,,,alias 'receivables' appears only in notes
balance_sheet,RetainedEarnings,2017,mapped,-10580700000.0,-10580.7,PASS,Accumulated deficit,2019,"label='Accumulated deficit' x1,000,000 sheet=-10,580.700"
balance_sheet,ShortTermInvestments,2017,absent_on_face,0.0,,NOTE_ONLY,,,alias 'short term investments' appears only in notes
balance_sheet,StockholdersEquity,2017,mapped,4583600000.0,4583.6,PASS,Total common shareholders' equity,2019,"label=""Total common shareholders' equity"" x1,000,000 sheet=4,583.600"
balance_sheet,TotalAssets,2017,mapped,8157200000.0,8157.2,PASS,Total assets $,2019,"label='Total assets $' x1,000,000 sheet=8,157.200"
balance_sheet,TotalEquityGrossMinorityInterest,2017,mapped,4619200000.0,4619.2,PASS,Total equity,2019,"label='Total equity' x1,000,000 sheet=4,619.200"
balance_sheet,TotalLiabilities,2017,mapped,3538000000.0,3538,PASS,Total liabilities,2019,"label='Total liabilities' x1,000,000 sheet=3,538.000"
balance_sheet,TotalTaxPayable,2017,absent_on_face,0.0,,PASS,,,no face/notes hit
balance_sheet,TreasuryStock,2017,absent_on_face,0.0,,PASS,,,no face/notes hit
balance_sheet,WorkInProcess,2017,absent_on_face,0.0,,PASS,,,no face/notes hit
cash_flow,AssetImpairmentCharge,2017,absent_on_face,0.0,,NOTE_ONLY,,,alias 'asset impairment charge' appears only in notes
cash_flow,BeginningCashPosition,2017,mapped,827000000.0,827,PASS,"Cash and cash equivalents, beginning of period",2019,"label='Cash and cash equivalents, beginning of period' x1,000,000 sheet=827.000"
cash_flow,CashDividendsPaid,2017,absent_on_face,0.0,,PASS,,,no face/notes hit
cash_flow,CashFromDiscontinuedInvestingActivities,2017,absent_on_face,0.0,,PASS,,,no face/notes hit
cash_flow,CashFromDiscontinuedOperatingActivities,2017,absent_on_face,0.0,,PASS,,,no face/notes hit
cash_flow,ChangeInInventory,2017,mapped,-86700000.0,-86.7,PASS,Inventories,2019,"label='Inventories' x1,000,000 sheet=-86.700"
cash_flow,ChangeInOtherWorkingCapital,2017,absent_on_face,0.0,,PASS,,,no face/notes hit
cash_flow,ChangeInPayablesAndAccruedExpense,2017,mapped,-48500000.0,-48.5,PASS,Accounts payable and accrued liabilities,2019,"label='Accounts payable and accrued liabilities' x1,000,000 sheet=-48.500"
cash_flow,ChangeInPrepaidAssets,2017,absent_on_face,0.0,,NOTE_ONLY,,,alias 'prepaid expenses' appears only in notes
cash_flow,ChangeInReceivables,2017,absent_on_face,0.0,,NOTE_ONLY,,,alias 'accounts receivable' appears only in notes
cash_flow,ChangesInCash,2017,mapped,198800000.0,198.8,PASS,(Decrease) increase in cash and cash equivalents,2019,"label='(Decrease) increase in cash and cash equivalents' x1,000,000 sheet=198.800"
cash_flow,DepreciationAmortizationDepletion,2017,mapped,819400000.0,819.4,PASS,"Depreciation, depletion and amortization",2019,"label='Depreciation, depletion and amortization' x1,000,000 sheet=819.400"
cash_flow,EffectOfExchangeRateChanges,2017,absent_on_face,0.0,,NOTE_ONLY,,,alias 'effect of exchange rate changes' appears only in notes
cash_flow,EndCashPosition,2017,mapped,1025800000.0,1025.8,PASS,"Cash and cash equivalents, end of period $",2019,"label='Cash and cash equivalents, end of period $' x1,000,000 sheet=1,025.800"
cash_flow,FinancingCashFlow,2017,mapped,-69000000.0,-69,PASS,Net cash flow used in financing activities,2019,"label='Net cash flow used in financing activities' x1,000,000 sheet=-69.000"
cash_flow,IssuanceOfCapitalStock,2017,absent_on_face,0.0,,PASS,,,no face/notes hit
cash_flow,IssuanceOfDebt,2017,mapped,494700000.0,494.7,PASS,Net proceeds from issuance of debt,2018,"label='Net proceeds from issuance of debt' x1,000,000 sheet=494.700"
cash_flow,NetIntangiblesPurchaseAndSale,2017,absent_on_face,0.0,,PASS,,,no face/notes hit
cash_flow,NetOtherFinancingCharges,2017,absent_on_face,0.0,,PASS,,,no face/notes hit
cash_flow,NetOtherInvestingChanges,2017,absent_on_face,0.0,,PASS,,,no face/notes hit
cash_flow,NetPreferredStockIssuance,2017,absent_on_face,0.0,,PASS,,,no face/notes hit
cash_flow,OtherNonCashItems,2017,absent_on_face,0.0,,PASS,,,no face/notes hit
cash_flow,PurchaseOfBusiness,2017,absent_on_face,0.0,,PASS,,,no face/notes hit
cash_flow,PurchaseOfInvestment,2017,absent_on_face,0.0,,PASS,,,no face/notes hit
cash_flow,PurchaseOfPPE,2017,mapped,-897600000.0,-897.6,PASS,"Additions to property, plant and equipment",2019,"label='Additions to property, plant and equipment' x1,000,000 sheet=-897.600"
cash_flow,RepaymentOfDebt,2017,mapped,-500000000.0,-500,PASS,Repayment of debt,2019,"label='Repayment of debt' x1,000,000 sheet=-500.000"
cash_flow,RepurchaseOfCapitalStock,2017,absent_on_face,0.0,,PASS,,,no face/notes hit
cash_flow,SaleOfInvestment,2017,absent_on_face,0.0,,PASS,,,no face/notes hit
cash_flow,SaleOfPPE,2017,absent_on_face,0.0,,PASS,,,no face/notes hit
cash_flow,StockBasedCompensation,2017,mapped,13600000.0,13.6,PASS,Share-based compensation,2019,"label='Share-based compensation' x1,000,000 sheet=13.600"
income_statement,CostOfRevenue,2017,mapped,1757400000.0,1757.4,PASS,Production cost of sales,2019,"label='Production cost of sales' x1,000,000 sheet=1,757.400"
income_statement,DepreciationAmortizationDepletion,2017,mapped,819400000.0,819.4,PASS,"Depreciation, depletion and amortization",2019,"label='Depreciation, depletion and amortization' x1,000,000 sheet=819.400"
income_statement,GrossProfit,2017,mapped,704700000.0,704.7,PASS,Gross profit,2019,"label='Gross profit' x1,000,000 sheet=704.700"
income_statement,InterestExpenseNonOperating,2017,absent_on_face,0.0,,PASS,,,no face/notes hit
income_statement,InterestIncomeNonOperating,2017,mapped,13500000.0,13.5,PASS,Finance income,2019,"label='Finance income' x1,000,000 sheet=13.500"
income_statement,MinorityInterests,2017,mapped,3200000.0,-3.2,PASS,Non-controlling interest $,2019,"label='Non-controlling interest $' x1,000,000 sheet=3.200"
income_statement,NetIncomeDiscontinuousOperations,2017,absent_on_face,0.0,,PASS,,,no face/notes hit
income_statement,NetNonOperatingInterestIncomeExpense,2017,absent_on_face,0.0,,PASS,,,no face/notes hit
income_statement,OperatingIncome,2017,mapped,336500000.0,336.5,PASS,Operating earnings,2019,"label='Operating earnings' x1,000,000 sheet=336.500"
income_statement,OtherIncomeExpense,2017,absent_on_face,0.0,,NOTE_ONLY,,,alias 'foreign exchange loss' appears only in notes
income_statement,OtherOperatingExpenses,2017,absent_on_face,0.0,,NOTE_ONLY,,,alias 'office' appears only in notes
income_statement,PretaxIncome,2017,mapped,419000000.0,419,PASS,Earnings before tax,2019,"label='Earnings before tax' x1,000,000 sheet=419.000"
income_statement,ResearchAndDevelopment,2017,absent_on_face,0.0,,PASS,,,no face/notes hit
income_statement,SellingGeneralAndAdministration,2017,absent_on_face,0.0,,NOTE_ONLY,,,alias 'insurance' appears only in notes
income_statement,TaxProvision,2017,absent_on_face,0.0,,NOTE_ONLY,,,alias 'income tax expense' appears only in notes
balance_sheet,CashCashEquivalentsAndShortTermInvestments,2017,derived,1025800000.0,,PASS,,,identities clean
balance_sheet,CurrentDebtAndCapitalLeaseObligation,2017,derived,585300000.0,,PASS,,,identities clean
balance_sheet,NonCurrentDeferredLiabilities,2017,derived,255600000.0,,PASS,,,identities clean
balance_sheet,OtherCurrentAssets,2017,derived,1258600000.0,,PASS,,,identities clean
balance_sheet,OtherNonCurrentAssets,2017,derived,985600000.0,,PASS,,,identities clean
balance_sheet,OtherNonCurrentLiabilities,2017,derived,2697100000.0,,PASS,,,identities clean
balance_sheet,TotalNonCurrentAssets,2017,derived,5872800000.0,,PASS,,,identities clean
balance_sheet,TotalNonCurrentLiabilities,2017,derived,2952700000.0,,PASS,,,identities clean
cash_flow,CapitalExpenditure,2017,derived,-897600000.0,,PASS,,,identities clean
cash_flow,ChangeInWorkingCapital,2017,derived,-135200000.0,,PASS,,,identities clean
cash_flow,FreeCashFlow,2017,derived,242500000.0,,PASS,,,identities clean
cash_flow,InvestingCashFlow,2017,derived,-872300000.0,,PASS,,,identities clean
cash_flow,NetIncomeFromContinuingOperations,2017,derived,419000000.0,,PASS,,,identities clean
cash_flow,NetIssuancePaymentsOfDebt,2017,derived,-5300000.0,,PASS,,,identities clean
income_statement,EBIT,2017,derived,405500000.0,,PASS,,,identities clean
income_statement,EBITDA,2017,derived,1224900000.0,,PASS,,,identities clean
income_statement,NetIncome,2017,derived,419000000.0,,PASS,,,identities clean
income_statement,OperatingExpense,2017,derived,0.0,,PASS,,,identities clean
income_statement,TotalRevenue,2017,derived,2462100000.0,,PASS,,,identities clean
balance_sheet,AccountsPayable,2018,absent_on_face,0.0,,NOTE_ONLY,,,alias 'accounts payable' appears only in notes
balance_sheet,AccountsReceivable,2018,absent_on_face,0.0,,NOTE_ONLY,,,alias 'accounts receivable' appears only in notes
balance_sheet,AccumulatedDepreciation,2018,absent_on_face,0.0,,NOTE_ONLY,,,alias 'accumulated depreciation' appears only in notes
balance_sheet,AdditionalPaidInCapital,2018,mapped,239800000.0,239.8,PASS,Contributed surplus,2019,"label='Contributed surplus' x1,000,000 sheet=239.800"
balance_sheet,BuildingsAndImprovements,2018,absent_on_face,0.0,,PASS,,,no face/notes hit
balance_sheet,CashAndCashEquivalents,2018,mapped,349000000.0,349,PASS,Cash and cash equivalents Note 7 $,2019,"label='Cash and cash equivalents Note 7 $' x1,000,000 sheet=349.000"
balance_sheet,CommonStock,2018,absent_on_face,0.0,,NOTE_ONLY,,,alias 'common shares' appears only in notes
balance_sheet,ConstructionInProgress,2018,absent_on_face,0.0,,PASS,,,no face/notes hit
balance_sheet,CurrentAccruedExpenses,2018,absent_on_face,0.0,,NOTE_ONLY,,,alias 'accrued liabilities' appears only in notes
balance_sheet,CurrentAssets,2018,mapped,1597900000.0,1597.9,PASS,Current assets total,2019,"label='Current assets total' x1,000,000 sheet=1,597.900"
balance_sheet,CurrentCapitalLeaseObligation,2018,absent_on_face,0.0,,PASS,,,no face/notes hit
balance_sheet,CurrentDebt,2018,absent_on_face,0.0,,NOTE_ONLY,,,alias 'current portion of long term debt' appears only in notes
balance_sheet,CurrentDebtAndCapitalLeaseObligation,2018,absent_on_face,0.0,,PASS,,,no face/notes hit
balance_sheet,CurrentDeferredLiabilities,2018,absent_on_face,0.0,,PASS,,,no face/notes hit
balance_sheet,CurrentDeferredRevenue,2018,absent_on_face,0.0,,PASS,,,no face/notes hit
balance_sheet,CurrentDeferredTaxesLiabilities,2018,absent_on_face,0.0,,PASS,,,no face/notes hit
balance_sheet,CurrentLiabilities,2018,mapped,612400000.0,612.4,PASS,Current liabilities total,2019,"label='Current liabilities total' x1,000,000 sheet=612.400"
balance_sheet,FinishedGoods,2018,absent_on_face,0.0,,PASS,,,no face/notes hit
balance_sheet,GainsLossesNotAffectingRetainedEarnings,2018,mapped,-98500000.0,-98.5,PASS,Accumulated other comprehensive income (loss) Note 7,2019,"label='Accumulated other comprehensive income (loss) Note 7' x1,000,000 sheet=-98.500"
balance_sheet,Goodwill,2018,absent_on_face,0.0,,NOTE_ONLY,,,alias 'goodwill' appears only in notes
balance_sheet,GrossPPE,2018,absent_on_face,0.0,,PASS,,,no face/notes hit
balance_sheet,InventoriesAdjustmentsAllowances,2018,absent_on_face,0.0,,PASS,,,no face/notes hit
balance_sheet,Inventory,2018,absent_on_face,0.0,,NOTE_ONLY,,,alias 'inventory' appears only in notes
balance_sheet,InvestmentsAndAdvances,2018,absent_on_face,0.0,,NOTE_ONLY,,,alias 'investments' appears only in notes
balance_sheet,LandAndImprovements,2018,absent_on_face,0.0,,PASS,,,no face/notes hit
balance_sheet,LoansReceivable,2018,absent_on_face,0.0,,PASS,,,no face/notes hit
balance_sheet,LongTermCapitalLeaseObligation,2018,absent_on_face,0.0,,PASS,,,no face/notes hit
balance_sheet,LongTermDebt,2018,absent_on_face,0.0,,NOTE_ONLY,,,alias 'long term debt' appears only in notes
balance_sheet,LongTermDebtAndCapitalLeaseObligation,2018,absent_on_face,0.0,,PASS,,,no face/notes hit
balance_sheet,MachineryFurnitureEquipment,2018,absent_on_face,0.0,,NOTE_ONLY,,,alias 'equipment' appears only in notes
balance_sheet,MinorityInterest,2018,mapped,20600000.0,20.6,PASS,Non-controlling interest,2019,"label='Non-controlling interest' x1,000,000 sheet=20.600"
balance_sheet,NetPPE,2018,mapped,5519100000.0,5519.1,PASS,"Property, plant and equipment Note 7",2019,"label='Property, plant and equipment Note 7' x1,000,000 sheet=5,519.100"
balance_sheet,NonCurrentDeferredRevenue,2018,absent_on_face,0.0,,PASS,,,no face/notes hit
balance_sheet,NonCurrentDeferredTaxesLiabilities,2018,mapped,265200000.0,265.2,PASS,Deferred tax liabilities Note 17,2019,"label='Deferred tax liabilities Note 17' x1,000,000 sheet=265.200"
balance_sheet,NonCurrentPensionAndOtherPostretirementBenefitPlans,2018,absent_on_face,0.0,,PASS,,,no face/notes hit
balance_sheet,NotesReceivable,2018,absent_on_face,0.0,,PASS,,,no face/notes hit
balance_sheet,OtherIntangibleAssets,2018,absent_on_face,0.0,,PASS,,,no face/notes hit
balance_sheet,OtherInventories,2018,absent_on_face,0.0,,PASS,,,no face/notes hit
balance_sheet,OtherPayable,2018,absent_on_face,0.0,,PASS,,,no face/notes hit
balance_sheet,OtherReceivables,2018,absent_on_face,0.0,,PASS,,,no face/notes hit
balance_sheet,PayablesAndAccruedExpenses,2018,mapped,465900000.0,465.9,PASS,Accounts payable and accrued liabilities Note 7 $,2019,"label='Accounts payable and accrued liabilities Note 7 $' x1,000,000 sheet=465.900"
balance_sheet,PreferredStock,2018,absent_on_face,0.0,,PASS,,,no face/notes hit
balance_sheet,RawMaterials,2018,absent_on_face,0.0,,PASS,,,no face/notes hit
balance_sheet,Receivables,2018,absent_on_face,0.0,,NOTE_ONLY,,,alias 'receivables' appears only in notes
balance_sheet,RetainedEarnings,2018,mapped,-10548000000.0,-10548,PASS,Accumulated deficit,2019,"label='Accumulated deficit' x1,000,000 sheet=-10,548.000"
balance_sheet,ShortTermInvestments,2018,absent_on_face,0.0,,NOTE_ONLY,,,alias 'short term investments' appears only in notes
balance_sheet,StockholdersEquity,2018,mapped,4506700000.0,4506.7,PASS,Total common shareholders' equity,2019,"label=""Total common shareholders' equity"" x1,000,000 sheet=4,506.700"
balance_sheet,TotalAssets,2018,mapped,8063800000.0,8063.8,PASS,Total assets $,2019,"label='Total assets $' x1,000,000 sheet=8,063.800"
balance_sheet,TotalEquityGrossMinorityInterest,2018,mapped,4527300000.0,4527.3,PASS,Total equity,2019,"label='Total equity' x1,000,000 sheet=4,527.300"
balance_sheet,TotalLiabilities,2018,mapped,3536500000.0,3536.5,PASS,Total liabilities,2019,"label='Total liabilities' x1,000,000 sheet=3,536.500"
balance_sheet,TotalTaxPayable,2018,absent_on_face,0.0,,PASS,,,no face/notes hit
balance_sheet,TreasuryStock,2018,absent_on_face,0.0,,PASS,,,no face/notes hit
balance_sheet,WorkInProcess,2018,absent_on_face,0.0,,PASS,,,no face/notes hit
cash_flow,AssetImpairmentCharge,2018,absent_on_face,0.0,,PASS,,,no face/notes hit
cash_flow,BeginningCashPosition,2018,mapped,1025800000.0,1025.8,PASS,"Cash and cash equivalents, beginning of period",2020,"label='Cash and cash equivalents, beginning of period' x1,000,000 sheet=1,025.800"
cash_flow,CashDividendsPaid,2018,absent_on_face,0.0,,PASS,,,no face/notes hit
cash_flow,CashFromDiscontinuedInvestingActivities,2018,absent_on_face,0.0,,PASS,,,no face/notes hit
cash_flow,CashFromDiscontinuedOperatingActivities,2018,absent_on_face,0.0,,PASS,,,no face/notes hit
cash_flow,ChangeInInventory,2018,mapped,-5700000.0,-5.7,PASS,Inventories,2020,"label='Inventories' x1,000,000 sheet=-5.700"
cash_flow,ChangeInOtherWorkingCapital,2018,absent_on_face,0.0,,PASS,,,no face/notes hit
cash_flow,ChangeInPayablesAndAccruedExpense,2018,mapped,69800000.0,69.8,PASS,Accounts payable and accrued liabilities,2020,"label='Accounts payable and accrued liabilities' x1,000,000 sheet=69.800"
cash_flow,ChangeInPrepaidAssets,2018,absent_on_face,0.0,,NOTE_ONLY,,,alias 'prepaid expenses' appears only in notes
cash_flow,ChangeInReceivables,2018,absent_on_face,0.0,,NOTE_ONLY,,,alias 'accounts receivable' appears only in notes
cash_flow,ChangesInCash,2018,mapped,-676800000.0,-676.8,PASS,Increase (decrease) in cash and cash equivalents,2020,"label='Increase (decrease) in cash and cash equivalents' x1,000,000 sheet=-676.800"
cash_flow,DepreciationAmortizationDepletion,2018,mapped,772400000.0,772.4,PASS,"Depreciation, depletion and amortization",2020,"label='Depreciation, depletion and amortization' x1,000,000 sheet=772.400"
cash_flow,EffectOfExchangeRateChanges,2018,absent_on_face,0.0,,NOTE_ONLY,,,alias 'effect of exchange rate changes' appears only in notes
cash_flow,EndCashPosition,2018,mapped,349000000.0,349,PASS,"Cash and cash equivalents, end of period $",2020,"label='Cash and cash equivalents, end of period $' x1,000,000 sheet=349.000"
cash_flow,FinancingCashFlow,2018,mapped,-72600000.0,-72.6,PASS,Net cash flow used in financing activities,2019,"label='Net cash flow used in financing activities' x1,000,000 sheet=-72.600"
cash_flow,IssuanceOfCapitalStock,2018,absent_on_face,0.0,,PASS,,,no face/notes hit
cash_flow,IssuanceOfDebt,2018,absent_on_face,0.0,,NOTE_ONLY,,,alias 'issuance of debt' appears only in notes
cash_flow,NetIntangiblesPurchaseAndSale,2018,absent_on_face,0.0,,PASS,,,no face/notes hit
cash_flow,NetOtherFinancingCharges,2018,absent_on_face,0.0,,PASS,,,no face/notes hit
cash_flow,NetOtherInvestingChanges,2018,absent_on_face,0.0,,PASS,,,no face/notes hit
cash_flow,NetPreferredStockIssuance,2018,absent_on_face,0.0,,PASS,,,no face/notes hit
cash_flow,OtherNonCashItems,2018,absent_on_face,0.0,,PASS,,,no face/notes hit
cash_flow,PurchaseOfBusiness,2018,absent_on_face,0.0,,PASS,,,no face/notes hit
cash_flow,PurchaseOfInvestment,2018,absent_on_face,0.0,,PASS,,,no face/notes hit
cash_flow,PurchaseOfPPE,2018,mapped,-1043400000.0000001,-1043.4,PASS,"Additions to property, plant and equipment",2020,"label='Additions to property, plant and equipment' x1,000,000 sheet=-1,043.400"
cash_flow,RepaymentOfDebt,2018,mapped,-80000000.0,-80,PASS,Repayment of debt,2020,"label='Repayment of debt' x1,000,000 sheet=-80.000"
cash_flow,RepurchaseOfCapitalStock,2018,absent_on_face,0.0,,PASS,,,no face/notes hit
cash_flow,SaleOfInvestment,2018,absent_on_face,0.0,,PASS,,,no face/notes hit
cash_flow,SaleOfPPE,2018,absent_on_face,0.0,,PASS,,,no face/notes hit
cash_flow,StockBasedCompensation,2018,mapped,14600000.0,14.6,PASS,Share-based compensation,2020,"label='Share-based compensation' x1,000,000 sheet=14.600"
income_statement,CostOfRevenue,2018,mapped,1860500000.0,1860.5,PASS,Production cost of sales,2020,"label='Production cost of sales' x1,000,000 sheet=1,860.500"
income_statement,DepreciationAmortizationDepletion,2018,mapped,772400000.0,772.4,PASS,"Depreciation, depletion and amortization",2020,"label='Depreciation, depletion and amortization' x1,000,000 sheet=772.400"
income_statement,GrossProfit,2018,mapped,579700000.0,579.7,PASS,Gross profit,2020,"label='Gross profit' x1,000,000 sheet=579.700"
income_statement,InterestExpenseNonOperating,2018,absent_on_face,0.0,,PASS,,,no face/notes hit
income_statement,InterestIncomeNonOperating,2018,mapped,11000000.0,11,PASS,Finance income,2020,"label='Finance income' x1,000,000 sheet=11.000"
income_statement,MinorityInterests,2018,mapped,2000000.0,-2,PASS,Non-controlling interest $,2020,"label='Non-controlling interest $' x1,000,000 sheet=2.000"
income_statement,NetIncomeDiscontinuousOperations,2018,absent_on_face,0.0,,PASS,,,no face/notes hit
income_statement,NetNonOperatingInterestIncomeExpense,2018,absent_on_face,0.0,,PASS,,,no face/notes hit
income_statement,OperatingIncome,2018,mapped,200500000.0,200.5,PASS,Operating earnings,2020,"label='Operating earnings' x1,000,000 sheet=200.500"
income_statement,OtherIncomeExpense,2018,absent_on_face,0.0,,NOTE_ONLY,,,alias 'foreign exchange loss' appears only in notes
income_statement,OtherOperatingExpenses,2018,absent_on_face,0.0,,NOTE_ONLY,,,alias 'office' appears only in notes
income_statement,PretaxIncome,2018,mapped,113200000.0,113.2,PASS,Earnings before tax,2020,"label='Earnings before tax' x1,000,000 sheet=113.200"
income_statement,ResearchAndDevelopment,2018,absent_on_face,0.0,,PASS,,,no face/notes hit
income_statement,SellingGeneralAndAdministration,2018,absent_on_face,0.0,,NOTE_ONLY,,,alias 'insurance' appears only in notes
income_statement,TaxProvision,2018,absent_on_face,0.0,,NOTE_ONLY,,,alias 'income tax expense' appears only in notes
balance_sheet,CashCashEquivalentsAndShortTermInvestments,2018,derived,349000000.0,,PASS,,,identities clean
balance_sheet,NonCurrentDeferredLiabilities,2018,derived,265200000.0,,PASS,,,identities clean
balance_sheet,OtherCurrentAssets,2018,derived,1248900000.0,,PASS,,,identities clean
balance_sheet,OtherCurrentLiabilities,2018,derived,146500000.0,,PASS,,,identities clean
balance_sheet,OtherNonCurrentAssets,2018,derived,946800000.0,,PASS,,,identities clean
balance_sheet,OtherNonCurrentLiabilities,2018,derived,2658900000.0,,PASS,,,identities clean
balance_sheet,TotalNonCurrentAssets,2018,derived,6465900000.0,,PASS,,,identities clean
balance_sheet,TotalNonCurrentLiabilities,2018,derived,2924100000.0,,PASS,,,identities clean
cash_flow,CapitalExpenditure,2018,derived,-1043400000.0000001,,PASS,,,identities clean
cash_flow,ChangeInWorkingCapital,2018,derived,64100000.0,,PASS,,,identities clean
cash_flow,FreeCashFlow,2018,derived,-127800000.00000012,,PASS,,,identities clean
cash_flow,InvestingCashFlow,2018,derived,-1519800000.0,,PASS,,,identities clean
cash_flow,NetIncomeFromContinuingOperations,2018,derived,113200000.0,,PASS,,,identities clean
cash_flow,NetIssuancePaymentsOfDebt,2018,derived,-80000000.0,,PASS,,,identities clean
income_statement,EBIT,2018,derived,102200000.0,,PASS,,,identities clean
income_statement,EBITDA,2018,derived,874600000.0,,PASS,,,identities clean
income_statement,NetIncome,2018,derived,113200000.0,,PASS,,,identities clean
income_statement,OperatingExpense,2018,derived,0.0,,PASS,,,identities clean
income_statement,TotalRevenue,2018,derived,2440200000.0,,PASS,,,identities clean
cash_flow,AssetImpairmentCharge,2019,absent_on_face,0.0,,PASS,,,no face/notes hit
cash_flow,BeginningCashPosition,2019,mapped,349000000.0,349,PASS,"Cash and cash equivalents, beginning of period",2020,"label='Cash and cash equivalents, beginning of period' x1,000,000 sheet=349.000"
cash_flow,CashDividendsPaid,2019,absent_on_face,0.0,,PASS,,,no face/notes hit
cash_flow,CashFromDiscontinuedInvestingActivities,2019,absent_on_face,0.0,,PASS,,,no face/notes hit
cash_flow,CashFromDiscontinuedOperatingActivities,2019,absent_on_face,0.0,,PASS,,,no face/notes hit
cash_flow,ChangeInInventory,2019,mapped,53800000.0,53.8,PASS,Inventories,2020,"label='Inventories' x1,000,000 sheet=53.800"
cash_flow,ChangeInOtherWorkingCapital,2019,absent_on_face,0.0,,PASS,,,no face/notes hit
cash_flow,ChangeInPayablesAndAccruedExpense,2019,mapped,165900000.0,165.9,PASS,Accounts payable and accrued liabilities,2020,"label='Accounts payable and accrued liabilities' x1,000,000 sheet=165.900"
cash_flow,ChangeInPrepaidAssets,2019,absent_on_face,0.0,,NOTE_ONLY,,,alias 'prepaid expenses' appears only in notes
cash_flow,ChangeInReceivables,2019,absent_on_face,0.0,,NOTE_ONLY,,,alias 'accounts receivable' appears only in notes
cash_flow,ChangesInCash,2019,mapped,226100000.0,226.1,PASS,Increase (decrease) in cash and cash equivalents,2020,"label='Increase (decrease) in cash and cash equivalents' x1,000,000 sheet=226.100"
cash_flow,DepreciationAmortizationDepletion,2019,mapped,731300000.0,731.3,PASS,"Depreciation, depletion and amortization",2020,"label='Depreciation, depletion and amortization' x1,000,000 sheet=731.300"
cash_flow,EffectOfExchangeRateChanges,2019,absent_on_face,0.0,,NOTE_ONLY,,,alias 'effect of exchange rate changes' appears only in notes
cash_flow,EndCashPosition,2019,mapped,575100000.0,575.1,PASS,"Cash and cash equivalents, end of period $",2020,"label='Cash and cash equivalents, end of period $' x1,000,000 sheet=575.100"
cash_flow,IssuanceOfCapitalStock,2019,absent_on_face,0.0,,PASS,,,no face/notes hit
cash_flow,IssuanceOfDebt,2019,absent_on_face,0.0,,PASS,,,no face/notes hit
cash_flow,NetIntangiblesPurchaseAndSale,2019,absent_on_face,0.0,,PASS,,,no face/notes hit
cash_flow,NetOtherFinancingCharges,2019,absent_on_face,0.0,,PASS,,,no face/notes hit
cash_flow,NetOtherInvestingChanges,2019,absent_on_face,0.0,,PASS,,,no face/notes hit
cash_flow,NetPreferredStockIssuance,2019,absent_on_face,0.0,,PASS,,,no face/notes hit
cash_flow,OtherNonCashItems,2019,absent_on_face,0.0,,PASS,,,no face/notes hit
cash_flow,PurchaseOfBusiness,2019,absent_on_face,0.0,,PASS,,,no face/notes hit
cash_flow,PurchaseOfInvestment,2019,absent_on_face,0.0,,PASS,,,no face/notes hit
cash_flow,PurchaseOfPPE,2019,mapped,-1105200000.0,-1105.2,PASS,"Additions to property, plant and equipment",2020,"label='Additions to property, plant and equipment' x1,000,000 sheet=-1,105.200"
cash_flow,RepaymentOfDebt,2019,mapped,-200000000.0,-200,PASS,Repayment of debt,2020,"label='Repayment of debt' x1,000,000 sheet=-200.000"
cash_flow,RepurchaseOfCapitalStock,2019,absent_on_face,0.0,,PASS,,,no face/notes hit
cash_flow,SaleOfInvestment,2019,absent_on_face,0.0,,PASS,,,no face/notes hit
cash_flow,SaleOfPPE,2019,absent_on_face,0.0,,PASS,,,no face/notes hit
cash_flow,StockBasedCompensation,2019,mapped,14300000.0,14.3,PASS,Share-based compensation,2020,"label='Share-based compensation' x1,000,000 sheet=14.300"
income_statement,CostOfRevenue,2019,mapped,1778900000.0,1778.9,PASS,Production cost of sales,2020,"label='Production cost of sales' x1,000,000 sheet=1,778.900"
income_statement,DepreciationAmortizationDepletion,2019,mapped,731300000.0,731.3,PASS,"Depreciation, depletion and amortization",2020,"label='Depreciation, depletion and amortization' x1,000,000 sheet=731.300"
income_statement,GrossProfit,2019,mapped,1348900000.0,1348.9,PASS,Gross profit,2020,"label='Gross profit' x1,000,000 sheet=1,348.900"
income_statement,InterestExpenseNonOperating,2019,absent_on_face,0.0,,NOTE_ONLY,,,alias 'interest expense on lease liabilities' appears only in notes
income_statement,InterestIncomeNonOperating,2019,mapped,7900000.0,7.9,PASS,Finance income,2020,"label='Finance income' x1,000,000 sheet=7.900"
income_statement,MinorityInterests,2019,mapped,1500000.0,-1.5,PASS,Non-controlling interest $,2020,"label='Non-controlling interest $' x1,000,000 sheet=1.500"
income_statement,NetIncomeDiscontinuousOperations,2019,absent_on_face,0.0,,PASS,,,no face/notes hit
income_statement,NetNonOperatingInterestIncomeExpense,2019,absent_on_face,0.0,,PASS,,,no face/notes hit
income_statement,OperatingIncome,2019,mapped,991100000.0,991.1,PASS,Operating earnings,2020,"label='Operating earnings' x1,000,000 sheet=991.100"
income_statement,OtherIncomeExpense,2019,absent_on_face,0.0,,NOTE_ONLY,,,alias 'foreign exchange loss' appears only in notes
income_statement,OtherOperatingExpenses,2019,absent_on_face,0.0,,NOTE_ONLY,,,alias 'office' appears only in notes
income_statement,PretaxIncome,2019,mapped,963800000.0,963.8,PASS,Earnings before tax,2020,"label='Earnings before tax' x1,000,000 sheet=963.800"
income_statement,ResearchAndDevelopment,2019,absent_on_face,0.0,,PASS,,,no face/notes hit
income_statement,SellingGeneralAndAdministration,2019,absent_on_face,0.0,,NOTE_ONLY,,,alias 'insurance' appears only in notes
income_statement,TaxProvision,2019,absent_on_face,0.0,,NOTE_ONLY,,,alias 'income tax expense' appears only in notes
cash_flow,CapitalExpenditure,2019,derived,-1105200000.0,,PASS,,,identities clean
cash_flow,ChangeInWorkingCapital,2019,derived,219700000.0,,PASS,,,identities clean
cash_flow,FreeCashFlow,2019,derived,234800000.0,,PASS,,,identities clean
cash_flow,NetIncomeFromContinuingOperations,2019,derived,963800000.0,,PASS,,,identities clean
cash_flow,NetIssuancePaymentsOfDebt,2019,derived,-200000000.0,,PASS,,,identities clean
income_statement,EBIT,2019,derived,955900000.0,,PASS,,,identities clean
income_statement,EBITDA,2019,derived,1687200000.0,,PASS,,,identities clean
income_statement,NetIncome,2019,derived,963800000.0,,PASS,,,identities clean
income_statement,OperatingExpense,2019,derived,0.0,,PASS,,,identities clean
income_statement,TotalRevenue,2019,derived,3127800000.0,,PASS,,,identities clean
balance_sheet,AccountsPayable,2020,absent_on_face,0.0,,NOTE_ONLY,,,alias 'accounts payable' appears only in notes
balance_sheet,AccountsReceivable,2020,absent_on_face,0.0,,NOTE_ONLY,,,alias 'accounts receivable' appears only in notes
balance_sheet,AccumulatedDepreciation,2020,absent_on_face,0.0,,NOTE_ONLY,,,alias 'accumulated depreciation' appears only in notes
balance_sheet,AdditionalPaidInCapital,2020,mapped,10709000000.0,10709,PASS,Contributed surplus,2022,"label='Contributed surplus' x1,000,000 sheet=10,709.000"
balance_sheet,BuildingsAndImprovements,2020,absent_on_face,0.0,,PASS,,,no face/notes hit
balance_sheet,CashAndCashEquivalents,2020,mapped,1210900000.0,1210.9,PASS,Cash and cash equivalents Note 7 $,2022,"label='Cash and cash equivalents Note 7 $' x1,000,000 sheet=1,210.900"
balance_sheet,CommonStock,2020,absent_on_face,0.0,,NOTE_ONLY,,,alias 'common shares' appears only in notes
balance_sheet,ConstructionInProgress,2020,absent_on_face,0.0,,PASS,,,no face/notes hit
balance_sheet,CurrentAccruedExpenses,2020,absent_on_face,0.0,,NOTE_ONLY,,,alias 'accrued liabilities' appears only in notes
balance_sheet,CurrentAssets,2020,mapped,2449700000.0,2449.7,PASS,Current assets total,2022,"label='Current assets total' x1,000,000 sheet=2,449.700"
balance_sheet,CurrentCapitalLeaseObligation,2020,absent_on_face,0.0,,PASS,,,no face/notes hit
balance_sheet,CurrentDebt,2020,absent_on_face,0.0,,NOTE_ONLY,,,alias 'current portion of long term debt' appears only in notes
balance_sheet,CurrentDebtAndCapitalLeaseObligation,2020,absent_on_face,0.0,,PASS,,,no face/notes hit
balance_sheet,CurrentDeferredLiabilities,2020,absent_on_face,0.0,,PASS,,,no face/notes hit
balance_sheet,CurrentDeferredRevenue,2020,absent_on_face,0.0,,PASS,,,no face/notes hit
balance_sheet,CurrentDeferredTaxesLiabilities,2020,absent_on_face,0.0,,PASS,,,no face/notes hit
balance_sheet,CurrentLiabilities,2020,mapped,1348400000.0,1348.4,PASS,Current liabilities total,2022,"label='Current liabilities total' x1,000,000 sheet=1,348.400"
balance_sheet,FinishedGoods,2020,absent_on_face,0.0,,PASS,,,no face/notes hit
balance_sheet,GainsLossesNotAffectingRetainedEarnings,2020,mapped,-23700000.0,-23.7,PASS,Accumulated other comprehensive income (loss) Note 7,2022,"label='Accumulated other comprehensive income (loss) Note 7' x1,000,000 sheet=-23.700"
balance_sheet,Goodwill,2020,absent_on_face,0.0,,NOTE_ONLY,,,alias 'goodwill' appears only in notes
balance_sheet,GrossPPE,2020,absent_on_face,0.0,,PASS,,,no face/notes hit
balance_sheet,InventoriesAdjustmentsAllowances,2020,absent_on_face,0.0,,PASS,,,no face/notes hit
balance_sheet,Inventory,2020,absent_on_face,0.0,,NOTE_ONLY,,,alias 'inventory' appears only in notes
balance_sheet,InvestmentsAndAdvances,2020,absent_on_face,0.0,,NOTE_ONLY,,,alias 'investments' appears only in notes
balance_sheet,LandAndImprovements,2020,absent_on_face,0.0,,PASS,,,no face/notes hit
balance_sheet,LoansReceivable,2020,absent_on_face,0.0,,PASS,,,no face/notes hit
balance_sheet,LongTermCapitalLeaseObligation,2020,absent_on_face,0.0,,PASS,,,no face/notes hit
balance_sheet,LongTermDebt,2020,absent_on_face,0.0,,NOTE_ONLY,,,alias 'long term debt' appears only in notes
balance_sheet,LongTermDebtAndCapitalLeaseObligation,2020,absent_on_face,0.0,,PASS,,,no face/notes hit
balance_sheet,MachineryFurnitureEquipment,2020,absent_on_face,0.0,,NOTE_ONLY,,,alias 'equipment' appears only in notes
balance_sheet,MinorityInterest,2020,mapped,66500000.0,66.5,PASS,Non-controlling interests,2022,"label='Non-controlling interests' x1,000,000 sheet=66.500"
balance_sheet,NetPPE,2020,mapped,7653500000.0,7653.5,PASS,"Property, plant and equipment Note 7",2022,"label='Property, plant and equipment Note 7' x1,000,000 sheet=7,653.500"
balance_sheet,NonCurrentDeferredRevenue,2020,absent_on_face,0.0,,PASS,,,no face/notes hit
balance_sheet,NonCurrentDeferredTaxesLiabilities,2020,mapped,487800000.0,487.8,PASS,Deferred tax liabilities Note 18,2022,"label='Deferred tax liabilities Note 18' x1,000,000 sheet=487.800"
balance_sheet,NonCurrentPensionAndOtherPostretirementBenefitPlans,2020,absent_on_face,0.0,,PASS,,,no face/notes hit
balance_sheet,NotesReceivable,2020,absent_on_face,0.0,,PASS,,,no face/notes hit
balance_sheet,OtherCurrentLiabilities,2020,mapped,49700000.0,49.7,PASS,Other current liabilities Note 7,2022,"label='Other current liabilities Note 7' x1,000,000 sheet=49.700"
balance_sheet,OtherIntangibleAssets,2020,absent_on_face,0.0,,NOTE_ONLY,,,alias 'intangible assets' appears only in notes
balance_sheet,OtherInventories,2020,absent_on_face,0.0,,PASS,,,no face/notes hit
balance_sheet,OtherPayable,2020,absent_on_face,0.0,,PASS,,,no face/notes hit
balance_sheet,OtherReceivables,2020,absent_on_face,0.0,,PASS,,,no face/notes hit
balance_sheet,PayablesAndAccruedExpenses,2020,mapped,479200000.0,479.2,PASS,Accounts payable and accrued liabilities Note 7 $,2022,"label='Accounts payable and accrued liabilities Note 7 $' x1,000,000 sheet=479.200"
balance_sheet,PreferredStock,2020,absent_on_face,0.0,,PASS,,,no face/notes hit
balance_sheet,RawMaterials,2020,absent_on_face,0.0,,PASS,,,no face/notes hit
balance_sheet,Receivables,2020,absent_on_face,0.0,,NOTE_ONLY,,,alias 'receivables' appears only in notes
balance_sheet,RetainedEarnings,2020,mapped,-8562500000.0,-8562.5,PASS,Accumulated deficit,2022,"label='Accumulated deficit' x1,000,000 sheet=-8,562.500"
balance_sheet,ShortTermInvestments,2020,absent_on_face,0.0,,NOTE_ONLY,,,alias 'short term investments' appears only in notes
balance_sheet,StockholdersEquity,2020,mapped,6596500000.0,6596.5,PASS,Total common shareholders' equity,2022,"label=""Total common shareholders' equity"" x1,000,000 sheet=6,596.500"
balance_sheet,TotalAssets,2020,mapped,10933200000.0,10933.2,PASS,Total assets $,2022,"label='Total assets $' x1,000,000 sheet=10,933.200"
balance_sheet,TotalEquityGrossMinorityInterest,2020,mapped,6663000000.0,6663,PASS,Total equity $,2022,"label='Total equity $' x1,000,000 sheet=6,663.000"
balance_sheet,TotalLiabilities,2020,mapped,4270200000.0,4270.2,PASS,Total liabilities $,2022,"label='Total liabilities $' x1,000,000 sheet=4,270.200"
balance_sheet,TotalTaxPayable,2020,absent_on_face,0.0,,PASS,,,no face/notes hit
balance_sheet,TreasuryStock,2020,absent_on_face,0.0,,PASS,,,no face/notes hit
balance_sheet,WorkInProcess,2020,absent_on_face,0.0,,PASS,,,no face/notes hit
cash_flow,AssetImpairmentCharge,2020,absent_on_face,0.0,,PASS,,,no face/notes hit
cash_flow,BeginningCashPosition,2020,mapped,575100000.0,575.1,PASS,"Cash and cash equivalents, beginning of period",2022,"label='Cash and cash equivalents, beginning of period' x1,000,000 sheet=575.100"
cash_flow,CashDividendsPaid,2020,absent_on_face,0.0,,NOTE_ONLY,,,alias 'dividends paid' appears only in notes
cash_flow,CashFromDiscontinuedInvestingActivities,2020,absent_on_face,0.0,,PASS,,,no face/notes hit
cash_flow,CashFromDiscontinuedOperatingActivities,2020,absent_on_face,0.0,,PASS,,,no face/notes hit
cash_flow,ChangeInInventory,2020,mapped,-6800000.0,-6.8,PASS,Inventories,2022,"label='Inventories' x1,000,000 sheet=-6.800"
cash_flow,ChangeInOtherWorkingCapital,2020,absent_on_face,0.0,,PASS,,,no face/notes hit
cash_flow,ChangeInPayablesAndAccruedExpense,2020,mapped,279000000.0,279,PASS,Accounts payable and accrued liabilities,2022,"label='Accounts payable and accrued liabilities' x1,000,000 sheet=279.000"
cash_flow,ChangeInPrepaidAssets,2020,absent_on_face,0.0,,NOTE_ONLY,,,alias 'prepaid expenses' appears only in notes
cash_flow,ChangeInReceivables,2020,absent_on_face,0.0,,NOTE_ONLY,,,alias 'accounts receivable' appears only in notes
cash_flow,ChangesInCash,2020,mapped,635800000.0,635.8,PASS,(Decrease) increase in cash and cash equivalents,2022,"label='(Decrease) increase in cash and cash equivalents' x1,000,000 sheet=635.800"
cash_flow,DepreciationAmortizationDepletion,2020,mapped,842300000.0,842.3,PASS,"Depreciation, depletion and amortization",2022,"label='Depreciation, depletion and amortization' x1,000,000 sheet=842.300"
cash_flow,EffectOfExchangeRateChanges,2020,absent_on_face,0.0,,NOTE_ONLY,,,alias 'effect of exchange rate changes' appears only in notes
cash_flow,EndCashPosition,2020,mapped,1210900000.0,1210.9,PASS,"Cash and cash equivalents, end of period $",2022,"label='Cash and cash equivalents, end of period $' x1,000,000 sheet=1,210.900"
cash_flow,FinancingCashFlow,2020,mapped,-67700000.0,-67.7,PASS,Net cash flow used in financing activities,2022,"label='Net cash flow used in financing activities' x1,000,000 sheet=-67.700"
cash_flow,IssuanceOfCapitalStock,2020,absent_on_face,0.0,,PASS,,,no face/notes hit
cash_flow,IssuanceOfDebt,2020,absent_on_face,0.0,,PASS,,,no face/notes hit
cash_flow,NetIncomeFromContinuingOperations,2020,mapped,1358700000.0,1358.7,PASS,Net earnings $,2022,"label='Net earnings $' x1,000,000 sheet=1,358.700"
cash_flow,NetIntangiblesPurchaseAndSale,2020,absent_on_face,0.0,,PASS,,,no face/notes hit
cash_flow,NetIssuancePaymentsOfDebt,2020,absent_on_face,0.0,,PASS,,,no face/notes hit
cash_flow,NetOtherFinancingCharges,2020,absent_on_face,0.0,,PASS,,,no face/notes hit
cash_flow,NetOtherInvestingChanges,2020,absent_on_face,0.0,,PASS,,,no face/notes hit
cash_flow,NetPreferredStockIssuance,2020,absent_on_face,0.0,,PASS,,,no face/notes hit
cash_flow,OtherNonCashItems,2020,absent_on_face,0.0,,PASS,,,no face/notes hit
cash_flow,PurchaseOfBusiness,2020,absent_on_face,0.0,,PASS,,,no face/notes hit
cash_flow,PurchaseOfInvestment,2020,absent_on_face,0.0,,PASS,,,no face/notes hit
cash_flow,PurchaseOfPPE,2020,mapped,-916100000.0,-916.1,PASS,"Additions to property, plant and equipment",2022,"label='Additions to property, plant and equipment' x1,000,000 sheet=-916.100"
cash_flow,RepaymentOfDebt,2020,absent_on_face,0.0,,BUG_FACE,Repayment of debt                                                                             (200.0)              (80.0),,zero-filled but concept on FACE (exact): 'Repayment of debt                                                                             (200.0)              (80.0)'
cash_flow,RepurchaseOfCapitalStock,2020,absent_on_face,0.0,,PASS,,,no face/notes hit
cash_flow,SaleOfInvestment,2020,absent_on_face,0.0,,PASS,,,no face/notes hit
cash_flow,SaleOfPPE,2020,absent_on_face,0.0,,PASS,,,no face/notes hit
cash_flow,StockBasedCompensation,2020,mapped,13700000.0,13.7,PASS,Share-based compensation,2022,"label='Share-based compensation' x1,000,000 sheet=13.700"
income_statement,CostOfRevenue,2020,mapped,1725700000.0,1725.7,PASS,Production cost of sales,2022,"label='Production cost of sales' x1,000,000 sheet=1,725.700"
income_statement,DepreciationAmortizationDepletion,2020,mapped,842300000.0,842.3,PASS,"Depreciation, depletion and amortization",2022,"label='Depreciation, depletion and amortization' x1,000,000 sheet=842.300"
income_statement,GrossProfit,2020,mapped,2296300000.0,2296.3,PASS,Gross profit,2022,"label='Gross profit' x1,000,000 sheet=2,296.300"
income_statement,InterestExpenseNonOperating,2020,absent_on_face,0.0,,PASS,,,no face/notes hit
income_statement,InterestIncomeNonOperating,2020,mapped,4300000.0,4.3,PASS,Finance income,2022,"label='Finance income' x1,000,000 sheet=4.300"
income_statement,MinorityInterests,2020,mapped,-16300000.0,16.3,PASS,Non-controlling interests $,2022,"label='Non-controlling interests $' x1,000,000 sheet=-16.300"
income_statement,NetIncome,2020,mapped,1358700000.0,1358.7,PASS,Net earnings $,2022,"label='Net earnings $' x1,000,000 sheet=1,358.700"
income_statement,NetIncomeDiscontinuousOperations,2020,absent_on_face,0.0,,PASS,,,no face/notes hit
income_statement,NetNonOperatingInterestIncomeExpense,2020,absent_on_face,0.0,,PASS,,,no face/notes hit
income_statement,OperatingIncome,2020,mapped,1899400000.0,1899.4,PASS,Operating earnings,2022,"label='Operating earnings' x1,000,000 sheet=1,899.400"
income_statement,OtherIncomeExpense,2020,absent_on_face,0.0,,NOTE_ONLY,,,alias 'foreign exchange loss' appears only in notes
income_statement,OtherOperatingExpenses,2020,absent_on_face,0.0,,NOTE_ONLY,,,alias 'office' appears only in notes
income_statement,PretaxIncome,2020,mapped,1798500000.0,1798.5,PASS,Earnings before tax,2022,"label='Earnings before tax' x1,000,000 sheet=1,798.500"
income_statement,ResearchAndDevelopment,2020,absent_on_face,0.0,,PASS,,,no face/notes hit
income_statement,SellingGeneralAndAdministration,2020,absent_on_face,0.0,,NOTE_ONLY,,,alias 'insurance' appears only in notes
balance_sheet,CashCashEquivalentsAndShortTermInvestments,2020,derived,1210900000.0,,PASS,,,identities clean
balance_sheet,NonCurrentDeferredLiabilities,2020,derived,487800000.0,,PASS,,,identities clean
balance_sheet,OtherCurrentAssets,2020,derived,1238800000.0,,PASS,,,identities clean
balance_sheet,OtherNonCurrentAssets,2020,derived,830000000.0,,PASS,,,identities clean
balance_sheet,OtherNonCurrentLiabilities,2020,derived,2434000000.0,,PASS,,,identities clean
balance_sheet,TotalNonCurrentAssets,2020,derived,8483500000.0,,PASS,,,identities clean
balance_sheet,TotalNonCurrentLiabilities,2020,derived,2921800000.0,,PASS,,,identities clean
cash_flow,CapitalExpenditure,2020,derived,-916100000.0,,PASS,,,identities clean
cash_flow,ChangeInWorkingCapital,2020,derived,272200000.0,,PASS,,,identities clean
cash_flow,FreeCashFlow,2020,derived,1147900000.0,,PASS,,,identities clean
cash_flow,InvestingCashFlow,2020,derived,-1360500000.0,,PASS,,,identities clean
income_statement,EBIT,2020,derived,1794200000.0,,PASS,,,identities clean
income_statement,EBITDA,2020,derived,2636500000.0,,PASS,,,identities clean
income_statement,NetIncomeContinuousOperations,2020,derived,1358700000.0,,PASS,,,identities clean
income_statement,OperatingExpense,2020,derived,0.0,,PASS,,,identities clean
income_statement,TaxProvision,2020,derived,439800000.0,,PASS,,,identities clean
income_statement,TotalRevenue,2020,derived,4022000000.0,,PASS,,,identities clean
balance_sheet,AccountsPayable,2021,absent_on_face,0.0,,PASS,,,no face/notes hit
balance_sheet,AccountsReceivable,2021,absent_on_face,0.0,,PASS,,,no face/notes hit
balance_sheet,AccumulatedDepreciation,2021,absent_on_face,0.0,,PASS,,,no face/notes hit
balance_sheet,AdditionalPaidInCapital,2021,mapped,10664400000.0,10664.4,PASS,Contributed surplus,2023,"label='Contributed surplus' x1,000,000 sheet=10,664.400"
balance_sheet,BuildingsAndImprovements,2021,absent_on_face,0.0,,PASS,,,no face/notes hit
balance_sheet,CashAndCashEquivalents,2021,mapped,531500000.0,531.5,PASS,Cash and cash equivalents Note 7 $,2023,"label='Cash and cash equivalents Note 7 $' x1,000,000 sheet=531.500"
balance_sheet,CommonStock,2021,absent_on_face,0.0,,PASS,,,no face/notes hit
balance_sheet,ConstructionInProgress,2021,absent_on_face,0.0,,PASS,,,no face/notes hit
balance_sheet,CurrentAccruedExpenses,2021,absent_on_face,0.0,,PASS,,,no face/notes hit
balance_sheet,CurrentAssets,2021,mapped,1948900000.0,1948.9,PASS,Current assets total,2023,"label='Current assets total' x1,000,000 sheet=1,948.900"
balance_sheet,CurrentCapitalLeaseObligation,2021,absent_on_face,0.0,,PASS,,,no face/notes hit
balance_sheet,CurrentDebt,2021,absent_on_face,0.0,,PASS,,,no face/notes hit
balance_sheet,CurrentDebtAndCapitalLeaseObligation,2021,absent_on_face,0.0,,PASS,,,no face/notes hit
balance_sheet,CurrentDeferredLiabilities,2021,absent_on_face,0.0,,PASS,,,no face/notes hit
balance_sheet,CurrentDeferredRevenue,2021,absent_on_face,0.0,,PASS,,,no face/notes hit
balance_sheet,CurrentDeferredTaxesLiabilities,2021,absent_on_face,0.0,,PASS,,,no face/notes hit
balance_sheet,CurrentLiabilities,2021,mapped,741400000.0,741.4,PASS,Current liabilities total,2023,"label='Current liabilities total' x1,000,000 sheet=741.400"
balance_sheet,FinishedGoods,2021,absent_on_face,0.0,,PASS,,,no face/notes hit
balance_sheet,GainsLossesNotAffectingRetainedEarnings,2021,mapped,-18800000.0,-18.8,PASS,Accumulated other comprehensive income (loss) Note 7,2023,"label='Accumulated other comprehensive income (loss) Note 7' x1,000,000 sheet=-18.800"
balance_sheet,Goodwill,2021,absent_on_face,0.0,,PASS,,,no face/notes hit
balance_sheet,GrossPPE,2021,absent_on_face,0.0,,PASS,,,no face/notes hit
balance_sheet,InventoriesAdjustmentsAllowances,2021,absent_on_face,0.0,,PASS,,,no face/notes hit
balance_sheet,Inventory,2021,absent_on_face,0.0,,PASS,,,no face/notes hit
balance_sheet,InvestmentsAndAdvances,2021,absent_on_face,0.0,,PASS,,,no face/notes hit
balance_sheet,LandAndImprovements,2021,absent_on_face,0.0,,PASS,,,no face/notes hit
balance_sheet,LoansReceivable,2021,absent_on_face,0.0,,PASS,,,no face/notes hit
balance_sheet,LongTermCapitalLeaseObligation,2021,absent_on_face,0.0,,PASS,,,no face/notes hit
balance_sheet,LongTermDebt,2021,absent_on_face,0.0,,PASS,,,no face/notes hit
balance_sheet,LongTermDebtAndCapitalLeaseObligation,2021,absent_on_face,0.0,,PASS,,,no face/notes hit
balance_sheet,MachineryFurnitureEquipment,2021,absent_on_face,0.0,,PASS,,,no face/notes hit
balance_sheet,MinorityInterest,2021,mapped,68700000.0,68.7,PASS,Non‐controlling interests,2023,"label='Non‐controlling interests' x1,000,000 sheet=68.700"
balance_sheet,NetPPE,2021,mapped,7617700000.0,7617.7,PASS,"Property, plant and equipment Note 7",2023,"label='Property, plant and equipment Note 7' x1,000,000 sheet=7,617.700"
balance_sheet,NonCurrentDeferredRevenue,2021,absent_on_face,0.0,,PASS,,,no face/notes hit
balance_sheet,NonCurrentDeferredTaxesLiabilities,2021,mapped,436800000.0,436.8,PASS,Deferred tax liabilities Note 17,2023,"label='Deferred tax liabilities Note 17' x1,000,000 sheet=436.800"
balance_sheet,NonCurrentPensionAndOtherPostretirementBenefitPlans,2021,absent_on_face,0.0,,PASS,,,no face/notes hit
balance_sheet,NotesReceivable,2021,absent_on_face,0.0,,PASS,,,no face/notes hit
balance_sheet,OtherCurrentLiabilities,2021,mapped,23700000.0,23.7,PASS,Other current liabilities Note 7,2023,"label='Other current liabilities Note 7' x1,000,000 sheet=23.700"
balance_sheet,OtherIntangibleAssets,2021,absent_on_face,0.0,,PASS,,,no face/notes hit
balance_sheet,OtherInventories,2021,absent_on_face,0.0,,PASS,,,no face/notes hit
balance_sheet,OtherPayable,2021,absent_on_face,0.0,,PASS,,,no face/notes hit
balance_sheet,OtherReceivables,2021,absent_on_face,0.0,,PASS,,,no face/notes hit
balance_sheet,PayablesAndAccruedExpenses,2021,mapped,492700000.0,492.7,PASS,Accounts payable and accrued liabilities Note 7 $,2023,"label='Accounts payable and accrued liabilities Note 7 $' x1,000,000 sheet=492.700"
balance_sheet,PreferredStock,2021,absent_on_face,0.0,,PASS,,,no face/notes hit
balance_sheet,RawMaterials,2021,absent_on_face,0.0,,PASS,,,no face/notes hit
balance_sheet,Receivables,2021,absent_on_face,0.0,,PASS,,,no face/notes hit
balance_sheet,RetainedEarnings,2021,mapped,-8492400000.0,-8492.4,PASS,Accumulated deficit,2023,"label='Accumulated deficit' x1,000,000 sheet=-8,492.400"
balance_sheet,ShortTermInvestments,2021,absent_on_face,0.0,,PASS,,,no face/notes hit
balance_sheet,StockholdersEquity,2021,mapped,6580900000.0,6580.9,PASS,Total common shareholders' equity,2023,"label=""Total common shareholders' equity"" x1,000,000 sheet=6,580.900"
balance_sheet,TotalAssets,2021,mapped,10428100000.0,10428.1,PASS,Total assets $,2023,"label='Total assets $' x1,000,000 sheet=10,428.100"
balance_sheet,TotalEquityGrossMinorityInterest,2021,mapped,6649600000.0,6649.6,PASS,Total equity $,2023,"label='Total equity $' x1,000,000 sheet=6,649.600"
balance_sheet,TotalLiabilities,2021,mapped,3778500000.0,3778.5,PASS,Total liabilities $,2023,"label='Total liabilities $' x1,000,000 sheet=3,778.500"
balance_sheet,TotalTaxPayable,2021,absent_on_face,0.0,,PASS,,,no face/notes hit
balance_sheet,TreasuryStock,2021,absent_on_face,0.0,,PASS,,,no face/notes hit
balance_sheet,WorkInProcess,2021,absent_on_face,0.0,,PASS,,,no face/notes hit
cash_flow,AssetImpairmentCharge,2021,absent_on_face,0.0,,PASS,,,no face/notes hit
cash_flow,BeginningCashPosition,2021,mapped,1210900000.0,1210.9,PASS,"Cash and cash equivalents, beginning of period",2023,"label='Cash and cash equivalents, beginning of period' x1,000,000 sheet=1,210.900"
cash_flow,CashDividendsPaid,2021,absent_on_face,0.0,,PASS,,,no face/notes hit
cash_flow,CashFromDiscontinuedInvestingActivities,2021,absent_on_face,0.0,,PASS,,,no face/notes hit
cash_flow,CashFromDiscontinuedOperatingActivities,2021,absent_on_face,0.0,,PASS,,,no face/notes hit
cash_flow,ChangeInInventory,2021,mapped,-125000000.0,-125,PASS,Inventories,2023,"label='Inventories' x1,000,000 sheet=-125.000"
cash_flow,ChangeInOtherWorkingCapital,2021,absent_on_face,0.0,,PASS,,,no face/notes hit
cash_flow,ChangeInPayablesAndAccruedExpense,2021,mapped,116200000.0,116.2,PASS,Accounts payable and accrued liabilities,2023,"label='Accounts payable and accrued liabilities' x1,000,000 sheet=116.200"
cash_flow,ChangeInPrepaidAssets,2021,absent_on_face,0.0,,PASS,,,no face/notes hit
cash_flow,ChangeInReceivables,2021,absent_on_face,0.0,,PASS,,,no face/notes hit
cash_flow,ChangesInCash,2021,mapped,-679400000.0,-679.4,PASS,Decrease in cash and cash equivalents,2023,"label='Decrease in cash and cash equivalents' x1,000,000 sheet=-679.400"
cash_flow,DepreciationAmortizationDepletion,2021,mapped,695700000.0,695.7,PASS,"Depreciation, depletion and amortization",2023,"label='Depreciation, depletion and amortization' x1,000,000 sheet=695.700"
cash_flow,EffectOfExchangeRateChanges,2021,absent_on_face,0.0,,PASS,,,no face/notes hit
cash_flow,EndCashPosition,2021,mapped,531500000.0,531.5,PASS,"Cash and cash equivalents, end of period $",2023,"label='Cash and cash equivalents, end of period $' x1,000,000 sheet=531.500"
cash_flow,FinancingCashFlow,2021,mapped,-623200000.0,-623.2,PASS,Net cash flow used in financing activities,2022,"label='Net cash flow used in financing activities' x1,000,000 sheet=-623.200"
cash_flow,IssuanceOfCapitalStock,2021,absent_on_face,0.0,,PASS,,,no face/notes hit
cash_flow,IssuanceOfDebt,2021,absent_on_face,0.0,,PASS,,,no face/notes hit
cash_flow,NetIncomeFromContinuingOperations,2021,mapped,218700000.0,218.7,PASS,Net earnings $,2022,"label='Net earnings $' x1,000,000 sheet=218.700"
cash_flow,NetIntangiblesPurchaseAndSale,2021,absent_on_face,0.0,,PASS,,,no face/notes hit
cash_flow,NetIssuancePaymentsOfDebt,2021,absent_on_face,0.0,,PASS,,,no face/notes hit
cash_flow,NetOtherFinancingCharges,2021,absent_on_face,0.0,,PASS,,,no face/notes hit
cash_flow,NetOtherInvestingChanges,2021,absent_on_face,0.0,,PASS,,,no face/notes hit
cash_flow,NetPreferredStockIssuance,2021,absent_on_face,0.0,,PASS,,,no face/notes hit
cash_flow,OtherNonCashItems,2021,absent_on_face,0.0,,PASS,,,no face/notes hit
cash_flow,PurchaseOfBusiness,2021,absent_on_face,0.0,,PASS,,,no face/notes hit
cash_flow,PurchaseOfInvestment,2021,absent_on_face,0.0,,PASS,,,no face/notes hit
cash_flow,PurchaseOfPPE,2021,mapped,-821700000.0,-821.7,PASS,"Additions to property, plant and equipment",2023,"label='Additions to property, plant and equipment' x1,000,000 sheet=-821.700"
cash_flow,RepaymentOfDebt,2021,absent_on_face,0.0,,PASS,,,no face/notes hit
cash_flow,RepurchaseOfCapitalStock,2021,absent_on_face,0.0,,PASS,,,no face/notes hit
cash_flow,SaleOfInvestment,2021,absent_on_face,0.0,,PASS,,,no face/notes hit
cash_flow,SaleOfPPE,2021,absent_on_face,0.0,,PASS,,,no face/notes hit
cash_flow,StockBasedCompensation,2021,mapped,10800000.0,10.8,PASS,Share‐based compensation,2023,"label='Share‐based compensation' x1,000,000 sheet=10.800"
income_statement,CostOfRevenue,2021,mapped,1218300000.0,1218.3,PASS,Production cost of sales,2023,"label='Production cost of sales' x1,000,000 sheet=1,218.300"
income_statement,DepreciationAmortizationDepletion,2021,mapped,695700000.0,695.7,PASS,"Depreciation, depletion and amortization",2023,"label='Depreciation, depletion and amortization' x1,000,000 sheet=695.700"
income_statement,GrossProfit,2021,mapped,541100000.0,541.1,PASS,Gross profit,2023,"label='Gross profit' x1,000,000 sheet=541.100"
income_statement,InterestExpenseNonOperating,2021,absent_on_face,0.0,,PASS,,,no face/notes hit
income_statement,InterestIncomeNonOperating,2021,mapped,10800000.0,10.8,PASS,Finance income,2023,"label='Finance income' x1,000,000 sheet=10.800"
income_statement,MinorityInterests,2021,mapped,800000.0,-0.8,PASS,Non‐controlling interests $,2023,"label='Non‐controlling interests $' x1,000,000 sheet=0.800"
income_statement,NetIncome,2021,mapped,218700000.0,218.7,PASS,Net earnings $,2022,"label='Net earnings $' x1,000,000 sheet=218.700"
income_statement,NetIncomeDiscontinuousOperations,2021,absent_on_face,0.0,,PASS,,,no face/notes hit
income_statement,NetNonOperatingInterestIncomeExpense,2021,absent_on_face,0.0,,PASS,,,no face/notes hit
income_statement,OperatingIncome,2021,mapped,72100000.0,72.1,PASS,Operating earnings,2023,"label='Operating earnings' x1,000,000 sheet=72.100"
income_statement,OtherIncomeExpense,2021,absent_on_face,0.0,,PASS,,,no face/notes hit
income_statement,OtherOperatingExpenses,2021,absent_on_face,0.0,,PASS,,,no face/notes hit
income_statement,PretaxIncome,2021,mapped,469400000.0,469.4,PASS,Earnings before tax,2022,"label='Earnings before tax' x1,000,000 sheet=469.400"
income_statement,ResearchAndDevelopment,2021,absent_on_face,0.0,,PASS,,,no face/notes hit
income_statement,SellingGeneralAndAdministration,2021,absent_on_face,0.0,,PASS,,,no face/notes hit
balance_sheet,CashCashEquivalentsAndShortTermInvestments,2021,derived,531500000.0,,PASS,,,identities clean
balance_sheet,NonCurrentDeferredLiabilities,2021,derived,436800000.0,,PASS,,,identities clean
balance_sheet,OtherCurrentAssets,2021,derived,1417400000.0,,PASS,,,identities clean
balance_sheet,OtherNonCurrentAssets,2021,derived,861500000.0,,PASS,,,identities clean
balance_sheet,OtherNonCurrentLiabilities,2021,derived,2600300000.0,,PASS,,,identities clean
balance_sheet,TotalNonCurrentAssets,2021,derived,8479200000.0,,PASS,,,identities clean
balance_sheet,TotalNonCurrentLiabilities,2021,derived,3037100000.0,,PASS,,,identities clean
cash_flow,CapitalExpenditure,2021,derived,-821700000.0,,PASS,,,identities clean
cash_flow,ChangeInWorkingCapital,2021,derived,-8800000.0,,PASS,,,identities clean
cash_flow,FreeCashFlow,2021,derived,31500000.0,,PASS,,,identities clean
cash_flow,InvestingCashFlow,2021,derived,-909400000.0,,PASS,,,identities clean
income_statement,EBIT,2021,derived,458600000.0,,PASS,,,identities clean
income_statement,EBITDA,2021,derived,1154300000.0,,PASS,,,identities clean
income_statement,NetIncomeContinuousOperations,2021,derived,218700000.0,,PASS,,,identities clean
income_statement,OperatingExpense,2021,derived,0.0,,PASS,,,identities clean
income_statement,TaxProvision,2021,derived,250700000.0,,PASS,,,identities clean
income_statement,TotalRevenue,2021,derived,1759400000.0,,PASS,,,identities clean
balance_sheet,AccountsPayable,2022,absent_on_face,0.0,,NOTE_ONLY,,,alias 'accounts payable' appears only in notes
balance_sheet,AccountsReceivable,2022,absent_on_face,0.0,,NOTE_ONLY,,,alias 'accounts receivable' appears only in notes
balance_sheet,AccumulatedDepreciation,2022,absent_on_face,0.0,,NOTE_ONLY,,,alias 'accumulated depreciation' appears only in notes
balance_sheet,AdditionalPaidInCapital,2022,mapped,10667500000.0,10667.5,PASS,Contributed surplus,2024,"label='Contributed surplus' x1,000,000 sheet=10,667.500"
balance_sheet,BuildingsAndImprovements,2022,absent_on_face,0.0,,PASS,,,no face/notes hit
balance_sheet,CashAndCashEquivalents,2022,mapped,418100000.0,418.1,PASS,Cash and cash equivalents Note 7 $,2024,"label='Cash and cash equivalents Note 7 $' x1,000,000 sheet=418.100"
balance_sheet,CommonStock,2022,absent_on_face,0.0,,NOTE_ONLY,,,alias 'common shares' appears only in notes
balance_sheet,ConstructionInProgress,2022,absent_on_face,0.0,,PASS,,,no face/notes hit
balance_sheet,CurrentAccruedExpenses,2022,absent_on_face,0.0,,NOTE_ONLY,,,alias 'accrued liabilities' appears only in notes
balance_sheet,CurrentAssets,2022,mapped,1852600000.0,1852.6,PASS,Current assets total,2024,"label='Current assets total' x1,000,000 sheet=1,852.600"
balance_sheet,CurrentCapitalLeaseObligation,2022,absent_on_face,0.0,,PASS,,,no face/notes hit
balance_sheet,CurrentDebt,2022,absent_on_face,0.0,,NOTE_ONLY,,,alias 'current portion of long term debt' appears only in notes
balance_sheet,CurrentDebtAndCapitalLeaseObligation,2022,absent_on_face,0.0,,PASS,,,no face/notes hit
balance_sheet,CurrentDeferredLiabilities,2022,absent_on_face,0.0,,PASS,,,no face/notes hit
balance_sheet,CurrentDeferredRevenue,2022,absent_on_face,0.0,,PASS,,,no face/notes hit
balance_sheet,CurrentDeferredTaxesLiabilities,2022,absent_on_face,0.0,,PASS,,,no face/notes hit
balance_sheet,CurrentLiabilities,2022,mapped,751500000.0,751.5,PASS,Current liabilities total,2024,"label='Current liabilities total' x1,000,000 sheet=751.500"
balance_sheet,FinishedGoods,2022,absent_on_face,0.0,,PASS,,,no face/notes hit
balance_sheet,GainsLossesNotAffectingRetainedEarnings,2022,mapped,-41700000.0,-41.7,PASS,Accumulated other comprehensive income (loss) Note 7,2024,"label='Accumulated other comprehensive income (loss) Note 7' x1,000,000 sheet=-41.700"
balance_sheet,Goodwill,2022,absent_on_face,0.0,,NOTE_ONLY,,,alias 'goodwill' appears only in notes
balance_sheet,GrossPPE,2022,absent_on_face,0.0,,PASS,,,no face/notes hit
balance_sheet,InventoriesAdjustmentsAllowances,2022,absent_on_face,0.0,,PASS,,,no face/notes hit
balance_sheet,Inventory,2022,absent_on_face,0.0,,NOTE_ONLY,,,alias 'inventory' appears only in notes
balance_sheet,InvestmentsAndAdvances,2022,absent_on_face,0.0,,NOTE_ONLY,,,alias 'investments' appears only in notes
balance_sheet,LandAndImprovements,2022,absent_on_face,0.0,,PASS,,,no face/notes hit
balance_sheet,LoansReceivable,2022,absent_on_face,0.0,,PASS,,,no face/notes hit
balance_sheet,LongTermCapitalLeaseObligation,2022,absent_on_face,0.0,,PASS,,,no face/notes hit
balance_sheet,LongTermDebt,2022,absent_on_face,0.0,,NOTE_ONLY,,,alias 'long term debt' appears only in notes
balance_sheet,LongTermDebtAndCapitalLeaseObligation,2022,absent_on_face,0.0,,PASS,,,no face/notes hit
balance_sheet,MachineryFurnitureEquipment,2022,absent_on_face,0.0,,NOTE_ONLY,,,alias 'equipment' appears only in notes
balance_sheet,MinorityInterest,2022,mapped,58500000.0,58.5,PASS,Non-controlling interests,2024,"label='Non-controlling interests' x1,000,000 sheet=58.500"
balance_sheet,NetPPE,2022,mapped,7741400000.0,7741.4,PASS,"Property, plant and equipment Note 7",2024,"label='Property, plant and equipment Note 7' x1,000,000 sheet=7,741.400"
balance_sheet,NonCurrentDeferredRevenue,2022,absent_on_face,0.0,,PASS,,,no face/notes hit
balance_sheet,NonCurrentDeferredTaxesLiabilities,2022,mapped,301500000.0,301.5,PASS,Deferred tax liabilities Note 17,2024,"label='Deferred tax liabilities Note 17' x1,000,000 sheet=301.500"
balance_sheet,NonCurrentPensionAndOtherPostretirementBenefitPlans,2022,absent_on_face,0.0,,PASS,,,no face/notes hit
balance_sheet,NotesReceivable,2022,absent_on_face,0.0,,PASS,,,no face/notes hit
balance_sheet,OtherCurrentLiabilities,2022,mapped,25300000.0,25.3,PASS,Other current liabilities Note 7,2024,"label='Other current liabilities Note 7' x1,000,000 sheet=25.300"
balance_sheet,OtherIntangibleAssets,2022,absent_on_face,0.0,,PASS,,,no face/notes hit
balance_sheet,OtherInventories,2022,absent_on_face,0.0,,PASS,,,no face/notes hit
balance_sheet,OtherPayable,2022,absent_on_face,0.0,,PASS,,,no face/notes hit
balance_sheet,OtherReceivables,2022,absent_on_face,0.0,,PASS,,,no face/notes hit
balance_sheet,PayablesAndAccruedExpenses,2022,mapped,550000000.0,550,PASS,Accounts payable and accrued liabilities Note 7 $,2024,"label='Accounts payable and accrued liabilities Note 7 $' x1,000,000 sheet=550.000"
balance_sheet,PreferredStock,2022,absent_on_face,0.0,,PASS,,,no face/notes hit
balance_sheet,RawMaterials,2022,absent_on_face,0.0,,PASS,,,no face/notes hit
balance_sheet,Receivables,2022,absent_on_face,0.0,,NOTE_ONLY,,,alias 'receivables' appears only in notes
balance_sheet,RetainedEarnings,2022,mapped,-9251600000.0,-9251.6,PASS,Accumulated deficit,2024,"label='Accumulated deficit' x1,000,000 sheet=-9,251.600"
balance_sheet,ShortTermInvestments,2022,absent_on_face,0.0,,NOTE_ONLY,,,alias 'short term investments' appears only in notes
balance_sheet,StockholdersEquity,2022,mapped,5823700000.0,5823.7,PASS,Total common shareholders' equity,2024,"label=""Total common shareholders' equity"" x1,000,000 sheet=5,823.700"
balance_sheet,TotalAssets,2022,mapped,10396400000.0,10396.4,PASS,Total assets $,2024,"label='Total assets $' x1,000,000 sheet=10,396.400"
balance_sheet,TotalEquityGrossMinorityInterest,2022,mapped,5882200000.0,5882.2,PASS,Total equity $,2024,"label='Total equity $' x1,000,000 sheet=5,882.200"
balance_sheet,TotalLiabilities,2022,mapped,4514200000.0,4514.2,PASS,Total liabilities $,2024,"label='Total liabilities $' x1,000,000 sheet=4,514.200"
balance_sheet,TotalTaxPayable,2022,absent_on_face,0.0,,PASS,,,no face/notes hit
balance_sheet,TreasuryStock,2022,absent_on_face,0.0,,PASS,,,no face/notes hit
balance_sheet,WorkInProcess,2022,absent_on_face,0.0,,PASS,,,no face/notes hit
cash_flow,AssetImpairmentCharge,2022,absent_on_face,0.0,,PASS,,,no face/notes hit
cash_flow,BeginningCashPosition,2022,mapped,531500000.0,531.5,PASS,"Cash and cash equivalents, beginning of period",2024,"label='Cash and cash equivalents, beginning of period' x1,000,000 sheet=531.500"
cash_flow,CashDividendsPaid,2022,absent_on_face,0.0,,NOTE_ONLY,,,alias 'dividends paid' appears only in notes
cash_flow,CashFromDiscontinuedInvestingActivities,2022,absent_on_face,0.0,,PASS,,,no face/notes hit
cash_flow,CashFromDiscontinuedOperatingActivities,2022,absent_on_face,0.0,,PASS,,,no face/notes hit
cash_flow,ChangeInInventory,2022,mapped,-261600000.00000003,-261.6,PASS,Inventories,2024,"label='Inventories' x1,000,000 sheet=-261.600"
cash_flow,ChangeInOtherWorkingCapital,2022,absent_on_face,0.0,,PASS,,,no face/notes hit
cash_flow,ChangeInPayablesAndAccruedExpense,2022,mapped,130400000.0,130.4,PASS,Accounts payable and accrued liabilities,2024,"label='Accounts payable and accrued liabilities' x1,000,000 sheet=130.400"
cash_flow,ChangeInPrepaidAssets,2022,absent_on_face,0.0,,NOTE_ONLY,,,alias 'prepaid expenses' appears only in notes
cash_flow,ChangeInReceivables,2022,absent_on_face,0.0,,NOTE_ONLY,,,alias 'accounts receivable' appears only in notes
cash_flow,ChangesInCash,2022,mapped,-113400000.0,-113.4,PASS,Decrease in cash and cash equivalents,2024,"label='Decrease in cash and cash equivalents' x1,000,000 sheet=-113.400"
cash_flow,DepreciationAmortizationDepletion,2022,mapped,784000000.0,784,PASS,"Depreciation, depletion and amortization",2024,"label='Depreciation, depletion and amortization' x1,000,000 sheet=784.000"
cash_flow,EffectOfExchangeRateChanges,2022,absent_on_face,0.0,,NOTE_ONLY,,,alias 'effect of exchange rate changes' appears only in notes
cash_flow,EndCashPosition,2022,mapped,418100000.0,418.1,PASS,"Cash and cash equivalents, end of period $",2024,"label='Cash and cash equivalents, end of period $' x1,000,000 sheet=418.100"
cash_flow,IssuanceOfCapitalStock,2022,absent_on_face,0.0,,PASS,,,no face/notes hit
cash_flow,IssuanceOfDebt,2022,absent_on_face,0.0,,PASS,,,no face/notes hit
cash_flow,NetIntangiblesPurchaseAndSale,2022,absent_on_face,0.0,,PASS,,,no face/notes hit
cash_flow,NetIssuancePaymentsOfDebt,2022,absent_on_face,0.0,,PASS,,,no face/notes hit
cash_flow,NetOtherFinancingCharges,2022,absent_on_face,0.0,,PASS,,,no face/notes hit
cash_flow,NetOtherInvestingChanges,2022,absent_on_face,0.0,,PASS,,,no face/notes hit
cash_flow,NetPreferredStockIssuance,2022,absent_on_face,0.0,,PASS,,,no face/notes hit
cash_flow,OtherNonCashItems,2022,absent_on_face,0.0,,PASS,,,no face/notes hit
cash_flow,PurchaseOfBusiness,2022,absent_on_face,0.0,,PASS,,,no face/notes hit
cash_flow,PurchaseOfInvestment,2022,absent_on_face,0.0,,PASS,,,no face/notes hit
cash_flow,PurchaseOfPPE,2022,mapped,-764200000.0,-764.2,PASS,"Additions to property, plant and equipment",2024,"label='Additions to property, plant and equipment' x1,000,000 sheet=-764.200"
cash_flow,RepaymentOfDebt,2022,absent_on_face,0.0,,NOTE_ONLY,,,alias 'repayment of debt' appears only in notes
cash_flow,RepurchaseOfCapitalStock,2022,absent_on_face,0.0,,PASS,,,no face/notes hit
cash_flow,SaleOfInvestment,2022,absent_on_face,0.0,,PASS,,,no face/notes hit
cash_flow,SaleOfPPE,2022,absent_on_face,0.0,,PASS,,,no face/notes hit
cash_flow,StockBasedCompensation,2022,mapped,9300000.0,9.3,PASS,Share-based compensation,2024,"label='Share-based compensation' x1,000,000 sheet=9.300"
income_statement,CostOfRevenue,2022,mapped,1805700000.0,,SUSPECT,Less: non-controlling interest(b) production cost of sales,2025,printed cell not locatable in raw_line_items
income_statement,DepreciationAmortizationDepletion,2022,mapped,784000000.0,784,PASS,"Depreciation, depletion and amortization",2024,"label='Depreciation, depletion and amortization' x1,000,000 sheet=784.000"
income_statement,GrossProfit,2022,mapped,515400000.0,515.4,PASS,Gross profit,2024,"label='Gross profit' x1,000,000 sheet=515.400"
income_statement,InterestExpenseNonOperating,2022,absent_on_face,0.0,,PASS,,,no face/notes hit
income_statement,InterestIncomeNonOperating,2022,mapped,18300000.0,18.3,PASS,Finance income,2024,"label='Finance income' x1,000,000 sheet=18.300"
income_statement,MinorityInterests,2022,mapped,1300000.0,-1.3,PASS,Non-controlling interests $,2024,"label='Non-controlling interests $' x1,000,000 sheet=1.300"
income_statement,NetIncomeDiscontinuousOperations,2022,absent_on_face,0.0,,PASS,,,no face/notes hit
income_statement,NetNonOperatingInterestIncomeExpense,2022,absent_on_face,0.0,,PASS,,,no face/notes hit
income_statement,OperatingIncome,2022,mapped,117700000.0,117.7,PASS,Operating earnings,2024,"label='Operating earnings' x1,000,000 sheet=117.700"
income_statement,OtherIncomeExpense,2022,absent_on_face,0.0,,NOTE_ONLY,,,alias 'foreign exchange loss' appears only in notes
income_statement,OtherOperatingExpenses,2022,absent_on_face,0.0,,NOTE_ONLY,,,alias 'office' appears only in notes
income_statement,ResearchAndDevelopment,2022,absent_on_face,0.0,,PASS,,,no face/notes hit
income_statement,SellingGeneralAndAdministration,2022,absent_on_face,0.0,,NOTE_ONLY,,,alias 'travel' appears only in notes
income_statement,TaxProvision,2022,absent_on_face,0.0,,NOTE_ONLY,,,alias 'income tax expense' appears only in notes
balance_sheet,CashCashEquivalentsAndShortTermInvestments,2022,derived,418100000.0,,PASS,,,identities clean
balance_sheet,NonCurrentDeferredLiabilities,2022,derived,301500000.0,,PASS,,,identities clean
balance_sheet,OtherCurrentAssets,2022,derived,1434500000.0,,PASS,,,identities clean
balance_sheet,OtherNonCurrentAssets,2022,derived,802400000.0,,PASS,,,identities clean
balance_sheet,OtherNonCurrentLiabilities,2022,derived,3461200000.0,,PASS,,,identities clean
balance_sheet,TotalNonCurrentAssets,2022,derived,8543800000.0,,PASS,,,identities clean
balance_sheet,TotalNonCurrentLiabilities,2022,derived,3762700000.0,,PASS,,,identities clean
cash_flow,CapitalExpenditure,2022,derived,-764200000.0,,PASS,,,identities clean
cash_flow,ChangeInWorkingCapital,2022,derived,-131200000.00000003,,PASS,,,identities clean
cash_flow,FreeCashFlow,2022,derived,379000000.0,,PASS,,,identities clean
income_statement,OperatingExpense,2022,derived,0.0,,PASS,,,identities clean
income_statement,TotalRevenue,2022,derived,2321100000.0,,PASS,,,identities clean
balance_sheet,AccountsPayable,2023,absent_on_face,0.0,,NOTE_ONLY,,,alias 'accounts payable' appears only in notes
balance_sheet,AccountsReceivable,2023,absent_on_face,0.0,,NOTE_ONLY,,,alias 'accounts receivable' appears only in notes
balance_sheet,AccumulatedDepreciation,2023,absent_on_face,0.0,,NOTE_ONLY,,,alias 'accumulated depreciation' appears only in notes
balance_sheet,AdditionalPaidInCapital,2023,mapped,10646000000.0,10646,PASS,Contributed surplus,2024,"label='Contributed surplus' x1,000,000 sheet=10,646.000"
balance_sheet,BuildingsAndImprovements,2023,absent_on_face,0.0,,PASS,,,no face/notes hit
balance_sheet,CashAndCashEquivalents,2023,mapped,352400000.0,352.4,PASS,Cash and cash equivalents Note 7 $,2024,"label='Cash and cash equivalents Note 7 $' x1,000,000 sheet=352.400"
balance_sheet,CommonStock,2023,absent_on_face,0.0,,NOTE_ONLY,,,alias 'common shares' appears only in notes
balance_sheet,ConstructionInProgress,2023,absent_on_face,0.0,,PASS,,,no face/notes hit
balance_sheet,CurrentAccruedExpenses,2023,absent_on_face,0.0,,NOTE_ONLY,,,alias 'accrued liabilities' appears only in notes
balance_sheet,CurrentAssets,2023,mapped,1802300000.0,1802.3,PASS,Current assets total,2024,"label='Current assets total' x1,000,000 sheet=1,802.300"
balance_sheet,CurrentCapitalLeaseObligation,2023,absent_on_face,0.0,,PASS,,,no face/notes hit
balance_sheet,CurrentDebt,2023,absent_on_face,0.0,,NOTE_ONLY,,,alias 'current portion of long term debt' appears only in notes
balance_sheet,CurrentDebtAndCapitalLeaseObligation,2023,absent_on_face,0.0,,PASS,,,no face/notes hit
balance_sheet,CurrentDeferredLiabilities,2023,absent_on_face,0.0,,PASS,,,no face/notes hit
balance_sheet,CurrentDeferredRevenue,2023,absent_on_face,0.0,,PASS,,,no face/notes hit
balance_sheet,CurrentDeferredTaxesLiabilities,2023,absent_on_face,0.0,,PASS,,,no face/notes hit
balance_sheet,CurrentLiabilities,2023,mapped,685500000.0,685.5,PASS,Current liabilities total,2024,"label='Current liabilities total' x1,000,000 sheet=685.500"
balance_sheet,FinishedGoods,2023,absent_on_face,0.0,,PASS,,,no face/notes hit
balance_sheet,GainsLossesNotAffectingRetainedEarnings,2023,mapped,-61300000.0,-61.3,PASS,Accumulated other comprehensive income (loss) Note 7,2024,"label='Accumulated other comprehensive income (loss) Note 7' x1,000,000 sheet=-61.300"
balance_sheet,Goodwill,2023,absent_on_face,0.0,,NOTE_ONLY,,,alias 'goodwill' appears only in notes
balance_sheet,GrossPPE,2023,absent_on_face,0.0,,PASS,,,no face/notes hit
balance_sheet,InventoriesAdjustmentsAllowances,2023,absent_on_face,0.0,,PASS,,,no face/notes hit
balance_sheet,Inventory,2023,absent_on_face,0.0,,NOTE_ONLY,,,alias 'inventory' appears only in notes
balance_sheet,InvestmentsAndAdvances,2023,absent_on_face,0.0,,NOTE_ONLY,,,alias 'investments' appears only in notes
balance_sheet,LandAndImprovements,2023,absent_on_face,0.0,,PASS,,,no face/notes hit
balance_sheet,LoansReceivable,2023,absent_on_face,0.0,,PASS,,,no face/notes hit
balance_sheet,LongTermCapitalLeaseObligation,2023,absent_on_face,0.0,,PASS,,,no face/notes hit
balance_sheet,LongTermDebt,2023,absent_on_face,0.0,,NOTE_ONLY,,,alias 'long term debt' appears only in notes
balance_sheet,LongTermDebtAndCapitalLeaseObligation,2023,absent_on_face,0.0,,PASS,,,no face/notes hit
balance_sheet,MachineryFurnitureEquipment,2023,absent_on_face,0.0,,NOTE_ONLY,,,alias 'equipment' appears only in notes
balance_sheet,MinorityInterest,2023,mapped,102000000.0,102,PASS,Non-controlling interests,2024,"label='Non-controlling interests' x1,000,000 sheet=102.000"
balance_sheet,NetPPE,2023,mapped,7963200000.0,7963.2,PASS,"Property, plant and equipment Note 7",2024,"label='Property, plant and equipment Note 7' x1,000,000 sheet=7,963.200"
balance_sheet,NonCurrentDeferredRevenue,2023,absent_on_face,0.0,,PASS,,,no face/notes hit
balance_sheet,NonCurrentDeferredTaxesLiabilities,2023,mapped,449700000.0,449.7,PASS,Deferred tax liabilities Note 17,2024,"label='Deferred tax liabilities Note 17' x1,000,000 sheet=449.700"
balance_sheet,NonCurrentPensionAndOtherPostretirementBenefitPlans,2023,absent_on_face,0.0,,PASS,,,no face/notes hit
balance_sheet,NotesReceivable,2023,absent_on_face,0.0,,PASS,,,no face/notes hit
balance_sheet,OtherCurrentLiabilities,2023,mapped,12300000.0,12.3,PASS,Other current liabilities Note 7,2024,"label='Other current liabilities Note 7' x1,000,000 sheet=12.300"
balance_sheet,OtherIntangibleAssets,2023,absent_on_face,0.0,,PASS,,,no face/notes hit
balance_sheet,OtherInventories,2023,absent_on_face,0.0,,PASS,,,no face/notes hit
balance_sheet,OtherPayable,2023,absent_on_face,0.0,,PASS,,,no face/notes hit
balance_sheet,OtherReceivables,2023,absent_on_face,0.0,,NOTE_ONLY,,,alias 'other receivables' appears only in notes
balance_sheet,PayablesAndAccruedExpenses,2023,mapped,531500000.0,531.5,PASS,Accounts payable and accrued liabilities Note 7 $,2024,"label='Accounts payable and accrued liabilities Note 7 $' x1,000,000 sheet=531.500"
balance_sheet,PreferredStock,2023,absent_on_face,0.0,,PASS,,,no face/notes hit
balance_sheet,RawMaterials,2023,absent_on_face,0.0,,PASS,,,no face/notes hit
balance_sheet,Receivables,2023,absent_on_face,0.0,,NOTE_ONLY,,,alias 'receivables' appears only in notes
balance_sheet,RetainedEarnings,2023,mapped,-8982600000.0,-8982.6,PASS,Accumulated deficit,2024,"label='Accumulated deficit' x1,000,000 sheet=-8,982.600"
balance_sheet,ShortTermInvestments,2023,absent_on_face,0.0,,NOTE_ONLY,,,alias 'short term investments' appears only in notes
balance_sheet,StockholdersEquity,2023,mapped,6083700000.0,6083.7,PASS,Total common shareholders' equity,2024,"label=""Total common shareholders' equity"" x1,000,000 sheet=6,083.700"
balance_sheet,TotalAssets,2023,mapped,10543300000.0,10543.3,PASS,Total assets $,2024,"label='Total assets $' x1,000,000 sheet=10,543.300"
balance_sheet,TotalEquityGrossMinorityInterest,2023,mapped,6185700000.0,6185.7,PASS,Total equity $,2024,"label='Total equity $' x1,000,000 sheet=6,185.700"
balance_sheet,TotalLiabilities,2023,mapped,4357600000.0,4357.6,PASS,Total liabilities $,2024,"label='Total liabilities $' x1,000,000 sheet=4,357.600"
balance_sheet,TotalTaxPayable,2023,absent_on_face,0.0,,PASS,,,no face/notes hit
balance_sheet,TreasuryStock,2023,absent_on_face,0.0,,PASS,,,no face/notes hit
balance_sheet,WorkInProcess,2023,absent_on_face,0.0,,PASS,,,no face/notes hit
cash_flow,AssetImpairmentCharge,2023,absent_on_face,0.0,,PASS,,,no face/notes hit
cash_flow,BeginningCashPosition,2023,mapped,418100000.0,418.1,PASS,"Cash and cash equivalents, beginning of period",2024,"label='Cash and cash equivalents, beginning of period' x1,000,000 sheet=418.100"
cash_flow,CashDividendsPaid,2023,absent_on_face,0.0,,NOTE_ONLY,,,alias 'dividends paid' appears only in notes
cash_flow,CashFromDiscontinuedInvestingActivities,2023,absent_on_face,0.0,,PASS,,,no face/notes hit
cash_flow,CashFromDiscontinuedOperatingActivities,2023,absent_on_face,0.0,,PASS,,,no face/notes hit
cash_flow,ChangeInInventory,2023,mapped,-91400000.0,-91.4,PASS,Inventories,2024,"label='Inventories' x1,000,000 sheet=-91.400"
cash_flow,ChangeInOtherWorkingCapital,2023,absent_on_face,0.0,,PASS,,,no face/notes hit
cash_flow,ChangeInPayablesAndAccruedExpense,2023,mapped,95500000.0,95.5,PASS,Accounts payable and accrued liabilities,2024,"label='Accounts payable and accrued liabilities' x1,000,000 sheet=95.500"
cash_flow,ChangeInPrepaidAssets,2023,absent_on_face,0.0,,NOTE_ONLY,,,alias 'prepaid expenses' appears only in notes
cash_flow,ChangeInReceivables,2023,absent_on_face,0.0,,NOTE_ONLY,,,alias 'accounts receivable' appears only in notes
cash_flow,ChangesInCash,2023,mapped,-65700000.0,-65.7,PASS,Decrease in cash and cash equivalents,2024,"label='Decrease in cash and cash equivalents' x1,000,000 sheet=-65.700"
cash_flow,DepreciationAmortizationDepletion,2023,mapped,986800000.0,986.8,PASS,"Depreciation, depletion and amortization",2024,"label='Depreciation, depletion and amortization' x1,000,000 sheet=986.800"
cash_flow,EffectOfExchangeRateChanges,2023,absent_on_face,0.0,,NOTE_ONLY,,,alias 'effect of exchange rate changes' appears only in notes
cash_flow,EndCashPosition,2023,mapped,352400000.0,352.4,PASS,"Cash and cash equivalents, end of period $",2024,"label='Cash and cash equivalents, end of period $' x1,000,000 sheet=352.400"
cash_flow,IssuanceOfCapitalStock,2023,absent_on_face,0.0,,PASS,,,no face/notes hit
cash_flow,IssuanceOfDebt,2023,absent_on_face,0.0,,PASS,,,no face/notes hit
cash_flow,NetIntangiblesPurchaseAndSale,2023,absent_on_face,0.0,,PASS,,,no face/notes hit
cash_flow,NetIssuancePaymentsOfDebt,2023,absent_on_face,0.0,,PASS,,,no face/notes hit
cash_flow,NetOtherFinancingCharges,2023,absent_on_face,0.0,,PASS,,,no face/notes hit
cash_flow,NetOtherInvestingChanges,2023,absent_on_face,0.0,,PASS,,,no face/notes hit
cash_flow,NetPreferredStockIssuance,2023,absent_on_face,0.0,,PASS,,,no face/notes hit
cash_flow,OtherNonCashItems,2023,absent_on_face,0.0,,PASS,,,no face/notes hit
cash_flow,PurchaseOfBusiness,2023,absent_on_face,0.0,,PASS,,,no face/notes hit
cash_flow,PurchaseOfInvestment,2023,absent_on_face,0.0,,PASS,,,no face/notes hit
cash_flow,PurchaseOfPPE,2023,mapped,-1098300000.0,-1098.3,PASS,"Additions to property, plant and equipment",2024,"label='Additions to property, plant and equipment' x1,000,000 sheet=-1,098.300"
cash_flow,RepaymentOfDebt,2023,absent_on_face,0.0,,NOTE_ONLY,,,alias 'repayment of debt' appears only in notes
cash_flow,RepurchaseOfCapitalStock,2023,absent_on_face,0.0,,PASS,,,no face/notes hit
cash_flow,SaleOfInvestment,2023,absent_on_face,0.0,,PASS,,,no face/notes hit
cash_flow,SaleOfPPE,2023,absent_on_face,0.0,,PASS,,,no face/notes hit
cash_flow,StockBasedCompensation,2023,mapped,6700000.0,6.7,PASS,Share-based compensation,2024,"label='Share-based compensation' x1,000,000 sheet=6.700"
income_statement,CostOfRevenue,2023,mapped,2054400000.0,,SUSPECT,Less: non-controlling interest(b) production cost of sales,2025,printed cell not locatable in raw_line_items
income_statement,DepreciationAmortizationDepletion,2023,mapped,986800000.0,986.8,PASS,"Depreciation, depletion and amortization",2024,"label='Depreciation, depletion and amortization' x1,000,000 sheet=986.800"
income_statement,GrossProfit,2023,mapped,1159600000.0,1159.6,PASS,Gross profit,2024,"label='Gross profit' x1,000,000 sheet=1,159.600"
income_statement,InterestExpenseNonOperating,2023,absent_on_face,0.0,,PASS,,,no face/notes hit
income_statement,InterestIncomeNonOperating,2023,mapped,40500000.0,40.5,PASS,Finance income,2024,"label='Finance income' x1,000,000 sheet=40.500"
income_statement,MinorityInterests,2023,mapped,900000.0,-0.9,PASS,Non-controlling interests $,2024,"label='Non-controlling interests $' x1,000,000 sheet=0.900"
income_statement,NetIncomeDiscontinuousOperations,2023,absent_on_face,0.0,,PASS,,,no face/notes hit
income_statement,NetNonOperatingInterestIncomeExpense,2023,absent_on_face,0.0,,PASS,,,no face/notes hit
income_statement,OperatingIncome,2023,mapped,801400000.0,801.4,PASS,Operating earnings,2024,"label='Operating earnings' x1,000,000 sheet=801.400"
income_statement,OtherIncomeExpense,2023,absent_on_face,0.0,,NOTE_ONLY,,,alias 'foreign exchange loss' appears only in notes
income_statement,OtherOperatingExpenses,2023,absent_on_face,0.0,,NOTE_ONLY,,,alias 'office' appears only in notes
income_statement,ResearchAndDevelopment,2023,absent_on_face,0.0,,PASS,,,no face/notes hit
income_statement,SellingGeneralAndAdministration,2023,absent_on_face,0.0,,NOTE_ONLY,,,alias 'insurance' appears only in notes
income_statement,TaxProvision,2023,absent_on_face,0.0,,NOTE_ONLY,,,alias 'income tax expense' appears only in notes
balance_sheet,CashCashEquivalentsAndShortTermInvestments,2023,derived,352400000.0,,PASS,,,identities clean
balance_sheet,NonCurrentDeferredLiabilities,2023,derived,449700000.0,,PASS,,,identities clean
balance_sheet,OtherCurrentAssets,2023,derived,1449900000.0,,PASS,,,identities clean
balance_sheet,OtherNonCurrentAssets,2023,derived,777800000.0,,PASS,,,identities clean
balance_sheet,OtherNonCurrentLiabilities,2023,derived,3222400000.0,,PASS,,,identities clean
balance_sheet,TotalNonCurrentAssets,2023,derived,8741000000.0,,PASS,,,identities clean
balance_sheet,TotalNonCurrentLiabilities,2023,derived,3672100000.0,,PASS,,,identities clean
cash_flow,CapitalExpenditure,2023,derived,-1098300000.0,,PASS,,,identities clean
cash_flow,ChangeInWorkingCapital,2023,derived,4100000.0,,PASS,,,identities clean
cash_flow,FreeCashFlow,2023,derived,644400000.0,,PASS,,,identities clean
income_statement,OperatingExpense,2023,derived,0.0,,PASS,,,identities clean
income_statement,TotalRevenue,2023,derived,3214000000.0,,PASS,,,identities clean
balance_sheet,AccountsPayable,2024,absent_on_face,0.0,,NOTE_ONLY,,,alias 'accounts payable' appears only in notes
balance_sheet,AccountsReceivable,2024,absent_on_face,0.0,,NOTE_ONLY,,,alias 'accounts receivable' appears only in notes
balance_sheet,AccumulatedDepreciation,2024,absent_on_face,0.0,,NOTE_ONLY,,,alias 'accumulated depreciation' appears only in notes
balance_sheet,AdditionalPaidInCapital,2024,mapped,10643000000.0,10643,PASS,Contributed surplus,2026,"label='Contributed surplus' x1,000,000 sheet=10,643.000"
balance_sheet,BuildingsAndImprovements,2024,absent_on_face,0.0,,PASS,,,no face/notes hit
balance_sheet,CashAndCashEquivalents,2024,mapped,611500000.0,611.5,PASS,Cash and cash equivalents Note 7 $,2026,"label='Cash and cash equivalents Note 7 $' x1,000,000 sheet=611.500"
balance_sheet,CommonStock,2024,absent_on_face,0.0,,NOTE_ONLY,,,alias 'common shares' appears only in notes
balance_sheet,ConstructionInProgress,2024,absent_on_face,0.0,,PASS,,,no face/notes hit
balance_sheet,CurrentAccruedExpenses,2024,absent_on_face,0.0,,NOTE_ONLY,,,alias 'accrued liabilities' appears only in notes
balance_sheet,CurrentAssets,2024,mapped,2126699999.9999998,2126.7,PASS,Current assets total,2026,"label='Current assets total' x1,000,000 sheet=2,126.700"
balance_sheet,CurrentCapitalLeaseObligation,2024,absent_on_face,0.0,,PASS,,,no face/notes hit
balance_sheet,CurrentDebt,2024,mapped,199900000.0,199.9,PASS,Current portion of long-term debt Note 11,2026,"label='Current portion of long-term debt Note 11' x1,000,000 sheet=199.900"
balance_sheet,CurrentDeferredLiabilities,2024,absent_on_face,0.0,,PASS,,,no face/notes hit
balance_sheet,CurrentDeferredRevenue,2024,absent_on_face,0.0,,PASS,,,no face/notes hit
balance_sheet,CurrentDeferredTaxesLiabilities,2024,absent_on_face,0.0,,PASS,,,no face/notes hit
balance_sheet,CurrentLiabilities,2024,mapped,1060099999.9999999,1060.1,PASS,Current liabilities total,2026,"label='Current liabilities total' x1,000,000 sheet=1,060.100"
balance_sheet,FinishedGoods,2024,absent_on_face,0.0,,PASS,,,no face/notes hit
balance_sheet,GainsLossesNotAffectingRetainedEarnings,2024,mapped,-87400000.0,-87.4,PASS,Accumulated other comprehensive loss,2026,"label='Accumulated other comprehensive loss' x1,000,000 sheet=-87.400"
balance_sheet,Goodwill,2024,absent_on_face,0.0,,NOTE_ONLY,,,alias 'goodwill' appears only in notes
balance_sheet,GrossPPE,2024,absent_on_face,0.0,,PASS,,,no face/notes hit
balance_sheet,InventoriesAdjustmentsAllowances,2024,absent_on_face,0.0,,PASS,,,no face/notes hit
balance_sheet,Inventory,2024,absent_on_face,0.0,,NOTE_ONLY,,,alias 'inventory' appears only in notes
balance_sheet,InvestmentsAndAdvances,2024,mapped,51900000.0,51.9,PASS,Long-term investments,2026,"label='Long-term investments' x1,000,000 sheet=51.900"
balance_sheet,LandAndImprovements,2024,absent_on_face,0.0,,PASS,,,no face/notes hit
balance_sheet,LoansReceivable,2024,absent_on_face,0.0,,PASS,,,no face/notes hit
balance_sheet,LongTermCapitalLeaseObligation,2024,absent_on_face,0.0,,PASS,,,no face/notes hit
balance_sheet,LongTermDebt,2024,absent_on_face,0.0,,NOTE_ONLY,,,alias 'long term debt' appears only in notes
balance_sheet,LongTermDebtAndCapitalLeaseObligation,2024,absent_on_face,0.0,,PASS,,,no face/notes hit
balance_sheet,MachineryFurnitureEquipment,2024,absent_on_face,0.0,,NOTE_ONLY,,,alias 'equipment' appears only in notes
balance_sheet,MinorityInterest,2024,mapped,139000000.0,139,PASS,Non-controlling interests,2026,"label='Non-controlling interests' x1,000,000 sheet=139.000"
balance_sheet,NetPPE,2024,absent_on_face,0.0,,BUG_FACE,"Property, plant and equipment                                           Note 7         7,963.2            7,741.4",,"zero-filled but concept on FACE (fuzzy): 'Property, plant and equipment                                           Note 7         7,963.2            7,741.4'"
balance_sheet,NonCurrentDeferredRevenue,2024,absent_on_face,0.0,,PASS,,,no face/notes hit
balance_sheet,NonCurrentDeferredTaxesLiabilities,2024,mapped,549000000.0,549,PASS,Deferred tax liabilities Note 16,2026,"label='Deferred tax liabilities Note 16' x1,000,000 sheet=549.000"
balance_sheet,NonCurrentPensionAndOtherPostretirementBenefitPlans,2024,absent_on_face,0.0,,PASS,,,no face/notes hit
balance_sheet,NotesReceivable,2024,absent_on_face,0.0,,PASS,,,no face/notes hit
balance_sheet,OtherCurrentAssets,2024,mapped,4500000.0,4.5,PASS,Other current assets,2026,"label='Other current assets' x1,000,000 sheet=4.500"
balance_sheet,OtherCurrentLiabilities,2024,mapped,18000000.0,18,PASS,Other current liabilities,2026,"label='Other current liabilities' x1,000,000 sheet=18.000"
balance_sheet,OtherIntangibleAssets,2024,absent_on_face,0.0,,PASS,,,no face/notes hit
balance_sheet,OtherInventories,2024,absent_on_face,0.0,,PASS,,,no face/notes hit
balance_sheet,OtherPayable,2024,absent_on_face,0.0,,PASS,,,no face/notes hit
balance_sheet,OtherReceivables,2024,absent_on_face,0.0,,PASS,,,no face/notes hit
balance_sheet,PayablesAndAccruedExpenses,2024,mapped,543000000.0,543,PASS,Accounts payable and accrued liabilities Note 7 $,2026,"label='Accounts payable and accrued liabilities Note 7 $' x1,000,000 sheet=543.000"
balance_sheet,PreferredStock,2024,absent_on_face,0.0,,PASS,,,no face/notes hit
balance_sheet,RawMaterials,2024,absent_on_face,0.0,,PASS,,,no face/notes hit
balance_sheet,Receivables,2024,absent_on_face,0.0,,NOTE_ONLY,,,alias 'receivables' appears only in notes
balance_sheet,RetainedEarnings,2024,mapped,-8181300000.0,-8181.3,PASS,Accumulated deficit,2026,"label='Accumulated deficit' x1,000,000 sheet=-8,181.300"
balance_sheet,ShortTermInvestments,2024,absent_on_face,0.0,,PASS,,,no face/notes hit
balance_sheet,StockholdersEquity,2024,mapped,6861600000.0,6861.6,PASS,Total common shareholders' equity,2026,"label=""Total common shareholders' equity"" x1,000,000 sheet=6,861.600"
balance_sheet,TotalAssets,2024,mapped,10865600000.0,10865.6,PASS,Total assets $,2026,"label='Total assets $' x1,000,000 sheet=10,865.600"
balance_sheet,TotalEquityGrossMinorityInterest,2024,mapped,7000600000.0,7000.6,PASS,Total equity $,2026,"label='Total equity $' x1,000,000 sheet=7,000.600"
balance_sheet,TotalLiabilities,2024,mapped,3865000000.0,3865,PASS,Total liabilities $,2026,"label='Total liabilities $' x1,000,000 sheet=3,865.000"
balance_sheet,TotalTaxPayable,2024,absent_on_face,0.0,,PASS,,,no face/notes hit
balance_sheet,TreasuryStock,2024,absent_on_face,0.0,,PASS,,,no face/notes hit
balance_sheet,WorkInProcess,2024,absent_on_face,0.0,,PASS,,,no face/notes hit
cash_flow,AssetImpairmentCharge,2024,absent_on_face,0.0,,PASS,,,no face/notes hit
cash_flow,BeginningCashPosition,2024,mapped,352400000.0,352.4,PASS,"Cash and cash equivalents, beginning of period",2026,"label='Cash and cash equivalents, beginning of period' x1,000,000 sheet=352.400"
cash_flow,CashDividendsPaid,2024,absent_on_face,0.0,,NOTE_ONLY,,,alias 'dividends paid' appears only in notes
cash_flow,CashFromDiscontinuedInvestingActivities,2024,absent_on_face,0.0,,PASS,,,no face/notes hit
cash_flow,CashFromDiscontinuedOperatingActivities,2024,absent_on_face,0.0,,PASS,,,no face/notes hit
cash_flow,ChangeInInventory,2024,mapped,14300000.0,14.3,PASS,Inventories,2026,"label='Inventories' x1,000,000 sheet=14.300"
cash_flow,ChangeInOtherWorkingCapital,2024,absent_on_face,0.0,,PASS,,,no face/notes hit
cash_flow,ChangeInPayablesAndAccruedExpense,2024,mapped,26000000.0,26,PASS,Accounts payable and accrued liabilities,2026,"label='Accounts payable and accrued liabilities' x1,000,000 sheet=26.000"
cash_flow,ChangeInPrepaidAssets,2024,absent_on_face,0.0,,NOTE_ONLY,,,alias 'prepaid expenses' appears only in notes
cash_flow,ChangeInReceivables,2024,absent_on_face,0.0,,NOTE_ONLY,,,alias 'accounts receivable' appears only in notes
cash_flow,ChangesInCash,2024,mapped,259100000.00000003,259.1,PASS,Increase in cash and cash equivalents,2026,"label='Increase in cash and cash equivalents' x1,000,000 sheet=259.100"
cash_flow,DepreciationAmortizationDepletion,2024,mapped,1147500000.0,1147.5,PASS,"Depreciation, depletion and amortization",2026,"label='Depreciation, depletion and amortization' x1,000,000 sheet=1,147.500"
cash_flow,EffectOfExchangeRateChanges,2024,absent_on_face,0.0,,NOTE_ONLY,,,alias 'effect of exchange rate changes' appears only in notes
cash_flow,EndCashPosition,2024,mapped,611500000.0,611.5,PASS,"Cash and cash equivalents, end of period $",2026,"label='Cash and cash equivalents, end of period $' x1,000,000 sheet=611.500"
cash_flow,FinancingCashFlow,2024,mapped,-1005900000.0,-1005.9,PASS,Net cash flow used in financing activities,2026,"label='Net cash flow used in financing activities' x1,000,000 sheet=-1,005.900"
cash_flow,IssuanceOfCapitalStock,2024,absent_on_face,0.0,,PASS,,,no face/notes hit
cash_flow,IssuanceOfDebt,2024,absent_on_face,0.0,,PASS,,,no face/notes hit
cash_flow,NetIncomeFromContinuingOperations,2024,mapped,994000000.0,994,PASS,Net earnings $,2026,"label='Net earnings $' x1,000,000 sheet=994.000"
cash_flow,NetIntangiblesPurchaseAndSale,2024,absent_on_face,0.0,,PASS,,,no face/notes hit
cash_flow,NetIssuancePaymentsOfDebt,2024,absent_on_face,0.0,,PASS,,,no face/notes hit
cash_flow,NetOtherFinancingCharges,2024,absent_on_face,0.0,,PASS,,,no face/notes hit
cash_flow,NetOtherInvestingChanges,2024,absent_on_face,0.0,,NOTE_ONLY,,,alias 'exploration and evaluation expenditures' appears only in notes
cash_flow,NetPreferredStockIssuance,2024,absent_on_face,0.0,,PASS,,,no face/notes hit
cash_flow,OtherNonCashItems,2024,absent_on_face,0.0,,PASS,,,no face/notes hit
cash_flow,PurchaseOfBusiness,2024,absent_on_face,0.0,,PASS,,,no face/notes hit
cash_flow,PurchaseOfInvestment,2024,absent_on_face,0.0,,PASS,,,no face/notes hit
cash_flow,PurchaseOfPPE,2024,mapped,-1075500000.0,-1075.5,PASS,"Additions to property, plant and equipment",2026,"label='Additions to property, plant and equipment' x1,000,000 sheet=-1,075.500"
cash_flow,RepaymentOfDebt,2024,absent_on_face,0.0,,NOTE_ONLY,,,alias 'repayment of debt' appears only in notes
cash_flow,RepurchaseOfCapitalStock,2024,absent_on_face,0.0,,PASS,,,no face/notes hit
cash_flow,SaleOfInvestment,2024,absent_on_face,0.0,,PASS,,,no face/notes hit
cash_flow,SaleOfPPE,2024,absent_on_face,0.0,,PASS,,,no face/notes hit
cash_flow,StockBasedCompensation,2024,mapped,9000000.0,9,PASS,Share-based compensation,2026,"label='Share-based compensation' x1,000,000 sheet=9.000"
income_statement,CostOfRevenue,2024,mapped,2197100000.0,2197.1,PASS,Production cost of sales,2026,"label='Production cost of sales' x1,000,000 sheet=2,197.100"
income_statement,DepreciationAmortizationDepletion,2024,mapped,1147500000.0,1147.5,PASS,"Depreciation, depletion and amortization",2026,"label='Depreciation, depletion and amortization' x1,000,000 sheet=1,147.500"
income_statement,GrossProfit,2024,mapped,1878300000.0,1878.3,PASS,Gross profit,2026,"label='Gross profit' x1,000,000 sheet=1,878.300"
income_statement,InterestExpenseNonOperating,2024,absent_on_face,0.0,,PASS,,,no face/notes hit
income_statement,InterestIncomeNonOperating,2024,mapped,18200000.0,18.2,PASS,Finance income,2026,"label='Finance income' x1,000,000 sheet=18.200"
income_statement,MinorityInterests,2024,mapped,-45200000.0,45.2,PASS,Non-controlling interests $,2026,"label='Non-controlling interests $' x1,000,000 sheet=-45.200"
income_statement,NetIncome,2024,mapped,994000000.0,994,PASS,Net earnings $,2026,"label='Net earnings $' x1,000,000 sheet=994.000"
income_statement,NetIncomeDiscontinuousOperations,2024,absent_on_face,0.0,,PASS,,,no face/notes hit
income_statement,NetNonOperatingInterestIncomeExpense,2024,absent_on_face,0.0,,PASS,,,no face/notes hit
income_statement,OperatingIncome,2024,mapped,1540300000.0,1540.3,PASS,Operating earnings,2026,"label='Operating earnings' x1,000,000 sheet=1,540.300"
income_statement,OtherIncomeExpense,2024,absent_on_face,0.0,,NOTE_ONLY,,,alias 'foreign exchange loss' appears only in notes
income_statement,OtherOperatingExpenses,2024,absent_on_face,0.0,,NOTE_ONLY,,,alias 'office' appears only in notes
income_statement,PretaxIncome,2024,mapped,1481400000.0,1481.4,PASS,Earnings before tax,2026,"label='Earnings before tax' x1,000,000 sheet=1,481.400"
income_statement,ResearchAndDevelopment,2024,absent_on_face,0.0,,PASS,,,no face/notes hit
income_statement,SellingGeneralAndAdministration,2024,absent_on_face,0.0,,NOTE_ONLY,,,alias 'insurance' appears only in notes
balance_sheet,CashCashEquivalentsAndShortTermInvestments,2024,derived,611500000.0,,PASS,,,identities clean
balance_sheet,CurrentDebtAndCapitalLeaseObligation,2024,derived,199900000.0,,PASS,,,identities clean
balance_sheet,NonCurrentDeferredLiabilities,2024,derived,549000000.0,,PASS,,,identities clean
balance_sheet,OtherNonCurrentAssets,2024,derived,8687000000.0,,PASS,,,identities clean
balance_sheet,OtherNonCurrentLiabilities,2024,derived,2255900000.0,,PASS,,,identities clean
balance_sheet,TotalNonCurrentAssets,2024,derived,8738900000.0,,PASS,,,identities clean
balance_sheet,TotalNonCurrentLiabilities,2024,derived,2804900000.0,,PASS,,,identities clean
cash_flow,CapitalExpenditure,2024,derived,-1075500000.0,,PASS,,,identities clean
cash_flow,ChangeInWorkingCapital,2024,derived,40300000.0,,PASS,,,identities clean
cash_flow,FreeCashFlow,2024,derived,1549100000.0,,PASS,,,identities clean
cash_flow,InvestingCashFlow,2024,derived,-1359600000.0,,PASS,,,identities clean
income_statement,EBIT,2024,derived,1463200000.0,,PASS,,,identities clean
income_statement,EBITDA,2024,derived,2610700000.0,,PASS,,,identities clean
income_statement,NetIncomeContinuousOperations,2024,derived,994000000.0,,PASS,,,identities clean
income_statement,OperatingExpense,2024,derived,0.0,,PASS,,,identities clean
income_statement,TaxProvision,2024,derived,487400000.0,,PASS,,,identities clean
income_statement,TotalRevenue,2024,derived,4075400000.0,,PASS,,,identities clean
balance_sheet,AccountsPayable,2025,absent_on_face,0.0,,NOTE_ONLY,,,alias 'accounts payable' appears only in notes
balance_sheet,AccountsReceivable,2025,absent_on_face,0.0,,NOTE_ONLY,,,alias 'accounts receivable' appears only in notes
balance_sheet,AccumulatedDepreciation,2025,absent_on_face,0.0,,PASS,,,no face/notes hit
balance_sheet,AdditionalPaidInCapital,2025,mapped,10137600000.0,10137.6,PASS,Contributed surplus,2026,"label='Contributed surplus' x1,000,000 sheet=10,137.600"
balance_sheet,BuildingsAndImprovements,2025,absent_on_face,0.0,,PASS,,,no face/notes hit
balance_sheet,CashAndCashEquivalents,2025,mapped,1742300000.0,1742.3,PASS,Cash and cash equivalents Note 7 $,2026,"label='Cash and cash equivalents Note 7 $' x1,000,000 sheet=1,742.300"
balance_sheet,CommonStock,2025,absent_on_face,0.0,,NOTE_ONLY,,,alias 'common shares' appears only in notes
balance_sheet,ConstructionInProgress,2025,absent_on_face,0.0,,PASS,,,no face/notes hit
balance_sheet,CurrentAccruedExpenses,2025,absent_on_face,0.0,,NOTE_ONLY,,,alias 'accrued liabilities' appears only in notes
balance_sheet,CurrentAssets,2025,mapped,3288500000.0,3288.5,PASS,Current assets total,2026,"label='Current assets total' x1,000,000 sheet=3,288.500"
balance_sheet,CurrentCapitalLeaseObligation,2025,absent_on_face,0.0,,PASS,,,no face/notes hit
balance_sheet,CurrentDebt,2025,absent_on_face,0.0,,NOTE_ONLY,,,alias 'current portion of long term debt' appears only in notes
balance_sheet,CurrentDebtAndCapitalLeaseObligation,2025,absent_on_face,0.0,,PASS,,,no face/notes hit
balance_sheet,CurrentDeferredLiabilities,2025,absent_on_face,0.0,,PASS,,,no face/notes hit
balance_sheet,CurrentDeferredRevenue,2025,absent_on_face,0.0,,PASS,,,no face/notes hit
balance_sheet,CurrentDeferredTaxesLiabilities,2025,absent_on_face,0.0,,PASS,,,no face/notes hit
balance_sheet,CurrentLiabilities,2025,mapped,1399600000.0,1399.6,PASS,Current liabilities total,2026,"label='Current liabilities total' x1,000,000 sheet=1,399.600"
balance_sheet,FinishedGoods,2025,absent_on_face,0.0,,PASS,,,no face/notes hit
balance_sheet,GainsLossesNotAffectingRetainedEarnings,2025,mapped,-300000.0,-0.3,PASS,Accumulated other comprehensive loss,2026,"label='Accumulated other comprehensive loss' x1,000,000 sheet=-0.300"
balance_sheet,Goodwill,2025,absent_on_face,0.0,,NOTE_ONLY,,,alias 'goodwill' appears only in notes
balance_sheet,GrossPPE,2025,absent_on_face,0.0,,PASS,,,no face/notes hit
balance_sheet,InventoriesAdjustmentsAllowances,2025,absent_on_face,0.0,,PASS,,,no face/notes hit
balance_sheet,Inventory,2025,absent_on_face,0.0,,NOTE_ONLY,,,alias 'inventory' appears only in notes
balance_sheet,InvestmentsAndAdvances,2025,mapped,99300000.0,99.3,PASS,Long-term investments,2026,"label='Long-term investments' x1,000,000 sheet=99.300"
balance_sheet,LandAndImprovements,2025,absent_on_face,0.0,,PASS,,,no face/notes hit
balance_sheet,LoansReceivable,2025,absent_on_face,0.0,,PASS,,,no face/notes hit
balance_sheet,LongTermCapitalLeaseObligation,2025,absent_on_face,0.0,,PASS,,,no face/notes hit
balance_sheet,LongTermDebt,2025,absent_on_face,0.0,,NOTE_ONLY,,,alias 'long term debt' appears only in notes
balance_sheet,LongTermDebtAndCapitalLeaseObligation,2025,absent_on_face,0.0,,PASS,,,no face/notes hit
balance_sheet,MachineryFurnitureEquipment,2025,absent_on_face,0.0,,NOTE_ONLY,,,alias 'equipment' appears only in notes
balance_sheet,MinorityInterest,2025,mapped,118100000.0,118.1,PASS,Non-controlling interests,2026,"label='Non-controlling interests' x1,000,000 sheet=118.100"
balance_sheet,NetPPE,2025,absent_on_face,0.0,,NOTE_ONLY,,,alias 'property plant and equipment' appears only in notes
balance_sheet,NonCurrentDeferredRevenue,2025,absent_on_face,0.0,,PASS,,,no face/notes hit
balance_sheet,NonCurrentDeferredTaxesLiabilities,2025,mapped,537800000.0,537.8,PASS,Deferred tax liabilities Note 16,2026,"label='Deferred tax liabilities Note 16' x1,000,000 sheet=537.800"
balance_sheet,NonCurrentPensionAndOtherPostretirementBenefitPlans,2025,absent_on_face,0.0,,PASS,,,no face/notes hit
balance_sheet,NotesReceivable,2025,absent_on_face,0.0,,PASS,,,no face/notes hit
balance_sheet,OtherCurrentAssets,2025,mapped,16600000.000000002,16.6,PASS,Other current assets,2026,"label='Other current assets' x1,000,000 sheet=16.600"
balance_sheet,OtherCurrentLiabilities,2025,mapped,13300000.0,13.3,PASS,Other current liabilities,2026,"label='Other current liabilities' x1,000,000 sheet=13.300"
balance_sheet,OtherIntangibleAssets,2025,absent_on_face,0.0,,PASS,,,no face/notes hit
balance_sheet,OtherInventories,2025,absent_on_face,0.0,,PASS,,,no face/notes hit
balance_sheet,OtherPayable,2025,absent_on_face,0.0,,PASS,,,no face/notes hit
balance_sheet,OtherReceivables,2025,absent_on_face,0.0,,PASS,,,no face/notes hit
balance_sheet,PayablesAndAccruedExpenses,2025,mapped,716400000.0,716.4,PASS,Accounts payable and accrued liabilities Note 7 $,2026,"label='Accounts payable and accrued liabilities Note 7 $' x1,000,000 sheet=716.400"
balance_sheet,PreferredStock,2025,absent_on_face,0.0,,PASS,,,no face/notes hit
balance_sheet,RawMaterials,2025,absent_on_face,0.0,,PASS,,,no face/notes hit
balance_sheet,Receivables,2025,absent_on_face,0.0,,PASS,,,no face/notes hit
balance_sheet,RetainedEarnings,2025,mapped,-5943300000.0,-5943.3,PASS,Accumulated deficit,2026,"label='Accumulated deficit' x1,000,000 sheet=-5,943.300"
balance_sheet,ShortTermInvestments,2025,absent_on_face,0.0,,PASS,,,no face/notes hit
balance_sheet,StockholdersEquity,2025,mapped,8576000000.0,8576,PASS,Total common shareholders' equity,2026,"label=""Total common shareholders' equity"" x1,000,000 sheet=8,576.000"
balance_sheet,TotalAssets,2025,mapped,12411100000.0,12411.1,PASS,Total assets $,2026,"label='Total assets $' x1,000,000 sheet=12,411.100"
balance_sheet,TotalEquityGrossMinorityInterest,2025,mapped,8694100000.0,8694.1,PASS,Total equity $,2026,"label='Total equity $' x1,000,000 sheet=8,694.100"
balance_sheet,TotalLiabilities,2025,mapped,3717000000.0,3717,PASS,Total liabilities $,2026,"label='Total liabilities $' x1,000,000 sheet=3,717.000"
balance_sheet,TotalTaxPayable,2025,absent_on_face,0.0,,PASS,,,no face/notes hit
balance_sheet,TreasuryStock,2025,absent_on_face,0.0,,PASS,,,no face/notes hit
balance_sheet,WorkInProcess,2025,absent_on_face,0.0,,PASS,,,no face/notes hit
cash_flow,AssetImpairmentCharge,2025,absent_on_face,0.0,,PASS,,,no face/notes hit
cash_flow,BeginningCashPosition,2025,mapped,611500000.0,611.5,PASS,"Cash and cash equivalents, beginning of period",2026,"label='Cash and cash equivalents, beginning of period' x1,000,000 sheet=611.500"
cash_flow,CashDividendsPaid,2025,absent_on_face,0.0,,NOTE_ONLY,,,alias 'dividends paid' appears only in notes
cash_flow,CashFromDiscontinuedInvestingActivities,2025,absent_on_face,0.0,,PASS,,,no face/notes hit
cash_flow,CashFromDiscontinuedOperatingActivities,2025,absent_on_face,0.0,,PASS,,,no face/notes hit
cash_flow,ChangeInInventory,2025,mapped,-83900000.0,-83.9,PASS,Inventories,2026,"label='Inventories' x1,000,000 sheet=-83.900"
cash_flow,ChangeInOtherWorkingCapital,2025,absent_on_face,0.0,,PASS,,,no face/notes hit
cash_flow,ChangeInPayablesAndAccruedExpense,2025,mapped,114100000.0,114.1,PASS,Accounts payable and accrued liabilities,2026,"label='Accounts payable and accrued liabilities' x1,000,000 sheet=114.100"
cash_flow,ChangeInPrepaidAssets,2025,absent_on_face,0.0,,PASS,,,no face/notes hit
cash_flow,ChangeInReceivables,2025,absent_on_face,0.0,,NOTE_ONLY,,,alias 'accounts receivable' appears only in notes
cash_flow,ChangesInCash,2025,mapped,1130800000.0,1130.8,PASS,Increase in cash and cash equivalents,2026,"label='Increase in cash and cash equivalents' x1,000,000 sheet=1,130.800"
cash_flow,DepreciationAmortizationDepletion,2025,mapped,1105000000.0,1105,PASS,"Depreciation, depletion and amortization",2026,"label='Depreciation, depletion and amortization' x1,000,000 sheet=1,105.000"
cash_flow,EffectOfExchangeRateChanges,2025,absent_on_face,0.0,,NOTE_ONLY,,,alias 'effect of exchange rate changes' appears only in notes
cash_flow,EndCashPosition,2025,mapped,1742300000.0,1742.3,PASS,"Cash and cash equivalents, end of period $",2026,"label='Cash and cash equivalents, end of period $' x1,000,000 sheet=1,742.300"
cash_flow,FinancingCashFlow,2025,mapped,-1628000000.0,-1628,PASS,Net cash flow used in financing activities,2026,"label='Net cash flow used in financing activities' x1,000,000 sheet=-1,628.000"
cash_flow,IssuanceOfCapitalStock,2025,absent_on_face,0.0,,PASS,,,no face/notes hit
cash_flow,IssuanceOfDebt,2025,absent_on_face,0.0,,PASS,,,no face/notes hit
cash_flow,NetIncomeFromContinuingOperations,2025,mapped,2470000000.0,2470,PASS,Net earnings $,2026,"label='Net earnings $' x1,000,000 sheet=2,470.000"
cash_flow,NetIntangiblesPurchaseAndSale,2025,absent_on_face,0.0,,PASS,,,no face/notes hit
cash_flow,NetIssuancePaymentsOfDebt,2025,absent_on_face,0.0,,PASS,,,no face/notes hit
cash_flow,NetOtherFinancingCharges,2025,absent_on_face,0.0,,PASS,,,no face/notes hit
cash_flow,NetOtherInvestingChanges,2025,absent_on_face,0.0,,NOTE_ONLY,,,alias 'exploration and evaluation expenditures' appears only in notes
cash_flow,NetPreferredStockIssuance,2025,absent_on_face,0.0,,PASS,,,no face/notes hit
cash_flow,OtherNonCashItems,2025,absent_on_face,0.0,,PASS,,,no face/notes hit
cash_flow,PurchaseOfBusiness,2025,absent_on_face,0.0,,PASS,,,no face/notes hit
cash_flow,PurchaseOfInvestment,2025,absent_on_face,0.0,,PASS,,,no face/notes hit
cash_flow,PurchaseOfPPE,2025,mapped,-1194200000.0,-1194.2,PASS,"Additions to property, plant and equipment",2026,"label='Additions to property, plant and equipment' x1,000,000 sheet=-1,194.200"
cash_flow,RepaymentOfDebt,2025,absent_on_face,0.0,,NOTE_ONLY,,,alias 'repayment of debt' appears only in notes
cash_flow,RepurchaseOfCapitalStock,2025,absent_on_face,0.0,,PASS,,,no face/notes hit
cash_flow,SaleOfInvestment,2025,absent_on_face,0.0,,PASS,,,no face/notes hit
cash_flow,SaleOfPPE,2025,absent_on_face,0.0,,PASS,,,no face/notes hit
cash_flow,StockBasedCompensation,2025,mapped,13100000.0,13.1,PASS,Share-based compensation,2026,"label='Share-based compensation' x1,000,000 sheet=13.100"
income_statement,CostOfRevenue,2025,mapped,2346400000.0,2346.4,PASS,Production cost of sales,2026,"label='Production cost of sales' x1,000,000 sheet=2,346.400"
income_statement,DepreciationAmortizationDepletion,2025,mapped,1105000000.0,1105,PASS,"Depreciation, depletion and amortization",2026,"label='Depreciation, depletion and amortization' x1,000,000 sheet=1,105.000"
income_statement,GrossProfit,2025,mapped,3715800000.0,3715.8,PASS,Gross profit,2026,"label='Gross profit' x1,000,000 sheet=3,715.800"
income_statement,InterestExpenseNonOperating,2025,absent_on_face,0.0,,PASS,,,no face/notes hit
income_statement,InterestIncomeNonOperating,2025,mapped,73000000.0,73,PASS,Finance income,2026,"label='Finance income' x1,000,000 sheet=73.000"
income_statement,MinorityInterests,2025,mapped,-79900000.0,79.9,PASS,Non-controlling interests $,2026,"label='Non-controlling interests $' x1,000,000 sheet=-79.900"
income_statement,NetIncome,2025,mapped,2470000000.0,2470,PASS,Net earnings $,2026,"label='Net earnings $' x1,000,000 sheet=2,470.000"
income_statement,NetIncomeDiscontinuousOperations,2025,absent_on_face,0.0,,PASS,,,no face/notes hit
income_statement,NetNonOperatingInterestIncomeExpense,2025,absent_on_face,0.0,,PASS,,,no face/notes hit
income_statement,OperatingIncome,2025,mapped,3277600000.0,3277.6,PASS,Operating earnings,2026,"label='Operating earnings' x1,000,000 sheet=3,277.600"
income_statement,OtherIncomeExpense,2025,absent_on_face,0.0,,NOTE_ONLY,,,alias 'foreign exchange loss' appears only in notes
income_statement,OtherOperatingExpenses,2025,absent_on_face,0.0,,NOTE_ONLY,,,alias 'office' appears only in notes
income_statement,PretaxIncome,2025,mapped,3194700000.0,3194.7,PASS,Earnings before tax,2026,"label='Earnings before tax' x1,000,000 sheet=3,194.700"
income_statement,ResearchAndDevelopment,2025,absent_on_face,0.0,,PASS,,,no face/notes hit
income_statement,SellingGeneralAndAdministration,2025,absent_on_face,0.0,,NOTE_ONLY,,,alias 'insurance' appears only in notes
balance_sheet,CashCashEquivalentsAndShortTermInvestments,2025,derived,1742300000.0,,PASS,,,identities clean
balance_sheet,NonCurrentDeferredLiabilities,2025,derived,537800000.0,,PASS,,,identities clean
balance_sheet,OtherNonCurrentAssets,2025,derived,9023300000.0,,PASS,,,identities clean
balance_sheet,OtherNonCurrentLiabilities,2025,derived,1779600000.0,,PASS,,,identities clean
balance_sheet,TotalNonCurrentAssets,2025,derived,9122600000.0,,PASS,,,identities clean
balance_sheet,TotalNonCurrentLiabilities,2025,derived,2317400000.0,,PASS,,,identities clean
cash_flow,CapitalExpenditure,2025,derived,-1194200000.0,,PASS,,,identities clean
cash_flow,ChangeInWorkingCapital,2025,derived,30200000.0,,PASS,,,identities clean
cash_flow,FreeCashFlow,2025,derived,2984699999.9999995,,PASS,,,identities clean
cash_flow,InvestingCashFlow,2025,derived,-1420099999.9999995,,PASS,,,identities clean
income_statement,EBIT,2025,derived,3121700000.0,,PASS,,,identities clean
income_statement,EBITDA,2025,derived,4226700000.0,,PASS,,,identities clean
income_statement,NetIncomeContinuousOperations,2025,derived,2470000000.0,,PASS,,,identities clean
income_statement,OperatingExpense,2025,derived,0.0,,PASS,,,identities clean
income_statement,TaxProvision,2025,derived,724700000.0,,PASS,,,identities clean
income_statement,TotalRevenue,2025,derived,6062200000.0,,PASS,,,identities clean
