statement,key,year,match_kind,stored_value,expected_from_page,verdict,raw_label,src_pdf_year,note
income_statement,CreditLossesProvision,2000,mapped,691000.0,691,PASS,Provision for credit losses,2002,"label='Provision for credit losses' x1,000 sheet=0.691"
income_statement,DepreciationAmortizationDepletion,2000,absent_on_face,0.0,,PASS,,,no face/notes hit
income_statement,DilutedEPS,2000,mapped,3.4,3.4,PASS,Diluted earnings per share (in dollars) $,2002,label='Diluted earnings per share (in dollars) $' sheet=0.000
income_statement,InterestExpense,2000,mapped,10830000.0,10830,PASS,Interest expense total,2002,"label='Interest expense total' x1,000 sheet=10.830"
income_statement,InterestExpenseNonOperating,2000,absent_on_face,0.0,,PASS,,,no face/notes hit
income_statement,InterestIncome,2000,mapped,16109000.0,16109,PASS,Interest income total,2002,"label='Interest income total' x1,000 sheet=16.109"
income_statement,InterestIncomeNonOperating,2000,absent_on_face,0.0,,PASS,,,no face/notes hit
income_statement,MinorityInterests,2000,mapped,-21000.0,21,PASS,Non-controlling interest 108 107 20 8 76 77 49 23,2002,"label='Non-controlling interest 108 107 20 8 76 77 49 23' x1,000 sheet=-0.021"
income_statement,NetIncome,2000,mapped,2208000.0,2208,PASS,Net income $,2002,"label='Net income $' x1,000 sheet=2.208"
income_statement,NetIncomeDiscontinuousOperations,2000,absent_on_face,0.0,,PASS,,,no face/notes hit
income_statement,NetInterestIncome,2000,mapped,5279000.0,5279,PASS,Net interest income,2002,"label='Net interest income' x1,000 sheet=5.279"
income_statement,NetNonOperatingInterestIncomeExpense,2000,absent_on_face,0.0,,PASS,,,no face/notes hit
income_statement,NonInterestExpense,2000,mapped,7628000.0,7628,PASS,Non-interest expense total,2002,"label='Non-interest expense total' x1,000 sheet=7.628"
income_statement,OtherIncomeExpense,2000,mapped,10243000.0,8215+2028,PASS,"Other income 4,411 3,040 1,111 8,562 4,972",2002,"label='Other income 4,411 3,040 1,111 8,562 4,972' x1,000 sheet=10.243"
income_statement,OtherOperatingExpenses,2000,absent_on_face,0.0,,PASS,,,no face/notes hit
income_statement,PretaxIncome,2000,mapped,3640000.0,3640,PASS,Net income before income taxes,2002,"label='Net income before income taxes' x1,000 sheet=3.640"
income_statement,ResearchAndDevelopment,2000,absent_on_face,0.0,,PASS,,,no face/notes hit
income_statement,SellingGeneralAndAdministration,2000,absent_on_face,0.0,,PASS,,,no face/notes hit
income_statement,TaxProvision,2000,mapped,1412000.0,1412,PASS,Income taxes,2002,"label='Income taxes' x1,000 sheet=-1.412"
income_statement,TotalRevenue,2000,mapped,6680000.0,6680,PASS,Non-interest revenue total,2002,"label='Non-interest revenue total' x1,000 sheet=6.680"
income_statement,BasicEPS,2000,derived,3.4,,PASS,,,identities clean
income_statement,CostOfRevenue,2000,derived,0.0,,PASS,,,identities clean
income_statement,DilutedAverageShares,2000,derived,649412.0,,PASS,,,identities clean
income_statement,EBIT,2000,derived,3640000.0,,PASS,,,identities clean
income_statement,EBITDA,2000,derived,3640000.0,,PASS,,,identities clean
income_statement,GrossProfit,2000,derived,6680000.0,,PASS,,,identities clean
income_statement,NetIncomeContinuousOperations,2000,derived,2208000.0,,PASS,,,identities clean
balance_sheet,AllowanceForLoansAndLeaseLosses,2001,mapped,2278000.0,-2278,PASS,Allowance for loan losses,2002,"label='Allowance for loan losses' x1,000 sheet=2.278"
balance_sheet,CashAndDueFromBanks,2001,mapped,1792000.0,1792,PASS,Cash and due from banks $,2002,"label='Cash and due from banks $' x1,000 sheet=1.792"
balance_sheet,GrossLoan,2001,mapped,171177000.0,171177,PASS,Loans total,2002,"label='Loans total' x1,000 sheet=171.177"
balance_sheet,NetLoan,2001,mapped,168899000.0,168899,PASS,Loans net total,2002,"label='Loans net total' x1,000 sheet=168.899"
balance_sheet,OtherAssets,2001,mapped,13364000.0,13364,PASS,Other assets,2002,"label='Other assets' x1,000 sheet=13.364"
balance_sheet,RetainedEarnings,2001,mapped,9311000.0,9311,PASS,Retained earnings,2002,"label='Retained earnings' x1,000 sheet=9.311"
balance_sheet,SecuritiesAndInvestments,2001,mapped,81100000.0,81100,PASS,Securities total,2002,"label='Securities total' x1,000 sheet=81.100"
balance_sheet,TotalDeposits,2001,mapped,112222000.0,112222,PASS,Deposits total,2002,"label='Deposits total' x1,000 sheet=112.222"
income_statement,CreditLossesProvision,2001,mapped,1119000.0,1119,PASS,Provision for credit losses,2003,"label='Provision for credit losses' x1,000 sheet=1.119"
income_statement,DepreciationAmortizationDepletion,2001,absent_on_face,0.0,,PASS,,,no face/notes hit
income_statement,DilutedEPS,2001,mapped,3.55,3.55,PASS,Diluted earnings per share (in dollars) $,2003,label='Diluted earnings per share (in dollars) $' sheet=0.000
income_statement,InterestExpense,2001,mapped,10810000.0,10810,PASS,Interest expense total,2003,"label='Interest expense total' x1,000 sheet=10.810"
income_statement,InterestExpenseNonOperating,2001,absent_on_face,0.0,,PASS,,,no face/notes hit
income_statement,InterestIncome,2001,mapped,17101000.0,17101,PASS,Interest income total,2003,"label='Interest income total' x1,000 sheet=17.101"
income_statement,InterestIncomeNonOperating,2001,absent_on_face,0.0,,PASS,,,no face/notes hit
income_statement,MinorityInterests,2001,mapped,-29000.0,29,PASS,Non-controlling interest 113 108 107 20 8 76 77 49,2003,"label='Non-controlling interest 113 108 107 20 8 76 77 49' x1,000 sheet=-0.029"
income_statement,NetIncome,2001,mapped,2435000.0,2435,PASS,Net income $,2003,"label='Net income $' x1,000 sheet=2.435"
income_statement,NetIncomeDiscontinuousOperations,2001,absent_on_face,0.0,,PASS,,,no face/notes hit
income_statement,NetInterestIncome,2001,mapped,6291000.0,6291,PASS,Net interest income,2003,"label='Net interest income' x1,000 sheet=6.291"
income_statement,NetNonOperatingInterestIncomeExpense,2001,absent_on_face,0.0,,PASS,,,no face/notes hit
income_statement,NonInterestExpense,2001,mapped,9641000.0,9641,PASS,Non-interest expense total,2003,"label='Non-interest expense total' x1,000 sheet=9.641"
income_statement,NonInterestIncome,2001,mapped,9514000.0,9514,PASS,Non-interest income total,2003,"label='Non-interest income total' x1,000 sheet=9.514"
income_statement,OtherIncomeExpense,2001,mapped,2812000.0,888+1924,PASS,"Other income 4,411 3,040 1,111 8,562 4,972",2002,"label='Other income 4,411 3,040 1,111 8,562 4,972' x1,000 sheet=2.812"
income_statement,OtherOperatingExpenses,2001,absent_on_face,0.0,,PASS,,,no face/notes hit
income_statement,PretaxIncome,2001,mapped,3892000.0,3892,PASS,Net income before income taxes,2003,"label='Net income before income taxes' x1,000 sheet=3.892"
income_statement,ResearchAndDevelopment,2001,absent_on_face,0.0,,PASS,,,no face/notes hit
income_statement,SellingGeneralAndAdministration,2001,absent_on_face,0.0,,PASS,,,no face/notes hit
income_statement,TaxProvision,2001,mapped,1350000.0,1350,PASS,Income taxes,2003,"label='Income taxes' x1,000 sheet=-1.350"
income_statement,TotalRevenue,2001,mapped,15805000.0,15805,PASS,Total revenues,2003,"label='Total revenues' x1,000 sheet=15.805"
income_statement,BasicEPS,2001,derived,3.55,,PASS,,,identities clean
income_statement,CostOfRevenue,2001,derived,0.0,,PASS,,,identities clean
income_statement,DilutedAverageShares,2001,derived,685915.0,,PASS,,,identities clean
income_statement,EBIT,2001,derived,3892000.0,,PASS,,,identities clean
income_statement,EBITDA,2001,derived,3892000.0,,PASS,,,identities clean
income_statement,GrossProfit,2001,derived,15805000.0,,PASS,,,identities clean
income_statement,NetIncomeContinuousOperations,2001,derived,2435000.0,,PASS,,,identities clean
balance_sheet,AllowanceForLoansAndLeaseLosses,2002,mapped,2203000.0,-2203,PASS,Allowance for loan losses,2003,"label='Allowance for loan losses' x1,000 sheet=2.203"
balance_sheet,CashAndDueFromBanks,2002,mapped,2534000.0,2534,PASS,Cash and due from banks $,2003,"label='Cash and due from banks $' x1,000 sheet=2.534"
balance_sheet,GrossLoan,2002,mapped,171523000.0,171523,PASS,Loans total,2003,"label='Loans total' x1,000 sheet=171.523"
balance_sheet,NetLoan,2002,mapped,169320000.0,169320,PASS,Loans net total,2003,"label='Loans net total' x1,000 sheet=169.320"
balance_sheet,OtherAssets,2002,mapped,11544000.0,11544,PASS,Other assets,2003,"label='Other assets' x1,000 sheet=11.544"
balance_sheet,RetainedEarnings,2002,mapped,10473000.0,10473,PASS,Retained earnings,2003,"label='Retained earnings' x1,000 sheet=10.473"
balance_sheet,SecuritiesAndInvestments,2002,mapped,95353000.0,95353,PASS,Securities total,2003,"label='Securities total' x1,000 sheet=95.353"
balance_sheet,TotalDeposits,2002,mapped,130399000.0,130399,PASS,Deposits total,2003,"label='Deposits total' x1,000 sheet=130.399"
cash_flow,AssetImpairmentCharge,2002,absent_on_face,0.0,,PASS,,,no face/notes hit
cash_flow,BeginningCashPosition,2002,mapped,1792000000.0,1792,PASS,Cash and due from banks at beginning of year,2004,"label='Cash and due from banks at beginning of year' x1,000,000 sheet=1,792.000"
cash_flow,CapitalExpenditure,2002,absent_on_face,0.0,,NOTE_ONLY,,,alias 'capital expenditures' appears only in notes
cash_flow,CashDividendsPaid,2002,mapped,-1104000000.0,-1104,PASS,Dividends paid,2004,"label='Dividends paid' x1,000,000 sheet=-1,104.000"
cash_flow,CashFromDiscontinuedInvestingActivities,2002,absent_on_face,0.0,,PASS,,,no face/notes hit
cash_flow,CashFromDiscontinuedOperatingActivities,2002,absent_on_face,0.0,,PASS,,,no face/notes hit
cash_flow,ChangeInInventory,2002,absent_on_face,0.0,,NOTE_ONLY,,,alias 'inventories' appears only in notes
cash_flow,ChangeInOtherWorkingCapital,2002,absent_on_face,0.0,,PASS,,,no face/notes hit
cash_flow,ChangeInPayablesAndAccruedExpense,2002,absent_on_face,0.0,,PASS,,,no face/notes hit
cash_flow,ChangeInPrepaidAssets,2002,absent_on_face,0.0,,PASS,,,no face/notes hit
cash_flow,ChangeInReceivables,2002,absent_on_face,0.0,,NOTE_ONLY,,,alias 'receivables' appears only in notes
cash_flow,ChangeInWorkingCapital,2002,absent_on_face,0.0,,PASS,,,no face/notes hit
cash_flow,ChangesInCash,2002,mapped,742000000.0,742,PASS,Net change in cash and due from banks,2004,"label='Net change in cash and due from banks' x1,000,000 sheet=742.000"
cash_flow,DepreciationAmortizationDepletion,2002,absent_on_face,0.0,,PASS,,,no face/notes hit
cash_flow,EffectOfExchangeRateChanges,2002,mapped,-10000000.0,-10,PASS,Effect of exchange rate changes on cash and due from banks,2004,"label='Effect of exchange rate changes on cash and due from banks' x1,000,000 sheet=-10.000"
cash_flow,EndCashPosition,2002,mapped,2534000000.0,2534,PASS,Cash and due from banks at end of year $,2004,"label='Cash and due from banks at end of year $' x1,000,000 sheet=2,534.000"
cash_flow,FinancingCashFlow,2002,mapped,10816000000.0,10816,PASS,Net cash provided by financing activities,2004,"label='Net cash provided by financing activities' x1,000,000 sheet=10,816.000"
cash_flow,InvestingCashFlow,2002,mapped,-6173000000.0,-6173,PASS,Net cash used in investing activities,2004,"label='Net cash used in investing activities' x1,000,000 sheet=-6,173.000"
cash_flow,IssuanceOfCapitalStock,2002,absent_on_face,0.0,,PASS,,,no face/notes hit
cash_flow,IssuanceOfDebt,2002,absent_on_face,0.0,,PASS,,,no face/notes hit
cash_flow,NetIncomeFromContinuingOperations,2002,mapped,2898000000.0,2898,PASS,Net income $,2004,"label='Net income $' x1,000,000 sheet=2,898.000"
cash_flow,NetIntangiblesPurchaseAndSale,2002,absent_on_face,0.0,,PASS,,,no face/notes hit
cash_flow,NetIssuancePaymentsOfDebt,2002,absent_on_face,0.0,,PASS,,,no face/notes hit
cash_flow,NetOtherFinancingCharges,2002,absent_on_face,0.0,,PASS,,,no face/notes hit
cash_flow,NetOtherInvestingChanges,2002,absent_on_face,0.0,,PASS,,,no face/notes hit
cash_flow,NetPreferredStockIssuance,2002,absent_on_face,0.0,,PASS,,,no face/notes hit
cash_flow,OtherNonCashItems,2002,absent_on_face,0.0,,PASS,,,no face/notes hit
cash_flow,PurchaseOfBusiness,2002,absent_on_face,0.0,,PASS,,,no face/notes hit
cash_flow,PurchaseOfInvestment,2002,absent_on_face,0.0,,PASS,,,no face/notes hit
cash_flow,PurchaseOfPPE,2002,absent_on_face,0.0,,PASS,,,no face/notes hit
cash_flow,RepaymentOfDebt,2002,absent_on_face,0.0,,NOTE_ONLY,,,alias 'repayment of debt' appears only in notes
cash_flow,RepurchaseOfCapitalStock,2002,absent_on_face,0.0,,PASS,,,no face/notes hit
cash_flow,SaleOfInvestment,2002,absent_on_face,0.0,,NOTE_ONLY,,,alias 'sale of investment' appears only in notes
cash_flow,SaleOfPPE,2002,absent_on_face,0.0,,PASS,,,no face/notes hit
cash_flow,StockBasedCompensation,2002,absent_on_face,0.0,,NOTE_ONLY,,,alias 'stock based compensation' appears only in notes
income_statement,CreditLossesProvision,2002,mapped,1065000.0,1065,PASS,Provision for credit losses,2004,"label='Provision for credit losses' x1,000 sheet=1.065"
income_statement,DilutedEPS,2002,mapped,3.93,3.93,PASS,Diluted earnings per share (in dollars) $,2004,label='Diluted earnings per share (in dollars) $' sheet=0.000
income_statement,InterestExpense,2002,mapped,7520000.0,7520,PASS,Interest expense total,2004,"label='Interest expense total' x1,000 sheet=7.520"
income_statement,InterestExpenseNonOperating,2002,absent_on_face,0.0,,PASS,,,no face/notes hit
income_statement,InterestIncome,2002,mapped,14389000.0,14389,PASS,Interest income total,2004,"label='Interest income total' x1,000 sheet=14.389"
income_statement,InterestIncomeNonOperating,2002,absent_on_face,0.0,,NOTE_ONLY,,,alias 'interest income' appears only in notes
income_statement,MinorityInterests,2002,mapped,-37000.0,37,PASS,Non-controlling interest 119 113 108 107 20 8 76 77,2004,"label='Non-controlling interest 119 113 108 107 20 8 76 77' x1,000 sheet=-0.037"
income_statement,NetIncome,2002,mapped,2898000.0,2898,PASS,Net income $,2004,"label='Net income $' x1,000 sheet=2.898"
income_statement,NetIncomeDiscontinuousOperations,2002,absent_on_face,0.0,,PASS,,,no face/notes hit
income_statement,NetInterestIncome,2002,mapped,6869000.0,6869,PASS,Net interest income,2004,"label='Net interest income' x1,000 sheet=6.869"
income_statement,NetNonOperatingInterestIncomeExpense,2002,absent_on_face,0.0,,PASS,,,no face/notes hit
income_statement,NonInterestExpense,2002,mapped,10244000.0,10244,PASS,Non-interest expense total,2004,"label='Non-interest expense total' x1,000 sheet=10.244"
income_statement,NonInterestIncome,2002,mapped,10191000.0,10191,PASS,Non-interest income total,2004,"label='Non-interest income total' x1,000 sheet=10.191"
income_statement,OtherIncomeExpense,2002,mapped,4363000.0,2355+2008,PASS,"Other income 4,411 3,040 1,111 8,562 4,972",2002,"label='Other income 4,411 3,040 1,111 8,562 4,972' x1,000 sheet=4.363"
income_statement,OtherOperatingExpenses,2002,absent_on_face,0.0,,NOTE_ONLY,,,alias 'office' appears only in notes
income_statement,PretaxIncome,2002,mapped,4421000.0,4421,PASS,Net income before income taxes,2004,"label='Net income before income taxes' x1,000 sheet=4.421"
income_statement,ResearchAndDevelopment,2002,absent_on_face,0.0,,NOTE_ONLY,,,alias 'research and development' appears only in notes
income_statement,SellingGeneralAndAdministration,2002,absent_on_face,0.0,,NOTE_ONLY,,,alias 'travel' appears only in notes
income_statement,TaxProvision,2002,mapped,1415000.0,1415,PASS,Income taxes,2004,"label='Income taxes' x1,000 sheet=-1.415"
income_statement,TotalRevenue,2002,mapped,17060000.0,17060,PASS,Total revenues,2004,"label='Total revenues' x1,000 sheet=17.060"
cash_flow,FreeCashFlow,2002,derived,-3891000000.0,,PASS,,,identities clean
income_statement,BasicEPS,2002,derived,3.93,,PASS,,,identities clean
income_statement,CostOfRevenue,2002,derived,0.0,,PASS,,,identities clean
income_statement,DepreciationAmortizationDepletion,2002,derived,460000000.0,,PASS,,,identities clean
income_statement,DilutedAverageShares,2002,derived,737405.0,,PASS,,,identities clean
income_statement,EBIT,2002,derived,4421000.0,,PASS,,,identities clean
income_statement,EBITDA,2002,derived,464421000.0,,PASS,,,identities clean
income_statement,GrossProfit,2002,derived,17060000.0,,PASS,,,identities clean
income_statement,NetIncomeContinuousOperations,2002,derived,2898000.0,,PASS,,,identities clean
balance_sheet,AllowanceForLoansAndLeaseLosses,2003,mapped,2055000.0,-2055,PASS,Allowance for loan losses,2004,"label='Allowance for loan losses' x1,000 sheet=2.055"
balance_sheet,CashAndDueFromBanks,2003,mapped,2887000.0,2887,PASS,Cash and due from banks $,2004,"label='Cash and due from banks $' x1,000 sheet=2.887"
balance_sheet,GrossLoan,2003,mapped,172547000.0,172547,PASS,Loans total,2004,"label='Loans total' x1,000 sheet=172.547"
balance_sheet,NetLoan,2003,mapped,170492000.0,170492,PASS,Loans net total,2004,"label='Loans net total' x1,000 sheet=170.492"
balance_sheet,OtherAssets,2003,mapped,18497000.0,18497,PASS,Other assets,2004,"label='Other assets' x1,000 sheet=18.497"
balance_sheet,RetainedEarnings,2003,mapped,11591000.0,11591,PASS,Retained earnings,2004,"label='Retained earnings' x1,000 sheet=11.591"
balance_sheet,SecuritiesAndInvestments,2003,mapped,128338000.0,128338,PASS,Securities total,2004,"label='Securities total' x1,000 sheet=128.338"
balance_sheet,StockholdersEquity,2003,mapped,18117000.0,18117,PASS,Shareholders’ equity total,2004,"label='Shareholders’ equity total' x1,000 sheet=18.117"
balance_sheet,TotalDeposits,2003,mapped,135815000.0,135815,PASS,Deposits total,2004,"label='Deposits total' x1,000 sheet=135.815"
cash_flow,AssetImpairmentCharge,2003,absent_on_face,0.0,,PASS,,,no face/notes hit
cash_flow,BeginningCashPosition,2003,mapped,2534000000.0,2534,PASS,Cash and due from banks at beginning of year,2005,"label='Cash and due from banks at beginning of year' x1,000,000 sheet=2,534.000"
cash_flow,CapitalExpenditure,2003,absent_on_face,0.0,,PASS,,,no face/notes hit
cash_flow,CashDividendsPaid,2003,mapped,-1144000000.0,-1144,PASS,Dividends paid,2005,"label='Dividends paid' x1,000,000 sheet=-1,144.000"
cash_flow,CashFromDiscontinuedInvestingActivities,2003,absent_on_face,0.0,,PASS,,,no face/notes hit
cash_flow,CashFromDiscontinuedOperatingActivities,2003,absent_on_face,0.0,,PASS,,,no face/notes hit
cash_flow,ChangeInInventory,2003,absent_on_face,0.0,,PASS,,,no face/notes hit
cash_flow,ChangeInOtherWorkingCapital,2003,absent_on_face,0.0,,NOTE_ONLY,,,alias 'deferred revenue' appears only in notes
cash_flow,ChangeInPayablesAndAccruedExpense,2003,absent_on_face,0.0,,PASS,,,no face/notes hit
cash_flow,ChangeInPrepaidAssets,2003,absent_on_face,0.0,,PASS,,,no face/notes hit
cash_flow,ChangeInReceivables,2003,absent_on_face,0.0,,NOTE_ONLY,,,alias 'receivables' appears only in notes
cash_flow,ChangeInWorkingCapital,2003,absent_on_face,0.0,,PASS,,,no face/notes hit
cash_flow,ChangesInCash,2003,mapped,353000000.0,353,PASS,Net change in cash and due from banks,2005,"label='Net change in cash and due from banks' x1,000,000 sheet=353.000"
cash_flow,DepreciationAmortizationDepletion,2003,absent_on_face,0.0,,PASS,,,no face/notes hit
cash_flow,EffectOfExchangeRateChanges,2003,mapped,-77000000.0,-77,PASS,Effect of exchange rate changes on cash and due from banks,2005,"label='Effect of exchange rate changes on cash and due from banks' x1,000,000 sheet=-77.000"
cash_flow,EndCashPosition,2003,mapped,2887000000.0,2887,PASS,Cash and due from banks at end of year $,2005,"label='Cash and due from banks at end of year $' x1,000,000 sheet=2,887.000"
cash_flow,FinancingCashFlow,2003,mapped,15613000000.0,15613,PASS,Net cash from financing activities,2005,"label='Net cash from financing activities' x1,000,000 sheet=15,613.000"
cash_flow,InvestingCashFlow,2003,mapped,-5511000000.0,-5511,PASS,Net cash used in investing activities,2005,"label='Net cash used in investing activities' x1,000,000 sheet=-5,511.000"
cash_flow,IssuanceOfCapitalStock,2003,absent_on_face,0.0,,PASS,,,no face/notes hit
cash_flow,IssuanceOfDebt,2003,absent_on_face,0.0,,PASS,,,no face/notes hit
cash_flow,NetIncomeFromContinuingOperations,2003,mapped,2955000000.0,2955,PASS,Net income from continuing operations $,2005,"label='Net income from continuing operations $' x1,000,000 sheet=2,955.000"
cash_flow,NetIntangiblesPurchaseAndSale,2003,absent_on_face,0.0,,PASS,,,no face/notes hit
cash_flow,NetIssuancePaymentsOfDebt,2003,absent_on_face,0.0,,PASS,,,no face/notes hit
cash_flow,NetOtherFinancingCharges,2003,absent_on_face,0.0,,PASS,,,no face/notes hit
cash_flow,NetOtherInvestingChanges,2003,absent_on_face,0.0,,PASS,,,no face/notes hit
cash_flow,NetPreferredStockIssuance,2003,absent_on_face,0.0,,PASS,,,no face/notes hit
cash_flow,OtherNonCashItems,2003,absent_on_face,0.0,,PASS,,,no face/notes hit
cash_flow,PurchaseOfBusiness,2003,absent_on_face,0.0,,PASS,,,no face/notes hit
cash_flow,PurchaseOfInvestment,2003,absent_on_face,0.0,,PASS,,,no face/notes hit
cash_flow,PurchaseOfPPE,2003,absent_on_face,0.0,,PASS,,,no face/notes hit
cash_flow,RepaymentOfDebt,2003,absent_on_face,0.0,,NOTE_ONLY,,,alias 'repayment of debt' appears only in notes
cash_flow,RepurchaseOfCapitalStock,2003,absent_on_face,0.0,,PASS,,,no face/notes hit
cash_flow,SaleOfInvestment,2003,absent_on_face,0.0,,NOTE_ONLY,,,alias 'sale of investment' appears only in notes
cash_flow,SaleOfPPE,2003,absent_on_face,0.0,,PASS,,,no face/notes hit
cash_flow,StockBasedCompensation,2003,absent_on_face,0.0,,NOTE_ONLY,,,alias 'stock based compensation' appears only in notes
income_statement,BasicEPS,2003,mapped,4.44,4.44,PASS,Basic earnings per share (in dollars) $,2005,label='Basic earnings per share (in dollars) $' sheet=0.000
income_statement,CreditLossesProvision,2003,mapped,721000.0,721,PASS,Provision for credit losses (Note 4),2005,"label='Provision for credit losses (Note 4)' x1,000 sheet=0.721"
income_statement,DilutedEPS,2003,mapped,4.39,4.39,PASS,Diluted earnings per share (in dollars) $,2005,label='Diluted earnings per share (in dollars) $' sheet=0.000
income_statement,InterestExpense,2003,mapped,7563000.0,7563,PASS,Interest expense total,2005,"label='Interest expense total' x1,000 sheet=7.563"
income_statement,InterestExpenseNonOperating,2003,absent_on_face,0.0,,PASS,,,no face/notes hit
income_statement,InterestIncome,2003,mapped,13899000.0,13899,PASS,Interest income total,2005,"label='Interest income total' x1,000 sheet=13.899"
income_statement,InterestIncomeNonOperating,2003,absent_on_face,0.0,,NOTE_ONLY,,,alias 'interest income' appears only in notes
income_statement,MinorityInterests,2003,mapped,-2967000.0,2967,PASS,Net income before non-controlling interest,2005,"label='Net income before non-controlling interest' x1,000 sheet=-2.967"
income_statement,NetIncome,2003,mapped,786000.0,786,PASS,Net income $ 522 $ 979 $ 907 $ 979 $ 514 $,2005,"label='Net income $ 522 $ 979 $ 907 $ 979 $ 514 $' x1,000 sheet=0.786"
income_statement,NetIncomeContinuousOperations,2003,mapped,2955000.0,2955,PASS,"Net income from continuing operations $ 2,774 $ 200 $ 463 $ 3,437 $ 2,171 $ 212 $ 640 $ 3,023 $ 1,978 $",2005,"label='Net income from continuing operations $ 2,774 $ 200 $ 463 $ 3,437 $ 2,171 $ 212 $ 640 $ 3,023 $ 1,978 $' x1,000 sheet=2.955"
income_statement,NetIncomeDiscontinuousOperations,2003,absent_on_face,0.0,,PASS,,,no face/notes hit
income_statement,NetInterestIncome,2003,mapped,6336000.0,6336,PASS,"Net interest income $ 5,459 $ 754 $ 557 $ 6,770 $ 5,011 $ 934 $ 453 $ 6,398 $ 4,941 $",2005,"label='Net interest income $ 5,459 $ 754 $ 557 $ 6,770 $ 5,011 $ 934 $ 453 $ 6,398 $ 4,941 $' x1,000 sheet=6.336"
income_statement,NetNonOperatingInterestIncomeExpense,2003,absent_on_face,0.0,,PASS,,,no face/notes hit
income_statement,NonInterestExpense,2003,mapped,10165000.0,10165,PASS,"Non-interest expense 6,685 3,626 1,077 11,388 6,395 3,457 981 10,833 6,012",2005,"label='Non-interest expense 6,685 3,626 1,077 11,388 6,395 3,457 981 10,833 6,012' x1,000 sheet=10.165"
income_statement,NonInterestIncome,2003,mapped,10652000.0,10652,PASS,"Non-interest income 7,047 3,840 1,558 12,445 6,121 3,743 1,540 11,404 5,418",2005,"label='Non-interest income 7,047 3,840 1,558 12,445 6,121 3,743 1,540 11,404 5,418' x1,000 sheet=10.652"
income_statement,OtherIncomeExpense,2003,absent_on_face,0.0,,NOTE_ONLY,,,alias 'foreign exchange gain' appears only in notes
income_statement,OtherOperatingExpenses,2003,absent_on_face,0.0,,NOTE_ONLY,,,alias 'office' appears only in notes
income_statement,PretaxIncome,2003,mapped,1113000.0,1113,PASS,"Net income before income taxes $ 603 $ 1,387 $ 1,285 $ 1,427 $ 973 $",2005,"label='Net income before income taxes $ 603 $ 1,387 $ 1,285 $ 1,427 $ 973 $' x1,000 sheet=1.113"
income_statement,ResearchAndDevelopment,2003,absent_on_face,0.0,,PASS,,,no face/notes hit
income_statement,SellingGeneralAndAdministration,2003,absent_on_face,0.0,,NOTE_ONLY,,,alias 'travel' appears only in notes
income_statement,TaxProvision,2003,mapped,1439000.0,1439,PASS,Income taxes (Note 22),2005,"label='Income taxes (Note 22)' x1,000 sheet=-1.439"
income_statement,TotalRevenue,2003,mapped,16988000.0,16988,PASS,"Total revenue 12,506 4,594 2,115 19,215 11,132 4,677 1,993 17,802 10,359",2005,"label='Total revenue 12,506 4,594 2,115 19,215 11,132 4,677 1,993 17,802 10,359' x1,000 sheet=16.988"
balance_sheet,TotalEquityGrossMinorityInterest,2003,derived,18117000.0,,PASS,,,identities clean
cash_flow,FreeCashFlow,2003,derived,-9672000000.0,,PASS,,,identities clean
income_statement,CostOfRevenue,2003,derived,0.0,,PASS,,,identities clean
income_statement,DepreciationAmortizationDepletion,2003,derived,462000000.0,,PASS,,,identities clean
income_statement,DilutedAverageShares,2003,derived,179043.0,,PASS,,,identities clean
income_statement,EBIT,2003,derived,1113000.0,,PASS,,,identities clean
income_statement,EBITDA,2003,derived,463113000.0,,PASS,,,identities clean
income_statement,GrossProfit,2003,derived,16988000.0,,PASS,,,identities clean
balance_sheet,AllowanceForLoansAndLeaseLosses,2004,mapped,2278000.0,2278,PASS,"Total allowance for loan losses $ 1,498 $ 1,644 $ 2,055 $ 2,203 $",2005,"label='Total allowance for loan losses $ 1,498 $ 1,644 $ 2,055 $ 2,203 $' x1,000 sheet=2.278"
balance_sheet,CashAndDueFromBanks,2004,mapped,3711000.0,3711,PASS,"Cash and due from banks $ 5,001 $",2005,"label='Cash and due from banks $ 5,001 $' x1,000 sheet=3.711"
balance_sheet,GrossLoan,2004,mapped,172560000.0,172560,PASS,"Total loans $ 191,914 $",2005,"label='Total loans $ 191,914 $' x1,000 sheet=172.560"
balance_sheet,MoneyMarketInvestments,2004,absent_on_face,0.0,,PASS,,,no face/notes hit
balance_sheet,NetLoan,2004,mapped,187510000.0,187510,PASS,Loans net total,2004,"label='Loans net total' x1,000 sheet=187.510"
balance_sheet,OtherAssets,2004,mapped,69433000.0,69433,PASS,"Other assets $ 65,399 $",2005,"label='Other assets $ 65,399 $' x1,000 sheet=69.433"
balance_sheet,RetainedEarnings,2004,mapped,12065000.0,12065,PASS,"Retained earnings 13,704",2005,"label='Retained earnings 13,704' x1,000 sheet=12.065"
balance_sheet,SecuritiesAndInvestments,2004,mapped,128946000.0,128946,PASS,"Total securities $ 160,495 $",2005,"label='Total securities $ 160,495 $' x1,000 sheet=128.946"
balance_sheet,StockholdersEquity,2004,mapped,17904000.0,17904,PASS,"Shareholders’ equity $ 19,847 $",2005,"label='Shareholders’ equity $ 19,847 $' x1,000 sheet=17.904"
balance_sheet,TotalAssets,2004,mapped,426222000.0,426222,PASS,"Total assets $ 469,521 $",2005,"label='Total assets $ 469,521 $' x1,000 sheet=426.222"
balance_sheet,TotalDeposits,2004,mapped,143491000.0,143491,PASS,Deposits total,2004,"label='Deposits total' x1,000 sheet=143.491"
cash_flow,AssetImpairmentCharge,2004,absent_on_face,0.0,,PASS,,,no face/notes hit
cash_flow,BeginningCashPosition,2004,mapped,2887000000.0,2887,PASS,Cash and due from banks at beginning of year,2005,"label='Cash and due from banks at beginning of year' x1,000,000 sheet=2,887.000"
cash_flow,CapitalExpenditure,2004,absent_on_face,0.0,,PASS,,,no face/notes hit
cash_flow,CashDividendsPaid,2004,mapped,-1295000000.0,-1295,PASS,Dividends paid,2005,"label='Dividends paid' x1,000,000 sheet=-1,295.000"
cash_flow,CashFromDiscontinuedInvestingActivities,2004,absent_on_face,0.0,,PASS,,,no face/notes hit
cash_flow,CashFromDiscontinuedOperatingActivities,2004,absent_on_face,0.0,,PASS,,,no face/notes hit
cash_flow,ChangeInInventory,2004,absent_on_face,0.0,,NOTE_ONLY,,,alias 'inventories' appears only in notes
cash_flow,ChangeInOtherWorkingCapital,2004,absent_on_face,0.0,,NOTE_ONLY,,,alias 'deferred revenue' appears only in notes
cash_flow,ChangeInPayablesAndAccruedExpense,2004,absent_on_face,0.0,,PASS,,,no face/notes hit
cash_flow,ChangeInPrepaidAssets,2004,absent_on_face,0.0,,PASS,,,no face/notes hit
cash_flow,ChangeInReceivables,2004,absent_on_face,0.0,,NOTE_ONLY,,,alias 'receivables' appears only in notes
cash_flow,ChangeInWorkingCapital,2004,absent_on_face,0.0,,PASS,,,no face/notes hit
cash_flow,ChangesInCash,2004,mapped,824000000.0,824,PASS,Net change in cash and due from banks,2005,"label='Net change in cash and due from banks' x1,000,000 sheet=824.000"
cash_flow,DepreciationAmortizationDepletion,2004,absent_on_face,0.0,,PASS,,,no face/notes hit
cash_flow,EffectOfExchangeRateChanges,2004,mapped,-17000000.0,-17,PASS,Effect of exchange rate changes on cash and due from banks,2005,"label='Effect of exchange rate changes on cash and due from banks' x1,000,000 sheet=-17.000"
cash_flow,EndCashPosition,2004,mapped,3711000000.0,3711,PASS,Cash and due from banks at end of year $,2005,"label='Cash and due from banks at end of year $' x1,000,000 sheet=3,711.000"
cash_flow,FinancingCashFlow,2004,mapped,14675000000.0,14675,PASS,Net cash from financing activities,2005,"label='Net cash from financing activities' x1,000,000 sheet=14,675.000"
cash_flow,InvestingCashFlow,2004,mapped,-15765000000.0,-15765,PASS,Net cash used in investing activities,2005,"label='Net cash used in investing activities' x1,000,000 sheet=-15,765.000"
cash_flow,IssuanceOfCapitalStock,2004,absent_on_face,0.0,,PASS,,,no face/notes hit
cash_flow,IssuanceOfDebt,2004,absent_on_face,0.0,,PASS,,,no face/notes hit
cash_flow,NetIncomeFromContinuingOperations,2004,mapped,3023000000.0,3023,PASS,Net income from continuing operations $,2005,"label='Net income from continuing operations $' x1,000,000 sheet=3,023.000"
cash_flow,NetIntangiblesPurchaseAndSale,2004,absent_on_face,0.0,,PASS,,,no face/notes hit
cash_flow,NetIssuancePaymentsOfDebt,2004,absent_on_face,0.0,,PASS,,,no face/notes hit
cash_flow,NetOtherFinancingCharges,2004,absent_on_face,0.0,,PASS,,,no face/notes hit
cash_flow,NetOtherInvestingChanges,2004,absent_on_face,0.0,,PASS,,,no face/notes hit
cash_flow,NetPreferredStockIssuance,2004,absent_on_face,0.0,,PASS,,,no face/notes hit
cash_flow,OtherNonCashItems,2004,absent_on_face,0.0,,PASS,,,no face/notes hit
cash_flow,PurchaseOfBusiness,2004,absent_on_face,0.0,,PASS,,,no face/notes hit
cash_flow,PurchaseOfInvestment,2004,absent_on_face,0.0,,PASS,,,no face/notes hit
cash_flow,PurchaseOfPPE,2004,absent_on_face,0.0,,PASS,,,no face/notes hit
cash_flow,RepaymentOfDebt,2004,absent_on_face,0.0,,NOTE_ONLY,,,alias 'repayment of debt' appears only in notes
cash_flow,RepurchaseOfCapitalStock,2004,absent_on_face,0.0,,PASS,,,no face/notes hit
cash_flow,SaleOfInvestment,2004,absent_on_face,0.0,,NOTE_ONLY,,,alias 'sale of investment' appears only in notes
cash_flow,SaleOfPPE,2004,absent_on_face,0.0,,PASS,,,no face/notes hit
cash_flow,StockBasedCompensation,2004,absent_on_face,0.0,,NOTE_ONLY,,,alias 'stock based compensation' appears only in notes
income_statement,BasicEPS,2004,mapped,4.29,4.29,PASS,Basic earnings per share (in dollars) $,2005,label='Basic earnings per share (in dollars) $' sheet=0.000
income_statement,CreditLossesProvision,2004,mapped,346000.0,346,PASS,Provision for credit losses (Note 4),2005,"label='Provision for credit losses (Note 4)' x1,000 sheet=0.346"
income_statement,DilutedEPS,2004,mapped,4.23,4.23,PASS,Diluted earnings per share (in dollars) $,2005,label='Diluted earnings per share (in dollars) $' sheet=0.000
income_statement,InterestExpense,2004,mapped,7468000.0,7468,PASS,Interest expense total,2005,"label='Interest expense total' x1,000 sheet=7.468"
income_statement,InterestExpenseNonOperating,2004,absent_on_face,0.0,,PASS,,,no face/notes hit
income_statement,InterestIncome,2004,mapped,13866000.0,13866,PASS,Interest income total,2005,"label='Interest income total' x1,000 sheet=13.866"
income_statement,InterestIncomeNonOperating,2004,absent_on_face,0.0,,NOTE_ONLY,,,alias 'interest income' appears only in notes
income_statement,MinorityInterests,2004,mapped,-3035000.0,3035,PASS,Net income before non-controlling interest,2005,"label='Net income before non-controlling interest' x1,000 sheet=-3.035"
income_statement,NetIncome,2004,mapped,760000.0,760,PASS,Net income $ 522 $ 979 $ 907 $ 979 $ 514 $,2005,"label='Net income $ 522 $ 979 $ 907 $ 979 $ 514 $' x1,000 sheet=0.760"
income_statement,NetIncomeContinuousOperations,2004,mapped,583000.0,583,PASS,"Net income from continuing operations $ 2,774 $ 200 $ 463 $ 3,437 $ 2,171 $ 212 $ 640 $ 3,023 $ 1,978 $",2005,"label='Net income from continuing operations $ 2,774 $ 200 $ 463 $ 3,437 $ 2,171 $ 212 $ 640 $ 3,023 $ 1,978 $' x1,000 sheet=0.583"
income_statement,NetIncomeDiscontinuousOperations,2004,absent_on_face,0.0,,PASS,,,no face/notes hit
income_statement,NetInterestIncome,2004,mapped,271000.0,271,PASS,"Net interest income $ 5,459 $ 754 $ 557 $ 6,770 $ 5,011 $ 934 $ 453 $ 6,398 $ 4,941 $",2005,"label='Net interest income $ 5,459 $ 754 $ 557 $ 6,770 $ 5,011 $ 934 $ 453 $ 6,398 $ 4,941 $' x1,000 sheet=0.271"
income_statement,NetNonOperatingInterestIncomeExpense,2004,absent_on_face,0.0,,PASS,,,no face/notes hit
income_statement,NonInterestExpense,2004,mapped,907000.0,907,PASS,"Non-interest expense 6,685 3,626 1,077 11,388 6,395 3,457 981 10,833 6,012",2005,"label='Non-interest expense 6,685 3,626 1,077 11,388 6,395 3,457 981 10,833 6,012' x1,000 sheet=0.907"
income_statement,NonInterestIncome,2004,mapped,1845000.0,1845,PASS,"Non-interest income 7,047 3,840 1,558 12,445 6,121 3,743 1,540 11,404 5,418",2005,"label='Non-interest income 7,047 3,840 1,558 12,445 6,121 3,743 1,540 11,404 5,418' x1,000 sheet=1.845"
income_statement,OtherIncomeExpense,2004,absent_on_face,0.0,,NOTE_ONLY,,,alias 'foreign exchange gain' appears only in notes
income_statement,OtherOperatingExpenses,2004,absent_on_face,0.0,,NOTE_ONLY,,,alias 'office' appears only in notes
income_statement,PretaxIncome,2004,mapped,1103000.0,1103,PASS,"Net income before income taxes $ 603 $ 1,387 $ 1,285 $ 1,427 $ 973 $",2005,"label='Net income before income taxes $ 603 $ 1,387 $ 1,285 $ 1,427 $ 973 $' x1,000 sheet=1.103"
income_statement,ResearchAndDevelopment,2004,absent_on_face,0.0,,NOTE_ONLY,,,alias 'research and development' appears only in notes
income_statement,SellingGeneralAndAdministration,2004,absent_on_face,0.0,,NOTE_ONLY,,,alias 'travel' appears only in notes
income_statement,TaxProvision,2004,mapped,1287000.0,1287,PASS,Income taxes (Note 22),2005,"label='Income taxes (Note 22)' x1,000 sheet=-1.287"
income_statement,TotalRevenue,2004,mapped,2116000.0,2116,PASS,"Total revenue 12,506 4,594 2,115 19,215 11,132 4,677 1,993 17,802 10,359",2005,"label='Total revenue 12,506 4,594 2,115 19,215 11,132 4,677 1,993 17,802 10,359' x1,000 sheet=2.116"
balance_sheet,TotalEquityGrossMinorityInterest,2004,derived,17904000.0,,PASS,,,identities clean
balance_sheet,TotalLiabilities,2004,derived,408318000.0,,PASS,,,identities clean
cash_flow,FreeCashFlow,2004,derived,1931000000.0,,PASS,,,identities clean
income_statement,CostOfRevenue,2004,derived,0.0,,PASS,,,identities clean
income_statement,DepreciationAmortizationDepletion,2004,derived,456000000.0,,PASS,,,identities clean
income_statement,DilutedAverageShares,2004,derived,179669.0,,PASS,,,identities clean
income_statement,EBIT,2004,derived,1103000.0,,PASS,,,identities clean
income_statement,EBITDA,2004,derived,457103000.0,,PASS,,,identities clean
income_statement,GrossProfit,2004,derived,2116000.0,,PASS,,,identities clean
balance_sheet,AllowanceForLoansAndLeaseLosses,2005,mapped,82000.0,-82,PASS,"Allowance for credit losses $ 1,486 $",2006,"label='Allowance for credit losses $ 1,486 $' x1,000 sheet=0.082"
balance_sheet,GrossLoan,2005,mapped,191914000.0,191914,PASS,Total loans $,2006,"label='Total loans $' x1,000 sheet=191.914"
balance_sheet,MoneyMarketInvestments,2005,absent_on_face,0.0,,PASS,,,no face/notes hit
balance_sheet,OtherAssets,2005,mapped,65399000.0,65399,PASS,Other assets $,2006,"label='Other assets $' x1,000 sheet=65.399"
balance_sheet,SecuritiesAndInvestments,2005,mapped,160495000.0,160495,PASS,Total securities $,2006,"label='Total securities $' x1,000 sheet=160.495"
balance_sheet,StockholdersEquity,2005,mapped,19847000.0,19847,PASS,Shareholders’ equity $,2006,"label='Shareholders’ equity $' x1,000 sheet=19.847"
balance_sheet,TotalAssets,2005,mapped,469521000.0,469521,PASS,Total assets $,2006,"label='Total assets $' x1,000 sheet=469.521"
cash_flow,AssetImpairmentCharge,2005,absent_on_face,0.0,,PASS,,,no face/notes hit
cash_flow,BeginningCashPosition,2005,mapped,3711000000.0,3711,PASS,Cash and due from banks at beginning of year,2005,"label='Cash and due from banks at beginning of year' x1,000,000 sheet=3,711.000"
cash_flow,CapitalExpenditure,2005,absent_on_face,0.0,,PASS,,,no face/notes hit
cash_flow,CashDividendsPaid,2005,mapped,-1469000000.0,-1469,PASS,Dividends paid,2005,"label='Dividends paid' x1,000,000 sheet=-1,469.000"
cash_flow,CashFromDiscontinuedInvestingActivities,2005,absent_on_face,0.0,,PASS,,,no face/notes hit
cash_flow,CashFromDiscontinuedOperatingActivities,2005,absent_on_face,0.0,,PASS,,,no face/notes hit
cash_flow,ChangeInInventory,2005,absent_on_face,0.0,,NOTE_ONLY,,,alias 'inventories' appears only in notes
cash_flow,ChangeInOtherWorkingCapital,2005,absent_on_face,0.0,,PASS,,,no face/notes hit
cash_flow,ChangeInPayablesAndAccruedExpense,2005,absent_on_face,0.0,,PASS,,,no face/notes hit
cash_flow,ChangeInPrepaidAssets,2005,absent_on_face,0.0,,PASS,,,no face/notes hit
cash_flow,ChangeInReceivables,2005,absent_on_face,0.0,,NOTE_ONLY,,,alias 'receivables' appears only in notes
cash_flow,ChangeInWorkingCapital,2005,absent_on_face,0.0,,PASS,,,no face/notes hit
cash_flow,ChangesInCash,2005,mapped,1290000000.0,1290,PASS,Net change in cash and due from banks,2005,"label='Net change in cash and due from banks' x1,000,000 sheet=1,290.000"
cash_flow,DepreciationAmortizationDepletion,2005,absent_on_face,0.0,,PASS,,,no face/notes hit
cash_flow,EffectOfExchangeRateChanges,2005,mapped,-122000000.0,-122,PASS,Effect of exchange rate changes on cash and due from banks,2005,"label='Effect of exchange rate changes on cash and due from banks' x1,000,000 sheet=-122.000"
cash_flow,EndCashPosition,2005,mapped,5001000000.0,5001,PASS,Cash and due from banks at end of year $,2005,"label='Cash and due from banks at end of year $' x1,000,000 sheet=5,001.000"
cash_flow,FinancingCashFlow,2005,mapped,38666000000.0,38666,PASS,Net cash from financing activities,2005,"label='Net cash from financing activities' x1,000,000 sheet=38,666.000"
cash_flow,InvestingCashFlow,2005,mapped,-7725000000.0,-7725,PASS,Net cash used in investing activities,2005,"label='Net cash used in investing activities' x1,000,000 sheet=-7,725.000"
cash_flow,IssuanceOfCapitalStock,2005,absent_on_face,0.0,,PASS,,,no face/notes hit
cash_flow,IssuanceOfDebt,2005,absent_on_face,0.0,,PASS,,,no face/notes hit
cash_flow,NetIncomeFromContinuingOperations,2005,mapped,3437000000.0,3437,PASS,Net income from continuing operations $,2005,"label='Net income from continuing operations $' x1,000,000 sheet=3,437.000"
cash_flow,NetIntangiblesPurchaseAndSale,2005,absent_on_face,0.0,,PASS,,,no face/notes hit
cash_flow,NetIssuancePaymentsOfDebt,2005,absent_on_face,0.0,,PASS,,,no face/notes hit
cash_flow,NetOtherFinancingCharges,2005,absent_on_face,0.0,,PASS,,,no face/notes hit
cash_flow,NetOtherInvestingChanges,2005,absent_on_face,0.0,,PASS,,,no face/notes hit
cash_flow,NetPreferredStockIssuance,2005,absent_on_face,0.0,,PASS,,,no face/notes hit
cash_flow,OtherNonCashItems,2005,absent_on_face,0.0,,PASS,,,no face/notes hit
cash_flow,PurchaseOfBusiness,2005,absent_on_face,0.0,,PASS,,,no face/notes hit
cash_flow,PurchaseOfInvestment,2005,absent_on_face,0.0,,PASS,,,no face/notes hit
cash_flow,PurchaseOfPPE,2005,absent_on_face,0.0,,PASS,,,no face/notes hit
cash_flow,RepaymentOfDebt,2005,absent_on_face,0.0,,NOTE_ONLY,,,alias 'repayment of debt' appears only in notes
cash_flow,RepurchaseOfCapitalStock,2005,absent_on_face,0.0,,PASS,,,no face/notes hit
cash_flow,SaleOfInvestment,2005,absent_on_face,0.0,,NOTE_ONLY,,,alias 'sale of investment' appears only in notes
cash_flow,SaleOfPPE,2005,absent_on_face,0.0,,PASS,,,no face/notes hit
cash_flow,StockBasedCompensation,2005,absent_on_face,0.0,,NOTE_ONLY,,,alias 'stock based compensation' appears only in notes
income_statement,BasicEPS,2005,mapped,5.22,5.22,PASS,Basic earnings per share (in dollars) $,2005,label='Basic earnings per share (in dollars) $' sheet=0.000
income_statement,CreditLossesProvision,2005,mapped,455000.0,455,PASS,Provision for credit losses (Note 4),2005,"label='Provision for credit losses (Note 4)' x1,000 sheet=0.455"
income_statement,DilutedEPS,2005,mapped,5.13,5.13,PASS,Diluted earnings per share (in dollars) $,2005,label='Diluted earnings per share (in dollars) $' sheet=0.000
income_statement,InterestExpense,2005,mapped,10188000.0,10188,PASS,Interest expense total,2005,"label='Interest expense total' x1,000 sheet=10.188"
income_statement,InterestExpenseNonOperating,2005,absent_on_face,0.0,,PASS,,,no face/notes hit
income_statement,InterestIncome,2005,mapped,16958000.0,16958,PASS,Interest income total,2005,"label='Interest income total' x1,000 sheet=16.958"
income_statement,InterestIncomeNonOperating,2005,absent_on_face,0.0,,NOTE_ONLY,,,alias 'interest income' appears only in notes
income_statement,MinorityInterests,2005,mapped,-3424000.0,3424,PASS,Net income before non-controlling interest,2005,"label='Net income before non-controlling interest' x1,000 sheet=-3.424"
income_statement,NetIncome,2005,mapped,743000.0,743,PASS,Net income $ 522 $ 979 $ 907 $ 979 $ 514 $,2005,"label='Net income $ 522 $ 979 $ 907 $ 979 $ 514 $' x1,000 sheet=0.743"
income_statement,NetIncomeContinuousOperations,2005,mapped,394000.0,394,PASS,"Net income from continuing operations $ 2,774 $ 200 $ 463 $ 3,437 $ 2,171 $ 212 $ 640 $ 3,023 $ 1,978 $",2005,"label='Net income from continuing operations $ 2,774 $ 200 $ 463 $ 3,437 $ 2,171 $ 212 $ 640 $ 3,023 $ 1,978 $' x1,000 sheet=0.394"
income_statement,NetIncomeDiscontinuousOperations,2005,absent_on_face,0.0,,PASS,,,no face/notes hit
income_statement,NetInterestIncome,2005,mapped,1124000.0,1124,PASS,"Net interest income $ 5,459 $ 754 $ 557 $ 6,770 $ 5,011 $ 934 $ 453 $ 6,398 $ 4,941 $",2005,"label='Net interest income $ 5,459 $ 754 $ 557 $ 6,770 $ 5,011 $ 934 $ 453 $ 6,398 $ 4,941 $' x1,000 sheet=1.124"
income_statement,NetNonOperatingInterestIncomeExpense,2005,absent_on_face,0.0,,PASS,,,no face/notes hit
income_statement,NonInterestExpense,2005,mapped,3246000.0,3246,PASS,"Non-interest expense 6,685 3,626 1,077 11,388 6,395 3,457 981 10,833 6,012",2005,"label='Non-interest expense 6,685 3,626 1,077 11,388 6,395 3,457 981 10,833 6,012' x1,000 sheet=3.246"
income_statement,NonInterestIncome,2005,mapped,3389000.0,3389,PASS,"Non-interest income 7,047 3,840 1,558 12,445 6,121 3,743 1,540 11,404 5,418",2005,"label='Non-interest income 7,047 3,840 1,558 12,445 6,121 3,743 1,540 11,404 5,418' x1,000 sheet=3.389"
income_statement,OtherIncomeExpense,2005,absent_on_face,0.0,,NOTE_ONLY,,,alias 'foreign exchange gain' appears only in notes
income_statement,OtherOperatingExpenses,2005,absent_on_face,0.0,,NOTE_ONLY,,,alias 'office' appears only in notes
income_statement,PretaxIncome,2005,mapped,1133000.0,1133,PASS,"Net income before income taxes $ 603 $ 1,387 $ 1,285 $ 1,427 $ 973 $",2005,"label='Net income before income taxes $ 603 $ 1,387 $ 1,285 $ 1,427 $ 973 $' x1,000 sheet=1.133"
income_statement,ResearchAndDevelopment,2005,absent_on_face,0.0,,PASS,,,no face/notes hit
income_statement,SellingGeneralAndAdministration,2005,absent_on_face,0.0,,NOTE_ONLY,,,alias 'travel' appears only in notes
income_statement,TaxProvision,2005,mapped,1278000.0,1278,PASS,Income taxes (Note 22),2005,"label='Income taxes (Note 22)' x1,000 sheet=-1.278"
income_statement,TotalRevenue,2005,mapped,4513000.0,4513,PASS,"Total revenue 12,506 4,594 2,115 19,215 11,132 4,677 1,993 17,802 10,359",2005,"label='Total revenue 12,506 4,594 2,115 19,215 11,132 4,677 1,993 17,802 10,359' x1,000 sheet=4.513"
balance_sheet,TotalEquityGrossMinorityInterest,2005,derived,19847000.0,,PASS,,,identities clean
balance_sheet,TotalLiabilities,2005,derived,449674000.0,,PASS,,,identities clean
cash_flow,FreeCashFlow,2005,derived,-29529000000.0,,PASS,,,identities clean
income_statement,CostOfRevenue,2005,derived,0.0,,PASS,,,identities clean
income_statement,DepreciationAmortizationDepletion,2005,derived,464000000.0,,PASS,,,identities clean
income_statement,DilutedAverageShares,2005,derived,144834.0,,PASS,,,identities clean
income_statement,EBIT,2005,derived,1133000.0,,PASS,,,identities clean
income_statement,EBITDA,2005,derived,465133000.0,,PASS,,,identities clean
income_statement,GrossProfit,2005,derived,4513000.0,,PASS,,,identities clean
balance_sheet,AllowanceForLoansAndLeaseLosses,2006,mapped,86000.0,86,PASS,"Allowance for credit losses $ 1,572 $",2007,"label='Allowance for credit losses $ 1,572 $' x1,000 sheet=0.086"
balance_sheet,GrossLoan,2006,mapped,209939000.0,209939,PASS,Total loans $,2006,"label='Total loans $' x1,000 sheet=209.939"
balance_sheet,MoneyMarketInvestments,2006,absent_on_face,0.0,,PASS,,,no face/notes hit
balance_sheet,OtherAssets,2006,mapped,69100000.0,69100,PASS,Other assets,2007,"label='Other assets' x1,000 sheet=69.100"
balance_sheet,SecuritiesAndInvestments,2006,mapped,184869000.0,184869,PASS,Total securities $,2006,"label='Total securities $' x1,000 sheet=184.869"
balance_sheet,StockholdersEquity,2006,mapped,22123000.0,22123,PASS,Shareholders’ equity,2007,"label='Shareholders’ equity' x1,000 sheet=22.123"
balance_sheet,TotalAssets,2006,mapped,536780000.0,536780,PASS,Total assets,2007,"label='Total assets' x1,000 sheet=536.780"
balance_sheet,TotalEquityGrossMinorityInterest,2006,derived,22123000.0,,PASS,,,identities clean
balance_sheet,TotalLiabilities,2006,derived,514657000.0,,PASS,,,identities clean
balance_sheet,AllowanceForLoansAndLeaseLosses,2007,mapped,237936000.0,237936,PASS,Loans (net of allowance for loan losses),2008,"label='Loans (net of allowance for loan losses)' x1,000 sheet=237.936"
balance_sheet,CashAndDueFromBanks,2007,mapped,4226000.0,4226,PASS,Cash and due from banks (2) $,2008,"label='Cash and due from banks (2) $' x1,000 sheet=4.226"
balance_sheet,MoneyMarketInvestments,2007,absent_on_face,0.0,,PASS,,,no face/notes hit
balance_sheet,OtherAssets,2007,mapped,103735000.0,103735,PASS,Other assets,2007,"label='Other assets' x1,000 sheet=103.735"
balance_sheet,StockholdersEquity,2007,mapped,24439000.0,24439,PASS,Shareholders’ equity,2008,"label='Shareholders’ equity' x1,000 sheet=24.439"
balance_sheet,TotalAssets,2007,mapped,600346000.0,600346,PASS,Total assets $,2008,"label='Total assets $' x1,000 sheet=600.346"
income_statement,CreditLossesProvision,2007,mapped,455000.0,455,PASS,Provision for credit losses $ 791 $ 429 $,2007,"label='Provision for credit losses $ 791 $ 429 $' x1,000 sheet=0.455"
income_statement,DepreciationAmortizationDepletion,2007,absent_on_face,0.0,,PASS,,,no face/notes hit
income_statement,InterestExpense,2007,mapped,5220000.0,5220,PASS,"Total interest expense $ 2,558 $ 879 $ 3,437 $ 1,519 $ 3,701 $",2007,"label='Total interest expense $ 2,558 $ 879 $ 3,437 $ 1,519 $ 3,701 $' x1,000 sheet=5.220"
income_statement,InterestExpenseNonOperating,2007,absent_on_face,0.0,,PASS,,,no face/notes hit
income_statement,InterestIncome,2007,mapped,5223000.0,5223,PASS,"Total interest income $ 3,959 $ 214 $ 4,173 $ 2,468 $ 2,755 $",2007,"label='Total interest income $ 3,959 $ 214 $ 4,173 $ 2,468 $ 2,755 $' x1,000 sheet=5.223"
income_statement,InterestIncomeNonOperating,2007,mapped,16981000.0,16981,PASS,"Interest income $ 26,377 $ 22,204 $",2007,"label='Interest income $ 26,377 $ 22,204 $' x1,000 sheet=16.981"
income_statement,MinorityInterests,2007,absent_on_face,0.0,,NOTE_ONLY,,,alias 'non controlling interest' appears only in notes
income_statement,NetIncome,2007,mapped,55000.0,55,PASS,Net income,2007,"label='Net income' x1,000 sheet=0.055"
income_statement,NetIncomeContinuousOperations,2007,mapped,3437000.0,3437,PASS,"Net income from continuing operations $ 3,917 $ 778 $ 797 $ 5,492 $ 3,177 $ 799 $ 781 $ 4,757 $ 2,774 $ 200 $ 463 $",2007,"label='Net income from continuing operations $ 3,917 $ 778 $ 797 $ 5,492 $ 3,177 $ 799 $ 781 $ 4,757 $ 2,774 $ 200 $ 463 $' x1,000 sheet=3.437"
income_statement,NetIncomeDiscontinuousOperations,2007,absent_on_face,0.0,,PASS,,,no face/notes hit
income_statement,NetInterestIncome,2007,mapped,6793000.0,6793,PASS,"Net interest income $ 7,532 $ 6,796 $",2007,"label='Net interest income $ 7,532 $ 6,796 $' x1,000 sheet=6.793"
income_statement,NetNonOperatingInterestIncomeExpense,2007,absent_on_face,0.0,,PASS,,,no face/notes hit
income_statement,NonInterestExpense,2007,mapped,11357000.0,11357,PASS,"Non-interest expense $ 12,473 $ 11,495 $",2007,"label='Non-interest expense $ 12,473 $ 11,495 $' x1,000 sheet=11.357"
income_statement,NonInterestIncome,2007,mapped,12391000.0,12391,PASS,"Non-interest income $ 14,930 $ 13,841 $",2007,"label='Non-interest income $ 14,930 $ 13,841 $' x1,000 sheet=12.391"
income_statement,OtherIncomeExpense,2007,mapped,1538000.0,1538,PASS,"Other expenses 1,204 947",2007,"label='Other expenses 1,204 947' x1,000 sheet=1.538"
income_statement,OtherOperatingExpenses,2007,absent_on_face,0.0,,NOTE_ONLY,,,alias 'office' appears only in notes
income_statement,PretaxIncome,2007,mapped,4702000.0,4702,PASS,"Net income before income taxes $ 7,025 $ 6,204 $",2007,"label='Net income before income taxes $ 7,025 $ 6,204 $' x1,000 sheet=4.702"
income_statement,ResearchAndDevelopment,2007,absent_on_face,0.0,,NOTE_ONLY,,,alias 'research and development' appears only in notes
income_statement,SellingGeneralAndAdministration,2007,mapped,3270000.0,3270,PASS,"Insurance (2) 3,152 3,348",2007,"label='Insurance (2) 3,152 3,348' x1,000 sheet=3.270"
income_statement,TaxProvision,2007,mapped,1278000.0,1278,PASS,"Income taxes $ 1,392 $ 1,403 $",2007,"label='Income taxes $ 1,392 $ 1,403 $' x1,000 sheet=-1.278"
income_statement,TotalRevenue,2007,mapped,-77000.0,-77,PASS,Total revenue $,2007,"label='Total revenue $' x1,000 sheet=-0.077"
balance_sheet,TotalEquityGrossMinorityInterest,2007,derived,24439000.0,,PASS,,,identities clean
balance_sheet,TotalLiabilities,2007,derived,575907000.0,,PASS,,,identities clean
income_statement,CostOfRevenue,2007,derived,0.0,,PASS,,,identities clean
income_statement,EBIT,2007,derived,-12279000.0,,PASS,,,identities clean
income_statement,EBITDA,2007,derived,-12279000.0,,PASS,,,identities clean
income_statement,GrossProfit,2007,derived,-77000.0,,PASS,,,identities clean
balance_sheet,AllowanceForLoansAndLeaseLosses,2008,mapped,289540000.0,289540,PASS,Loans (net of allowance for loan losses),2008,"label='Loans (net of allowance for loan losses)' x1,000 sheet=289.540"
balance_sheet,CashAndDueFromBanks,2008,mapped,11086000.0,11086,PASS,Cash and due from banks (2) $,2008,"label='Cash and due from banks (2) $' x1,000 sheet=11.086"
balance_sheet,MoneyMarketInvestments,2008,absent_on_face,0.0,,PASS,,,no face/notes hit
balance_sheet,StockholdersEquity,2008,mapped,30758000.0,30758,PASS,Shareholders’ equity,2008,"label='Shareholders’ equity' x1,000 sheet=30.758"
balance_sheet,TotalAssets,2008,mapped,723859000.0,723859,PASS,Total assets $,2008,"label='Total assets $' x1,000 sheet=723.859"
balance_sheet,TotalEquityGrossMinorityInterest,2008,derived,30758000.0,,PASS,,,identities clean
balance_sheet,TotalLiabilities,2008,derived,693101000.0,,PASS,,,identities clean
balance_sheet,CashAndDueFromBanks,2009,mapped,8353000.0,8353,PASS,Cash and due from banks $,2010,"label='Cash and due from banks $' x1,000 sheet=8.353"
balance_sheet,MoneyMarketInvestments,2009,absent_on_face,0.0,,PASS,,,no face/notes hit
balance_sheet,SecuritiesAndInvestments,2009,mapped,3530.0,3.53,PASS,Securities total,2010,"label='Securities total' x1,000 sheet=0.004"
balance_sheet,StockholdersEquity,2009,mapped,36906000.0,36906,PASS,Total shareholders’ equity,2010,"label='Total shareholders’ equity' x1,000 sheet=36.906"
balance_sheet,TotalLiabilities,2009,mapped,618083000.0,618083,PASS,Total liabilities $,2010,"label='Total liabilities $' x1,000 sheet=618.083"
balance_sheet,TotalAssets,2009,derived,654989000.0,,PASS,,,identities clean
balance_sheet,TotalEquityGrossMinorityInterest,2009,derived,36906000.0,,PASS,,,identities clean
balance_sheet,AllowanceForLoansAndLeaseLosses,2010,mapped,2867000000.0,-2867,PASS,Allowance for loan losses (Note 6),2012,"label='Allowance for loan losses (Note 6)' x1,000,000 sheet=2,867.000"
balance_sheet,CashAndDueFromBanks,2010,mapped,8536000000.0,8536,PASS,Cash and due from banks $,2012,"label='Cash and due from banks $' x1,000,000 sheet=8,536.000"
balance_sheet,GrossLoan,2010,mapped,339524000000.0,339524,PASS,Loans total,2012,"label='Loans total' x1,000,000 sheet=339,524.000"
balance_sheet,MoneyMarketInvestments,2010,absent_on_face,0.0,,PASS,,,no face/notes hit
balance_sheet,NetLoan,2010,mapped,336657000000.0,336657,PASS,Loans net total,2012,"label='Loans net total' x1,000,000 sheet=336,657.000"
balance_sheet,OtherAssets,2010,mapped,30321000000.0,30321,PASS,Other assets (Note 14),2012,"label='Other assets (Note 14)' x1,000,000 sheet=30,321.000"
balance_sheet,RetainedEarnings,2010,mapped,17287000000.0,17287,PASS,Retained earnings,2012,"label='Retained earnings' x1,000,000 sheet=17,287.000"
balance_sheet,SecuritiesAndInvestments,2010,mapped,179083000000.0,179083,PASS,Securities total,2012,"label='Securities total' x1,000,000 sheet=179,083.000"
balance_sheet,StockholdersEquity,2010,mapped,35381000000.0,35381,PASS,Equity attributable to shareholders total,2012,"label='Equity attributable to shareholders total' x1,000,000 sheet=35,381.000"
balance_sheet,TotalAssets,2010,mapped,765372000000.0,765372,PASS,Total assets $,2012,"label='Total assets $' x1,000,000 sheet=765,372.000"
balance_sheet,TotalDeposits,2010,mapped,468513000000.0,468513,PASS,Deposits total,2012,"label='Deposits total' x1,000,000 sheet=468,513.000"
balance_sheet,TotalEquityGrossMinorityInterest,2010,mapped,37475000000.0,37475,PASS,Total equity,2012,"label='Total equity' x1,000,000 sheet=37,475.000"
balance_sheet,TotalLiabilities,2010,mapped,727897000000.0,727897,PASS,Total liabilities,2012,"label='Total liabilities' x1,000,000 sheet=727,897.000"
balance_sheet,AllowanceForLoansAndLeaseLosses,2011,mapped,1967000000.0,-1967,PASS,Allowance for loan losses (Note 6),2012,"label='Allowance for loan losses (Note 6)' x1,000,000 sheet=1,967.000"
balance_sheet,CashAndDueFromBanks,2011,mapped,12428000000.0,12428,PASS,Cash and due from banks $,2012,"label='Cash and due from banks $' x1,000,000 sheet=12,428.000"
balance_sheet,GrossLoan,2011,mapped,349497000000.0,349497,PASS,Loans total,2012,"label='Loans total' x1,000,000 sheet=349,497.000"
balance_sheet,MoneyMarketInvestments,2011,absent_on_face,0.0,,PASS,,,no face/notes hit
balance_sheet,NetLoan,2011,mapped,347530000000.0,347530,PASS,Loans net total,2012,"label='Loans net total' x1,000,000 sheet=347,530.000"
balance_sheet,OtherAssets,2011,mapped,27967000000.0,27967,PASS,Other assets (Note 14),2012,"label='Other assets (Note 14)' x1,000,000 sheet=27,967.000"
balance_sheet,RetainedEarnings,2011,mapped,20381000000.0,20381,PASS,Retained earnings,2012,"label='Retained earnings' x1,000,000 sheet=20,381.000"
balance_sheet,SecuritiesAndInvestments,2011,mapped,167022000000.0,167022,PASS,Securities total,2012,"label='Securities total' x1,000,000 sheet=167,022.000"
balance_sheet,StockholdersEquity,2011,mapped,39702000000.0,39702,PASS,Equity attributable to shareholders total,2012,"label='Equity attributable to shareholders total' x1,000,000 sheet=39,702.000"
balance_sheet,TotalAssets,2011,mapped,793833000000.0,793833,PASS,Total assets $,2012,"label='Total assets $' x1,000,000 sheet=793,833.000"
balance_sheet,TotalDeposits,2011,mapped,479102000000.0,479102,PASS,Deposits total,2012,"label='Deposits total' x1,000,000 sheet=479,102.000"
balance_sheet,TotalEquityGrossMinorityInterest,2011,mapped,41463000000.0,41463,PASS,Total equity,2012,"label='Total equity' x1,000,000 sheet=41,463.000"
balance_sheet,TotalLiabilities,2011,mapped,752370000000.0,752370,PASS,Total liabilities,2012,"label='Total liabilities' x1,000,000 sheet=752,370.000"
cash_flow,AssetImpairmentCharge,2011,absent_on_face,0.0,,PASS,,,no face/notes hit
cash_flow,CapitalExpenditure,2011,absent_on_face,0.0,,PASS,,,no face/notes hit
cash_flow,CashDividendsPaid,2011,mapped,-3032000000.0,-3032,PASS,Dividends paid,2013,"label='Dividends paid' x1,000,000 sheet=-3,032.000"
cash_flow,CashFromDiscontinuedInvestingActivities,2011,absent_on_face,0.0,,PASS,,,no face/notes hit
cash_flow,CashFromDiscontinuedOperatingActivities,2011,absent_on_face,0.0,,PASS,,,no face/notes hit
cash_flow,ChangeInInventory,2011,absent_on_face,0.0,,NOTE_ONLY,,,alias 'inventory' appears only in notes
cash_flow,ChangeInOtherWorkingCapital,2011,absent_on_face,0.0,,PASS,,,no face/notes hit
cash_flow,ChangeInPayablesAndAccruedExpense,2011,absent_on_face,0.0,,NOTE_ONLY,,,alias 'trade payables' appears only in notes
cash_flow,ChangeInPrepaidAssets,2011,absent_on_face,0.0,,PASS,,,no face/notes hit
cash_flow,ChangeInReceivables,2011,absent_on_face,0.0,,NOTE_ONLY,,,alias 'accounts receivable' appears only in notes
cash_flow,ChangeInWorkingCapital,2011,absent_on_face,0.0,,PASS,,,no face/notes hit
cash_flow,DepreciationAmortizationDepletion,2011,absent_on_face,0.0,,PASS,,,no face/notes hit
cash_flow,EffectOfExchangeRateChanges,2011,mapped,76000000.0,76,PASS,Effect of exchange rate changes on cash and due from banks,2013,"label='Effect of exchange rate changes on cash and due from banks' x1,000,000 sheet=76.000"
cash_flow,FinancingCashFlow,2011,mapped,-3151000000.0,-3151,PASS,Net cash used in financing activities,2013,"label='Net cash used in financing activities' x1,000,000 sheet=-3,151.000"
cash_flow,InvestingCashFlow,2011,mapped,5202000000.0,5202,PASS,Net cash from investing activities,2013,"label='Net cash from investing activities' x1,000,000 sheet=5,202.000"
cash_flow,IssuanceOfCapitalStock,2011,absent_on_face,0.0,,PASS,,,no face/notes hit
cash_flow,IssuanceOfDebt,2011,absent_on_face,0.0,,PASS,,,no face/notes hit
cash_flow,NetIncomeFromContinuingOperations,2011,mapped,6444000000.0,6444,PASS,Net income $,2013,"label='Net income $' x1,000,000 sheet=6,444.000"
cash_flow,NetIntangiblesPurchaseAndSale,2011,absent_on_face,0.0,,PASS,,,no face/notes hit
cash_flow,NetIssuancePaymentsOfDebt,2011,absent_on_face,0.0,,PASS,,,no face/notes hit
cash_flow,NetOtherFinancingCharges,2011,absent_on_face,0.0,,PASS,,,no face/notes hit
cash_flow,NetOtherInvestingChanges,2011,absent_on_face,0.0,,PASS,,,no face/notes hit
cash_flow,NetPreferredStockIssuance,2011,absent_on_face,0.0,,PASS,,,no face/notes hit
cash_flow,OtherNonCashItems,2011,absent_on_face,0.0,,PASS,,,no face/notes hit
cash_flow,PurchaseOfBusiness,2011,absent_on_face,0.0,,PASS,,,no face/notes hit
cash_flow,PurchaseOfInvestment,2011,absent_on_face,0.0,,NOTE_ONLY,,,alias 'purchase of investment' appears only in notes
cash_flow,PurchaseOfPPE,2011,absent_on_face,0.0,,PASS,,,no face/notes hit
cash_flow,RepaymentOfDebt,2011,absent_on_face,0.0,,NOTE_ONLY,,,alias 'repayment of debt' appears only in notes
cash_flow,RepurchaseOfCapitalStock,2011,absent_on_face,0.0,,PASS,,,no face/notes hit
cash_flow,SaleOfInvestment,2011,absent_on_face,0.0,,NOTE_ONLY,,,alias 'sale of investment' appears only in notes
cash_flow,SaleOfPPE,2011,absent_on_face,0.0,,PASS,,,no face/notes hit
cash_flow,StockBasedCompensation,2011,absent_on_face,0.0,,NOTE_ONLY,,,alias 'stock based compensation' appears only in notes
income_statement,BasicEPS,2011,mapped,4.25,4.25,PASS,Basic earnings per share (in dollars) (Note 25) $,2013,label='Basic earnings per share (in dollars) (Note 25) $' sheet=0.000
income_statement,CreditLossesProvision,2011,mapped,1133000000.0,1133,PASS,Provision for credit losses (Note 5),2013,"label='Provision for credit losses (Note 5)' x1,000,000 sheet=1,133.000"
income_statement,DilutedEPS,2011,mapped,4.19,4.19,PASS,Diluted earnings per share (in dollars) (Note 25),2013,label='Diluted earnings per share (in dollars) (Note 25)' sheet=0.000
income_statement,InterestExpense,2011,mapped,9456000000.0,9456,PASS,Interest expense total,2013,"label='Interest expense total' x1,000,000 sheet=9,456.000"
income_statement,InterestExpenseNonOperating,2011,absent_on_face,0.0,,PASS,,,no face/notes hit
income_statement,InterestIncome,2011,mapped,20813000000.0,20813,PASS,Interest income total,2013,"label='Interest income total' x1,000,000 sheet=20,813.000"
income_statement,InterestIncomeNonOperating,2011,absent_on_face,0.0,,NOTE_ONLY,,,alias 'interest income' appears only in notes
income_statement,MinorityInterests,2011,mapped,-101000000.0,101,PASS,Non-controlling interests,2013,"label='Non-controlling interests' x1,000,000 sheet=-101.000"
income_statement,NetIncome,2011,mapped,6343000000.0,6343,PASS,Shareholders $,2013,"label='Shareholders $' x1,000,000 sheet=6,343.000"
income_statement,NetIncomeContinuousOperations,2011,mapped,6970000000.0,6970,PASS,Net income from continuing operations,2013,"label='Net income from continuing operations' x1,000,000 sheet=6,970.000"
income_statement,NetIncomeDiscontinuousOperations,2011,absent_on_face,0.0,,PASS,,,no face/notes hit
income_statement,NetInterestIncome,2011,mapped,11357000000.0,11357,PASS,Net interest income,2013,"label='Net interest income' x1,000,000 sheet=11,357.000"
income_statement,NetNonOperatingInterestIncomeExpense,2011,absent_on_face,0.0,,PASS,,,no face/notes hit
income_statement,NonInterestExpense,2011,mapped,14167000000.0,14167,PASS,Non-interest expense total,2013,"label='Non-interest expense total' x1,000,000 sheet=14,167.000"
income_statement,NonInterestIncome,2011,mapped,16281000000.0,16281,PASS,Non-interest income,2013,"label='Non-interest income' x1,000,000 sheet=16,281.000"
income_statement,OtherIncomeExpense,2011,absent_on_face,0.0,,NOTE_ONLY,,,alias 'foreign exchange gain' appears only in notes
income_statement,OtherOperatingExpenses,2011,absent_on_face,0.0,,NOTE_ONLY,,,alias 'office' appears only in notes
income_statement,ResearchAndDevelopment,2011,absent_on_face,0.0,,PASS,,,no face/notes hit
income_statement,SellingGeneralAndAdministration,2011,absent_on_face,0.0,,NOTE_ONLY,,,alias 'travel' appears only in notes
income_statement,TaxProvision,2011,mapped,2010000000.0,2010,PASS,Income taxes (Note 24),2013,"label='Income taxes (Note 24)' x1,000,000 sheet=-2,010.000"
income_statement,TotalRevenue,2011,mapped,27638000000.0,27638,PASS,Total revenue,2013,"label='Total revenue' x1,000,000 sheet=27,638.000"
cash_flow,ChangesInCash,2011,derived,6606000000.0,,PASS,,,identities clean
cash_flow,FreeCashFlow,2011,derived,4479000000.0,,PASS,,,identities clean
income_statement,CostOfRevenue,2011,derived,0.0,,PASS,,,identities clean
income_statement,DepreciationAmortizationDepletion,2011,derived,412000000.0,,PASS,,,identities clean
income_statement,DilutedAverageShares,2011,derived,1513842482.0,,PASS,,,identities clean
income_statement,EBIT,2011,derived,8353000000.0,,PASS,,,identities clean
income_statement,EBITDA,2011,derived,8765000000.0,,PASS,,,identities clean
income_statement,GrossProfit,2011,derived,27638000000.0,,PASS,,,identities clean
income_statement,PretaxIncome,2011,derived,8353000000.0,,PASS,,,identities clean
balance_sheet,AllowanceForLoansAndLeaseLosses,2012,mapped,1997000000.0,-1997,PASS,Allowance for loan losses (Note 5),2013,"label='Allowance for loan losses (Note 5)' x1,000,000 sheet=1,997.000"
balance_sheet,CashAndDueFromBanks,2012,mapped,12617000000.0,12617,PASS,Cash and due from banks $,2013,"label='Cash and due from banks $' x1,000,000 sheet=12,617.000"
balance_sheet,GrossLoan,2012,mapped,380241000000.0,380241,PASS,Loans total,2013,"label='Loans total' x1,000,000 sheet=380,241.000"
balance_sheet,MoneyMarketInvestments,2012,absent_on_face,0.0,,PASS,,,no face/notes hit
balance_sheet,NetLoan,2012,mapped,378244000000.0,378244,PASS,Loans net total,2013,"label='Loans net total' x1,000,000 sheet=378,244.000"
balance_sheet,OtherAssets,2012,mapped,35019000000.0,35019,PASS,Other assets (Note 13),2013,"label='Other assets (Note 13)' x1,000,000 sheet=35,019.000"
balance_sheet,RetainedEarnings,2012,mapped,24270000000.0,24270,PASS,Retained earnings,2013,"label='Retained earnings' x1,000,000 sheet=24,270.000"
balance_sheet,SecuritiesAndInvestments,2012,mapped,161611000000.0,161611,PASS,Securities total,2013,"label='Securities total' x1,000,000 sheet=161,611.000"
balance_sheet,StockholdersEquity,2012,mapped,44267000000.0,44267,PASS,Equity attributable to shareholders total,2013,"label='Equity attributable to shareholders total' x1,000,000 sheet=44,267.000"
balance_sheet,TotalAssets,2012,mapped,825100000000.0,825100,PASS,Total assets $,2013,"label='Total assets $' x1,000,000 sheet=825,100.000"
balance_sheet,TotalDeposits,2012,mapped,508219000000.0,508219,PASS,Deposits total,2013,"label='Deposits total' x1,000,000 sheet=508,219.000"
balance_sheet,TotalEquityGrossMinorityInterest,2012,mapped,46028000000.0,46028,PASS,Total equity,2013,"label='Total equity' x1,000,000 sheet=46,028.000"
balance_sheet,TotalLiabilities,2012,mapped,779072000000.0,779072,PASS,Total liabilities,2013,"label='Total liabilities' x1,000,000 sheet=779,072.000"
cash_flow,AssetImpairmentCharge,2012,absent_on_face,0.0,,PASS,,,no face/notes hit
cash_flow,CapitalExpenditure,2012,absent_on_face,0.0,,PASS,,,no face/notes hit
cash_flow,CashDividendsPaid,2012,mapped,-3272000000.0,-3272,PASS,Dividends paid,2014,"label='Dividends paid' x1,000,000 sheet=-3,272.000"
cash_flow,CashFromDiscontinuedInvestingActivities,2012,absent_on_face,0.0,,PASS,,,no face/notes hit
cash_flow,CashFromDiscontinuedOperatingActivities,2012,absent_on_face,0.0,,PASS,,,no face/notes hit
cash_flow,ChangeInInventory,2012,absent_on_face,0.0,,NOTE_ONLY,,,alias 'inventory' appears only in notes
cash_flow,ChangeInOtherWorkingCapital,2012,absent_on_face,0.0,,NOTE_ONLY,,,alias 'deferred revenue' appears only in notes
cash_flow,ChangeInPayablesAndAccruedExpense,2012,absent_on_face,0.0,,NOTE_ONLY,,,alias 'accounts payable' appears only in notes
cash_flow,ChangeInPrepaidAssets,2012,absent_on_face,0.0,,NOTE_ONLY,,,alias 'prepaids' appears only in notes
cash_flow,ChangeInReceivables,2012,absent_on_face,0.0,,NOTE_ONLY,,,alias 'accounts receivable' appears only in notes
cash_flow,ChangeInWorkingCapital,2012,absent_on_face,0.0,,PASS,,,no face/notes hit
cash_flow,ChangesInCash,2012,mapped,-2596000000.0,-2596,PASS,Net change in cash and due from banks,2014,"label='Net change in cash and due from banks' x1,000,000 sheet=-2,596.000"
cash_flow,DepreciationAmortizationDepletion,2012,absent_on_face,0.0,,PASS,,,no face/notes hit
cash_flow,EffectOfExchangeRateChanges,2012,mapped,1000000.0,1,PASS,Effect of exchange rate changes on cash and due from banks,2014,"label='Effect of exchange rate changes on cash and due from banks' x1,000,000 sheet=1.000"
cash_flow,EndCashPosition,2012,mapped,12428000000.0,12428,PASS,Cash and due from banks at end of period (1) $,2014,"label='Cash and due from banks at end of period (1) $' x1,000,000 sheet=12,428.000"
cash_flow,FinancingCashFlow,2012,mapped,-4200000000.0,-4200,PASS,Net cash used in financing activities,2014,"label='Net cash used in financing activities' x1,000,000 sheet=-4,200.000"
cash_flow,InvestingCashFlow,2012,mapped,3250000000.0,3250,PASS,Net cash (used in) from investing activities,2014,"label='Net cash (used in) from investing activities' x1,000,000 sheet=3,250.000"
cash_flow,IssuanceOfCapitalStock,2012,absent_on_face,0.0,,PASS,,,no face/notes hit
cash_flow,IssuanceOfDebt,2012,absent_on_face,0.0,,PASS,,,no face/notes hit
cash_flow,NetIncomeFromContinuingOperations,2012,mapped,7507000000.0,7507,PASS,Net income $,2014,"label='Net income $' x1,000,000 sheet=7,507.000"
cash_flow,NetIntangiblesPurchaseAndSale,2012,absent_on_face,0.0,,PASS,,,no face/notes hit
cash_flow,NetIssuancePaymentsOfDebt,2012,absent_on_face,0.0,,PASS,,,no face/notes hit
cash_flow,NetOtherFinancingCharges,2012,absent_on_face,0.0,,PASS,,,no face/notes hit
cash_flow,NetOtherInvestingChanges,2012,absent_on_face,0.0,,PASS,,,no face/notes hit
cash_flow,NetPreferredStockIssuance,2012,absent_on_face,0.0,,PASS,,,no face/notes hit
cash_flow,OtherNonCashItems,2012,absent_on_face,0.0,,PASS,,,no face/notes hit
cash_flow,PurchaseOfBusiness,2012,absent_on_face,0.0,,PASS,,,no face/notes hit
cash_flow,PurchaseOfInvestment,2012,absent_on_face,0.0,,PASS,,,no face/notes hit
cash_flow,PurchaseOfPPE,2012,absent_on_face,0.0,,PASS,,,no face/notes hit
cash_flow,RepaymentOfDebt,2012,absent_on_face,0.0,,NOTE_ONLY,,,alias 'repayment of debt' appears only in notes
cash_flow,RepurchaseOfCapitalStock,2012,absent_on_face,0.0,,PASS,,,no face/notes hit
cash_flow,SaleOfInvestment,2012,absent_on_face,0.0,,PASS,,,no face/notes hit
cash_flow,SaleOfPPE,2012,absent_on_face,0.0,,PASS,,,no face/notes hit
cash_flow,StockBasedCompensation,2012,absent_on_face,0.0,,NOTE_ONLY,,,alias 'share based compensation' appears only in notes
income_statement,BasicEPS,2012,mapped,4.96,4.96,PASS,Basic earnings per share (in dollars) (Note 25) $,2014,label='Basic earnings per share (in dollars) (Note 25) $' sheet=0.000
income_statement,CreditLossesProvision,2012,mapped,1299000000.0,1299,PASS,Provision for credit losses (Note 5),2014,"label='Provision for credit losses (Note 5)' x1,000,000 sheet=1,299.000"
income_statement,DilutedEPS,2012,mapped,4.91,4.91,PASS,Diluted earnings per share (in dollars) (Note 25),2014,label='Diluted earnings per share (in dollars) (Note 25)' sheet=0.000
income_statement,InterestExpense,2012,mapped,8330000000.0,8330,PASS,Interest expense total,2014,"label='Interest expense total' x1,000,000 sheet=8,330.000"
income_statement,InterestExpenseNonOperating,2012,absent_on_face,0.0,,PASS,,,no face/notes hit
income_statement,InterestIncome,2012,mapped,20769000000.0,20769,PASS,Interest income total,2014,"label='Interest income total' x1,000,000 sheet=20,769.000"
income_statement,InterestIncomeNonOperating,2012,absent_on_face,0.0,,NOTE_ONLY,,,alias 'interest income' appears only in notes
income_statement,MinorityInterests,2012,mapped,-97000000.0,97,PASS,Non-controlling interests,2014,"label='Non-controlling interests' x1,000,000 sheet=-97.000"
income_statement,NetIncome,2012,mapped,7410000000.0,7410,PASS,Shareholders $,2014,"label='Shareholders $' x1,000,000 sheet=7,410.000"
income_statement,NetIncomeContinuousOperations,2012,mapped,7558000000.0,7558,PASS,Net income from continuing operations,2014,"label='Net income from continuing operations' x1,000,000 sheet=7,558.000"
income_statement,NetIncomeDiscontinuousOperations,2012,absent_on_face,0.0,,PASS,,,no face/notes hit
income_statement,NetInterestIncome,2012,mapped,12439000000.0,12439,PASS,Net interest income,2014,"label='Net interest income' x1,000,000 sheet=12,439.000"
income_statement,NetNonOperatingInterestIncomeExpense,2012,absent_on_face,0.0,,PASS,,,no face/notes hit
income_statement,NonInterestExpense,2012,mapped,14641000000.0,14641,PASS,Non-interest expense total,2014,"label='Non-interest expense total' x1,000,000 sheet=14,641.000"
income_statement,NonInterestIncome,2012,mapped,16708000000.0,16708,PASS,Non-interest income total,2014,"label='Non-interest income total' x1,000,000 sheet=16,708.000"
income_statement,OtherIncomeExpense,2012,absent_on_face,0.0,,NOTE_ONLY,,,alias 'foreign exchange gain' appears only in notes
income_statement,OtherOperatingExpenses,2012,absent_on_face,0.0,,NOTE_ONLY,,,alias 'office' appears only in notes
income_statement,ResearchAndDevelopment,2012,absent_on_face,0.0,,PASS,,,no face/notes hit
income_statement,SellingGeneralAndAdministration,2012,absent_on_face,0.0,,NOTE_ONLY,,,alias 'travel' appears only in notes
income_statement,TaxProvision,2012,mapped,2028000000.0,2028,PASS,Income taxes (Note 24),2014,"label='Income taxes (Note 24)' x1,000,000 sheet=-2,028.000"
income_statement,TotalRevenue,2012,mapped,29147000000.0,29147,PASS,Total revenue,2014,"label='Total revenue' x1,000,000 sheet=29,147.000"
cash_flow,BeginningCashPosition,2012,derived,15024000000.0,,PASS,,,identities clean
cash_flow,FreeCashFlow,2012,derived,-1647000000.0,,PASS,,,identities clean
income_statement,CostOfRevenue,2012,derived,0.0,,PASS,,,identities clean
income_statement,DepreciationAmortizationDepletion,2012,derived,926000000.0,,PASS,,,identities clean
income_statement,DilutedAverageShares,2012,derived,1509164969.0,,PASS,,,identities clean
income_statement,EBIT,2012,derived,9438000000.0,,PASS,,,identities clean
income_statement,EBITDA,2012,derived,10364000000.0,,PASS,,,identities clean
income_statement,GrossProfit,2012,derived,29147000000.0,,PASS,,,identities clean
income_statement,PretaxIncome,2012,derived,9438000000.0,,PASS,,,identities clean
balance_sheet,AllowanceForLoansAndLeaseLosses,2013,mapped,1959000000.0,-1959,PASS,Allowance for loan losses (Note 5),2014,"label='Allowance for loan losses (Note 5)' x1,000,000 sheet=1,959.000"
balance_sheet,CashAndDueFromBanks,2013,mapped,15550000000.0,15550,PASS,Cash and due from banks $,2014,"label='Cash and due from banks $' x1,000,000 sheet=15,550.000"
balance_sheet,GrossLoan,2013,mapped,410809000000.0,410809,PASS,Loans total,2014,"label='Loans total' x1,000,000 sheet=410,809.000"
balance_sheet,MoneyMarketInvestments,2013,absent_on_face,0.0,,PASS,,,no face/notes hit
balance_sheet,NetLoan,2013,mapped,408850000000.0,408850,PASS,Loans net total,2014,"label='Loans net total' x1,000,000 sheet=408,850.000"
balance_sheet,OtherAssets,2013,mapped,26638000000.0,26638,PASS,Other assets (Note 13),2014,"label='Other assets (Note 13)' x1,000,000 sheet=26,638.000"
balance_sheet,RetainedEarnings,2013,mapped,27438000000.0,27438,PASS,Retained earnings,2014,"label='Retained earnings' x1,000,000 sheet=27,438.000"
balance_sheet,SecuritiesAndInvestments,2013,mapped,182710000000.0,182710,PASS,Securities total,2014,"label='Securities total' x1,000,000 sheet=182,710.000"
balance_sheet,StockholdersEquity,2013,mapped,47665000000.0,47665,PASS,Equity attributable to shareholders total,2014,"label='Equity attributable to shareholders total' x1,000,000 sheet=47,665.000"
balance_sheet,TotalAssets,2013,mapped,859745000000.0,859745,PASS,Total assets $,2014,"label='Total assets $' x1,000,000 sheet=859,745.000"
balance_sheet,TotalDeposits,2013,mapped,563079000000.0,563079,PASS,Deposits total,2014,"label='Deposits total' x1,000,000 sheet=563,079.000"
balance_sheet,TotalEquityGrossMinorityInterest,2013,mapped,49460000000.0,49460,PASS,Total equity,2014,"label='Total equity' x1,000,000 sheet=49,460.000"
balance_sheet,TotalLiabilities,2013,mapped,810285000000.0,810285,PASS,Total liabilities,2014,"label='Total liabilities' x1,000,000 sheet=810,285.000"
cash_flow,AssetImpairmentCharge,2013,absent_on_face,0.0,,PASS,,,no face/notes hit
cash_flow,BeginningCashPosition,2013,mapped,12428000000.0,12428,PASS,Cash and due from banks at beginning of period (1),2015,"label='Cash and due from banks at beginning of period (1)' x1,000,000 sheet=12,428.000"
cash_flow,CapitalExpenditure,2013,absent_on_face,0.0,,PASS,,,no face/notes hit
cash_flow,CashDividendsPaid,2013,mapped,-3810000000.0,-3810,PASS,Dividends paid,2015,"label='Dividends paid' x1,000,000 sheet=-3,810.000"
cash_flow,CashFromDiscontinuedInvestingActivities,2013,absent_on_face,0.0,,PASS,,,no face/notes hit
cash_flow,CashFromDiscontinuedOperatingActivities,2013,absent_on_face,0.0,,PASS,,,no face/notes hit
cash_flow,ChangeInInventory,2013,absent_on_face,0.0,,NOTE_ONLY,,,alias 'inventory' appears only in notes
cash_flow,ChangeInOtherWorkingCapital,2013,absent_on_face,0.0,,NOTE_ONLY,,,alias 'deferred revenue' appears only in notes
cash_flow,ChangeInPayablesAndAccruedExpense,2013,absent_on_face,0.0,,NOTE_ONLY,,,alias 'accounts payable' appears only in notes
cash_flow,ChangeInPrepaidAssets,2013,absent_on_face,0.0,,NOTE_ONLY,,,alias 'prepaids' appears only in notes
cash_flow,ChangeInReceivables,2013,absent_on_face,0.0,,NOTE_ONLY,,,alias 'accounts receivable' appears only in notes
cash_flow,ChangeInWorkingCapital,2013,absent_on_face,0.0,,PASS,,,no face/notes hit
cash_flow,ChangesInCash,2013,mapped,3122000000.0,3122,PASS,Net change in cash and due from banks,2015,"label='Net change in cash and due from banks' x1,000,000 sheet=3,122.000"
cash_flow,DepreciationAmortizationDepletion,2013,absent_on_face,0.0,,PASS,,,no face/notes hit
cash_flow,EffectOfExchangeRateChanges,2013,mapped,96000000.0,96,PASS,Effect of exchange rate changes on cash and due from banks,2015,"label='Effect of exchange rate changes on cash and due from banks' x1,000,000 sheet=96.000"
cash_flow,EndCashPosition,2013,mapped,15550000000.0,15550,PASS,Cash and due from banks at end of period (1) $,2015,"label='Cash and due from banks at end of period (1) $' x1,000,000 sheet=15,550.000"
cash_flow,FinancingCashFlow,2013,mapped,-4449000000.0,-4449,PASS,Net cash from (used in) financing activities,2015,"label='Net cash from (used in) financing activities' x1,000,000 sheet=-4,449.000"
cash_flow,InvestingCashFlow,2013,mapped,390000000.0,390,PASS,Net cash from (used in) investing activities,2015,"label='Net cash from (used in) investing activities' x1,000,000 sheet=390.000"
cash_flow,IssuanceOfCapitalStock,2013,absent_on_face,0.0,,PASS,,,no face/notes hit
cash_flow,IssuanceOfDebt,2013,absent_on_face,0.0,,PASS,,,no face/notes hit
cash_flow,NetIncomeFromContinuingOperations,2013,mapped,8342000000.0,8342,PASS,Net income $,2015,"label='Net income $' x1,000,000 sheet=8,342.000"
cash_flow,NetIntangiblesPurchaseAndSale,2013,absent_on_face,0.0,,PASS,,,no face/notes hit
cash_flow,NetIssuancePaymentsOfDebt,2013,absent_on_face,0.0,,PASS,,,no face/notes hit
cash_flow,NetOtherFinancingCharges,2013,absent_on_face,0.0,,PASS,,,no face/notes hit
cash_flow,NetOtherInvestingChanges,2013,absent_on_face,0.0,,PASS,,,no face/notes hit
cash_flow,NetPreferredStockIssuance,2013,absent_on_face,0.0,,PASS,,,no face/notes hit
cash_flow,OtherNonCashItems,2013,absent_on_face,0.0,,PASS,,,no face/notes hit
cash_flow,PurchaseOfBusiness,2013,absent_on_face,0.0,,PASS,,,no face/notes hit
cash_flow,PurchaseOfInvestment,2013,absent_on_face,0.0,,PASS,,,no face/notes hit
cash_flow,PurchaseOfPPE,2013,absent_on_face,0.0,,PASS,,,no face/notes hit
cash_flow,RepaymentOfDebt,2013,absent_on_face,0.0,,NOTE_ONLY,,,alias 'repayment of debt' appears only in notes
cash_flow,RepurchaseOfCapitalStock,2013,absent_on_face,0.0,,PASS,,,no face/notes hit
cash_flow,SaleOfInvestment,2013,absent_on_face,0.0,,PASS,,,no face/notes hit
cash_flow,SaleOfPPE,2013,absent_on_face,0.0,,PASS,,,no face/notes hit
cash_flow,StockBasedCompensation,2013,absent_on_face,0.0,,NOTE_ONLY,,,alias 'share based compensation' appears only in notes
income_statement,BasicEPS,2013,mapped,5.53,5.53,PASS,Basic earnings per share (in dollars) (Note 25) $,2015,label='Basic earnings per share (in dollars) (Note 25) $' sheet=0.000
income_statement,CreditLossesProvision,2013,mapped,1237000000.0,1237,PASS,Provision for credit losses (Note 5),2015,"label='Provision for credit losses (Note 5)' x1,000,000 sheet=1,237.000"
income_statement,DilutedEPS,2013,mapped,5.49,5.49,PASS,Diluted earnings per share (in dollars) (Note 25),2015,label='Diluted earnings per share (in dollars) (Note 25)' sheet=0.000
income_statement,InterestExpense,2013,mapped,7899000000.0,7899,PASS,Interest expense total,2015,"label='Interest expense total' x1,000,000 sheet=7,899.000"
income_statement,InterestExpenseNonOperating,2013,absent_on_face,0.0,,PASS,,,no face/notes hit
income_statement,InterestIncome,2013,mapped,21148000000.0,21148,PASS,Interest income total,2015,"label='Interest income total' x1,000,000 sheet=21,148.000"
income_statement,InterestIncomeNonOperating,2013,absent_on_face,0.0,,NOTE_ONLY,,,alias 'interest income' appears only in notes
income_statement,MinorityInterests,2013,mapped,-98000000.0,98,PASS,Non-controlling interests,2015,"label='Non-controlling interests' x1,000,000 sheet=-98.000"
income_statement,NetIncome,2013,mapped,8244000000.0,8244,PASS,Shareholders $,2015,"label='Shareholders $' x1,000,000 sheet=8,244.000"
income_statement,NetIncomeContinuousOperations,2013,mapped,8342000000.0,8342,PASS,Net income from continuing operations,2014,"label='Net income from continuing operations' x1,000,000 sheet=8,342.000"
income_statement,NetIncomeDiscontinuousOperations,2013,absent_on_face,0.0,,PASS,,,no face/notes hit
income_statement,NetInterestIncome,2013,mapped,13249000000.0,13249,PASS,Net interest income,2015,"label='Net interest income' x1,000,000 sheet=13,249.000"
income_statement,NetNonOperatingInterestIncomeExpense,2013,absent_on_face,0.0,,PASS,,,no face/notes hit
income_statement,NonInterestExpense,2013,mapped,16214000000.0,16214,PASS,Non-interest expense total,2015,"label='Non-interest expense total' x1,000,000 sheet=16,214.000"
income_statement,NonInterestIncome,2013,mapped,17433000000.0,17433,PASS,Non-interest income total,2015,"label='Non-interest income total' x1,000,000 sheet=17,433.000"
income_statement,OtherIncomeExpense,2013,absent_on_face,0.0,,NOTE_ONLY,,,alias 'foreign exchange gain' appears only in notes
income_statement,OtherOperatingExpenses,2013,absent_on_face,0.0,,NOTE_ONLY,,,alias 'office' appears only in notes
income_statement,PretaxIncome,2013,mapped,10447000000.0,10447,PASS,Income before income taxes,2015,"label='Income before income taxes' x1,000,000 sheet=10,447.000"
income_statement,ResearchAndDevelopment,2013,absent_on_face,0.0,,NOTE_ONLY,,,alias 'research and development' appears only in notes
income_statement,SellingGeneralAndAdministration,2013,absent_on_face,0.0,,NOTE_ONLY,,,alias 'travel' appears only in notes
income_statement,TaxProvision,2013,mapped,2105000000.0,2105,PASS,Income taxes (Note 24),2015,"label='Income taxes (Note 24)' x1,000,000 sheet=-2,105.000"
income_statement,TotalRevenue,2013,mapped,30682000000.0,30682,PASS,Total revenue,2015,"label='Total revenue' x1,000,000 sheet=30,682.000"
cash_flow,FreeCashFlow,2013,derived,7085000000.0,,PASS,,,identities clean
income_statement,CostOfRevenue,2013,derived,0.0,,PASS,,,identities clean
income_statement,DepreciationAmortizationDepletion,2013,derived,1021000000.0,,PASS,,,identities clean
income_statement,DilutedAverageShares,2013,derived,1501639344.0,,PASS,,,identities clean
income_statement,EBIT,2013,derived,10447000000.0,,PASS,,,identities clean
income_statement,EBITDA,2013,derived,11468000000.0,,PASS,,,identities clean
income_statement,GrossProfit,2013,derived,30682000000.0,,PASS,,,identities clean
balance_sheet,AllowanceForLoansAndLeaseLosses,2014,mapped,1994000000.0,-1994,PASS,Allowance for loan losses (Note 5),2015,"label='Allowance for loan losses (Note 5)' x1,000,000 sheet=1,994.000"
balance_sheet,CashAndDueFromBanks,2014,mapped,17421000000.0,17421,PASS,Cash and due from banks $,2015,"label='Cash and due from banks $' x1,000,000 sheet=17,421.000"
balance_sheet,GrossLoan,2014,mapped,437223000000.0,437223,PASS,Loans total,2015,"label='Loans total' x1,000,000 sheet=437,223.000"
balance_sheet,MoneyMarketInvestments,2014,absent_on_face,0.0,,PASS,,,no face/notes hit
balance_sheet,NetLoan,2014,mapped,435229000000.0,435229,PASS,Loans net total,2015,"label='Loans net total' x1,000,000 sheet=435,229.000"
balance_sheet,OtherAssets,2014,mapped,30695000000.0,30695,PASS,Other assets (Note 13),2015,"label='Other assets (Note 13)' x1,000,000 sheet=30,695.000"
balance_sheet,RetainedEarnings,2014,mapped,31615000000.0,31615,PASS,Retained earnings,2015,"label='Retained earnings' x1,000,000 sheet=31,615.000"
balance_sheet,SecuritiesAndInvestments,2014,mapped,199148000000.0,199148,PASS,Securities total,2015,"label='Securities total' x1,000,000 sheet=199,148.000"
balance_sheet,StockholdersEquity,2014,mapped,52690000000.0,52690,PASS,Equity attributable to shareholders total,2015,"label='Equity attributable to shareholders total' x1,000,000 sheet=52,690.000"
balance_sheet,TotalAssets,2014,mapped,940550000000.0,940550,PASS,Total assets $,2015,"label='Total assets $' x1,000,000 sheet=940,550.000"
balance_sheet,TotalDeposits,2014,mapped,614100000000.0,614100,PASS,Deposits total,2015,"label='Deposits total' x1,000,000 sheet=614,100.000"
balance_sheet,TotalEquityGrossMinorityInterest,2014,mapped,54503000000.0,54503,PASS,Total equity,2015,"label='Total equity' x1,000,000 sheet=54,503.000"
balance_sheet,TotalLiabilities,2014,mapped,886047000000.0,886047,PASS,Total liabilities,2015,"label='Total liabilities' x1,000,000 sheet=886,047.000"
cash_flow,AssetImpairmentCharge,2014,absent_on_face,0.0,,PASS,,,no face/notes hit
cash_flow,BeginningCashPosition,2014,mapped,15550000000.0,15550,PASS,Cash and due from banks at beginning of period (1),2016,"label='Cash and due from banks at beginning of period (1)' x1,000,000 sheet=15,550.000"
cash_flow,CapitalExpenditure,2014,absent_on_face,0.0,,PASS,,,no face/notes hit
cash_flow,CashDividendsPaid,2014,mapped,-4211000000.0,-4211,PASS,Dividends paid,2016,"label='Dividends paid' x1,000,000 sheet=-4,211.000"
cash_flow,CashFromDiscontinuedInvestingActivities,2014,absent_on_face,0.0,,PASS,,,no face/notes hit
cash_flow,CashFromDiscontinuedOperatingActivities,2014,absent_on_face,0.0,,PASS,,,no face/notes hit
cash_flow,ChangeInInventory,2014,absent_on_face,0.0,,NOTE_ONLY,,,alias 'inventories' appears only in notes
cash_flow,ChangeInOtherWorkingCapital,2014,absent_on_face,0.0,,NOTE_ONLY,,,alias 'deferred revenue' appears only in notes
cash_flow,ChangeInPayablesAndAccruedExpense,2014,absent_on_face,0.0,,NOTE_ONLY,,,alias 'accounts payable' appears only in notes
cash_flow,ChangeInPrepaidAssets,2014,absent_on_face,0.0,,NOTE_ONLY,,,alias 'prepaids' appears only in notes
cash_flow,ChangeInReceivables,2014,absent_on_face,0.0,,NOTE_ONLY,,,alias 'accounts receivable' appears only in notes
cash_flow,ChangeInWorkingCapital,2014,absent_on_face,0.0,,PASS,,,no face/notes hit
cash_flow,ChangesInCash,2014,mapped,1871000000.0,1871,PASS,Net change in cash and due from banks,2016,"label='Net change in cash and due from banks' x1,000,000 sheet=1,871.000"
cash_flow,DepreciationAmortizationDepletion,2014,absent_on_face,0.0,,PASS,,,no face/notes hit
cash_flow,EffectOfExchangeRateChanges,2014,mapped,198000000.0,198,PASS,Effect of exchange rate changes on cash and due from banks,2016,"label='Effect of exchange rate changes on cash and due from banks' x1,000,000 sheet=198.000"
cash_flow,EndCashPosition,2014,mapped,17421000000.0,17421,PASS,Cash and due from banks at end of period (1) $,2016,"label='Cash and due from banks at end of period (1) $' x1,000,000 sheet=17,421.000"
cash_flow,FinancingCashFlow,2014,mapped,-5284000000.0,-5284,PASS,Net cash from (used in) financing activities,2016,"label='Net cash from (used in) financing activities' x1,000,000 sheet=-5,284.000"
cash_flow,InvestingCashFlow,2014,mapped,-8217000000.0,-8217,PASS,Net cash from (used in) investing activities,2016,"label='Net cash from (used in) investing activities' x1,000,000 sheet=-8,217.000"
cash_flow,IssuanceOfCapitalStock,2014,absent_on_face,0.0,,PASS,,,no face/notes hit
cash_flow,IssuanceOfDebt,2014,absent_on_face,0.0,,PASS,,,no face/notes hit
cash_flow,NetIncomeFromContinuingOperations,2014,mapped,9004000000.0,9004,PASS,Net income $,2016,"label='Net income $' x1,000,000 sheet=9,004.000"
cash_flow,NetIntangiblesPurchaseAndSale,2014,absent_on_face,0.0,,PASS,,,no face/notes hit
cash_flow,NetIssuancePaymentsOfDebt,2014,absent_on_face,0.0,,PASS,,,no face/notes hit
cash_flow,NetOtherFinancingCharges,2014,absent_on_face,0.0,,PASS,,,no face/notes hit
cash_flow,NetOtherInvestingChanges,2014,absent_on_face,0.0,,PASS,,,no face/notes hit
cash_flow,NetPreferredStockIssuance,2014,absent_on_face,0.0,,PASS,,,no face/notes hit
cash_flow,OtherNonCashItems,2014,absent_on_face,0.0,,PASS,,,no face/notes hit
cash_flow,PurchaseOfBusiness,2014,absent_on_face,0.0,,PASS,,,no face/notes hit
cash_flow,PurchaseOfInvestment,2014,absent_on_face,0.0,,PASS,,,no face/notes hit
cash_flow,PurchaseOfPPE,2014,absent_on_face,0.0,,PASS,,,no face/notes hit
cash_flow,RepaymentOfDebt,2014,absent_on_face,0.0,,NOTE_ONLY,,,alias 'repayment of debt' appears only in notes
cash_flow,RepurchaseOfCapitalStock,2014,absent_on_face,0.0,,PASS,,,no face/notes hit
cash_flow,SaleOfInvestment,2014,absent_on_face,0.0,,PASS,,,no face/notes hit
cash_flow,SaleOfPPE,2014,absent_on_face,0.0,,PASS,,,no face/notes hit
cash_flow,StockBasedCompensation,2014,absent_on_face,0.0,,NOTE_ONLY,,,alias 'share based compensation' appears only in notes
income_statement,BasicEPS,2014,mapped,6.03,6.03,PASS,Basic earnings per share (in dollars) (Note 25) $,2016,label='Basic earnings per share (in dollars) (Note 25) $' sheet=0.000
income_statement,CreditLossesProvision,2014,mapped,1164000000.0,1164,PASS,Provision for credit losses (Note 5),2016,"label='Provision for credit losses (Note 5)' x1,000,000 sheet=1,164.000"
income_statement,DilutedEPS,2014,mapped,6.0,6,PASS,Diluted earnings per share (in dollars) (Note 25),2016,label='Diluted earnings per share (in dollars) (Note 25)' sheet=0.000
income_statement,InterestExpense,2014,mapped,7903000000.0,7903,PASS,Interest expense total,2016,"label='Interest expense total' x1,000,000 sheet=7,903.000"
income_statement,InterestExpenseNonOperating,2014,absent_on_face,0.0,,PASS,,,no face/notes hit
income_statement,InterestIncome,2014,mapped,22019000000.0,22019,PASS,Interest income total,2016,"label='Interest income total' x1,000,000 sheet=22,019.000"
income_statement,InterestIncomeNonOperating,2014,absent_on_face,0.0,,NOTE_ONLY,,,alias 'interest income' appears only in notes
income_statement,MinorityInterests,2014,mapped,-94000000.0,94,PASS,Non-controlling interests,2016,"label='Non-controlling interests' x1,000,000 sheet=-94.000"
income_statement,NetIncome,2014,mapped,8910000000.0,8910,PASS,Shareholders $,2016,"label='Shareholders $' x1,000,000 sheet=8,910.000"
income_statement,NetIncomeContinuousOperations,2014,mapped,9004000000.0,9004,PASS,Net income from continuing operations,2014,"label='Net income from continuing operations' x1,000,000 sheet=9,004.000"
income_statement,NetIncomeDiscontinuousOperations,2014,absent_on_face,0.0,,PASS,,,no face/notes hit
income_statement,NetInterestIncome,2014,mapped,14116000000.0,14116,PASS,Net interest income,2016,"label='Net interest income' x1,000,000 sheet=14,116.000"
income_statement,NetNonOperatingInterestIncomeExpense,2014,absent_on_face,0.0,,PASS,,,no face/notes hit
income_statement,NonInterestExpense,2014,mapped,17661000000.0,17661,PASS,Non-interest expense total,2016,"label='Non-interest expense total' x1,000,000 sheet=17,661.000"
income_statement,NonInterestIncome,2014,mapped,19992000000.0,19992,PASS,Non-interest income total,2016,"label='Non-interest income total' x1,000,000 sheet=19,992.000"
income_statement,OtherIncomeExpense,2014,absent_on_face,0.0,,NOTE_ONLY,,,alias 'foreign exchange gain' appears only in notes
income_statement,OtherOperatingExpenses,2014,absent_on_face,0.0,,NOTE_ONLY,,,alias 'office' appears only in notes
income_statement,PretaxIncome,2014,mapped,11710000000.0,11710,PASS,Income before income taxes,2016,"label='Income before income taxes' x1,000,000 sheet=11,710.000"
income_statement,ResearchAndDevelopment,2014,absent_on_face,0.0,,NOTE_ONLY,,,alias 'research and development' appears only in notes
income_statement,SellingGeneralAndAdministration,2014,absent_on_face,0.0,,NOTE_ONLY,,,alias 'travel' appears only in notes
income_statement,TaxProvision,2014,mapped,2706000000.0,2706,PASS,Income taxes (Note 24),2016,"label='Income taxes (Note 24)' x1,000,000 sheet=-2,706.000"
income_statement,TotalRevenue,2014,mapped,34108000000.0,34108,PASS,Total revenue,2016,"label='Total revenue' x1,000,000 sheet=34,108.000"
cash_flow,FreeCashFlow,2014,derived,15174000000.0,,PASS,,,identities clean
income_statement,CostOfRevenue,2014,derived,0.0,,PASS,,,identities clean
income_statement,DepreciationAmortizationDepletion,2014,derived,1173000000.0,,PASS,,,identities clean
income_statement,DilutedAverageShares,2014,derived,1485000000.0,,PASS,,,identities clean
income_statement,EBIT,2014,derived,11710000000.0,,PASS,,,identities clean
income_statement,EBITDA,2014,derived,12883000000.0,,PASS,,,identities clean
income_statement,GrossProfit,2014,derived,34108000000.0,,PASS,,,identities clean
balance_sheet,AllowanceForLoansAndLeaseLosses,2015,mapped,2029000000.0,-2029,PASS,Allowance for loan losses (Note 5),2016,"label='Allowance for loan losses (Note 5)' x1,000,000 sheet=2,029.000"
balance_sheet,CashAndDueFromBanks,2015,mapped,12452000000.0,12452,PASS,Cash and due from banks $,2016,"label='Cash and due from banks $' x1,000,000 sheet=12,452.000"
balance_sheet,GrossLoan,2015,mapped,474252000000.0,474252,PASS,Loans total,2016,"label='Loans total' x1,000,000 sheet=474,252.000"
balance_sheet,MoneyMarketInvestments,2015,absent_on_face,0.0,,PASS,,,no face/notes hit
balance_sheet,NetLoan,2015,mapped,472223000000.0,472223,PASS,Loans net total,2016,"label='Loans net total' x1,000,000 sheet=472,223.000"
balance_sheet,OtherAssets,2015,mapped,41872000000.0,41872,PASS,Other assets (Note 13),2016,"label='Other assets (Note 13)' x1,000,000 sheet=41,872.000"
balance_sheet,RetainedEarnings,2015,mapped,37811000000.0,37811,PASS,Retained earnings,2016,"label='Retained earnings' x1,000,000 sheet=37,811.000"
balance_sheet,SecuritiesAndInvestments,2015,mapped,215508000000.0,215508,PASS,Securities total,2016,"label='Securities total' x1,000,000 sheet=215,508.000"
balance_sheet,StockholdersEquity,2015,mapped,62146000000.0,62146,PASS,Equity attributable to shareholders total,2016,"label='Equity attributable to shareholders total' x1,000,000 sheet=62,146.000"
balance_sheet,TotalAssets,2015,mapped,1074208000000.0,1.07421e+06,PASS,Total assets $,2016,"label='Total assets $' x1,000,000 sheet=1,074,208.000"
balance_sheet,TotalDeposits,2015,mapped,697227000000.0,697227,PASS,Deposits total,2016,"label='Deposits total' x1,000,000 sheet=697,227.000"
balance_sheet,TotalEquityGrossMinorityInterest,2015,mapped,63944000000.0,63944,PASS,Total equity,2016,"label='Total equity' x1,000,000 sheet=63,944.000"
balance_sheet,TotalLiabilities,2015,mapped,1010264000000.0,1.01026e+06,PASS,Total liabilities,2016,"label='Total liabilities' x1,000,000 sheet=1,010,264.000"
cash_flow,AssetImpairmentCharge,2015,absent_on_face,0.0,,PASS,,,no face/notes hit
cash_flow,BeginningCashPosition,2015,mapped,17421000000.0,17421,PASS,Cash and due from banks at beginning of period (1),2016,"label='Cash and due from banks at beginning of period (1)' x1,000,000 sheet=17,421.000"
cash_flow,CapitalExpenditure,2015,absent_on_face,0.0,,PASS,,,no face/notes hit
cash_flow,CashDividendsPaid,2015,mapped,-4564000000.0,-4564,PASS,Dividends paid,2016,"label='Dividends paid' x1,000,000 sheet=-4,564.000"
cash_flow,CashFromDiscontinuedInvestingActivities,2015,absent_on_face,0.0,,PASS,,,no face/notes hit
cash_flow,CashFromDiscontinuedOperatingActivities,2015,absent_on_face,0.0,,PASS,,,no face/notes hit
cash_flow,ChangeInInventory,2015,absent_on_face,0.0,,NOTE_ONLY,,,alias 'inventory' appears only in notes
cash_flow,ChangeInOtherWorkingCapital,2015,absent_on_face,0.0,,NOTE_ONLY,,,alias 'deferred revenue' appears only in notes
cash_flow,ChangeInPayablesAndAccruedExpense,2015,absent_on_face,0.0,,NOTE_ONLY,,,alias 'accounts payable' appears only in notes
cash_flow,ChangeInPrepaidAssets,2015,absent_on_face,0.0,,NOTE_ONLY,,,alias 'prepaids' appears only in notes
cash_flow,ChangeInReceivables,2015,absent_on_face,0.0,,NOTE_ONLY,,,alias 'accounts receivable' appears only in notes
cash_flow,ChangeInWorkingCapital,2015,absent_on_face,0.0,,PASS,,,no face/notes hit
cash_flow,ChangesInCash,2015,mapped,-4969000000.0,-4969,PASS,Net change in cash and due from banks,2016,"label='Net change in cash and due from banks' x1,000,000 sheet=-4,969.000"
cash_flow,DepreciationAmortizationDepletion,2015,absent_on_face,0.0,,PASS,,,no face/notes hit
cash_flow,EffectOfExchangeRateChanges,2015,mapped,455000000.0,455,PASS,Effect of exchange rate changes on cash and due from banks,2016,"label='Effect of exchange rate changes on cash and due from banks' x1,000,000 sheet=455.000"
cash_flow,EndCashPosition,2015,mapped,12452000000.0,12452,PASS,Cash and due from banks at end of period (1) $,2016,"label='Cash and due from banks at end of period (1) $' x1,000,000 sheet=12,452.000"
cash_flow,FinancingCashFlow,2015,mapped,-4430000000.0,-4430,PASS,Net cash from (used in) financing activities,2016,"label='Net cash from (used in) financing activities' x1,000,000 sheet=-4,430.000"
cash_flow,InvestingCashFlow,2015,mapped,-25143000000.0,-25143,PASS,Net cash from (used in) investing activities,2016,"label='Net cash from (used in) investing activities' x1,000,000 sheet=-25,143.000"
cash_flow,IssuanceOfCapitalStock,2015,absent_on_face,0.0,,PASS,,,no face/notes hit
cash_flow,IssuanceOfDebt,2015,absent_on_face,0.0,,PASS,,,no face/notes hit
cash_flow,NetIncomeFromContinuingOperations,2015,mapped,10026000000.0,10026,PASS,Net income $,2016,"label='Net income $' x1,000,000 sheet=10,026.000"
cash_flow,NetIntangiblesPurchaseAndSale,2015,absent_on_face,0.0,,PASS,,,no face/notes hit
cash_flow,NetIssuancePaymentsOfDebt,2015,absent_on_face,0.0,,PASS,,,no face/notes hit
cash_flow,NetOtherFinancingCharges,2015,absent_on_face,0.0,,PASS,,,no face/notes hit
cash_flow,NetOtherInvestingChanges,2015,absent_on_face,0.0,,PASS,,,no face/notes hit
cash_flow,NetPreferredStockIssuance,2015,absent_on_face,0.0,,PASS,,,no face/notes hit
cash_flow,OtherNonCashItems,2015,absent_on_face,0.0,,PASS,,,no face/notes hit
cash_flow,PurchaseOfBusiness,2015,absent_on_face,0.0,,PASS,,,no face/notes hit
cash_flow,PurchaseOfInvestment,2015,absent_on_face,0.0,,PASS,,,no face/notes hit
cash_flow,PurchaseOfPPE,2015,absent_on_face,0.0,,PASS,,,no face/notes hit
cash_flow,RepaymentOfDebt,2015,absent_on_face,0.0,,NOTE_ONLY,,,alias 'repayment of debt' appears only in notes
cash_flow,RepurchaseOfCapitalStock,2015,absent_on_face,0.0,,PASS,,,no face/notes hit
cash_flow,SaleOfInvestment,2015,absent_on_face,0.0,,PASS,,,no face/notes hit
cash_flow,SaleOfPPE,2015,absent_on_face,0.0,,PASS,,,no face/notes hit
cash_flow,StockBasedCompensation,2015,absent_on_face,0.0,,NOTE_ONLY,,,alias 'share based compensation' appears only in notes
income_statement,BasicEPS,2015,mapped,6.75,6.75,PASS,Basic earnings per share (in dollars) (Note 25) $,2016,label='Basic earnings per share (in dollars) (Note 25) $' sheet=0.000
income_statement,CreditLossesProvision,2015,mapped,1097000000.0,1097,PASS,Provision for credit losses (Note 5),2016,"label='Provision for credit losses (Note 5)' x1,000,000 sheet=1,097.000"
income_statement,DilutedEPS,2015,mapped,6.73,6.73,PASS,Diluted earnings per share (in dollars) (Note 25),2016,label='Diluted earnings per share (in dollars) (Note 25)' sheet=0.000
income_statement,InterestExpense,2015,mapped,7958000000.0,7958,PASS,Interest expense total,2016,"label='Interest expense total' x1,000,000 sheet=7,958.000"
income_statement,InterestExpenseNonOperating,2015,absent_on_face,0.0,,PASS,,,no face/notes hit
income_statement,InterestIncome,2015,mapped,22729000000.0,22729,PASS,Interest income total,2016,"label='Interest income total' x1,000,000 sheet=22,729.000"
income_statement,InterestIncomeNonOperating,2015,absent_on_face,0.0,,NOTE_ONLY,,,alias 'interest income' appears only in notes
income_statement,MinorityInterests,2015,mapped,-101000000.0,101,PASS,Non-controlling interests,2016,"label='Non-controlling interests' x1,000,000 sheet=-101.000"
income_statement,NetIncome,2015,mapped,9925000000.0,9925,PASS,Shareholders $,2016,"label='Shareholders $' x1,000,000 sheet=9,925.000"
income_statement,NetIncomeDiscontinuousOperations,2015,absent_on_face,0.0,,PASS,,,no face/notes hit
income_statement,NetInterestIncome,2015,mapped,14771000000.0,14771,PASS,Net interest income,2016,"label='Net interest income' x1,000,000 sheet=14,771.000"
income_statement,NetNonOperatingInterestIncomeExpense,2015,absent_on_face,0.0,,PASS,,,no face/notes hit
income_statement,NonInterestExpense,2015,mapped,18638000000.0,18638,PASS,Non-interest expense total,2016,"label='Non-interest expense total' x1,000,000 sheet=18,638.000"
income_statement,NonInterestIncome,2015,mapped,20550000000.0,20550,PASS,Non-interest income total,2016,"label='Non-interest income total' x1,000,000 sheet=20,550.000"
income_statement,OtherIncomeExpense,2015,absent_on_face,0.0,,NOTE_ONLY,,,alias 'foreign exchange gain' appears only in notes
income_statement,OtherOperatingExpenses,2015,absent_on_face,0.0,,NOTE_ONLY,,,alias 'office' appears only in notes
income_statement,PretaxIncome,2015,mapped,12623000000.0,12623,PASS,Income before income taxes,2016,"label='Income before income taxes' x1,000,000 sheet=12,623.000"
income_statement,ResearchAndDevelopment,2015,absent_on_face,0.0,,NOTE_ONLY,,,alias 'research and development' appears only in notes
income_statement,SellingGeneralAndAdministration,2015,absent_on_face,0.0,,NOTE_ONLY,,,alias 'travel' appears only in notes
income_statement,TaxProvision,2015,mapped,2597000000.0,2597,PASS,Income taxes (Note 24),2016,"label='Income taxes (Note 24)' x1,000,000 sheet=-2,597.000"
income_statement,TotalRevenue,2015,mapped,35321000000.0,35321,PASS,Total revenue,2016,"label='Total revenue' x1,000,000 sheet=35,321.000"
cash_flow,FreeCashFlow,2015,derived,24149000000.0,,PASS,,,identities clean
income_statement,CostOfRevenue,2015,derived,0.0,,PASS,,,identities clean
income_statement,DepreciationAmortizationDepletion,2015,derived,1246000000.0,,PASS,,,identities clean
income_statement,DilutedAverageShares,2015,derived,1474739970.0,,PASS,,,identities clean
income_statement,EBIT,2015,derived,12623000000.0,,PASS,,,identities clean
income_statement,EBITDA,2015,derived,13869000000.0,,PASS,,,identities clean
income_statement,GrossProfit,2015,derived,35321000000.0,,PASS,,,identities clean
income_statement,NetIncomeContinuousOperations,2015,derived,9925000000.0,,PASS,,,identities clean
balance_sheet,AllowanceForLoansAndLeaseLosses,2016,mapped,2235000000.0,-2235,PASS,Allowance for loan losses (Note 5),2017,"label='Allowance for loan losses (Note 5)' x1,000,000 sheet=2,235.000"
balance_sheet,CashAndDueFromBanks,2016,mapped,14929000000.0,14929,PASS,Cash and due from banks $,2017,"label='Cash and due from banks $' x1,000,000 sheet=14,929.000"
balance_sheet,GrossLoan,2016,mapped,523839000000.0,523839,PASS,Loans total,2017,"label='Loans total' x1,000,000 sheet=523,839.000"
balance_sheet,MoneyMarketInvestments,2016,absent_on_face,0.0,,PASS,,,no face/notes hit
balance_sheet,NetLoan,2016,mapped,521604000000.0,521604,PASS,Loans net total,2017,"label='Loans net total' x1,000,000 sheet=521,604.000"
balance_sheet,OtherAssets,2016,mapped,42071000000.0,42071,PASS,Other assets (Note 13),2017,"label='Other assets (Note 13)' x1,000,000 sheet=42,071.000"
balance_sheet,RetainedEarnings,2016,mapped,41519000000.0,41519,PASS,Retained earnings,2017,"label='Retained earnings' x1,000,000 sheet=41,519.000"
balance_sheet,SecuritiesAndInvestments,2016,mapped,236093000000.0,236093,PASS,Securities total,2017,"label='Securities total' x1,000,000 sheet=236,093.000"
balance_sheet,StockholdersEquity,2016,mapped,71017000000.0,71017,PASS,Equity attributable to shareholders total,2017,"label='Equity attributable to shareholders total' x1,000,000 sheet=71,017.000"
balance_sheet,TotalAssets,2016,mapped,1180258000000.0,1.18026e+06,PASS,Total assets $,2017,"label='Total assets $' x1,000,000 sheet=1,180,258.000"
balance_sheet,TotalDeposits,2016,mapped,757589000000.0,757589,PASS,Deposits total,2017,"label='Deposits total' x1,000,000 sheet=757,589.000"
balance_sheet,TotalEquityGrossMinorityInterest,2016,mapped,71612000000.0,71612,PASS,Total equity,2017,"label='Total equity' x1,000,000 sheet=71,612.000"
balance_sheet,TotalLiabilities,2016,mapped,1108646000000.0,1.10865e+06,PASS,Total liabilities,2017,"label='Total liabilities' x1,000,000 sheet=1,108,646.000"
cash_flow,AssetImpairmentCharge,2016,absent_on_face,0.0,,PASS,,,no face/notes hit
cash_flow,BeginningCashPosition,2016,mapped,12452000000.0,12452,PASS,Cash and due from banks at beginning of period (1),2017,"label='Cash and due from banks at beginning of period (1)' x1,000,000 sheet=12,452.000"
cash_flow,CapitalExpenditure,2016,absent_on_face,0.0,,PASS,,,no face/notes hit
cash_flow,CashDividendsPaid,2016,mapped,-4997000000.0,-4997,PASS,Dividends paid,2017,"label='Dividends paid' x1,000,000 sheet=-4,997.000"
cash_flow,CashFromDiscontinuedInvestingActivities,2016,absent_on_face,0.0,,PASS,,,no face/notes hit
cash_flow,CashFromDiscontinuedOperatingActivities,2016,absent_on_face,0.0,,PASS,,,no face/notes hit
cash_flow,ChangeInInventory,2016,absent_on_face,0.0,,NOTE_ONLY,,,alias 'inventories' appears only in notes
cash_flow,ChangeInOtherWorkingCapital,2016,absent_on_face,0.0,,NOTE_ONLY,,,alias 'deferred revenue' appears only in notes
cash_flow,ChangeInPayablesAndAccruedExpense,2016,absent_on_face,0.0,,NOTE_ONLY,,,alias 'accounts payable' appears only in notes
cash_flow,ChangeInPrepaidAssets,2016,absent_on_face,0.0,,NOTE_ONLY,,,alias 'prepaids' appears only in notes
cash_flow,ChangeInReceivables,2016,absent_on_face,0.0,,NOTE_ONLY,,,alias 'accounts receivable' appears only in notes
cash_flow,ChangeInWorkingCapital,2016,absent_on_face,0.0,,PASS,,,no face/notes hit
cash_flow,ChangesInCash,2016,mapped,2477000000.0,2477,PASS,Net change in cash and due from banks,2017,"label='Net change in cash and due from banks' x1,000,000 sheet=2,477.000"
cash_flow,DepreciationAmortizationDepletion,2016,absent_on_face,0.0,,PASS,,,no face/notes hit
cash_flow,EffectOfExchangeRateChanges,2016,mapped,181000000.0,181,PASS,Effect of exchange rate changes on cash and due from banks,2017,"label='Effect of exchange rate changes on cash and due from banks' x1,000,000 sheet=181.000"
cash_flow,EndCashPosition,2016,mapped,14929000000.0,14929,PASS,Cash and due from banks at end of period (1) $,2017,"label='Cash and due from banks at end of period (1) $' x1,000,000 sheet=14,929.000"
cash_flow,FinancingCashFlow,2016,mapped,-3134000000.0,-3134,PASS,Net cash from (used in) financing activities,2017,"label='Net cash from (used in) financing activities' x1,000,000 sheet=-3,134.000"
cash_flow,InvestingCashFlow,2016,mapped,-21426000000.0,-21426,PASS,Net cash from (used in) investing activities,2017,"label='Net cash from (used in) investing activities' x1,000,000 sheet=-21,426.000"
cash_flow,IssuanceOfCapitalStock,2016,absent_on_face,0.0,,PASS,,,no face/notes hit
cash_flow,IssuanceOfDebt,2016,absent_on_face,0.0,,PASS,,,no face/notes hit
cash_flow,NetIncomeFromContinuingOperations,2016,mapped,10458000000.0,10458,PASS,Net income $,2017,"label='Net income $' x1,000,000 sheet=10,458.000"
cash_flow,NetIntangiblesPurchaseAndSale,2016,absent_on_face,0.0,,PASS,,,no face/notes hit
cash_flow,NetIssuancePaymentsOfDebt,2016,absent_on_face,0.0,,PASS,,,no face/notes hit
cash_flow,NetOtherFinancingCharges,2016,absent_on_face,0.0,,PASS,,,no face/notes hit
cash_flow,NetOtherInvestingChanges,2016,absent_on_face,0.0,,PASS,,,no face/notes hit
cash_flow,NetPreferredStockIssuance,2016,absent_on_face,0.0,,PASS,,,no face/notes hit
cash_flow,OtherNonCashItems,2016,absent_on_face,0.0,,PASS,,,no face/notes hit
cash_flow,PurchaseOfBusiness,2016,absent_on_face,0.0,,PASS,,,no face/notes hit
cash_flow,PurchaseOfInvestment,2016,absent_on_face,0.0,,PASS,,,no face/notes hit
cash_flow,PurchaseOfPPE,2016,absent_on_face,0.0,,PASS,,,no face/notes hit
cash_flow,RepaymentOfDebt,2016,absent_on_face,0.0,,NOTE_ONLY,,,alias 'repayment of debt' appears only in notes
cash_flow,RepurchaseOfCapitalStock,2016,absent_on_face,0.0,,PASS,,,no face/notes hit
cash_flow,SaleOfInvestment,2016,absent_on_face,0.0,,PASS,,,no face/notes hit
cash_flow,SaleOfPPE,2016,absent_on_face,0.0,,PASS,,,no face/notes hit
cash_flow,StockBasedCompensation,2016,absent_on_face,0.0,,NOTE_ONLY,,,alias 'share based compensation' appears only in notes
income_statement,BasicEPS,2016,mapped,6.8,6.8,PASS,Basic earnings per share (in dollars) (Note 24) $,2017,label='Basic earnings per share (in dollars) (Note 24) $' sheet=0.000
income_statement,CreditLossesProvision,2016,mapped,1546000000.0,1546,PASS,Provision for credit losses (Note 5),2017,"label='Provision for credit losses (Note 5)' x1,000,000 sheet=1,546.000"
income_statement,DilutedEPS,2016,mapped,6.78,6.78,PASS,Diluted earnings per share (in dollars) (Note 24),2017,label='Diluted earnings per share (in dollars) (Note 24)' sheet=0.000
income_statement,InterestExpense,2016,mapped,7921000000.0,7921,PASS,Interest expense total,2017,"label='Interest expense total' x1,000,000 sheet=7,921.000"
income_statement,InterestExpenseNonOperating,2016,absent_on_face,0.0,,PASS,,,no face/notes hit
income_statement,InterestIncome,2016,mapped,24452000000.0,24452,PASS,Interest income total,2017,"label='Interest income total' x1,000,000 sheet=24,452.000"
income_statement,InterestIncomeNonOperating,2016,absent_on_face,0.0,,NOTE_ONLY,,,alias 'interest income' appears only in notes
income_statement,MinorityInterests,2016,mapped,-53000000.0,53,PASS,Non-controlling interests,2017,"label='Non-controlling interests' x1,000,000 sheet=-53.000"
income_statement,NetIncome,2016,mapped,10405000000.0,10405,PASS,Shareholders $,2017,"label='Shareholders $' x1,000,000 sheet=10,405.000"
income_statement,NetIncomeDiscontinuousOperations,2016,absent_on_face,0.0,,PASS,,,no face/notes hit
income_statement,NetInterestIncome,2016,mapped,16531000000.0,16531,PASS,Net interest income,2017,"label='Net interest income' x1,000,000 sheet=16,531.000"
income_statement,NetNonOperatingInterestIncomeExpense,2016,absent_on_face,0.0,,PASS,,,no face/notes hit
income_statement,NonInterestExpense,2016,mapped,20526000000.0,20526,PASS,Non-interest expense total,2017,"label='Non-interest expense total' x1,000,000 sheet=20,526.000"
income_statement,NonInterestIncome,2016,mapped,22264000000.0,22264,PASS,Non-interest income total,2017,"label='Non-interest income total' x1,000,000 sheet=22,264.000"
income_statement,OtherIncomeExpense,2016,absent_on_face,0.0,,NOTE_ONLY,,,alias 'foreign exchange gain' appears only in notes
income_statement,OtherOperatingExpenses,2016,absent_on_face,0.0,,NOTE_ONLY,,,alias 'office' appears only in notes
income_statement,PretaxIncome,2016,mapped,13299000000.0,13299,PASS,Income before income taxes,2017,"label='Income before income taxes' x1,000,000 sheet=13,299.000"
income_statement,ResearchAndDevelopment,2016,absent_on_face,0.0,,NOTE_ONLY,,,alias 'research and development' appears only in notes
income_statement,SellingGeneralAndAdministration,2016,absent_on_face,0.0,,NOTE_ONLY,,,alias 'travel' appears only in notes
income_statement,TaxProvision,2016,mapped,2841000000.0,2841,PASS,Income taxes (Note 23),2017,"label='Income taxes (Note 23)' x1,000,000 sheet=-2,841.000"
income_statement,TotalRevenue,2016,mapped,38795000000.0,38795,PASS,Total revenue,2017,"label='Total revenue' x1,000,000 sheet=38,795.000"
cash_flow,FreeCashFlow,2016,derived,26856000000.0,,PASS,,,identities clean
income_statement,CostOfRevenue,2016,derived,0.0,,PASS,,,identities clean
income_statement,DepreciationAmortizationDepletion,2016,derived,1546000000.0,,PASS,,,identities clean
income_statement,DilutedAverageShares,2016,derived,1534660767.0,,PASS,,,identities clean
income_statement,EBIT,2016,derived,13299000000.0,,PASS,,,identities clean
income_statement,EBITDA,2016,derived,14845000000.0,,PASS,,,identities clean
income_statement,GrossProfit,2016,derived,38795000000.0,,PASS,,,identities clean
income_statement,NetIncomeContinuousOperations,2016,derived,10405000000.0,,PASS,,,identities clean
balance_sheet,AllowanceForLoansAndLeaseLosses,2017,mapped,2159000000.0,-2159,PASS,Allowance for loan losses (Notes 2 and 5),2018,"label='Allowance for loan losses (Notes 2 and 5)' x1,000,000 sheet=2,159.000"
balance_sheet,CashAndDueFromBanks,2017,mapped,28407000000.0,28407,PASS,Cash and due from banks $,2018,"label='Cash and due from banks $' x1,000,000 sheet=28,407.000"
balance_sheet,GrossLoan,2017,mapped,544776000000.0,544776,PASS,Loans total,2018,"label='Loans total' x1,000,000 sheet=544,776.000"
balance_sheet,MoneyMarketInvestments,2017,absent_on_face,0.0,,PASS,,,no face/notes hit
balance_sheet,NetLoan,2017,mapped,542617000000.0,542617,PASS,Loans net total,2018,"label='Loans net total' x1,000,000 sheet=542,617.000"
balance_sheet,OtherAssets,2017,mapped,38959000000.0,38959,PASS,Other assets (Note 12),2018,"label='Other assets (Note 12)' x1,000,000 sheet=38,959.000"
balance_sheet,RetainedEarnings,2017,mapped,45359000000.0,45359,PASS,Retained earnings,2018,"label='Retained earnings' x1,000,000 sheet=45,359.000"
balance_sheet,SecuritiesAndInvestments,2017,mapped,218379000000.0,218379,PASS,Securities total,2018,"label='Securities total' x1,000,000 sheet=218,379.000"
balance_sheet,StockholdersEquity,2017,mapped,73829000000.0,73829,PASS,Equity attributable to shareholders total,2018,"label='Equity attributable to shareholders total' x1,000,000 sheet=73,829.000"
balance_sheet,TotalAssets,2017,mapped,1212853000000.0,1.21285e+06,PASS,Total assets $,2018,"label='Total assets $' x1,000,000 sheet=1,212,853.000"
balance_sheet,TotalDeposits,2017,mapped,789635000000.0,789635,PASS,Deposits total,2018,"label='Deposits total' x1,000,000 sheet=789,635.000"
balance_sheet,TotalEquityGrossMinorityInterest,2017,mapped,74428000000.0,74428,PASS,Total equity,2018,"label='Total equity' x1,000,000 sheet=74,428.000"
balance_sheet,TotalLiabilities,2017,mapped,1138425000000.0,1.13842e+06,PASS,Total liabilities,2018,"label='Total liabilities' x1,000,000 sheet=1,138,425.000"
cash_flow,AssetImpairmentCharge,2017,absent_on_face,0.0,,PASS,,,no face/notes hit
cash_flow,BeginningCashPosition,2017,mapped,14929000000.0,14929,PASS,Cash and due from banks at beginning of period (1),2018,"label='Cash and due from banks at beginning of period (1)' x1,000,000 sheet=14,929.000"
cash_flow,CapitalExpenditure,2017,absent_on_face,0.0,,PASS,,,no face/notes hit
cash_flow,CashDividendsPaid,2017,mapped,-5309000000.0,-5309,PASS,Dividends paid,2018,"label='Dividends paid' x1,000,000 sheet=-5,309.000"
cash_flow,CashFromDiscontinuedInvestingActivities,2017,absent_on_face,0.0,,PASS,,,no face/notes hit
cash_flow,CashFromDiscontinuedOperatingActivities,2017,absent_on_face,0.0,,PASS,,,no face/notes hit
cash_flow,ChangeInInventory,2017,absent_on_face,0.0,,NOTE_ONLY,,,alias 'inventory' appears only in notes
cash_flow,ChangeInOtherWorkingCapital,2017,absent_on_face,0.0,,NOTE_ONLY,,,alias 'deferred revenue' appears only in notes
cash_flow,ChangeInPayablesAndAccruedExpense,2017,absent_on_face,0.0,,NOTE_ONLY,,,alias 'accounts payable' appears only in notes
cash_flow,ChangeInPrepaidAssets,2017,absent_on_face,0.0,,NOTE_ONLY,,,alias 'prepaids' appears only in notes
cash_flow,ChangeInReceivables,2017,absent_on_face,0.0,,NOTE_ONLY,,,alias 'accounts receivable' appears only in notes
cash_flow,ChangeInWorkingCapital,2017,absent_on_face,0.0,,PASS,,,no face/notes hit
cash_flow,ChangesInCash,2017,mapped,13478000000.0,13478,PASS,Net change in cash and due from banks,2018,"label='Net change in cash and due from banks' x1,000,000 sheet=13,478.000"
cash_flow,DepreciationAmortizationDepletion,2017,absent_on_face,0.0,,PASS,,,no face/notes hit
cash_flow,EffectOfExchangeRateChanges,2017,mapped,-138000000.0,-138,PASS,Effect of exchange rate changes on cash and due from banks,2018,"label='Effect of exchange rate changes on cash and due from banks' x1,000,000 sheet=-138.000"
cash_flow,EndCashPosition,2017,mapped,28407000000.0,28407,PASS,Cash and due from banks at end of period (1) $,2018,"label='Cash and due from banks at end of period (1) $' x1,000,000 sheet=28,407.000"
cash_flow,FinancingCashFlow,2017,mapped,-8651000000.0,-8651,PASS,Net cash from (used in) financing activities,2018,"label='Net cash from (used in) financing activities' x1,000,000 sheet=-8,651.000"
cash_flow,InvestingCashFlow,2017,mapped,-15458000000.0,-15458,PASS,Net cash from (used in) investing activities,2018,"label='Net cash from (used in) investing activities' x1,000,000 sheet=-15,458.000"
cash_flow,IssuanceOfCapitalStock,2017,absent_on_face,0.0,,PASS,,,no face/notes hit
cash_flow,IssuanceOfDebt,2017,absent_on_face,0.0,,PASS,,,no face/notes hit
cash_flow,NetIncomeFromContinuingOperations,2017,mapped,11469000000.0,11469,PASS,Net income $,2018,"label='Net income $' x1,000,000 sheet=11,469.000"
cash_flow,NetIntangiblesPurchaseAndSale,2017,absent_on_face,0.0,,PASS,,,no face/notes hit
cash_flow,NetIssuancePaymentsOfDebt,2017,absent_on_face,0.0,,PASS,,,no face/notes hit
cash_flow,NetOtherFinancingCharges,2017,absent_on_face,0.0,,PASS,,,no face/notes hit
cash_flow,NetOtherInvestingChanges,2017,absent_on_face,0.0,,PASS,,,no face/notes hit
cash_flow,NetPreferredStockIssuance,2017,absent_on_face,0.0,,PASS,,,no face/notes hit
cash_flow,OtherNonCashItems,2017,absent_on_face,0.0,,PASS,,,no face/notes hit
cash_flow,PurchaseOfBusiness,2017,absent_on_face,0.0,,PASS,,,no face/notes hit
cash_flow,PurchaseOfInvestment,2017,absent_on_face,0.0,,PASS,,,no face/notes hit
cash_flow,PurchaseOfPPE,2017,absent_on_face,0.0,,PASS,,,no face/notes hit
cash_flow,RepaymentOfDebt,2017,absent_on_face,0.0,,NOTE_ONLY,,,alias 'repayment of debt' appears only in notes
cash_flow,RepurchaseOfCapitalStock,2017,absent_on_face,0.0,,PASS,,,no face/notes hit
cash_flow,SaleOfInvestment,2017,absent_on_face,0.0,,PASS,,,no face/notes hit
cash_flow,SaleOfPPE,2017,absent_on_face,0.0,,PASS,,,no face/notes hit
cash_flow,StockBasedCompensation,2017,absent_on_face,0.0,,NOTE_ONLY,,,alias 'share based compensation' appears only in notes
income_statement,BasicEPS,2017,mapped,7.59,7.59,PASS,Basic earnings per share (in dollars) (Note 23) $,2018,label='Basic earnings per share (in dollars) (Note 23) $' sheet=0.000
income_statement,CreditLossesProvision,2017,mapped,1150000000.0,1150,PASS,"Provision for credit losses (Notes 2, 4 and 5)",2018,"label='Provision for credit losses (Notes 2, 4 and 5)' x1,000,000 sheet=1,150.000"
income_statement,DilutedEPS,2017,mapped,7.56,7.56,PASS,Diluted earnings per share (in dollars) (Note 23),2018,label='Diluted earnings per share (in dollars) (Note 23)' sheet=0.000
income_statement,InterestExpense,2017,mapped,9764000000.0,9764,PASS,Interest expense total,2018,"label='Interest expense total' x1,000,000 sheet=9,764.000"
income_statement,InterestExpenseNonOperating,2017,absent_on_face,0.0,,PASS,,,no face/notes hit
income_statement,InterestIncome,2017,mapped,26904000000.0,26904,PASS,Interest and dividend income total,2018,"label='Interest and dividend income total' x1,000,000 sheet=26,904.000"
income_statement,InterestIncomeNonOperating,2017,absent_on_face,0.0,,NOTE_ONLY,,,alias 'interest income' appears only in notes
income_statement,MinorityInterests,2017,mapped,-41000000.0,41,PASS,Non-controlling interests,2018,"label='Non-controlling interests' x1,000,000 sheet=-41.000"
income_statement,NetIncome,2017,mapped,11428000000.0,11428,PASS,Shareholders $,2018,"label='Shareholders $' x1,000,000 sheet=11,428.000"
income_statement,NetIncomeDiscontinuousOperations,2017,absent_on_face,0.0,,PASS,,,no face/notes hit
income_statement,NetInterestIncome,2017,mapped,17140000000.0,17140,PASS,Net interest income,2018,"label='Net interest income' x1,000,000 sheet=17,140.000"
income_statement,NetNonOperatingInterestIncomeExpense,2017,absent_on_face,0.0,,PASS,,,no face/notes hit
income_statement,NonInterestExpense,2017,mapped,21794000000.0,21794,PASS,Non-interest expense total,2018,"label='Non-interest expense total' x1,000,000 sheet=21,794.000"
income_statement,NonInterestIncome,2017,mapped,23529000000.0,23529,PASS,Non-interest income total,2018,"label='Non-interest income total' x1,000,000 sheet=23,529.000"
income_statement,OtherIncomeExpense,2017,absent_on_face,0.0,,NOTE_ONLY,,,alias 'foreign exchange gain' appears only in notes
income_statement,OtherOperatingExpenses,2017,absent_on_face,0.0,,NOTE_ONLY,,,alias 'office' appears only in notes
income_statement,PretaxIncome,2017,mapped,14672000000.0,14672,PASS,Income before income taxes,2018,"label='Income before income taxes' x1,000,000 sheet=14,672.000"
income_statement,ResearchAndDevelopment,2017,absent_on_face,0.0,,NOTE_ONLY,,,alias 'research and development' appears only in notes
income_statement,SellingGeneralAndAdministration,2017,absent_on_face,0.0,,NOTE_ONLY,,,alias 'travel' appears only in notes
income_statement,TaxProvision,2017,mapped,3203000000.0,3203,PASS,Income taxes (Note 22),2018,"label='Income taxes (Note 22)' x1,000,000 sheet=-3,203.000"
income_statement,TotalRevenue,2017,mapped,40669000000.0,40669,PASS,Total revenue,2018,"label='Total revenue' x1,000,000 sheet=40,669.000"
cash_flow,FreeCashFlow,2017,derived,37725000000.0,,PASS,,,identities clean
income_statement,CostOfRevenue,2017,derived,0.0,,PASS,,,identities clean
income_statement,DepreciationAmortizationDepletion,2017,derived,1617000000.0,,PASS,,,identities clean
income_statement,DilutedAverageShares,2017,derived,1511640212.0,,PASS,,,identities clean
income_statement,EBIT,2017,derived,14672000000.0,,PASS,,,identities clean
income_statement,EBITDA,2017,derived,16289000000.0,,PASS,,,identities clean
income_statement,GrossProfit,2017,derived,40669000000.0,,PASS,,,identities clean
income_statement,NetIncomeContinuousOperations,2017,derived,11428000000.0,,PASS,,,identities clean
balance_sheet,AllowanceForLoansAndLeaseLosses,2018,mapped,2912000000.0,-2912,PASS,Allowance for loan losses (Note 5),2019,"label='Allowance for loan losses (Note 5)' x1,000,000 sheet=2,912.000"
balance_sheet,CashAndDueFromBanks,2018,mapped,30209000000.0,30209,PASS,Cash and due from banks $,2019,"label='Cash and due from banks $' x1,000,000 sheet=30,209.000"
balance_sheet,GrossLoan,2018,mapped,579730000000.0,579730,PASS,Loans total,2019,"label='Loans total' x1,000,000 sheet=579,730.000"
balance_sheet,MoneyMarketInvestments,2018,absent_on_face,0.0,,PASS,,,no face/notes hit
balance_sheet,NetLoan,2018,mapped,576818000000.0,576818,PASS,Loans net total,2019,"label='Loans net total' x1,000,000 sheet=576,818.000"
balance_sheet,OtherAssets,2018,mapped,44064000000.0,44064,PASS,Other assets (Note 13),2019,"label='Other assets (Note 13)' x1,000,000 sheet=44,064.000"
balance_sheet,RetainedEarnings,2018,mapped,51112000000.0,51112,PASS,Retained earnings,2019,"label='Retained earnings' x1,000,000 sheet=51,112.000"
balance_sheet,SecuritiesAndInvestments,2018,mapped,222866000000.0,222866,PASS,Securities total,2019,"label='Securities total' x1,000,000 sheet=222,866.000"
balance_sheet,StockholdersEquity,2018,mapped,79861000000.0,79861,PASS,Equity attributable to shareholders total,2019,"label='Equity attributable to shareholders total' x1,000,000 sheet=79,861.000"
balance_sheet,TotalAssets,2018,mapped,1334734000000.0,1.33473e+06,PASS,Total assets $,2019,"label='Total assets $' x1,000,000 sheet=1,334,734.000"
balance_sheet,TotalDeposits,2018,mapped,836197000000.0,836197,PASS,Deposits total,2019,"label='Deposits total' x1,000,000 sheet=836,197.000"
balance_sheet,TotalEquityGrossMinorityInterest,2018,mapped,79955000000.0,79955,PASS,Total equity,2019,"label='Total equity' x1,000,000 sheet=79,955.000"
balance_sheet,TotalLiabilities,2018,mapped,1254779000000.0,1.25478e+06,PASS,Total liabilities,2019,"label='Total liabilities' x1,000,000 sheet=1,254,779.000"
cash_flow,AssetImpairmentCharge,2018,absent_on_face,0.0,,PASS,,,no face/notes hit
cash_flow,BeginningCashPosition,2018,mapped,28407000000.0,28407,PASS,Cash and due from banks at beginning of period (1),2019,"label='Cash and due from banks at beginning of period (1)' x1,000,000 sheet=28,407.000"
cash_flow,CapitalExpenditure,2018,absent_on_face,0.0,,NOTE_ONLY,,,alias 'capital expenditures' appears only in notes
cash_flow,CashDividendsPaid,2018,mapped,-5640000000.0,-5640,PASS,Dividends paid,2019,"label='Dividends paid' x1,000,000 sheet=-5,640.000"
cash_flow,CashFromDiscontinuedInvestingActivities,2018,absent_on_face,0.0,,PASS,,,no face/notes hit
cash_flow,CashFromDiscontinuedOperatingActivities,2018,absent_on_face,0.0,,PASS,,,no face/notes hit
cash_flow,ChangeInInventory,2018,absent_on_face,0.0,,NOTE_ONLY,,,alias 'inventory' appears only in notes
cash_flow,ChangeInOtherWorkingCapital,2018,absent_on_face,0.0,,NOTE_ONLY,,,alias 'deferred revenue' appears only in notes
cash_flow,ChangeInPayablesAndAccruedExpense,2018,absent_on_face,0.0,,NOTE_ONLY,,,alias 'accounts payable' appears only in notes
cash_flow,ChangeInPrepaidAssets,2018,absent_on_face,0.0,,NOTE_ONLY,,,alias 'prepaids' appears only in notes
cash_flow,ChangeInReceivables,2018,absent_on_face,0.0,,NOTE_ONLY,,,alias 'accounts receivable' appears only in notes
cash_flow,ChangeInWorkingCapital,2018,absent_on_face,0.0,,PASS,,,no face/notes hit
cash_flow,ChangesInCash,2018,mapped,1802000000.0,1802,PASS,Net change in cash and due from banks,2019,"label='Net change in cash and due from banks' x1,000,000 sheet=1,802.000"
cash_flow,DepreciationAmortizationDepletion,2018,absent_on_face,0.0,,PASS,,,no face/notes hit
cash_flow,EffectOfExchangeRateChanges,2018,mapped,66000000.0,66,PASS,Effect of exchange rate changes on cash and due from banks,2019,"label='Effect of exchange rate changes on cash and due from banks' x1,000,000 sheet=66.000"
cash_flow,EndCashPosition,2018,mapped,30209000000.0,30209,PASS,Cash and due from banks at end of period (1) $,2019,"label='Cash and due from banks at end of period (1) $' x1,000,000 sheet=30,209.000"
cash_flow,FinancingCashFlow,2018,mapped,-7720000000.0,-7720,PASS,Net cash from (used in) financing activities,2019,"label='Net cash from (used in) financing activities' x1,000,000 sheet=-7,720.000"
cash_flow,InvestingCashFlow,2018,mapped,-8018000000.0,-8018,PASS,Net cash from (used in) investing activities,2019,"label='Net cash from (used in) investing activities' x1,000,000 sheet=-8,018.000"
cash_flow,IssuanceOfCapitalStock,2018,absent_on_face,0.0,,PASS,,,no face/notes hit
cash_flow,IssuanceOfDebt,2018,absent_on_face,0.0,,PASS,,,no face/notes hit
cash_flow,NetIncomeFromContinuingOperations,2018,mapped,12431000000.0,12431,PASS,Net income $,2019,"label='Net income $' x1,000,000 sheet=12,431.000"
cash_flow,NetIntangiblesPurchaseAndSale,2018,absent_on_face,0.0,,PASS,,,no face/notes hit
cash_flow,NetIssuancePaymentsOfDebt,2018,absent_on_face,0.0,,PASS,,,no face/notes hit
cash_flow,NetOtherFinancingCharges,2018,absent_on_face,0.0,,PASS,,,no face/notes hit
cash_flow,NetOtherInvestingChanges,2018,absent_on_face,0.0,,PASS,,,no face/notes hit
cash_flow,NetPreferredStockIssuance,2018,absent_on_face,0.0,,PASS,,,no face/notes hit
cash_flow,OtherNonCashItems,2018,absent_on_face,0.0,,PASS,,,no face/notes hit
cash_flow,PurchaseOfBusiness,2018,absent_on_face,0.0,,PASS,,,no face/notes hit
cash_flow,PurchaseOfInvestment,2018,absent_on_face,0.0,,PASS,,,no face/notes hit
cash_flow,PurchaseOfPPE,2018,absent_on_face,0.0,,PASS,,,no face/notes hit
cash_flow,RepaymentOfDebt,2018,absent_on_face,0.0,,NOTE_ONLY,,,alias 'repayment of debt' appears only in notes
cash_flow,RepurchaseOfCapitalStock,2018,absent_on_face,0.0,,NOTE_ONLY,,,alias 'shares repurchased and cancelled' appears only in notes
cash_flow,SaleOfInvestment,2018,absent_on_face,0.0,,NOTE_ONLY,,,alias 'sale of investment' appears only in notes
cash_flow,SaleOfPPE,2018,absent_on_face,0.0,,PASS,,,no face/notes hit
cash_flow,StockBasedCompensation,2018,absent_on_face,0.0,,NOTE_ONLY,,,alias 'share based compensation' appears only in notes
income_statement,BasicEPS,2018,mapped,8.39,8.39,PASS,Basic earnings per share (in dollars) (Note 24) $,2019,label='Basic earnings per share (in dollars) (Note 24) $' sheet=0.000
income_statement,CreditLossesProvision,2018,mapped,1307000000.0,1307,PASS,Provision for credit losses (Notes 4 and 5),2019,"label='Provision for credit losses (Notes 4 and 5)' x1,000,000 sheet=1,307.000"
income_statement,DilutedEPS,2018,mapped,8.36,8.36,PASS,Diluted earnings per share (in dollars) (Note 24),2019,label='Diluted earnings per share (in dollars) (Note 24)' sheet=0.000
income_statement,InterestExpense,2018,mapped,15069000000.0,15069,PASS,Interest expense total,2019,"label='Interest expense total' x1,000,000 sheet=15,069.000"
income_statement,InterestExpenseNonOperating,2018,absent_on_face,0.0,,PASS,,,no face/notes hit
income_statement,InterestIncome,2018,mapped,33021000000.0,33021,PASS,Interest and dividend income total,2019,"label='Interest and dividend income total' x1,000,000 sheet=33,021.000"
income_statement,InterestIncomeNonOperating,2018,absent_on_face,0.0,,BUG_FACE,Interest and dividend income (Note 3),,zero-filled but concept on FACE (exact): 'Interest and dividend income (Note 3)'
income_statement,MinorityInterests,2018,mapped,-31000000.0,31,PASS,Non-controlling interests,2019,"label='Non-controlling interests' x1,000,000 sheet=-31.000"
income_statement,NetIncome,2018,mapped,12400000000.0,12400,PASS,Shareholders $,2019,"label='Shareholders $' x1,000,000 sheet=12,400.000"
income_statement,NetIncomeDiscontinuousOperations,2018,absent_on_face,0.0,,PASS,,,no face/notes hit
income_statement,NetInterestIncome,2018,mapped,17952000000.0,17952,PASS,Net interest income,2019,"label='Net interest income' x1,000,000 sheet=17,952.000"
income_statement,NetNonOperatingInterestIncomeExpense,2018,absent_on_face,0.0,,PASS,,,no face/notes hit
income_statement,NonInterestExpense,2018,mapped,22833000000.0,22833,PASS,Non-interest expense total,2019,"label='Non-interest expense total' x1,000,000 sheet=22,833.000"
income_statement,NonInterestIncome,2018,mapped,24624000000.0,24624,PASS,Non-interest income total,2019,"label='Non-interest income total' x1,000,000 sheet=24,624.000"
income_statement,OtherIncomeExpense,2018,absent_on_face,0.0,,NOTE_ONLY,,,alias 'foreign exchange gain' appears only in notes
income_statement,OtherOperatingExpenses,2018,absent_on_face,0.0,,NOTE_ONLY,,,alias 'office' appears only in notes
income_statement,PretaxIncome,2018,mapped,15760000000.0,15760,PASS,Income before income taxes,2019,"label='Income before income taxes' x1,000,000 sheet=15,760.000"
income_statement,ResearchAndDevelopment,2018,absent_on_face,0.0,,NOTE_ONLY,,,alias 'research and development' appears only in notes
income_statement,SellingGeneralAndAdministration,2018,absent_on_face,0.0,,NOTE_ONLY,,,alias 'travel' appears only in notes
income_statement,TaxProvision,2018,mapped,3329000000.0,3329,PASS,Income taxes (Note 23),2019,"label='Income taxes (Note 23)' x1,000,000 sheet=-3,329.000"
income_statement,TotalRevenue,2018,mapped,42576000000.0,42576,PASS,Total revenue,2019,"label='Total revenue' x1,000,000 sheet=42,576.000"
cash_flow,FreeCashFlow,2018,derived,17474000000.0,,PASS,,,identities clean
income_statement,CostOfRevenue,2018,derived,0.0,,PASS,,,identities clean
income_statement,DepreciationAmortizationDepletion,2018,derived,1652000000.0,,PASS,,,identities clean
income_statement,DilutedAverageShares,2018,derived,1483253589.0,,PASS,,,identities clean
income_statement,EBIT,2018,derived,15760000000.0,,PASS,,,identities clean
income_statement,EBITDA,2018,derived,17412000000.0,,PASS,,,identities clean
income_statement,GrossProfit,2018,derived,42576000000.0,,PASS,,,identities clean
income_statement,NetIncomeContinuousOperations,2018,derived,12400000000.0,,PASS,,,identities clean
balance_sheet,AllowanceForLoansAndLeaseLosses,2019,mapped,3100000000.0,-3100,PASS,Allowance for loan losses (Note 5),2020,"label='Allowance for loan losses (Note 5)' x1,000,000 sheet=3,100.000"
balance_sheet,CashAndDueFromBanks,2019,mapped,26310000000.0,26310,PASS,Cash and due from banks $,2020,"label='Cash and due from banks $' x1,000,000 sheet=26,310.000"
balance_sheet,GrossLoan,2019,mapped,621956000000.0,621956,PASS,Loans total,2020,"label='Loans total' x1,000,000 sheet=621,956.000"
balance_sheet,MoneyMarketInvestments,2019,absent_on_face,0.0,,PASS,,,no face/notes hit
balance_sheet,NetLoan,2019,mapped,618856000000.0,618856,PASS,Loans net total,2020,"label='Loans net total' x1,000,000 sheet=618,856.000"
balance_sheet,OtherAssets,2019,mapped,49073000000.0,49073,PASS,Other assets (Note 13),2020,"label='Other assets (Note 13)' x1,000,000 sheet=49,073.000"
balance_sheet,RetainedEarnings,2019,mapped,55981000000.0,55981,PASS,Retained earnings,2020,"label='Retained earnings' x1,000,000 sheet=55,981.000"
balance_sheet,SecuritiesAndInvestments,2019,mapped,249004000000.0,249004,PASS,Securities total,2020,"label='Securities total' x1,000,000 sheet=249,004.000"
balance_sheet,StockholdersEquity,2019,mapped,83523000000.0,83523,PASS,Equity attributable to shareholders total,2020,"label='Equity attributable to shareholders total' x1,000,000 sheet=83,523.000"
balance_sheet,TotalAssets,2019,mapped,1428935000000.0,1.42894e+06,PASS,Total assets $,2020,"label='Total assets $' x1,000,000 sheet=1,428,935.000"
balance_sheet,TotalDeposits,2019,mapped,886005000000.0,886005,PASS,Deposits total,2020,"label='Deposits total' x1,000,000 sheet=886,005.000"
balance_sheet,TotalEquityGrossMinorityInterest,2019,mapped,83625000000.0,83625,PASS,Total equity,2020,"label='Total equity' x1,000,000 sheet=83,625.000"
balance_sheet,TotalLiabilities,2019,mapped,1345310000000.0,1.34531e+06,PASS,Total liabilities,2020,"label='Total liabilities' x1,000,000 sheet=1,345,310.000"
cash_flow,AssetImpairmentCharge,2019,absent_on_face,0.0,,PASS,,,no face/notes hit
cash_flow,BeginningCashPosition,2019,mapped,30209000000.0,30209,PASS,Cash and due from banks at beginning of period (1),2020,"label='Cash and due from banks at beginning of period (1)' x1,000,000 sheet=30,209.000"
cash_flow,CapitalExpenditure,2019,absent_on_face,0.0,,PASS,,,no face/notes hit
cash_flow,CashDividendsPaid,2019,mapped,-6025000000.0,-6025,PASS,Dividends paid,2019,"label='Dividends paid' x1,000,000 sheet=-6,025.000"
cash_flow,CashFromDiscontinuedInvestingActivities,2019,absent_on_face,0.0,,PASS,,,no face/notes hit
cash_flow,CashFromDiscontinuedOperatingActivities,2019,absent_on_face,0.0,,PASS,,,no face/notes hit
cash_flow,ChangeInInventory,2019,absent_on_face,0.0,,NOTE_ONLY,,,alias 'inventory' appears only in notes
cash_flow,ChangeInOtherWorkingCapital,2019,absent_on_face,0.0,,NOTE_ONLY,,,alias 'deferred revenue' appears only in notes
cash_flow,ChangeInPayablesAndAccruedExpense,2019,absent_on_face,0.0,,NOTE_ONLY,,,alias 'accounts payable' appears only in notes
cash_flow,ChangeInPrepaidAssets,2019,absent_on_face,0.0,,NOTE_ONLY,,,alias 'prepaids' appears only in notes
cash_flow,ChangeInReceivables,2019,absent_on_face,0.0,,NOTE_ONLY,,,alias 'accounts receivable' appears only in notes
cash_flow,ChangeInWorkingCapital,2019,absent_on_face,0.0,,PASS,,,no face/notes hit
cash_flow,ChangesInCash,2019,mapped,-3899000000.0,-3899,PASS,Net change in cash and due from banks,2020,"label='Net change in cash and due from banks' x1,000,000 sheet=-3,899.000"
cash_flow,DepreciationAmortizationDepletion,2019,absent_on_face,0.0,,PASS,,,no face/notes hit
cash_flow,EffectOfExchangeRateChanges,2019,mapped,419000000.0,419,PASS,Effect of exchange rate changes on cash and due from banks,2020,"label='Effect of exchange rate changes on cash and due from banks' x1,000,000 sheet=419.000"
cash_flow,EndCashPosition,2019,mapped,26310000000.0,26310,PASS,Cash and due from banks at end of period (1) $,2020,"label='Cash and due from banks at end of period (1) $' x1,000,000 sheet=26,310.000"
cash_flow,FinancingCashFlow,2019,mapped,-7457000000.0,-7457,PASS,Net cash from (used in) financing activities,2020,"label='Net cash from (used in) financing activities' x1,000,000 sheet=-7,457.000"
cash_flow,InvestingCashFlow,2019,mapped,-11126000000.0,-11126,PASS,Net cash from (used in) investing activities,2020,"label='Net cash from (used in) investing activities' x1,000,000 sheet=-11,126.000"
cash_flow,IssuanceOfCapitalStock,2019,absent_on_face,0.0,,PASS,,,no face/notes hit
cash_flow,IssuanceOfDebt,2019,absent_on_face,0.0,,PASS,,,no face/notes hit
cash_flow,NetIncomeFromContinuingOperations,2019,mapped,12871000000.0,12871,PASS,Net income $,2020,"label='Net income $' x1,000,000 sheet=12,871.000"
cash_flow,NetIntangiblesPurchaseAndSale,2019,absent_on_face,0.0,,PASS,,,no face/notes hit
cash_flow,NetIssuancePaymentsOfDebt,2019,absent_on_face,0.0,,PASS,,,no face/notes hit
cash_flow,NetOtherFinancingCharges,2019,absent_on_face,0.0,,PASS,,,no face/notes hit
cash_flow,NetOtherInvestingChanges,2019,absent_on_face,0.0,,PASS,,,no face/notes hit
cash_flow,NetPreferredStockIssuance,2019,absent_on_face,0.0,,PASS,,,no face/notes hit
cash_flow,OtherNonCashItems,2019,absent_on_face,0.0,,PASS,,,no face/notes hit
cash_flow,PurchaseOfBusiness,2019,absent_on_face,0.0,,PASS,,,no face/notes hit
cash_flow,PurchaseOfInvestment,2019,absent_on_face,0.0,,PASS,,,no face/notes hit
cash_flow,PurchaseOfPPE,2019,absent_on_face,0.0,,PASS,,,no face/notes hit
cash_flow,RepaymentOfDebt,2019,absent_on_face,0.0,,NOTE_ONLY,,,alias 'lease payments' appears only in notes
cash_flow,RepurchaseOfCapitalStock,2019,absent_on_face,0.0,,NOTE_ONLY,,,alias 'shares repurchased and cancelled' appears only in notes
cash_flow,SaleOfInvestment,2019,absent_on_face,0.0,,PASS,,,no face/notes hit
cash_flow,SaleOfPPE,2019,absent_on_face,0.0,,PASS,,,no face/notes hit
cash_flow,StockBasedCompensation,2019,absent_on_face,0.0,,NOTE_ONLY,,,alias 'share based compensation' appears only in notes
income_statement,BasicEPS,2019,mapped,8.78,8.78,PASS,Basic earnings per share (in dollars) (Note 23) $,2020,label='Basic earnings per share (in dollars) (Note 23) $' sheet=0.000
income_statement,CreditLossesProvision,2019,mapped,1864000000.0,1864,PASS,Provision for credit losses (Notes 4 and 5),2020,"label='Provision for credit losses (Notes 4 and 5)' x1,000,000 sheet=1,864.000"
income_statement,DilutedEPS,2019,mapped,8.75,8.75,PASS,Diluted earnings per share (in dollars) (Note 23),2020,label='Diluted earnings per share (in dollars) (Note 23)' sheet=0.000
income_statement,InterestExpense,2019,mapped,21584000000.0,21584,PASS,Interest expense total,2020,"label='Interest expense total' x1,000,000 sheet=21,584.000"
income_statement,InterestExpenseNonOperating,2019,absent_on_face,0.0,,PASS,,,no face/notes hit
income_statement,InterestIncome,2019,mapped,41333000000.0,41333,PASS,Interest and dividend income total,2020,"label='Interest and dividend income total' x1,000,000 sheet=41,333.000"
income_statement,InterestIncomeNonOperating,2019,absent_on_face,0.0,,BUG_FACE,Interest and dividend income (Note 3),,zero-filled but concept on FACE (exact): 'Interest and dividend income (Note 3)'
income_statement,MinorityInterests,2019,mapped,-11000000.0,11,PASS,Non-controlling interests,2020,"label='Non-controlling interests' x1,000,000 sheet=-11.000"
income_statement,NetIncome,2019,mapped,12860000000.0,12860,PASS,Shareholders $,2020,"label='Shareholders $' x1,000,000 sheet=12,860.000"
income_statement,NetIncomeDiscontinuousOperations,2019,absent_on_face,0.0,,PASS,,,no face/notes hit
income_statement,NetInterestIncome,2019,mapped,19749000000.0,19749,PASS,Net interest income,2020,"label='Net interest income' x1,000,000 sheet=19,749.000"
income_statement,NetNonOperatingInterestIncomeExpense,2019,absent_on_face,0.0,,PASS,,,no face/notes hit
income_statement,NonInterestExpense,2019,mapped,24139000000.0,24139,PASS,Non-interest expense total,2020,"label='Non-interest expense total' x1,000,000 sheet=24,139.000"
income_statement,NonInterestIncome,2019,mapped,26253000000.0,26253,PASS,Non-interest income total,2020,"label='Non-interest income total' x1,000,000 sheet=26,253.000"
income_statement,OtherIncomeExpense,2019,absent_on_face,0.0,,NOTE_ONLY,,,alias 'foreign exchange gain' appears only in notes
income_statement,OtherOperatingExpenses,2019,absent_on_face,0.0,,NOTE_ONLY,,,alias 'office' appears only in notes
income_statement,PretaxIncome,2019,mapped,15914000000.0,15914,PASS,Income before income taxes,2020,"label='Income before income taxes' x1,000,000 sheet=15,914.000"
income_statement,ResearchAndDevelopment,2019,absent_on_face,0.0,,NOTE_ONLY,,,alias 'research and development' appears only in notes
income_statement,SellingGeneralAndAdministration,2019,absent_on_face,0.0,,NOTE_ONLY,,,alias 'travel' appears only in notes
income_statement,TaxProvision,2019,mapped,3043000000.0,3043,PASS,Income taxes (Note 22),2020,"label='Income taxes (Note 22)' x1,000,000 sheet=-3,043.000"
income_statement,TotalRevenue,2019,mapped,46002000000.0,46002,PASS,Total revenue,2020,"label='Total revenue' x1,000,000 sheet=46,002.000"
cash_flow,FreeCashFlow,2019,derived,14265000000.0,,PASS,,,identities clean
income_statement,CostOfRevenue,2019,derived,0.0,,PASS,,,identities clean
income_statement,DepreciationAmortizationDepletion,2019,derived,1934000000.0,,PASS,,,identities clean
income_statement,DilutedAverageShares,2019,derived,1469714286.0,,PASS,,,identities clean
income_statement,EBIT,2019,derived,15914000000.0,,PASS,,,identities clean
income_statement,EBITDA,2019,derived,17848000000.0,,PASS,,,identities clean
income_statement,GrossProfit,2019,derived,46002000000.0,,PASS,,,identities clean
income_statement,NetIncomeContinuousOperations,2019,derived,12860000000.0,,PASS,,,identities clean
balance_sheet,AllowanceForLoansAndLeaseLosses,2020,mapped,5639000000.0,-5639,PASS,Allowance for loan losses (Note 5),2021,"label='Allowance for loan losses (Note 5)' x1,000,000 sheet=5,639.000"
balance_sheet,CashAndDueFromBanks,2020,mapped,118888000000.0,118888,PASS,Cash and due from banks $,2021,"label='Cash and due from banks $' x1,000,000 sheet=118,888.000"
balance_sheet,GrossLoan,2020,mapped,666631000000.0,666631,PASS,Loans total,2021,"label='Loans total' x1,000,000 sheet=666,631.000"
balance_sheet,MoneyMarketInvestments,2020,absent_on_face,0.0,,PASS,,,no face/notes hit
balance_sheet,NetLoan,2020,mapped,660992000000.0,660992,PASS,Loans net total,2021,"label='Loans net total' x1,000,000 sheet=660,992.000"
balance_sheet,OtherAssets,2020,mapped,58921000000.0,58921,PASS,Other assets (Note 12),2021,"label='Other assets (Note 12)' x1,000,000 sheet=58,921.000"
balance_sheet,RetainedEarnings,2020,mapped,59806000000.0,59806,PASS,Retained earnings,2021,"label='Retained earnings' x1,000,000 sheet=59,806.000"
balance_sheet,SecuritiesAndInvestments,2020,mapped,275814000000.0,275814,PASS,Securities total,2021,"label='Securities total' x1,000,000 sheet=275,814.000"
balance_sheet,StockholdersEquity,2020,mapped,86664000000.0,86664,PASS,Equity attributable to shareholders total,2021,"label='Equity attributable to shareholders total' x1,000,000 sheet=86,664.000"
balance_sheet,TotalAssets,2020,mapped,1624548000000.0,1.62455e+06,PASS,Total assets $,2021,"label='Total assets $' x1,000,000 sheet=1,624,548.000"
balance_sheet,TotalDeposits,2020,mapped,1011885000000.0,1.01188e+06,PASS,Deposits total,2021,"label='Deposits total' x1,000,000 sheet=1,011,885.000"
balance_sheet,TotalEquityGrossMinorityInterest,2020,mapped,86767000000.0,86767,PASS,Total equity,2021,"label='Total equity' x1,000,000 sheet=86,767.000"
balance_sheet,TotalLiabilities,2020,mapped,1537781000000.0,1.53778e+06,PASS,Total liabilities,2021,"label='Total liabilities' x1,000,000 sheet=1,537,781.000"
cash_flow,AssetImpairmentCharge,2020,absent_on_face,0.0,,PASS,,,no face/notes hit
cash_flow,BeginningCashPosition,2020,mapped,26310000000.0,26310,PASS,Cash and due from banks at beginning of period (1),2021,"label='Cash and due from banks at beginning of period (1)' x1,000,000 sheet=26,310.000"
cash_flow,CapitalExpenditure,2020,absent_on_face,0.0,,PASS,,,no face/notes hit
cash_flow,CashDividendsPaid,2020,absent_on_face,0.0,,NOTE_ONLY,,,alias 'dividends paid' appears only in notes
cash_flow,CashFromDiscontinuedInvestingActivities,2020,absent_on_face,0.0,,PASS,,,no face/notes hit
cash_flow,CashFromDiscontinuedOperatingActivities,2020,absent_on_face,0.0,,PASS,,,no face/notes hit
cash_flow,ChangeInInventory,2020,absent_on_face,0.0,,NOTE_ONLY,,,alias 'inventory' appears only in notes
cash_flow,ChangeInOtherWorkingCapital,2020,absent_on_face,0.0,,PASS,,,no face/notes hit
cash_flow,ChangeInPayablesAndAccruedExpense,2020,absent_on_face,0.0,,NOTE_ONLY,,,alias 'accounts payable' appears only in notes
cash_flow,ChangeInPrepaidAssets,2020,absent_on_face,0.0,,NOTE_ONLY,,,alias 'prepaids' appears only in notes
cash_flow,ChangeInReceivables,2020,absent_on_face,0.0,,NOTE_ONLY,,,alias 'accounts receivable' appears only in notes
cash_flow,ChangeInWorkingCapital,2020,absent_on_face,0.0,,PASS,,,no face/notes hit
cash_flow,ChangesInCash,2020,mapped,92578000000.0,92578,PASS,Net change in cash and due from banks,2021,"label='Net change in cash and due from banks' x1,000,000 sheet=92,578.000"
cash_flow,DepreciationAmortizationDepletion,2020,absent_on_face,0.0,,PASS,,,no face/notes hit
cash_flow,EffectOfExchangeRateChanges,2020,mapped,1062000000.0,1062,PASS,Effect of exchange rate changes on cash and due from banks,2021,"label='Effect of exchange rate changes on cash and due from banks' x1,000,000 sheet=1,062.000"
cash_flow,EndCashPosition,2020,mapped,118888000000.0,118888,PASS,Cash and due from banks at end of period (1) $,2021,"label='Cash and due from banks at end of period (1) $' x1,000,000 sheet=118,888.000"
cash_flow,FinancingCashFlow,2020,mapped,-7746000000.0,-7746,PASS,Net cash from (used in) financing activities,2021,"label='Net cash from (used in) financing activities' x1,000,000 sheet=-7,746.000"
cash_flow,InvestingCashFlow,2020,mapped,-39557000000.0,-39557,PASS,Net cash from (used in) investing activities,2021,"label='Net cash from (used in) investing activities' x1,000,000 sheet=-39,557.000"
cash_flow,IssuanceOfCapitalStock,2020,absent_on_face,0.0,,PASS,,,no face/notes hit
cash_flow,IssuanceOfDebt,2020,absent_on_face,0.0,,PASS,,,no face/notes hit
cash_flow,NetIncomeFromContinuingOperations,2020,mapped,11437000000.0,11437,PASS,Net income $,2021,"label='Net income $' x1,000,000 sheet=11,437.000"
cash_flow,NetIntangiblesPurchaseAndSale,2020,absent_on_face,0.0,,PASS,,,no face/notes hit
cash_flow,NetIssuancePaymentsOfDebt,2020,absent_on_face,0.0,,PASS,,,no face/notes hit
cash_flow,NetOtherFinancingCharges,2020,absent_on_face,0.0,,PASS,,,no face/notes hit
cash_flow,NetOtherInvestingChanges,2020,absent_on_face,0.0,,PASS,,,no face/notes hit
cash_flow,NetPreferredStockIssuance,2020,absent_on_face,0.0,,PASS,,,no face/notes hit
cash_flow,OtherNonCashItems,2020,absent_on_face,0.0,,PASS,,,no face/notes hit
cash_flow,PurchaseOfBusiness,2020,absent_on_face,0.0,,PASS,,,no face/notes hit
cash_flow,PurchaseOfInvestment,2020,absent_on_face,0.0,,PASS,,,no face/notes hit
cash_flow,PurchaseOfPPE,2020,absent_on_face,0.0,,PASS,,,no face/notes hit
cash_flow,RepaymentOfDebt,2020,absent_on_face,0.0,,NOTE_ONLY,,,alias 'lease payments' appears only in notes
cash_flow,RepurchaseOfCapitalStock,2020,absent_on_face,0.0,,NOTE_ONLY,,,alias 'shares repurchased and cancelled' appears only in notes
cash_flow,SaleOfInvestment,2020,absent_on_face,0.0,,PASS,,,no face/notes hit
cash_flow,SaleOfPPE,2020,absent_on_face,0.0,,PASS,,,no face/notes hit
cash_flow,StockBasedCompensation,2020,absent_on_face,0.0,,NOTE_ONLY,,,alias 'share based compensation' appears only in notes
income_statement,BasicEPS,2020,mapped,7.84,7.84,PASS,Basic earnings per share (in dollars) (Note 22) $,2021,label='Basic earnings per share (in dollars) (Note 22) $' sheet=0.000
income_statement,CreditLossesProvision,2020,mapped,4351000000.0,4351,PASS,Provision for credit losses (Notes 4 and 5),2021,"label='Provision for credit losses (Notes 4 and 5)' x1,000,000 sheet=4,351.000"
income_statement,DilutedEPS,2020,mapped,7.82,7.82,PASS,Diluted earnings per share (in dollars) (Note 22),2021,label='Diluted earnings per share (in dollars) (Note 22)' sheet=0.000
income_statement,InterestExpense,2020,mapped,14048000000.0,14048,PASS,Interest expense total,2021,"label='Interest expense total' x1,000,000 sheet=14,048.000"
income_statement,InterestExpenseNonOperating,2020,absent_on_face,0.0,,NOTE_ONLY,,,alias 'interest expense on lease liabilities' appears only in notes
income_statement,InterestIncome,2020,mapped,34883000000.0,34883,PASS,Interest and dividend income total,2021,"label='Interest and dividend income total' x1,000,000 sheet=34,883.000"
income_statement,InterestIncomeNonOperating,2020,absent_on_face,0.0,,BUG_FACE,Interest and dividend income (Note 3),,zero-filled but concept on FACE (exact): 'Interest and dividend income (Note 3)'
income_statement,MinorityInterests,2020,mapped,-5000000.0,5,PASS,Non-controlling interests,2021,"label='Non-controlling interests' x1,000,000 sheet=-5.000"
income_statement,NetIncome,2020,mapped,11432000000.0,11432,PASS,Shareholders $,2021,"label='Shareholders $' x1,000,000 sheet=11,432.000"
income_statement,NetIncomeDiscontinuousOperations,2020,absent_on_face,0.0,,PASS,,,no face/notes hit
income_statement,NetInterestIncome,2020,mapped,20835000000.0,20835,PASS,Net interest income,2021,"label='Net interest income' x1,000,000 sheet=20,835.000"
income_statement,NetNonOperatingInterestIncomeExpense,2020,absent_on_face,0.0,,PASS,,,no face/notes hit
income_statement,NonInterestExpense,2020,mapped,24758000000.0,24758,PASS,Non-interest expense total,2021,"label='Non-interest expense total' x1,000,000 sheet=24,758.000"
income_statement,NonInterestIncome,2020,mapped,26346000000.0,26346,PASS,Non-interest income total,2021,"label='Non-interest income total' x1,000,000 sheet=26,346.000"
income_statement,OtherIncomeExpense,2020,absent_on_face,0.0,,NOTE_ONLY,,,alias 'foreign exchange gain' appears only in notes
income_statement,OtherOperatingExpenses,2020,absent_on_face,0.0,,NOTE_ONLY,,,alias 'office' appears only in notes
income_statement,PretaxIncome,2020,mapped,14389000000.0,14389,PASS,Income before income taxes,2021,"label='Income before income taxes' x1,000,000 sheet=14,389.000"
income_statement,ResearchAndDevelopment,2020,absent_on_face,0.0,,NOTE_ONLY,,,alias 'research and development' appears only in notes
income_statement,SellingGeneralAndAdministration,2020,absent_on_face,0.0,,NOTE_ONLY,,,alias 'travel' appears only in notes
income_statement,TaxProvision,2020,mapped,2952000000.0,2952,PASS,Income taxes (Note 21),2021,"label='Income taxes (Note 21)' x1,000,000 sheet=-2,952.000"
income_statement,TotalRevenue,2020,mapped,47181000000.0,47181,PASS,Total revenue,2021,"label='Total revenue' x1,000,000 sheet=47,181.000"
cash_flow,FreeCashFlow,2020,derived,138819000000.0,,PASS,,,identities clean
income_statement,CostOfRevenue,2020,derived,0.0,,PASS,,,identities clean
income_statement,DepreciationAmortizationDepletion,2020,derived,2648000000.0,,PASS,,,identities clean
income_statement,DilutedAverageShares,2020,derived,1461892583.0,,PASS,,,identities clean
income_statement,EBIT,2020,derived,14389000000.0,,PASS,,,identities clean
income_statement,EBITDA,2020,derived,17037000000.0,,PASS,,,identities clean
income_statement,GrossProfit,2020,derived,47181000000.0,,PASS,,,identities clean
income_statement,NetIncomeContinuousOperations,2020,derived,11432000000.0,,PASS,,,identities clean
balance_sheet,AllowanceForLoansAndLeaseLosses,2021,mapped,4089000000.0,-4089,PASS,Allowance for loan losses (Note 5),2022,"label='Allowance for loan losses (Note 5)' x1,000,000 sheet=4,089.000"
balance_sheet,CashAndDueFromBanks,2021,mapped,113846000000.0,113846,PASS,Cash and due from banks $,2022,"label='Cash and due from banks $' x1,000,000 sheet=113,846.000"
balance_sheet,GrossLoan,2021,mapped,721664000000.0,721664,PASS,Loans total,2022,"label='Loans total' x1,000,000 sheet=721,664.000"
balance_sheet,MoneyMarketInvestments,2021,absent_on_face,0.0,,PASS,,,no face/notes hit
balance_sheet,NetLoan,2021,mapped,717575000000.0,717575,PASS,Loans net total,2022,"label='Loans net total' x1,000,000 sheet=717,575.000"
balance_sheet,OtherAssets,2021,mapped,61883000000.0,61883,PASS,Other assets (Note 13),2022,"label='Other assets (Note 13)' x1,000,000 sheet=61,883.000"
balance_sheet,RetainedEarnings,2021,mapped,71795000000.0,71795,PASS,Retained earnings,2022,"label='Retained earnings' x1,000,000 sheet=71,795.000"
balance_sheet,SecuritiesAndInvestments,2021,mapped,284724000000.0,284724,PASS,Securities total,2022,"label='Securities total' x1,000,000 sheet=284,724.000"
balance_sheet,StockholdersEquity,2021,mapped,98667000000.0,98667,PASS,Equity attributable to shareholders total,2022,"label='Equity attributable to shareholders total' x1,000,000 sheet=98,667.000"
balance_sheet,TotalAssets,2021,mapped,1706323000000.0,1.70632e+06,PASS,Total assets $,2022,"label='Total assets $' x1,000,000 sheet=1,706,323.000"
balance_sheet,TotalDeposits,2021,mapped,1100831000000.0,1.10083e+06,PASS,Deposits total,2022,"label='Deposits total' x1,000,000 sheet=1,100,831.000"
balance_sheet,TotalEquityGrossMinorityInterest,2021,mapped,98762000000.0,98762,PASS,Total equity,2022,"label='Total equity' x1,000,000 sheet=98,762.000"
balance_sheet,TotalLiabilities,2021,mapped,1607561000000.0,1.60756e+06,PASS,Total liabilities,2022,"label='Total liabilities' x1,000,000 sheet=1,607,561.000"
cash_flow,AssetImpairmentCharge,2021,absent_on_face,0.0,,PASS,,,no face/notes hit
cash_flow,BeginningCashPosition,2021,mapped,118888000000.0,118888,PASS,Cash and due from banks at beginning of period (1),2022,"label='Cash and due from banks at beginning of period (1)' x1,000,000 sheet=118,888.000"
cash_flow,CapitalExpenditure,2021,absent_on_face,0.0,,PASS,,,no face/notes hit
cash_flow,CashDividendsPaid,2021,absent_on_face,0.0,,NOTE_ONLY,,,alias 'dividends paid' appears only in notes
cash_flow,CashFromDiscontinuedInvestingActivities,2021,absent_on_face,0.0,,PASS,,,no face/notes hit
cash_flow,CashFromDiscontinuedOperatingActivities,2021,absent_on_face,0.0,,PASS,,,no face/notes hit
cash_flow,ChangeInInventory,2021,absent_on_face,0.0,,NOTE_ONLY,,,alias 'inventory' appears only in notes
cash_flow,ChangeInOtherWorkingCapital,2021,absent_on_face,0.0,,PASS,,,no face/notes hit
cash_flow,ChangeInPayablesAndAccruedExpense,2021,absent_on_face,0.0,,NOTE_ONLY,,,alias 'accounts payable' appears only in notes
cash_flow,ChangeInPrepaidAssets,2021,absent_on_face,0.0,,NOTE_ONLY,,,alias 'prepaids' appears only in notes
cash_flow,ChangeInReceivables,2021,absent_on_face,0.0,,NOTE_ONLY,,,alias 'accounts receivable' appears only in notes
cash_flow,ChangeInWorkingCapital,2021,absent_on_face,0.0,,PASS,,,no face/notes hit
cash_flow,ChangesInCash,2021,mapped,-5042000000.0,-5042,PASS,Net change in cash and due from banks,2022,"label='Net change in cash and due from banks' x1,000,000 sheet=-5,042.000"
cash_flow,DepreciationAmortizationDepletion,2021,absent_on_face,0.0,,PASS,,,no face/notes hit
cash_flow,EffectOfExchangeRateChanges,2021,mapped,-2810000000.0,-2810,PASS,Effect of exchange rate changes on cash and due from banks,2022,"label='Effect of exchange rate changes on cash and due from banks' x1,000,000 sheet=-2,810.000"
cash_flow,EndCashPosition,2021,mapped,113846000000.0,113846,PASS,Cash and due from banks at end of period (1) $,2022,"label='Cash and due from banks at end of period (1) $' x1,000,000 sheet=113,846.000"
cash_flow,FinancingCashFlow,2021,mapped,-5928000000.0,-5928,PASS,Net cash from (used in) financing activities,2022,"label='Net cash from (used in) financing activities' x1,000,000 sheet=-5,928.000"
cash_flow,InvestingCashFlow,2021,mapped,-57348000000.0,-57348,PASS,Net cash from (used in) investing activities,2022,"label='Net cash from (used in) investing activities' x1,000,000 sheet=-57,348.000"
cash_flow,IssuanceOfCapitalStock,2021,absent_on_face,0.0,,PASS,,,no face/notes hit
cash_flow,IssuanceOfDebt,2021,absent_on_face,0.0,,PASS,,,no face/notes hit
cash_flow,NetIncomeFromContinuingOperations,2021,mapped,16050000000.0,16050,PASS,Net income $,2022,"label='Net income $' x1,000,000 sheet=16,050.000"
cash_flow,NetIntangiblesPurchaseAndSale,2021,absent_on_face,0.0,,PASS,,,no face/notes hit
cash_flow,NetIssuancePaymentsOfDebt,2021,absent_on_face,0.0,,PASS,,,no face/notes hit
cash_flow,NetOtherFinancingCharges,2021,absent_on_face,0.0,,PASS,,,no face/notes hit
cash_flow,NetOtherInvestingChanges,2021,absent_on_face,0.0,,PASS,,,no face/notes hit
cash_flow,NetPreferredStockIssuance,2021,absent_on_face,0.0,,PASS,,,no face/notes hit
cash_flow,OtherNonCashItems,2021,absent_on_face,0.0,,PASS,,,no face/notes hit
cash_flow,PurchaseOfBusiness,2021,absent_on_face,0.0,,PASS,,,no face/notes hit
cash_flow,PurchaseOfInvestment,2021,absent_on_face,0.0,,PASS,,,no face/notes hit
cash_flow,PurchaseOfPPE,2021,absent_on_face,0.0,,PASS,,,no face/notes hit
cash_flow,RepaymentOfDebt,2021,absent_on_face,0.0,,NOTE_ONLY,,,alias 'lease payments' appears only in notes
cash_flow,RepurchaseOfCapitalStock,2021,absent_on_face,0.0,,NOTE_ONLY,,,alias 'shares repurchased and cancelled' appears only in notes
cash_flow,SaleOfInvestment,2021,absent_on_face,0.0,,PASS,,,no face/notes hit
cash_flow,SaleOfPPE,2021,absent_on_face,0.0,,PASS,,,no face/notes hit
cash_flow,StockBasedCompensation,2021,absent_on_face,0.0,,NOTE_ONLY,,,alias 'share based compensation' appears only in notes
income_statement,BasicEPS,2021,mapped,11.08,11.08,PASS,Basic earnings per share (in dollars) (Note 23) $,2022,label='Basic earnings per share (in dollars) (Note 23) $' sheet=0.000
income_statement,CreditLossesProvision,2021,mapped,-753000000.0,-753,PASS,Provision for credit losses (Notes 4 and 5),2022,"label='Provision for credit losses (Notes 4 and 5)' x1,000,000 sheet=-753.000"
income_statement,DilutedEPS,2021,mapped,11.06,11.06,PASS,Diluted earnings per share (in dollars) (Note 23),2022,label='Diluted earnings per share (in dollars) (Note 23)' sheet=0.000
income_statement,InterestExpense,2021,mapped,8143000000.0,8143,PASS,Interest expense total,2022,"label='Interest expense total' x1,000,000 sheet=8,143.000"
income_statement,InterestExpenseNonOperating,2021,absent_on_face,0.0,,NOTE_ONLY,,,alias 'interest expense on lease liabilities' appears only in notes
income_statement,InterestIncome,2021,mapped,28145000000.0,28145,PASS,Interest and dividend income total,2022,"label='Interest and dividend income total' x1,000,000 sheet=28,145.000"
income_statement,InterestIncomeNonOperating,2021,absent_on_face,0.0,,BUG_FACE,Interest and dividend income (Note 3),,zero-filled but concept on FACE (exact): 'Interest and dividend income (Note 3)'
income_statement,MinorityInterests,2021,mapped,-12000000.0,12,PASS,Non-controlling interests,2022,"label='Non-controlling interests' x1,000,000 sheet=-12.000"
income_statement,NetIncome,2021,mapped,16038000000.0,16038,PASS,Shareholders $,2022,"label='Shareholders $' x1,000,000 sheet=16,038.000"
income_statement,NetIncomeDiscontinuousOperations,2021,absent_on_face,0.0,,PASS,,,no face/notes hit
income_statement,NetInterestIncome,2021,mapped,20002000000.0,20002,PASS,Net interest income,2022,"label='Net interest income' x1,000,000 sheet=20,002.000"
income_statement,NetNonOperatingInterestIncomeExpense,2021,absent_on_face,0.0,,PASS,,,no face/notes hit
income_statement,NonInterestExpense,2021,mapped,25924000000.0,25924,PASS,Non-interest expense total,2022,"label='Non-interest expense total' x1,000,000 sheet=25,924.000"
income_statement,NonInterestIncome,2021,mapped,29691000000.0,29691,PASS,Non-interest income total,2022,"label='Non-interest income total' x1,000,000 sheet=29,691.000"
income_statement,OtherIncomeExpense,2021,absent_on_face,0.0,,NOTE_ONLY,,,alias 'foreign exchange gain' appears only in notes
income_statement,OtherOperatingExpenses,2021,absent_on_face,0.0,,NOTE_ONLY,,,alias 'office' appears only in notes
income_statement,PretaxIncome,2021,mapped,20631000000.0,20631,PASS,Income before income taxes,2022,"label='Income before income taxes' x1,000,000 sheet=20,631.000"
income_statement,ResearchAndDevelopment,2021,absent_on_face,0.0,,NOTE_ONLY,,,alias 'research and development' appears only in notes
income_statement,SellingGeneralAndAdministration,2021,absent_on_face,0.0,,NOTE_ONLY,,,alias 'travel' appears only in notes
income_statement,TaxProvision,2021,mapped,4581000000.0,4581,PASS,Income taxes (Note 22),2022,"label='Income taxes (Note 22)' x1,000,000 sheet=-4,581.000"
income_statement,TotalRevenue,2021,mapped,49693000000.0,49693,PASS,Total revenue,2022,"label='Total revenue' x1,000,000 sheet=49,693.000"
cash_flow,FreeCashFlow,2021,derived,61044000000.0,,PASS,,,identities clean
income_statement,CostOfRevenue,2021,derived,0.0,,PASS,,,identities clean
income_statement,DepreciationAmortizationDepletion,2021,derived,2592000000.0,,PASS,,,identities clean
income_statement,DilutedAverageShares,2021,derived,1450090416.0,,PASS,,,identities clean
income_statement,EBIT,2021,derived,20631000000.0,,PASS,,,identities clean
income_statement,EBITDA,2021,derived,23223000000.0,,PASS,,,identities clean
income_statement,GrossProfit,2021,derived,49693000000.0,,PASS,,,identities clean
income_statement,NetIncomeContinuousOperations,2021,derived,16038000000.0,,PASS,,,identities clean
balance_sheet,AllowanceForLoansAndLeaseLosses,2022,mapped,3753000000.0,-3753,PASS,Allowance for loan losses (Note 5),2023,"label='Allowance for loan losses (Note 5)' x1,000,000 sheet=3,753.000"
balance_sheet,CashAndDueFromBanks,2022,mapped,72397000000.0,72397,PASS,Cash and due from banks $,2023,"label='Cash and due from banks $' x1,000,000 sheet=72,397.000"
balance_sheet,GrossLoan,2022,mapped,823718000000.0,823718,PASS,Loans total,2023,"label='Loans total' x1,000,000 sheet=823,718.000"
balance_sheet,MoneyMarketInvestments,2022,absent_on_face,0.0,,PASS,,,no face/notes hit
balance_sheet,NetLoan,2022,mapped,819965000000.0,819965,PASS,Loans net total,2023,"label='Loans net total' x1,000,000 sheet=819,965.000"
balance_sheet,OtherAssets,2022,mapped,80300000000.0,80300,PASS,Other assets (Note 13),2023,"label='Other assets (Note 13)' x1,000,000 sheet=80,300.000"
balance_sheet,RetainedEarnings,2022,mapped,78037000000.0,78037,PASS,Retained earnings,2023,"label='Retained earnings' x1,000,000 sheet=78,037.000"
balance_sheet,SecuritiesAndInvestments,2022,mapped,318223000000.0,318223,PASS,Securities total,2023,"label='Securities total' x1,000,000 sheet=318,223.000"
balance_sheet,StockholdersEquity,2022,mapped,108064000000.0,108064,PASS,Equity attributable to shareholders total,2023,"label='Equity attributable to shareholders total' x1,000,000 sheet=108,064.000"
balance_sheet,TotalAssets,2022,mapped,1917219000000.0,1.91722e+06,PASS,Total assets $,2023,"label='Total assets $' x1,000,000 sheet=1,917,219.000"
balance_sheet,TotalDeposits,2022,mapped,1208814000000.0,1.20881e+06,PASS,Deposits total,2023,"label='Deposits total' x1,000,000 sheet=1,208,814.000"
balance_sheet,TotalEquityGrossMinorityInterest,2022,mapped,108175000000.0,108175,PASS,Total equity,2023,"label='Total equity' x1,000,000 sheet=108,175.000"
balance_sheet,TotalLiabilities,2022,mapped,1809044000000.0,1.80904e+06,PASS,Total liabilities,2023,"label='Total liabilities' x1,000,000 sheet=1,809,044.000"
cash_flow,AssetImpairmentCharge,2022,absent_on_face,0.0,,PASS,,,no face/notes hit
cash_flow,BeginningCashPosition,2022,mapped,113846000000.0,113846,PASS,Cash and due from banks at beginning of period (1),2023,"label='Cash and due from banks at beginning of period (1)' x1,000,000 sheet=113,846.000"
cash_flow,CapitalExpenditure,2022,absent_on_face,0.0,,PASS,,,no face/notes hit
cash_flow,CashDividendsPaid,2022,absent_on_face,0.0,,NOTE_ONLY,,,alias 'dividends paid' appears only in notes
cash_flow,CashFromDiscontinuedInvestingActivities,2022,absent_on_face,0.0,,PASS,,,no face/notes hit
cash_flow,CashFromDiscontinuedOperatingActivities,2022,absent_on_face,0.0,,PASS,,,no face/notes hit
cash_flow,ChangeInInventory,2022,absent_on_face,0.0,,NOTE_ONLY,,,alias 'inventory' appears only in notes
cash_flow,ChangeInOtherWorkingCapital,2022,absent_on_face,0.0,,PASS,,,no face/notes hit
cash_flow,ChangeInPayablesAndAccruedExpense,2022,absent_on_face,0.0,,NOTE_ONLY,,,alias 'accounts payable' appears only in notes
cash_flow,ChangeInPrepaidAssets,2022,absent_on_face,0.0,,NOTE_ONLY,,,alias 'prepaids' appears only in notes
cash_flow,ChangeInReceivables,2022,absent_on_face,0.0,,NOTE_ONLY,,,alias 'accounts receivable' appears only in notes
cash_flow,ChangeInWorkingCapital,2022,absent_on_face,0.0,,PASS,,,no face/notes hit
cash_flow,ChangesInCash,2022,mapped,-41449000000.0,-41449,PASS,Net change in cash and due from banks,2023,"label='Net change in cash and due from banks' x1,000,000 sheet=-41,449.000"
cash_flow,DepreciationAmortizationDepletion,2022,absent_on_face,0.0,,PASS,,,no face/notes hit
cash_flow,EffectOfExchangeRateChanges,2022,mapped,-4152000000.0,-4152,PASS,Effect of exchange rate changes on cash and due from banks,2023,"label='Effect of exchange rate changes on cash and due from banks' x1,000,000 sheet=-4,152.000"
cash_flow,EndCashPosition,2022,mapped,72397000000.0,72397,PASS,Cash and due from banks at end of period (1) $,2023,"label='Cash and due from banks at end of period (1) $' x1,000,000 sheet=72,397.000"
cash_flow,FinancingCashFlow,2022,mapped,-2185000000.0,-2185,PASS,Net cash from (used in) financing activities,2023,"label='Net cash from (used in) financing activities' x1,000,000 sheet=-2,185.000"
cash_flow,InvestingCashFlow,2022,mapped,-57054000000.0,-57054,PASS,Net cash from (used in) investing activities,2023,"label='Net cash from (used in) investing activities' x1,000,000 sheet=-57,054.000"
cash_flow,IssuanceOfCapitalStock,2022,absent_on_face,0.0,,PASS,,,no face/notes hit
cash_flow,IssuanceOfDebt,2022,absent_on_face,0.0,,PASS,,,no face/notes hit
cash_flow,NetIncomeFromContinuingOperations,2022,mapped,15807000000.0,15807,PASS,Net income $,2023,"label='Net income $' x1,000,000 sheet=15,807.000"
cash_flow,NetIntangiblesPurchaseAndSale,2022,absent_on_face,0.0,,PASS,,,no face/notes hit
cash_flow,NetIssuancePaymentsOfDebt,2022,absent_on_face,0.0,,PASS,,,no face/notes hit
cash_flow,NetOtherFinancingCharges,2022,absent_on_face,0.0,,PASS,,,no face/notes hit
cash_flow,NetOtherInvestingChanges,2022,absent_on_face,0.0,,PASS,,,no face/notes hit
cash_flow,NetPreferredStockIssuance,2022,absent_on_face,0.0,,PASS,,,no face/notes hit
cash_flow,OtherNonCashItems,2022,absent_on_face,0.0,,PASS,,,no face/notes hit
cash_flow,PurchaseOfBusiness,2022,absent_on_face,0.0,,PASS,,,no face/notes hit
cash_flow,PurchaseOfInvestment,2022,absent_on_face,0.0,,PASS,,,no face/notes hit
cash_flow,PurchaseOfPPE,2022,absent_on_face,0.0,,PASS,,,no face/notes hit
cash_flow,RepaymentOfDebt,2022,absent_on_face,0.0,,NOTE_ONLY,,,alias 'lease payments' appears only in notes
cash_flow,RepurchaseOfCapitalStock,2022,absent_on_face,0.0,,NOTE_ONLY,,,alias 'shares repurchased and cancelled' appears only in notes
cash_flow,SaleOfInvestment,2022,absent_on_face,0.0,,PASS,,,no face/notes hit
cash_flow,SaleOfPPE,2022,absent_on_face,0.0,,PASS,,,no face/notes hit
cash_flow,StockBasedCompensation,2022,absent_on_face,0.0,,NOTE_ONLY,,,alias 'share based compensation' appears only in notes
income_statement,BasicEPS,2022,mapped,11.08,11.08,PASS,Basic earnings per share (in dollars) (Note 23) $,2023,label='Basic earnings per share (in dollars) (Note 23) $' sheet=0.000
income_statement,CreditLossesProvision,2022,mapped,484000000.0,484,PASS,Provision for credit losses (Notes 4 and 5),2023,"label='Provision for credit losses (Notes 4 and 5)' x1,000,000 sheet=484.000"
income_statement,DilutedEPS,2022,mapped,11.06,11.06,PASS,Diluted earnings per share (in dollars) (Note 23),2023,label='Diluted earnings per share (in dollars) (Note 23)' sheet=0.000
income_statement,InterestExpense,2022,mapped,18054000000.0,18054,PASS,Interest expense total,2023,"label='Interest expense total' x1,000,000 sheet=18,054.000"
income_statement,InterestExpenseNonOperating,2022,absent_on_face,0.0,,NOTE_ONLY,,,alias 'interest expense on lease liabilities' appears only in notes
income_statement,InterestIncome,2022,mapped,40771000000.0,40771,PASS,Interest and dividend income total,2023,"label='Interest and dividend income total' x1,000,000 sheet=40,771.000"
income_statement,InterestIncomeNonOperating,2022,absent_on_face,0.0,,BUG_FACE,Interest and dividend income (Note 3),,zero-filled but concept on FACE (exact): 'Interest and dividend income (Note 3)'
income_statement,MinorityInterests,2022,mapped,-13000000.0,13,PASS,Non-controlling interests,2023,"label='Non-controlling interests' x1,000,000 sheet=-13.000"
income_statement,NetIncome,2022,mapped,15794000000.0,15794,PASS,Shareholders $,2023,"label='Shareholders $' x1,000,000 sheet=15,794.000"
income_statement,NetIncomeDiscontinuousOperations,2022,absent_on_face,0.0,,PASS,,,no face/notes hit
income_statement,NetInterestIncome,2022,mapped,22717000000.0,22717,PASS,Net interest income,2023,"label='Net interest income' x1,000,000 sheet=22,717.000"
income_statement,NetNonOperatingInterestIncomeExpense,2022,absent_on_face,0.0,,PASS,,,no face/notes hit
income_statement,NonInterestExpense,2022,mapped,26609000000.0,26609,PASS,Non-interest expense total,2023,"label='Non-interest expense total' x1,000,000 sheet=26,609.000"
income_statement,NonInterestIncome,2022,mapped,26268000000.0,26268,PASS,Non-interest income total,2023,"label='Non-interest income total' x1,000,000 sheet=26,268.000"
income_statement,OtherIncomeExpense,2022,absent_on_face,0.0,,NOTE_ONLY,,,alias 'foreign exchange gain' appears only in notes
income_statement,OtherOperatingExpenses,2022,absent_on_face,0.0,,NOTE_ONLY,,,alias 'office' appears only in notes
income_statement,PretaxIncome,2022,mapped,20109000000.0,20109,PASS,Income before income taxes,2023,"label='Income before income taxes' x1,000,000 sheet=20,109.000"
income_statement,ResearchAndDevelopment,2022,absent_on_face,0.0,,NOTE_ONLY,,,alias 'research and development' appears only in notes
income_statement,SellingGeneralAndAdministration,2022,absent_on_face,0.0,,NOTE_ONLY,,,alias 'travel' appears only in notes
income_statement,TaxProvision,2022,mapped,4302000000.0,4302,PASS,Income taxes (Note 22),2023,"label='Income taxes (Note 22)' x1,000,000 sheet=-4,302.000"
income_statement,TotalRevenue,2022,mapped,48985000000.0,48985,PASS,Total revenue,2023,"label='Total revenue' x1,000,000 sheet=48,985.000"
cash_flow,FreeCashFlow,2022,derived,21942000000.0,,PASS,,,identities clean
income_statement,CostOfRevenue,2022,derived,0.0,,PASS,,,identities clean
income_statement,DepreciationAmortizationDepletion,2022,derived,2652000000.0,,PASS,,,identities clean
income_statement,DilutedAverageShares,2022,derived,1428028933.0,,PASS,,,identities clean
income_statement,EBIT,2022,derived,20109000000.0,,PASS,,,identities clean
income_statement,EBITDA,2022,derived,22761000000.0,,PASS,,,identities clean
income_statement,GrossProfit,2022,derived,48985000000.0,,PASS,,,identities clean
income_statement,NetIncomeContinuousOperations,2022,derived,15794000000.0,,PASS,,,identities clean
balance_sheet,AllowanceForLoansAndLeaseLosses,2023,mapped,5004000000.0,-5004,PASS,Allowance for loan losses (Note 5),2024,"label='Allowance for loan losses (Note 5)' x1,000,000 sheet=5,004.000"
balance_sheet,CashAndDueFromBanks,2023,mapped,61989000000.0,61989,PASS,Cash and due from banks $,2024,"label='Cash and due from banks $' x1,000,000 sheet=61,989.000"
balance_sheet,GrossLoan,2023,mapped,857777000000.0,857777,PASS,Loans total,2024,"label='Loans total' x1,000,000 sheet=857,777.000"
balance_sheet,MoneyMarketInvestments,2023,absent_on_face,0.0,,PASS,,,no face/notes hit
balance_sheet,NetLoan,2023,mapped,852773000000.0,852773,PASS,Loans net total,2024,"label='Loans net total' x1,000,000 sheet=852,773.000"
balance_sheet,OtherAssets,2023,mapped,81371000000.0,81371,PASS,Other assets (Note 13),2024,"label='Other assets (Note 13)' x1,000,000 sheet=81,371.000"
balance_sheet,RetainedEarnings,2023,mapped,81715000000.0,81715,PASS,Retained earnings,2024,"label='Retained earnings' x1,000,000 sheet=81,715.000"
balance_sheet,SecuritiesAndInvestments,2023,mapped,409730000000.0,409730,PASS,Securities total,2024,"label='Securities total' x1,000,000 sheet=409,730.000"
balance_sheet,StockholdersEquity,2023,mapped,115048000000.0,115048,PASS,Equity attributable to shareholders total,2024,"label='Equity attributable to shareholders total' x1,000,000 sheet=115,048.000"
balance_sheet,TotalAssets,2023,mapped,2006531000000.0,2.00653e+06,PASS,Total assets $,2024,"label='Total assets $' x1,000,000 sheet=2,006,531.000"
balance_sheet,TotalDeposits,2023,mapped,1231687000000.0,1.23169e+06,PASS,Deposits total,2024,"label='Deposits total' x1,000,000 sheet=1,231,687.000"
balance_sheet,TotalEquityGrossMinorityInterest,2023,mapped,115147000000.0,115147,PASS,Total equity,2024,"label='Total equity' x1,000,000 sheet=115,147.000"
balance_sheet,TotalLiabilities,2023,mapped,1891384000000.0,1.89138e+06,PASS,Total liabilities,2024,"label='Total liabilities' x1,000,000 sheet=1,891,384.000"
cash_flow,AssetImpairmentCharge,2023,absent_on_face,0.0,,PASS,,,no face/notes hit
cash_flow,BeginningCashPosition,2023,mapped,72397000000.0,72397,PASS,Cash and due from banks at beginning of period (1),2024,"label='Cash and due from banks at beginning of period (1)' x1,000,000 sheet=72,397.000"
cash_flow,CapitalExpenditure,2023,absent_on_face,0.0,,PASS,,,no face/notes hit
cash_flow,CashDividendsPaid,2023,absent_on_face,0.0,,NOTE_ONLY,,,alias 'dividends paid' appears only in notes
cash_flow,CashFromDiscontinuedInvestingActivities,2023,absent_on_face,0.0,,PASS,,,no face/notes hit
cash_flow,CashFromDiscontinuedOperatingActivities,2023,absent_on_face,0.0,,PASS,,,no face/notes hit
cash_flow,ChangeInInventory,2023,absent_on_face,0.0,,NOTE_ONLY,,,alias 'inventory' appears only in notes
cash_flow,ChangeInOtherWorkingCapital,2023,absent_on_face,0.0,,PASS,,,no face/notes hit
cash_flow,ChangeInPayablesAndAccruedExpense,2023,absent_on_face,0.0,,NOTE_ONLY,,,alias 'accounts payable' appears only in notes
cash_flow,ChangeInPrepaidAssets,2023,absent_on_face,0.0,,NOTE_ONLY,,,alias 'prepaids' appears only in notes
cash_flow,ChangeInReceivables,2023,absent_on_face,0.0,,NOTE_ONLY,,,alias 'accounts receivable' appears only in notes
cash_flow,ChangeInWorkingCapital,2023,absent_on_face,0.0,,PASS,,,no face/notes hit
cash_flow,ChangesInCash,2023,mapped,-10408000000.0,-10408,PASS,Net change in cash and due from banks,2024,"label='Net change in cash and due from banks' x1,000,000 sheet=-10,408.000"
cash_flow,DepreciationAmortizationDepletion,2023,absent_on_face,0.0,,PASS,,,no face/notes hit
cash_flow,EffectOfExchangeRateChanges,2023,mapped,1611000000.0,1611,PASS,Effect of exchange rate changes on cash and due from banks,2024,"label='Effect of exchange rate changes on cash and due from banks' x1,000,000 sheet=1,611.000"
cash_flow,EndCashPosition,2023,mapped,61989000000.0,61989,PASS,Cash and due from banks at end of period (1) $,2024,"label='Cash and due from banks at end of period (1) $' x1,000,000 sheet=61,989.000"
cash_flow,FinancingCashFlow,2023,mapped,-9833000000.0,-9833,PASS,Net cash from (used in) financing activities,2024,"label='Net cash from (used in) financing activities' x1,000,000 sheet=-9,833.000"
cash_flow,InvestingCashFlow,2023,mapped,-28265000000.0,-28265,PASS,Net cash from (used in) investing activities,2024,"label='Net cash from (used in) investing activities' x1,000,000 sheet=-28,265.000"
cash_flow,IssuanceOfCapitalStock,2023,absent_on_face,0.0,,PASS,,,no face/notes hit
cash_flow,IssuanceOfDebt,2023,absent_on_face,0.0,,PASS,,,no face/notes hit
cash_flow,NetIncomeFromContinuingOperations,2023,mapped,14612000000.0,14612,PASS,Net income $,2024,"label='Net income $' x1,000,000 sheet=14,612.000"
cash_flow,NetIntangiblesPurchaseAndSale,2023,absent_on_face,0.0,,PASS,,,no face/notes hit
cash_flow,NetIssuancePaymentsOfDebt,2023,absent_on_face,0.0,,PASS,,,no face/notes hit
cash_flow,NetOtherFinancingCharges,2023,absent_on_face,0.0,,PASS,,,no face/notes hit
cash_flow,NetOtherInvestingChanges,2023,absent_on_face,0.0,,PASS,,,no face/notes hit
cash_flow,NetPreferredStockIssuance,2023,absent_on_face,0.0,,PASS,,,no face/notes hit
cash_flow,OtherNonCashItems,2023,absent_on_face,0.0,,PASS,,,no face/notes hit
cash_flow,PurchaseOfBusiness,2023,absent_on_face,0.0,,PASS,,,no face/notes hit
cash_flow,PurchaseOfInvestment,2023,absent_on_face,0.0,,PASS,,,no face/notes hit
cash_flow,PurchaseOfPPE,2023,absent_on_face,0.0,,PASS,,,no face/notes hit
cash_flow,RepaymentOfDebt,2023,absent_on_face,0.0,,NOTE_ONLY,,,alias 'lease payments' appears only in notes
cash_flow,RepurchaseOfCapitalStock,2023,absent_on_face,0.0,,PASS,,,no face/notes hit
cash_flow,SaleOfInvestment,2023,absent_on_face,0.0,,PASS,,,no face/notes hit
cash_flow,SaleOfPPE,2023,absent_on_face,0.0,,PASS,,,no face/notes hit
cash_flow,StockBasedCompensation,2023,absent_on_face,0.0,,NOTE_ONLY,,,alias 'share based compensation' appears only in notes
income_statement,BasicEPS,2023,mapped,10.33,10.33,PASS,Basic earnings per share (in dollars) (Note 22) $,2024,label='Basic earnings per share (in dollars) (Note 22) $' sheet=0.000
income_statement,CreditLossesProvision,2023,mapped,2468000000.0,2468,PASS,Provision for credit losses (Notes 4 and 5),2024,"label='Provision for credit losses (Notes 4 and 5)' x1,000,000 sheet=2,468.000"
income_statement,DilutedEPS,2023,mapped,10.32,10.32,PASS,Diluted earnings per share (in dollars) (Note 22),2024,label='Diluted earnings per share (in dollars) (Note 22)' sheet=0.000
income_statement,InterestExpense,2023,mapped,61862000000.0,61862,PASS,Interest expense total,2024,"label='Interest expense total' x1,000,000 sheet=61,862.000"
income_statement,InterestExpenseNonOperating,2023,absent_on_face,0.0,,PASS,,,no face/notes hit
income_statement,InterestIncome,2023,mapped,86991000000.0,86991,PASS,Interest and dividend income total,2024,"label='Interest and dividend income total' x1,000,000 sheet=86,991.000"
income_statement,InterestIncomeNonOperating,2023,absent_on_face,0.0,,BUG_FACE,Interest and dividend income (Note 3),,zero-filled but concept on FACE (exact): 'Interest and dividend income (Note 3)'
income_statement,MinorityInterests,2023,mapped,-7000000.0,7,PASS,Non-controlling interests,2024,"label='Non-controlling interests' x1,000,000 sheet=-7.000"
income_statement,NetIncome,2023,mapped,14605000000.0,14605,PASS,Shareholders $,2024,"label='Shareholders $' x1,000,000 sheet=14,605.000"
income_statement,NetIncomeDiscontinuousOperations,2023,absent_on_face,0.0,,PASS,,,no face/notes hit
income_statement,NetInterestIncome,2023,mapped,25129000000.0,25129,PASS,Net interest income,2024,"label='Net interest income' x1,000,000 sheet=25,129.000"
income_statement,NetNonOperatingInterestIncomeExpense,2023,absent_on_face,0.0,,PASS,,,no face/notes hit
income_statement,NonInterestExpense,2023,mapped,30813000000.0,30813,PASS,Non-interest expense total,2024,"label='Non-interest expense total' x1,000,000 sheet=30,813.000"
income_statement,NonInterestIncome,2023,mapped,26335000000.0,26335,PASS,Non-interest income total,2024,"label='Non-interest income total' x1,000,000 sheet=26,335.000"
income_statement,OtherIncomeExpense,2023,absent_on_face,0.0,,NOTE_ONLY,,,alias 'foreign exchange gain' appears only in notes
income_statement,OtherOperatingExpenses,2023,absent_on_face,0.0,,NOTE_ONLY,,,alias 'office' appears only in notes
income_statement,PretaxIncome,2023,mapped,18183000000.0,18183,PASS,Income before income taxes,2024,"label='Income before income taxes' x1,000,000 sheet=18,183.000"
income_statement,ResearchAndDevelopment,2023,absent_on_face,0.0,,NOTE_ONLY,,,alias 'research and development' appears only in notes
income_statement,SellingGeneralAndAdministration,2023,absent_on_face,0.0,,NOTE_ONLY,,,alias 'travel' appears only in notes
income_statement,TaxProvision,2023,mapped,3571000000.0,3571,PASS,Income taxes (Note 21),2024,"label='Income taxes (Note 21)' x1,000,000 sheet=-3,571.000"
income_statement,TotalRevenue,2023,mapped,51464000000.0,51464,PASS,Total revenue,2024,"label='Total revenue' x1,000,000 sheet=51,464.000"
cash_flow,FreeCashFlow,2023,derived,26079000000.0,,PASS,,,identities clean
income_statement,CostOfRevenue,2023,derived,0.0,,PASS,,,identities clean
income_statement,DepreciationAmortizationDepletion,2023,derived,2854000000.0,,PASS,,,identities clean
income_statement,DilutedAverageShares,2023,derived,1415213178.0,,PASS,,,identities clean
income_statement,EBIT,2023,derived,18183000000.0,,PASS,,,identities clean
income_statement,EBITDA,2023,derived,21037000000.0,,PASS,,,identities clean
income_statement,GrossProfit,2023,derived,51464000000.0,,PASS,,,identities clean
income_statement,NetIncomeContinuousOperations,2023,derived,14605000000.0,,PASS,,,identities clean
balance_sheet,AllowanceForLoansAndLeaseLosses,2024,mapped,6037000000.0,-6037,PASS,Allowance for loan losses (Note 5),2025,"label='Allowance for loan losses (Note 5)' x1,000,000 sheet=6,037.000"
balance_sheet,CashAndDueFromBanks,2024,mapped,56723000000.0,56723,PASS,Cash and due from banks $,2025,"label='Cash and due from banks $' x1,000,000 sheet=56,723.000"
balance_sheet,GrossLoan,2024,mapped,987417000000.0,987417,PASS,Loans total,2025,"label='Loans total' x1,000,000 sheet=987,417.000"
balance_sheet,MoneyMarketInvestments,2024,absent_on_face,0.0,,PASS,,,no face/notes hit
balance_sheet,NetLoan,2024,mapped,981380000000.0,981380,PASS,Loans net total,2025,"label='Loans net total' x1,000,000 sheet=981,380.000"
balance_sheet,OtherAssets,2024,mapped,92190000000.0,92190,PASS,Other assets (Note 13),2025,"label='Other assets (Note 13)' x1,000,000 sheet=92,190.000"
balance_sheet,RetainedEarnings,2024,mapped,88608000000.0,88608,PASS,Retained earnings,2025,"label='Retained earnings' x1,000,000 sheet=88,608.000"
balance_sheet,SecuritiesAndInvestments,2024,mapped,439918000000.0,439918,PASS,Securities total,2025,"label='Securities total' x1,000,000 sheet=439,918.000"
balance_sheet,StockholdersEquity,2024,mapped,127089000000.0,127089,PASS,Equity attributable to shareholders total,2025,"label='Equity attributable to shareholders total' x1,000,000 sheet=127,089.000"
balance_sheet,TotalAssets,2024,mapped,2171582000000.0,2.17158e+06,PASS,Total assets $,2025,"label='Total assets $' x1,000,000 sheet=2,171,582.000"
balance_sheet,TotalDeposits,2024,mapped,1409531000000.0,1.40953e+06,PASS,Deposits total,2025,"label='Deposits total' x1,000,000 sheet=1,409,531.000"
balance_sheet,TotalEquityGrossMinorityInterest,2024,mapped,127192000000.0,127192,PASS,Total equity,2025,"label='Total equity' x1,000,000 sheet=127,192.000"
balance_sheet,TotalLiabilities,2024,mapped,2044390000000.0,2.04439e+06,PASS,Total liabilities,2025,"label='Total liabilities' x1,000,000 sheet=2,044,390.000"
cash_flow,AssetImpairmentCharge,2024,absent_on_face,0.0,,PASS,,,no face/notes hit
cash_flow,BeginningCashPosition,2024,mapped,61989000000.0,61989,PASS,Cash and due from banks at beginning of period (1),2025,"label='Cash and due from banks at beginning of period (1)' x1,000,000 sheet=61,989.000"
cash_flow,CapitalExpenditure,2024,absent_on_face,0.0,,PASS,,,no face/notes hit
cash_flow,CashDividendsPaid,2024,absent_on_face,0.0,,NOTE_ONLY,,,alias 'dividends paid' appears only in notes
cash_flow,CashFromDiscontinuedInvestingActivities,2024,absent_on_face,0.0,,PASS,,,no face/notes hit
cash_flow,CashFromDiscontinuedOperatingActivities,2024,absent_on_face,0.0,,PASS,,,no face/notes hit
cash_flow,ChangeInInventory,2024,absent_on_face,0.0,,NOTE_ONLY,,,alias 'inventory' appears only in notes
cash_flow,ChangeInOtherWorkingCapital,2024,absent_on_face,0.0,,PASS,,,no face/notes hit
cash_flow,ChangeInPayablesAndAccruedExpense,2024,absent_on_face,0.0,,NOTE_ONLY,,,alias 'accounts payable' appears only in notes
cash_flow,ChangeInPrepaidAssets,2024,absent_on_face,0.0,,NOTE_ONLY,,,alias 'prepaids' appears only in notes
cash_flow,ChangeInReceivables,2024,absent_on_face,0.0,,NOTE_ONLY,,,alias 'accounts receivable' appears only in notes
cash_flow,ChangeInWorkingCapital,2024,absent_on_face,0.0,,PASS,,,no face/notes hit
cash_flow,ChangesInCash,2024,mapped,-5266000000.0,-5266,PASS,Net change in cash and due from banks,2025,"label='Net change in cash and due from banks' x1,000,000 sheet=-5,266.000"
cash_flow,DepreciationAmortizationDepletion,2024,absent_on_face,0.0,,PASS,,,no face/notes hit
cash_flow,EffectOfExchangeRateChanges,2024,mapped,628000000.0,628,PASS,Effect of exchange rate changes on cash and due from banks,2025,"label='Effect of exchange rate changes on cash and due from banks' x1,000,000 sheet=628.000"
cash_flow,EndCashPosition,2024,mapped,56723000000.0,56723,PASS,Cash and due from banks at end of period (1) $,2025,"label='Cash and due from banks at end of period (1) $' x1,000,000 sheet=56,723.000"
cash_flow,FinancingCashFlow,2024,mapped,-8146000000.0,-8146,PASS,Net cash from (used in) financing activities,2025,"label='Net cash from (used in) financing activities' x1,000,000 sheet=-8,146.000"
cash_flow,InvestingCashFlow,2024,mapped,-20887000000.0,-20887,PASS,Net cash from (used in) investing activities,2025,"label='Net cash from (used in) investing activities' x1,000,000 sheet=-20,887.000"
cash_flow,IssuanceOfCapitalStock,2024,absent_on_face,0.0,,PASS,,,no face/notes hit
cash_flow,IssuanceOfDebt,2024,absent_on_face,0.0,,PASS,,,no face/notes hit
cash_flow,NetIncomeFromContinuingOperations,2024,mapped,16240000000.0,16240,PASS,Net income $,2025,"label='Net income $' x1,000,000 sheet=16,240.000"
cash_flow,NetIntangiblesPurchaseAndSale,2024,absent_on_face,0.0,,PASS,,,no face/notes hit
cash_flow,NetIssuancePaymentsOfDebt,2024,absent_on_face,0.0,,PASS,,,no face/notes hit
cash_flow,NetOtherFinancingCharges,2024,absent_on_face,0.0,,PASS,,,no face/notes hit
cash_flow,NetOtherInvestingChanges,2024,absent_on_face,0.0,,PASS,,,no face/notes hit
cash_flow,NetPreferredStockIssuance,2024,absent_on_face,0.0,,PASS,,,no face/notes hit
cash_flow,OtherNonCashItems,2024,absent_on_face,0.0,,PASS,,,no face/notes hit
cash_flow,PurchaseOfBusiness,2024,absent_on_face,0.0,,PASS,,,no face/notes hit
cash_flow,PurchaseOfInvestment,2024,absent_on_face,0.0,,PASS,,,no face/notes hit
cash_flow,PurchaseOfPPE,2024,absent_on_face,0.0,,PASS,,,no face/notes hit
cash_flow,RepaymentOfDebt,2024,absent_on_face,0.0,,NOTE_ONLY,,,alias 'lease payments' appears only in notes
cash_flow,RepurchaseOfCapitalStock,2024,absent_on_face,0.0,,NOTE_ONLY,,,alias 'shares repurchased and cancelled' appears only in notes
cash_flow,SaleOfInvestment,2024,absent_on_face,0.0,,PASS,,,no face/notes hit
cash_flow,SaleOfPPE,2024,absent_on_face,0.0,,PASS,,,no face/notes hit
cash_flow,StockBasedCompensation,2024,absent_on_face,0.0,,NOTE_ONLY,,,alias 'share based compensation' appears only in notes
income_statement,BasicEPS,2024,mapped,11.27,11.27,PASS,Basic earnings per share (in dollars) (Note 22) $,2025,label='Basic earnings per share (in dollars) (Note 22) $' sheet=0.000
income_statement,CreditLossesProvision,2024,mapped,3232000000.0,3232,PASS,Provision for credit losses (Notes 4 and 5),2025,"label='Provision for credit losses (Notes 4 and 5)' x1,000,000 sheet=3,232.000"
income_statement,DilutedEPS,2024,mapped,11.25,11.25,PASS,Diluted earnings per share (in dollars) (Note 22),2025,label='Diluted earnings per share (in dollars) (Note 22)' sheet=0.000
income_statement,InterestExpense,2024,mapped,76998000000.0,76998,PASS,Interest expense total,2025,"label='Interest expense total' x1,000,000 sheet=76,998.000"
income_statement,InterestExpenseNonOperating,2024,absent_on_face,0.0,,PASS,,,no face/notes hit
income_statement,InterestIncome,2024,mapped,104951000000.0,104951,PASS,Interest and dividend income total,2025,"label='Interest and dividend income total' x1,000,000 sheet=104,951.000"
income_statement,InterestIncomeNonOperating,2024,absent_on_face,0.0,,BUG_FACE,Interest and dividend income (Note 3),,zero-filled but concept on FACE (exact): 'Interest and dividend income (Note 3)'
income_statement,MinorityInterests,2024,mapped,-10000000.0,10,PASS,Non-controlling interests,2025,"label='Non-controlling interests' x1,000,000 sheet=-10.000"
income_statement,NetIncome,2024,mapped,16230000000.0,16230,PASS,Shareholders $,2025,"label='Shareholders $' x1,000,000 sheet=16,230.000"
income_statement,NetIncomeDiscontinuousOperations,2024,absent_on_face,0.0,,PASS,,,no face/notes hit
income_statement,NetInterestIncome,2024,mapped,27953000000.0,27953,PASS,Net interest income,2025,"label='Net interest income' x1,000,000 sheet=27,953.000"
income_statement,NetNonOperatingInterestIncomeExpense,2024,absent_on_face,0.0,,PASS,,,no face/notes hit
income_statement,NonInterestExpense,2024,mapped,34250000000.0,34250,PASS,Non-interest expense total,2025,"label='Non-interest expense total' x1,000,000 sheet=34,250.000"
income_statement,NonInterestIncome,2024,mapped,29391000000.0,29391,PASS,Non-interest income total,2025,"label='Non-interest income total' x1,000,000 sheet=29,391.000"
income_statement,OtherIncomeExpense,2024,absent_on_face,0.0,,NOTE_ONLY,,,alias 'foreign exchange gain' appears only in notes
income_statement,OtherOperatingExpenses,2024,absent_on_face,0.0,,NOTE_ONLY,,,alias 'office' appears only in notes
income_statement,PretaxIncome,2024,mapped,19862000000.0,19862,PASS,Income before income taxes,2025,"label='Income before income taxes' x1,000,000 sheet=19,862.000"
income_statement,ResearchAndDevelopment,2024,absent_on_face,0.0,,NOTE_ONLY,,,alias 'research and development' appears only in notes
income_statement,SellingGeneralAndAdministration,2024,absent_on_face,0.0,,NOTE_ONLY,,,alias 'travel' appears only in notes
income_statement,TaxProvision,2024,mapped,3622000000.0,3622,PASS,Income taxes (Note 21),2025,"label='Income taxes (Note 21)' x1,000,000 sheet=-3,622.000"
income_statement,TotalRevenue,2024,mapped,57344000000.0,57344,PASS,Total revenue,2025,"label='Total revenue' x1,000,000 sheet=57,344.000"
cash_flow,FreeCashFlow,2024,derived,23139000000.0,,PASS,,,identities clean
income_statement,CostOfRevenue,2024,derived,0.0,,PASS,,,identities clean
income_statement,DepreciationAmortizationDepletion,2024,derived,2981000000.0,,PASS,,,identities clean
income_statement,DilutedAverageShares,2024,derived,1442666667.0,,PASS,,,identities clean
income_statement,EBIT,2024,derived,19862000000.0,,PASS,,,identities clean
income_statement,EBITDA,2024,derived,22843000000.0,,PASS,,,identities clean
income_statement,GrossProfit,2024,derived,57344000000.0,,PASS,,,identities clean
income_statement,NetIncomeContinuousOperations,2024,derived,16230000000.0,,PASS,,,identities clean
balance_sheet,AllowanceForLoansAndLeaseLosses,2025,mapped,7093000000.0,-7093,PASS,Allowance for loan losses (Note 5),2025,"label='Allowance for loan losses (Note 5)' x1,000,000 sheet=7,093.000"
balance_sheet,CashAndDueFromBanks,2025,mapped,37024000000.0,37024,PASS,Cash and due from banks $,2025,"label='Cash and due from banks $' x1,000,000 sheet=37,024.000"
balance_sheet,GrossLoan,2025,mapped,1049515000000.0,1.04952e+06,PASS,Loans total,2025,"label='Loans total' x1,000,000 sheet=1,049,515.000"
balance_sheet,MoneyMarketInvestments,2025,absent_on_face,0.0,,PASS,,,no face/notes hit
balance_sheet,NetLoan,2025,mapped,1042422000000.0,1.04242e+06,PASS,Loans net total,2025,"label='Loans net total' x1,000,000 sheet=1,042,422.000"
balance_sheet,OtherAssets,2025,mapped,112893000000.0,112893,PASS,Other assets (Note 13),2025,"label='Other assets (Note 13)' x1,000,000 sheet=112,893.000"
balance_sheet,RetainedEarnings,2025,mapped,96938000000.0,96938,PASS,Retained earnings,2025,"label='Retained earnings' x1,000,000 sheet=96,938.000"
balance_sheet,SecuritiesAndInvestments,2025,mapped,561788000000.0,561788,PASS,Securities total,2025,"label='Securities total' x1,000,000 sheet=561,788.000"
balance_sheet,StockholdersEquity,2025,mapped,139092000000.0,139092,PASS,Equity attributable to shareholders total,2025,"label='Equity attributable to shareholders total' x1,000,000 sheet=139,092.000"
balance_sheet,TotalAssets,2025,mapped,2325006000000.0,2.32501e+06,PASS,Total assets $,2025,"label='Total assets $' x1,000,000 sheet=2,325,006.000"
balance_sheet,TotalDeposits,2025,mapped,1515616000000.0,1.51562e+06,PASS,Deposits total,2025,"label='Deposits total' x1,000,000 sheet=1,515,616.000"
balance_sheet,TotalEquityGrossMinorityInterest,2025,mapped,139151000000.0,139151,PASS,Total equity,2025,"label='Total equity' x1,000,000 sheet=139,151.000"
balance_sheet,TotalLiabilities,2025,mapped,2185855000000.0,2.18586e+06,PASS,Total liabilities,2025,"label='Total liabilities' x1,000,000 sheet=2,185,855.000"
cash_flow,AssetImpairmentCharge,2025,absent_on_face,0.0,,PASS,,,no face/notes hit
cash_flow,BeginningCashPosition,2025,mapped,56723000000.0,56723,PASS,Cash and due from banks at beginning of period (1),2025,"label='Cash and due from banks at beginning of period (1)' x1,000,000 sheet=56,723.000"
cash_flow,CapitalExpenditure,2025,absent_on_face,0.0,,PASS,,,no face/notes hit
cash_flow,CashDividendsPaid,2025,absent_on_face,0.0,,NOTE_ONLY,,,alias 'dividends paid' appears only in notes
cash_flow,CashFromDiscontinuedInvestingActivities,2025,absent_on_face,0.0,,PASS,,,no face/notes hit
cash_flow,CashFromDiscontinuedOperatingActivities,2025,absent_on_face,0.0,,PASS,,,no face/notes hit
cash_flow,ChangeInInventory,2025,absent_on_face,0.0,,NOTE_ONLY,,,alias 'inventory' appears only in notes
cash_flow,ChangeInOtherWorkingCapital,2025,absent_on_face,0.0,,PASS,,,no face/notes hit
cash_flow,ChangeInPayablesAndAccruedExpense,2025,absent_on_face,0.0,,NOTE_ONLY,,,alias 'accounts payable' appears only in notes
cash_flow,ChangeInPrepaidAssets,2025,absent_on_face,0.0,,NOTE_ONLY,,,alias 'prepaids' appears only in notes
cash_flow,ChangeInReceivables,2025,absent_on_face,0.0,,NOTE_ONLY,,,alias 'accounts receivable' appears only in notes
cash_flow,ChangeInWorkingCapital,2025,absent_on_face,0.0,,PASS,,,no face/notes hit
cash_flow,ChangesInCash,2025,mapped,-19699000000.0,-19699,PASS,Net change in cash and due from banks,2025,"label='Net change in cash and due from banks' x1,000,000 sheet=-19,699.000"
cash_flow,DepreciationAmortizationDepletion,2025,absent_on_face,0.0,,PASS,,,no face/notes hit
cash_flow,EffectOfExchangeRateChanges,2025,mapped,361000000.0,361,PASS,Effect of exchange rate changes on cash and due from banks,2025,"label='Effect of exchange rate changes on cash and due from banks' x1,000,000 sheet=361.000"
cash_flow,EndCashPosition,2025,mapped,37024000000.0,37024,PASS,Cash and due from banks at end of period (1) $,2025,"label='Cash and due from banks at end of period (1) $' x1,000,000 sheet=37,024.000"
cash_flow,FinancingCashFlow,2025,mapped,-6711000000.0,-6711,PASS,Net cash from (used in) financing activities,2025,"label='Net cash from (used in) financing activities' x1,000,000 sheet=-6,711.000"
cash_flow,InvestingCashFlow,2025,mapped,-68569000000.0,-68569,PASS,Net cash from (used in) investing activities,2025,"label='Net cash from (used in) investing activities' x1,000,000 sheet=-68,569.000"
cash_flow,IssuanceOfCapitalStock,2025,absent_on_face,0.0,,PASS,,,no face/notes hit
cash_flow,IssuanceOfDebt,2025,absent_on_face,0.0,,PASS,,,no face/notes hit
cash_flow,NetIncomeFromContinuingOperations,2025,mapped,20369000000.0,20369,PASS,Net income $,2025,"label='Net income $' x1,000,000 sheet=20,369.000"
cash_flow,NetIntangiblesPurchaseAndSale,2025,absent_on_face,0.0,,PASS,,,no face/notes hit
cash_flow,NetIssuancePaymentsOfDebt,2025,absent_on_face,0.0,,PASS,,,no face/notes hit
cash_flow,NetOtherFinancingCharges,2025,absent_on_face,0.0,,PASS,,,no face/notes hit
cash_flow,NetOtherInvestingChanges,2025,absent_on_face,0.0,,PASS,,,no face/notes hit
cash_flow,NetPreferredStockIssuance,2025,absent_on_face,0.0,,PASS,,,no face/notes hit
cash_flow,OtherNonCashItems,2025,absent_on_face,0.0,,PASS,,,no face/notes hit
cash_flow,PurchaseOfBusiness,2025,absent_on_face,0.0,,PASS,,,no face/notes hit
cash_flow,PurchaseOfInvestment,2025,absent_on_face,0.0,,PASS,,,no face/notes hit
cash_flow,PurchaseOfPPE,2025,absent_on_face,0.0,,PASS,,,no face/notes hit
cash_flow,RepaymentOfDebt,2025,absent_on_face,0.0,,NOTE_ONLY,,,alias 'lease payments' appears only in notes
cash_flow,RepurchaseOfCapitalStock,2025,absent_on_face,0.0,,NOTE_ONLY,,,alias 'shares repurchased and cancelled' appears only in notes
cash_flow,SaleOfInvestment,2025,absent_on_face,0.0,,PASS,,,no face/notes hit
cash_flow,SaleOfPPE,2025,absent_on_face,0.0,,PASS,,,no face/notes hit
cash_flow,StockBasedCompensation,2025,absent_on_face,0.0,,NOTE_ONLY,,,alias 'share based compensation' appears only in notes
income_statement,BasicEPS,2025,mapped,14.1,14.1,PASS,Basic earnings per share (in dollars) (Note 22) $,2025,label='Basic earnings per share (in dollars) (Note 22) $' sheet=0.000
income_statement,CreditLossesProvision,2025,mapped,4362000000.0,4362,PASS,Provision for credit losses (Notes 4 and 5),2025,"label='Provision for credit losses (Notes 4 and 5)' x1,000,000 sheet=4,362.000"
income_statement,DilutedEPS,2025,mapped,14.07,14.07,PASS,Diluted earnings per share (in dollars) (Note 22),2025,label='Diluted earnings per share (in dollars) (Note 22)' sheet=0.000
income_statement,InterestExpense,2025,mapped,70825000000.0,70825,PASS,Interest expense total,2025,"label='Interest expense total' x1,000,000 sheet=70,825.000"
income_statement,InterestExpenseNonOperating,2025,absent_on_face,0.0,,PASS,,,no face/notes hit
income_statement,InterestIncome,2025,mapped,103825000000.0,103825,PASS,Interest and dividend income total,2025,"label='Interest and dividend income total' x1,000,000 sheet=103,825.000"
income_statement,InterestIncomeNonOperating,2025,absent_on_face,0.0,,BUG_FACE,Interest and dividend income (Note 3),,zero-filled but concept on FACE (exact): 'Interest and dividend income (Note 3)'
income_statement,MinorityInterests,2025,mapped,-7000000.0,7,PASS,Non-controlling interests,2025,"label='Non-controlling interests' x1,000,000 sheet=-7.000"
income_statement,NetIncome,2025,mapped,20362000000.0,20362,PASS,Shareholders $,2025,"label='Shareholders $' x1,000,000 sheet=20,362.000"
income_statement,NetIncomeDiscontinuousOperations,2025,absent_on_face,0.0,,PASS,,,no face/notes hit
income_statement,NetInterestIncome,2025,mapped,33000000000.0,33000,PASS,Net interest income,2025,"label='Net interest income' x1,000,000 sheet=33,000.000"
income_statement,NetNonOperatingInterestIncomeExpense,2025,absent_on_face,0.0,,PASS,,,no face/notes hit
income_statement,NonInterestExpense,2025,mapped,36592000000.0,36592,PASS,Non-interest expense total,2025,"label='Non-interest expense total' x1,000,000 sheet=36,592.000"
income_statement,NonInterestIncome,2025,mapped,33605000000.0,33605,PASS,Non-interest income total,2025,"label='Non-interest income total' x1,000,000 sheet=33,605.000"
income_statement,OtherIncomeExpense,2025,absent_on_face,0.0,,NOTE_ONLY,,,alias 'foreign exchange gain' appears only in notes
income_statement,OtherOperatingExpenses,2025,absent_on_face,0.0,,NOTE_ONLY,,,alias 'office' appears only in notes
income_statement,PretaxIncome,2025,mapped,25651000000.0,25651,PASS,Income before income taxes,2025,"label='Income before income taxes' x1,000,000 sheet=25,651.000"
income_statement,ResearchAndDevelopment,2025,absent_on_face,0.0,,NOTE_ONLY,,,alias 'research and development' appears only in notes
income_statement,SellingGeneralAndAdministration,2025,absent_on_face,0.0,,NOTE_ONLY,,,alias 'travel' appears only in notes
income_statement,TaxProvision,2025,mapped,5282000000.0,5282,PASS,Income taxes (Note 21),2025,"label='Income taxes (Note 21)' x1,000,000 sheet=-5,282.000"
income_statement,TotalRevenue,2025,mapped,66605000000.0,66605,PASS,Total revenue,2025,"label='Total revenue' x1,000,000 sheet=66,605.000"
cash_flow,FreeCashFlow,2025,derived,55220000000.0,,PASS,,,identities clean
income_statement,CostOfRevenue,2025,derived,0.0,,PASS,,,identities clean
income_statement,DepreciationAmortizationDepletion,2025,derived,3079000000.0,,PASS,,,identities clean
income_statement,DilutedAverageShares,2025,derived,1447192608.0,,PASS,,,identities clean
income_statement,EBIT,2025,derived,25651000000.0,,PASS,,,identities clean
income_statement,EBITDA,2025,derived,28730000000.0,,PASS,,,identities clean
income_statement,GrossProfit,2025,derived,66605000000.0,,PASS,,,identities clean
income_statement,NetIncomeContinuousOperations,2025,derived,20362000000.0,,PASS,,,identities clean
