statement_type,normalized_label,proposed_key,n_confirmed_tickers,how,conflicting_keys,example_tickers
cash_flow,income tax expense,DeferredTax,9,single:57,AssetImpairmentCharge;CapitalExpenditure;CashDividendsPaid;ChangeInInventory;DepreciationAndAmortization,"CPX,ELD,HMM.A,LAS.A,NFI"
cash_flow,items not affecting cash total,OperatingCashFlow,5,single:15,ChangeInInventory;ChangeInPayablesAndAccruedExpense;ChangeInReceivables;FreeCashFlow;NetIssuancePaymentsOfDebt;PurchaseOfPPE,"ADW.A,ELD,FTS,GFP,OGD"
cash_flow,income tax expense recovery,DeferredTax,4,single:6,CommonStockIssuance,"CPX,ELD,GFP,NFI"
income_statement,finance costs net,NetInterestIncome,4,single:19,EBITDA;InterestExpenseNonOperating,"GFP,TFPM,TXG,VRTS"
balance_sheet,warrants,OtherEquityInterest,3,single:9,RetainedEarnings,"AAB,BRY,TXG"
cash_flow,items not affecting cash total,ChangeInPayablesAndAccruedExpense,3,single:3,ChangeInInventory;ChangeInReceivables;FreeCashFlow;NetIssuancePaymentsOfDebt;OperatingCashFlow;PurchaseOfPPE,"ADW.A,SFD,SWP"
cash_flow,income taxes,DeferredTax,3,single:14,ChangeInReceivables;ChangeInWorkingCapital,"ADW.A,GFP,LAS.A"
balance_sheet,lease liabilities,LongTermDebtAndCapitalLeaseObligation,3,single:5+residual:2,CommonStock;CurrentDebtAndCapitalLeaseObligation;OtherEquityInterest,"CDR,ERD,LAS.A"
income_statement,net loss from continuing operations,NetIncomeContinuousOperations,3,single:9,OtherIncomeExpense,"GFP,GRN,IIP.UN"
income_statement,finance expense,InterestExpenseNonOperating,3,single:18,EBITDA;InterestIncome;NetInterestIncome;OtherIncomeExpense,"GRN,SWP,WPK"
cash_flow,net cash generated from financing activities,NetIssuancePaymentsOfDebt,3,single:3+residual:1,CapitalExpenditure;FinancingCashFlow;IssuanceOfDebt,"HMM.A,SWP,TXG"
cash_flow,income taxes expense,DeferredTax,2,single:4,,"DII.A,SWP"
balance_sheet,receivable in respect of investments sold,Receivables,2,residual:3,,"FFN,PDV"
balance_sheet,equity portion of convertible debentures,OtherEquityInterest,2,single:3,,"FTS,IIP.UN"
cash_flow,net cash used in generated by financing activities,NetIssuancePaymentsOfDebt,2,single:3,,"NFI,SWP"
income_statement,net earnings for the year,NetIncomeFromContinuingAndDiscontinuedOperation,2,single:18,EBITDA;NetIncome;NetIncomeContinuousOperations,"ADW.A,ELD"
cash_flow,net earnings for the year,NetIncomeFromContinuingOperations,2,single:7,CapitalExpenditure;ChangeInWorkingCapital;FreeCashFlow;IssuanceOfDebt,"ADW.A,ELD"
cash_flow,repurchase of class a shares,RepurchaseOfCapitalStock,2,single:14,ChangeInPayablesAndAccruedExpense,"ADW.A,LAS.A"
cash_flow,increase decrease in bank indebtedness,NetIssuancePaymentsOfDebt,2,residual:3,CapitalExpenditure;IssuanceOfDebt,"ADW.A,HMM.A"
income_statement,net earnings for the year,NetIncome,2,single:8,EBITDA;NetIncomeContinuousOperations;NetIncomeFromContinuingAndDiscontinuedOperation,"ADW.A,ELD"
cash_flow,increase decrease in bank indebtedness,IssuanceOfDebt,2,single:2,CapitalExpenditure;NetIssuancePaymentsOfDebt,"ADW.A,HMM.A"
cash_flow,acquisition of subsidiaries net of cash acquired,PurchaseOfBusiness,2,single:16,IssuanceOfDebt,"ADW.A,DSG"
balance_sheet,deferred income taxes,AccountsPayable,2,residual:1+single:1,OtherCurrentAssets;OtherReceivables;PreferredStock;Receivables;TotalLiabilities,"ADW.A,ALA"
cash_flow,changes in operating assets and liabilities,ChangeInWorkingCapital,2,single:22,ChangeInOtherWorkingCapital;ChangeInPayablesAndAccruedExpense,"ALA,DSG"
balance_sheet,other long term liabilities,OtherCurrentAssets,2,single:3,AccountsReceivable;OtherReceivables,"ALA,MFI"
income_statement,interest income,InterestIncome,2,single:5,NetInterestIncome,"BKI,TPX.B"
income_statement,interest on long term debt,NetInterestIncome,2,sumlab:1+single:1,EBIT;InterestExpenseNonOperating,"BRY,NFI"
income_statement,deferred income tax recovery,PretaxIncome,2,residual:2,TaxProvision,"CDR,CVVY"
income_statement,deferred income tax recovery,TaxProvision,2,single:2,PretaxIncome,"CDR,CVVY"
cash_flow,proceeds from issue of long term debt,IssuanceOfDebt,2,single:5,NetIssuancePaymentsOfDebt,"CPX,NFI"
cash_flow,impairments,AssetImpairmentCharge,2,single:9,BeginningCashPosition;NetIntangiblesPurchaseAndSale;NetOtherFinancingCharges,"CPX,MFI"
cash_flow,income tax recovery,DeferredTax,2,single:2,ChangeInInventory,"CPX,NFI"
balance_sheet,other reserves,GainsLossesNotAffectingRetainedEarnings,2,single:21,OtherReceivables,"CPX,TXG"
balance_sheet,provisions,OtherReceivables,2,sumlab:2+single:1,AccountsPayable;CashCashEquivalentsAndShortTermInvestments;CurrentDebtAndCapitalLeaseObligation;OtherCurrentAssets;OtherEquityInterest;OtherIntangibleAssets;TotalNonCurrentLiabilities,"CPX,MFI"
balance_sheet,non controlling interests note 21,MinorityInterest,2,single:3,LongTermDebtAndCapitalLeaseObligation,"CVVY,POW"
income_statement,equity holders of the company,NetIncomeFromContinuingAndDiscontinuedOperation,2,single:3,DilutedAverageShares;EBIT;NetIncomeContinuousOperations;PretaxIncome;SellingGeneralAndAdministration,"CVVY,WPK"
income_statement,equity holders of the company,NetIncomeContinuousOperations,2,single:3,DilutedAverageShares;EBIT;NetIncomeFromContinuingAndDiscontinuedOperation;PretaxIncome;SellingGeneralAndAdministration,"CVVY,WPK"
cash_flow,net income loss,NetIncomeFromContinuingOperations,2,single:2,CapitalExpenditure;PurchaseOfPPE,"CVVY,GFP"
cash_flow,financing costs,NetOtherFinancingCharges,2,single:2,ChangeInReceivables,"DII.A,SWP"
balance_sheet,provisions,CurrentDebtAndCapitalLeaseObligation,2,sumlab:1+residual:1,AccountsPayable;CashCashEquivalentsAndShortTermInvestments;OtherCurrentAssets;OtherEquityInterest;OtherIntangibleAssets;OtherReceivables;TotalNonCurrentLiabilities,"DII.A,NFI"
cash_flow,bank indebtedness,CapitalExpenditure,2,residual:2+sumlab:1,NetIntangiblesPurchaseAndSale;NetIssuancePaymentsOfDebt,"DII.A,HMM.A"
cash_flow,bank indebtedness,NetIssuancePaymentsOfDebt,2,residual:5,CapitalExpenditure;NetIntangiblesPurchaseAndSale,"DII.A,HMM.A"
balance_sheet,other equity,OtherEquityInterest,2,single:13,CurrentDebtAndCapitalLeaseObligation,"DII.A,PDV"
cash_flow,prepaid expenses and other,ChangeInPrepaidAssets,2,single:15,DepreciationAndAmortization,"DSG,SFD"
income_statement,comprehensive income,SellingGeneralAndAdministration,2,single:2,EBIT;EBITDA;InterestExpenseNonOperating;NetIncome;NetIncomeContinuousOperations;NetIncomeFromContinuingAndDiscontinuedOperation;NetInterestIncome,"DSG,TPX.B"
cash_flow,issuance of common shares for cash,CommonStockIssuance,2,single:14,ChangeInPayablesAndAccruedExpense;DeferredTax,"DSG,ELD"
income_statement,investment income,InterestIncome,2,single:3,NetInterestIncome,"DSG,GFP"
balance_sheet,current portion of debt,CurrentDebtAndCapitalLeaseObligation,2,residual:2+single:1,NetPPE,"DSG,ELD"
income_statement,attributable to total,NetIncomeFromContinuingAndDiscontinuedOperation,2,single:15+residual:1,CostOfRevenue;DilutedAverageShares;EBITDA;InterestExpenseNonOperating;NetIncome;NetIncomeContinuousOperations;NetIncomeDiscontinuousOperations;SellingGeneralAndAdministration,"ELD,LAS.A"
income_statement,attributable to total,NetIncomeContinuousOperations,2,single:15+residual:1,CostOfRevenue;DilutedAverageShares;EBITDA;InterestExpenseNonOperating;NetIncome;NetIncomeDiscontinuousOperations;NetIncomeFromContinuingAndDiscontinuedOperation;SellingGeneralAndAdministration,"ELD,LAS.A"
cash_flow,purchase of treasury stock,RepurchaseOfCapitalStock,2,single:18,CapitalExpenditure;CommonStockIssuance;NetIncomeFromContinuingOperations;PurchaseOfBusiness;PurchaseOfInvestment,"ELD,MFI"
income_statement,loss from continuing operations,NetIncomeContinuousOperations,2,single:5,EBIT;EBITDA;OperatingIncome;PretaxIncome,"ELD,ERD"
income_statement,basic loss per share,BasicEPS,2,single:3,DilutedEPS,"ELD,GFP"
income_statement,diluted loss per share,BasicEPS,2,single:3,DilutedEPS,"ELD,GFP"
income_statement,basic loss per share,DilutedEPS,2,single:3,BasicEPS,"ELD,GFP"
income_statement,diluted loss per share,DilutedEPS,2,single:3,BasicEPS,"ELD,GFP"
income_statement,finance costs,EBITDA,2,residual:13,EBIT;InterestExpenseNonOperating;NetInterestIncome,"ELD,OGD"
cash_flow,interest received,NetIssuancePaymentsOfDebt,2,single:3,ChangeInOtherWorkingCapital;ChangeInPayablesAndAccruedExpense;EffectOfExchangeRateChanges;RepaymentOfDebt,"ELD,WPK"
cash_flow,interest received,RepaymentOfDebt,2,single:3,ChangeInOtherWorkingCapital;ChangeInPayablesAndAccruedExpense;EffectOfExchangeRateChanges;NetIssuancePaymentsOfDebt,"ELD,WPK"
cash_flow,repayment of obligations under capital lease,RepaymentOfDebt,2,single:2,NetIssuancePaymentsOfDebt,"ERD,NFI"
cash_flow,repayment of lease liabilities,NetIssuancePaymentsOfDebt,2,single:2+residual:1,ChangeInOtherWorkingCapital;NetOtherInvestingChanges;RepaymentOfDebt,"ERD,OGD"
balance_sheet,of redeemable class a shares,StockholdersEquity,2,single:8,OtherEquityInterest;TotalEquityGrossMinorityInterest,"FFN,PDV"
balance_sheet,of redeemable class a shares,TotalEquityGrossMinorityInterest,2,single:8,OtherEquityInterest;StockholdersEquity,"FFN,PDV"
balance_sheet,of redeemable class a shares,OtherEquityInterest,2,single:10,StockholdersEquity;TotalEquityGrossMinorityInterest,"FFN,PDV"
income_statement,comprehensive income,EBIT,2,residual:4+single:1,EBITDA;InterestExpenseNonOperating;NetIncome;NetIncomeContinuousOperations;NetIncomeFromContinuingAndDiscontinuedOperation;NetInterestIncome;SellingGeneralAndAdministration,"FTS,TPX.B"
income_statement,comprehensive income,NetInterestIncome,2,single:3,EBIT;EBITDA;InterestExpenseNonOperating;NetIncome;NetIncomeContinuousOperations;NetIncomeFromContinuingAndDiscontinuedOperation;SellingGeneralAndAdministration,"FTS,MRT.UN"
cash_flow,change in non cash working capital balances,ChangeInWorkingCapital,2,single:18,DepreciationAmortizationDepletion,"GFP,SFD"
cash_flow,items not affecting cash total,FreeCashFlow,2,single:5,ChangeInInventory;ChangeInPayablesAndAccruedExpense;ChangeInReceivables;NetIssuancePaymentsOfDebt;OperatingCashFlow;PurchaseOfPPE,"GFP,SFD"
cash_flow,acquisitions,PurchaseOfBusiness,2,single:5,CapitalExpenditure;FreeCashFlow;NetOtherInvestingChanges;PurchaseOfPPE,"GFP,K"
balance_sheet,contract assets,OtherReceivables,2,residual:6+single:1,AccumulatedDepreciation;LongTermDebtAndCapitalLeaseObligation;Receivables,"GRN,SFD"
cash_flow,adjustments for total,IssuanceOfDebt,2,single:2,OperatingCashFlow,"HMM.A,LAS.A"
balance_sheet,mortgages payable,LongTermDebtAndCapitalLeaseObligation,2,single:1+residual:1,CurrentDebtAndCapitalLeaseObligation;LongTermDebt;OtherEquityInterest;RetainedEarnings,"IIP.UN,MRT.UN"
cash_flow,proceeds on sale of investments,SaleOfInvestment,2,single:6,SaleOfPPE,"MFI,TFPM"
income_statement,finance costs,InterestExpenseNonOperating,2,single:13,EBIT;EBITDA;NetInterestIncome,"OGD,SWP"
income_statement,finance costs,NetInterestIncome,2,single:13,EBIT;EBITDA;InterestExpenseNonOperating,"OGD,SWP"
income_statement,interest expense net,NetInterestIncome,2,single:7,EBIT;InterestExpenseNonOperating,"SFD,SWP"
income_statement,interest expense net,InterestExpenseNonOperating,2,single:5,EBIT;NetInterestIncome,"SFD,SWP"
balance_sheet,convertible debentures,CurrentDebtAndCapitalLeaseObligation,2,residual:5+single:1,AccountsPayable;LongTermDebt;LongTermDebtAndCapitalLeaseObligation;Receivables,"SFD,VRTS"
cash_flow,net cash generated from financing activities,FinancingCashFlow,2,single:2,CapitalExpenditure;IssuanceOfDebt;NetIssuancePaymentsOfDebt,"SWP,TXG"
cash_flow,payment of lease liabilities,RepaymentOfDebt,2,single:8,NetIssuancePaymentsOfDebt,"SWP,WPK"
balance_sheet,royalty current portion,NotesReceivable,1,single:1,,AAB
balance_sheet,royalty,NetPPE,1,single:1,,AAB
cash_flow,disposal of investments,SaleOfInvestment,1,single:1,,AAB
income_statement,depletion royalty interests on mineral properties,DepreciationAmortizationDepletion,1,single:1,,AAB
balance_sheet,income tax recovery provision,Receivables,1,residual:1,,AAB
balance_sheet,royalty interests on mineral properties net,NetPPE,1,single:6,,AAB
balance_sheet,currency translation adjustment net of taxes,AccountsPayable,1,single:1,,AAB
cash_flow,depletion on royalty interests on mineral properties,DepreciationAmortizationDepletion,1,single:1,,AAB
cash_flow,income taxes recoverable,ChangeInOtherWorkingCapital,1,single:1,,AAB
income_statement,advisory service fees 539 344,NetInterestIncome,1,single:1,,AAB
income_statement,income before foreign exchange loss 48 057 946,PretaxIncome,1,single:1,,AAB
income_statement,income before income taxes 47 173 875,PretaxIncome,1,single:1,,AAB
income_statement,income for the period 34 840 202,NetIncomeFromContinuingAndDiscontinuedOperation,1,single:1,,AAB
income_statement,interest income 764 177,DepreciationAmortizationDepletion,1,single:1,,AAB
income_statement,diluted 92 961 542,DilutedAverageShares,1,single:1,,AAB
income_statement,basic 0 40,BasicEPS,1,single:1,,AAB
income_statement,diluted 0 37,DilutedEPS,1,single:1,,AAB
cash_flow,loss before income taxes for the year,NetIncomeFromContinuingOperations,1,single:3,,AAB
cash_flow,write down of royalty interests on mineral properties,AssetImpairmentCharge,1,single:2,,AAB
cash_flow,proceeds from options exercised,NetOtherFinancingCharges,1,single:3,,AAB
balance_sheet,income tax recovery,Receivables,1,residual:1,,AAB
cash_flow,effect of exchange rate on cash held,EffectOfExchangeRateChanges,1,single:4,,AAB
income_statement,interest expense recovery,NetInterestIncome,1,single:1,,AAB
cash_flow,interest and penalities on tax recovered,ChangeInWorkingCapital,1,residual:1,,AAB
cash_flow,short term loans repaid,ChangeInOtherWorkingCapital,1,sumlab:1,,AAB
cash_flow,write down of interest receivable,AssetImpairmentCharge,1,single:1,,AAB
income_statement,income before other items,SellingGeneralAndAdministration,1,single:1,,AAB
income_statement,total investment gain loss,NonInterestIncome,1,single:1,,AAB
cash_flow,net cash used in provided fromoperating activities,FreeCashFlow,1,single:2,,AAB
cash_flow,shares and warrants received on conversion of loans,ChangeInPrepaidAssets,1,single:2,,AAB
balance_sheet,total expenses,OtherEquityInterest,1,single:1,,AAB
cash_flow,rsu paid,RepurchaseOfCapitalStock,1,single:1,,AAB
balance_sheet,total net investment loss gain,OtherEquityInterest,1,single:1,,AAB
cash_flow,settlement of loan payable and loan receivable,ChangeInOtherWorkingCapital,1,single:1,,AAB
balance_sheet,loans receivable at amortized cost,Receivables,1,residual:1,,AAB
income_statement,selling and administration,SellingGeneralAndAdministration,1,single:18,,ADW.A
income_statement,future,EBIT,1,residual:1,,ADW.A
income_statement,class a and class b shares,EBIT,1,single:1,,ADW.A
cash_flow,decrease in cash during the year from continuing operations,BeginningCashPosition,1,single:2,,ADW.A
cash_flow,increase in cash during the year from discontinued operation,BeginningCashPosition,1,single:2,,ADW.A
cash_flow,employee future benefits,NetOtherFinancingCharges,1,single:1,,ADW.A
cash_flow,increase in deferred financing costs,NetOtherFinancingCharges,1,single:1,,ADW.A
balance_sheet,long term derivative financial total,TotalLiabilities,1,single:3,,ADW.A
cash_flow,purchase of other assets,NetOtherInvestingChanges,1,single:1,,ADW.A
cash_flow,net unrealized loss on derivative financial instruments,NetIssuancePaymentsOfDebt,1,residual:1,,ADW.A
cash_flow,interest,FreeCashFlow,1,residual:2,,ADW.A
balance_sheet,other income expenses 544,TotalAssets,1,single:2,,ADW.A
balance_sheet,gross proﬁt,CurrentLiabilities,1,single:1,,ADW.A
cash_flow,purchase of property and equipment and vine biological assets,PurchaseOfPPE,1,single:1,,ADW.A
cash_flow,loss gain on disposal of property and equipment,AssetImpairmentCharge,1,single:1,,ADW.A
cash_flow,impairment of intangibles,AssetImpairmentCharge,1,single:1,,ADW.A
cash_flow,deferred financing costs,NetOtherFinancingCharges,1,single:5,,ADW.A
income_statement,provision for income taxes total,TaxProvision,1,single:1,,ADW.A
cash_flow,net unrealized loss gain on derivative financial instruments total,OperatingCashFlow,1,single:1,,ADW.A
cash_flow,issuance of long term debt,IssuanceOfDebt,1,single:2,,ADW.A
cash_flow,adjustments for non cash items total,OperatingCashFlow,1,single:6,,ADW.A
cash_flow,drawings of long term debt,NetIssuancePaymentsOfDebt,1,residual:1,,ADW.A
cash_flow,net unrealized loss gain on derivative financial instruments,FreeCashFlow,1,single:1,,ADW.A
balance_sheet,post employment benefit obligations,OtherCurrentAssets,1,single:2,,ADW.A
cash_flow,issuance of class a non voting shares,CommonStockIssuance,1,single:3,,ADW.A
cash_flow,drawings on long term debt,IssuanceOfDebt,1,single:4,,ADW.A
balance_sheet,lease obligations,LongTermDebtAndCapitalLeaseObligation,1,residual:1,,ADW.A
balance_sheet,long term debt 208 129,LongTermDebtAndCapitalLeaseObligation,1,single:1,,ADW.A
cash_flow,proceeds from sale of land and property,SaleOfPPE,1,single:1,,ADW.A
cash_flow,proceeds from sale of property plant and equipment,SaleOfPPE,1,single:2,,ADW.A
cash_flow,repurchase and cancellation of class a non voting shares,RepurchaseOfCapitalStock,1,single:3,,ADW.A
cash_flow,impairment of intangible assets,AssetImpairmentCharge,1,single:1,,ADW.A
income_statement,income tax expense total,TaxProvision,1,single:1,,ADW.A
cash_flow,net decrease increase in bank indebtedness,ChangeInReceivables,1,single:1,,ADW.A
income_statement,preferred share dividends net of tax,PreferredStockDividends,1,single:1,,ALA
cash_flow,dividends and distributions,CashDividendsPaid,1,single:1,,ALA
cash_flow,equity income,SaleOfPPE,1,single:1,,ALA
cash_flow,business acquisitions,PurchaseOfBusiness,1,single:1,,ALA
cash_flow,acquisition of long term investments and other assets,PurchaseOfInvestment,1,single:1,,ALA
cash_flow,issuance repayment of short term debt,PurchaseOfInvestment,1,single:1,,ALA
income_statement,preferred share dividends,PreferredStockDividends,1,single:16,,ALA
cash_flow,unrealized gains losses on risk management contracts,ChangeInOtherWorkingCapital,1,single:1,,ALA
income_statement,cost of sales exclusive of items shown separately,CostOfRevenue,1,single:15,,ALA
income_statement,net income applicable to non controlling interests,MinorityInterests,1,single:12,,ALA
cash_flow,net income after taxes,NetIncomeFromContinuingOperations,1,single:11,,ALA
cash_flow,changes in operating assets and liabilities total,CashDividendsPaid,1,single:1,,ALA
cash_flow,distributions to non controlling interest,NetOtherFinancingCharges,1,single:1,,ALA
balance_sheet,common shares no par values unlimited shares authorized total,TotalAssets,1,single:18,,ALA
income_statement,regulated operations,GrossProfit,1,single:2,,ALA
balance_sheet,investments accounted for by the equity method,AccountsPayable,1,single:1,,ALA
cash_flow,sale of interest in a subsidiary,SaleOfBusiness,1,single:1,,ALA
cash_flow,maturity of short term investment,SaleOfInvestment,1,single:2,,ALA
cash_flow,investment in petrogas preferred shares,PurchaseOfInvestment,1,single:1,,ALA
income_statement,unrealized losses on risk management contracts,PreferredStockDividends,1,single:1,,ALA
income_statement,net income loss applicable to non controlling interests,MinorityInterests,1,single:2,,ALA
cash_flow,net income loss after taxes,NetIncomeFromContinuingOperations,1,single:3,,ALA
cash_flow,income from equity investments,NetOtherFinancingCharges,1,single:1,,ALA
income_statement,short term debt,EBITDA,1,single:1,,ALA
cash_flow,items not involving cash total,OperatingCashFlow,1,single:1,,ALA
cash_flow,change in cash cash equivalents and restricted cash,OperatingCashFlow,1,residual:1,,ALA
cash_flow,contributions from non controlling interests,ChangeInOtherWorkingCapital,1,single:1,,ALA
cash_flow,proceeds from disposition of investments,SaleOfInvestment,1,single:1,,ALA
cash_flow,losses gains on sale of assets,IssuanceOfDebt,1,single:1,,ALA
cash_flow,unrealized gains on risk management contracts,ChangeInReceivables,1,single:1,,ALA
cash_flow,asset retirement obligations settled,SaleOfInvestment,1,single:1,,ALA
cash_flow,proceeds from sale of investments in publicly traded entities,SaleOfInvestment,1,single:1,,ALA
income_statement,provisions on assets,OperatingIncome,1,residual:1,,ALA
income_statement,income loss from equity investments,NetInterestIncome,1,single:1,,ALA
balance_sheet,unamortized investment tax credits,OtherReceivables,1,sumlab:1,,ALA
cash_flow,net borrowing repayment under credit facilities,ChangeInInventory,1,single:1,,ALA
cash_flow,provisions on assets,ChangeInOtherWorkingCapital,1,single:1,,ALA
cash_flow,distributions from contributions to equity investments,ChangeInPrepaidAssets,1,single:1,,ALA
cash_flow,repayment under credit facilities,NetIncomeFromContinuingOperations,1,single:1,,ALA
cash_flow,purchase of marketable securities in connection with debt defeasance,NetOtherFinancingCharges,1,single:1,,ALA
balance_sheet,accounts receivable net of credit losses of 35 million,Receivables,1,single:2,,ALA
balance_sheet,finance lease liabilities,OtherReceivables,1,single:1,,ALA
cash_flow,gain on partial debt extinguishment,ChangeInPrepaidAssets,1,single:1,,ALA
cash_flow,dividends preferred shares,ChangeInOtherWorkingCapital,1,single:2,,ALA
cash_flow,settlement of derivative instruments,ChangeInOtherWorkingCapital,1,sumlab:1,,ALA
cash_flow,dividends common shares,FreeCashFlow,1,single:1,,ALA
income_statement,share option expense 1 2,DividendPerShare,1,single:1,,ARX
balance_sheet,investment in content rights,Receivables,1,single:1,,BAMI
cash_flow,amortization of content rights,DepreciationAndAmortization,1,residual:2,,BAMI
cash_flow,cash flows used in financing activities for discontinuing operations,CommonStockIssuance,1,single:1,,BAMI
cash_flow,production financing repayment,NetIssuancePaymentsOfDebt,1,single:1,,BAMI
cash_flow,impairment of assets,AssetImpairmentCharge,1,single:2,,BAMI
cash_flow,proceeds from sale of other assets,NetOtherInvestingChanges,1,single:1,,BAMI
cash_flow,additions to content rights,DepreciationAndAmortization,1,single:1,,BAMI
cash_flow,cash acquired from business combination,SaleOfBusiness,1,single:1,,BAMI
income_statement,non controlling interest,MinorityInterests,1,single:3,,BKI
balance_sheet,warrant liability,AccumulatedDepreciation,1,single:1,,BKI
balance_sheet,compensation options,AccumulatedDepreciation,1,single:1,,BKI
cash_flow,private placement net of issue costs,CommonStockIssuance,1,single:1,,BKI
cash_flow,change in ownership interest in subsidiary,NetOtherFinancingCharges,1,single:1,,BKI
balance_sheet,investment in euro sun mining inc,CashCashEquivalentsAndShortTermInvestments,1,residual:3,,BKI
balance_sheet,total shareholders equity and liabilities,CashCashEquivalentsAndShortTermInvestments,1,single:2,,BKI
balance_sheet,share based payments,OtherEquityInterest,1,single:2,,BKI
cash_flow,acquisition of non controlling interest,PurchaseOfBusiness,1,single:2,,BKI
income_statement,net loss for the year 2 124 529,OperatingIncome,1,single:1,,BKI
cash_flow,sale of assets classified as fvoci,NetOtherInvestingChanges,1,single:3,,BKI
balance_sheet,non current lease liability,LongTermDebtAndCapitalLeaseObligation,1,single:2,,BKI
cash_flow,royalty proceeds,NetOtherFinancingCharges,1,single:2,,BKI
cash_flow,net cash outflow before working capital changes,FreeCashFlow,1,single:1,,BKI
cash_flow,lease interest expense,EffectOfExchangeRateChanges,1,single:1,,BKI
income_statement,retained earnings end of year,EBITDA,1,single:1,,BRY
cash_flow,amortization on property and equipment,DepreciationAndAmortization,1,residual:4,,BRY
cash_flow,cash paid on acquisition,PurchaseOfBusiness,1,single:8,,BRY
cash_flow,advances on promissory notes payable,IssuanceOfDebt,1,single:5,,BRY
cash_flow,repayments advances of operating line,NetOtherFinancingCharges,1,single:1,,BRY
balance_sheet,obligations under finance lease,LongTermDebtAndCapitalLeaseObligation,1,single:1+residual:1,,BRY
cash_flow,other gains losses,ChangeInOtherWorkingCapital,1,single:1,,BRY
cash_flow,advances on long term debt net of transaction costs,IssuanceOfDebt,1,single:2,,BRY
cash_flow,advances repayments on operating line net of transaction costs,NetOtherFinancingCharges,1,single:1,,BRY
cash_flow,net earnings from continuing operations,NetIncomeFromContinuingOperations,1,single:2,,BRY
cash_flow,advances on long term debt,IssuanceOfDebt,1,single:2,,BRY
cash_flow,impairment of goodwill and other intangible assets,AssetImpairmentCharge,1,single:1,,BRY
income_statement,impairment of goodwill and other intangible assets,OperatingIncome,1,single:1,,BRY
balance_sheet,retained loss,RetainedEarnings,1,single:1,,BRY
balance_sheet,retained loss earnings,RetainedEarnings,1,single:1,,BRY
cash_flow,foreign exchange gain loss on debt,ChangeInOtherWorkingCapital,1,single:1,,BRY
cash_flow,impairment of property and equipment,AssetImpairmentCharge,1,single:4,,BRY
cash_flow,proceeds on the sale of property and equipment,SaleOfPPE,1,single:3,,BRY
balance_sheet,balance at december,GrossPPE,1,single:1,,BRY
balance_sheet,balance at december 31 2017,AccumulatedDepreciation,1,single:1,,BRY
balance_sheet,additions 4 969 171 866 431 950 654 441,OtherCurrentAssets,1,residual:1,,BRY
cash_flow,interest on debt and lease liabilities,NetOtherFinancingCharges,1,single:3,,BRY
cash_flow,net profit,NetIncomeFromContinuingOperations,1,single:2,,BRY
cash_flow,interest paid on debt and leases,NetOtherFinancingCharges,1,single:2,,BRY
cash_flow,reversal of impairment,AssetImpairmentCharge,1,single:1,,BRY
cash_flow,net loss profit,NetIncomeFromContinuingOperations,1,single:1,,BRY
cash_flow,interest on debt and finance leases,NetOtherFinancingCharges,1,single:1,,BRY
cash_flow,net profit loss,NetIncomeFromContinuingOperations,1,single:2,,BRY
income_statement,deferred tax recovery expense,TaxProvision,1,single:1,,CDR
cash_flow,beginning cash and cash equivalents,BeginningCashPosition,1,single:2,,CDR
cash_flow,ending cash and cash equivalents,EndCashPosition,1,single:2,,CDR
income_statement,crude oil sales,CostOfRevenue,1,single:1,,CDR
balance_sheet,current portion of long term borrowings,CurrentDebtAndCapitalLeaseObligation,1,single:4,,CDR
cash_flow,depletion depreciation and impairment,DepreciationAmortizationDepletion,1,single:1,,CDR
cash_flow,cash from used in operating activities,OperatingCashFlow,1,single:1,,CDR
cash_flow,proceeds from the sale of property plant & equipment,SaleOfPPE,1,single:1,,CDR
cash_flow,interest paid on borrowings,NetOtherFinancingCharges,1,single:1,,CDR
cash_flow,cash used in continuing financing activities 3 962,DepreciationAmortizationDepletion,1,single:1,,CDR
cash_flow,impairment expense,AssetImpairmentCharge,1,single:1,,CDR
cash_flow,exercise of loan warrants,NetOtherFinancingCharges,1,single:1,,CDR
balance_sheet,current portion of lease liabilities,CurrentDebtAndCapitalLeaseObligation,1,single:2,,CDR
cash_flow,issue of common shares 10 966 019 3 728,EndCashPosition,1,single:1,,CDR
cash_flow,gain on property plant and equipment sales,SaleOfPPE,1,single:1,,CDR
cash_flow,proceeds from property plant and equipment sales,SaleOfPPE,1,single:4,,CDR
cash_flow,loan facility issue costs,NetOtherFinancingCharges,1,single:1,,CDR
cash_flow,proceeds from convertible debentures,IssuanceOfDebt,1,single:1,,CDR
income_statement,transportation and selling,InterestExpenseNonOperating,1,single:1,,CDR
balance_sheet,equity attributable to common shareholders,LongTermDebtAndCapitalLeaseObligation,1,single:1,,CDR
balance_sheet,convertible debentures 12b,LongTermDebt,1,single:1,,CDR
balance_sheet,current portion of other long term liabilities,OtherEquityInterest,1,single:1,,CDR
cash_flow,cash flows from operating activities before the following items,NetIssuancePaymentsOfDebt,1,residual:1,,CDR
cash_flow,repurchase of shares under normal course issuer bid,RepurchaseOfCapitalStock,1,single:5,,CHR
cash_flow,dividends,CashDividendsPaid,1,single:8,,CHR
cash_flow,decrease in restricted cash related to letters of credit,NetOtherInvestingChanges,1,single:2,,CHR
cash_flow,long term borrowings,IssuanceOfDebt,1,single:3,,CHR
cash_flow,restricted cash related to aircraft financing,NetOtherFinancingCharges,1,single:3,,CHR
income_statement,food beverage and supplies,DilutedAverageShares,1,single:1,,CHR
cash_flow,effect of foreign exchange on cash and cash equivalents,ChangeInPayablesAndAccruedExpense,1,single:2,,CHR
cash_flow,realized foreign exchange loss,NetOtherFinancingCharges,1,single:1,,CHR
income_statement,aircraft maintenance materials supplies and services,EBIT,1,single:1,,CHR
cash_flow,repayment of obligations under finance leases,ChangeInPrepaidAssets,1,single:1,,CHR
cash_flow,repayment of consideration payable,NetOtherFinancingCharges,1,single:2,,CHR
cash_flow,issuance of shares net of transaction costs,CommonStockIssuance,1,single:3,,CHR
cash_flow,long term borrowings net of financing fees,IssuanceOfDebt,1,single:1,,CHR
balance_sheet,deferred income tax liability,CurrentDebtAndCapitalLeaseObligation,1,single:1,,CHR
cash_flow,payments received on lease receivables,ChangeInOtherWorkingCapital,1,single:1,,CHR
income_statement,non operating expenses income total,InterestExpenseNonOperating,1,single:1,,CHR
income_statement,depreciation amortization and impairment,DepreciationAmortizationDepletion,1,single:4,,CHR
cash_flow,increase in security deposits and maintenance reserves,NetOtherInvestingChanges,1,single:1,,CHR
income_statement,preferred share dividends declared,PreferredStockDividends,1,single:2,,CHR
cash_flow,preferred dividends,CashDividendsPaid,1,single:3,,CHR
cash_flow,investment in funds,PurchaseOfInvestment,1,single:2,,CHR
cash_flow,proceeds on return of investments,SaleOfInvestment,1,single:1,,CHR
cash_flow,proceeds on disposition return of investments,SaleOfInvestment,1,single:1,,CHR
cash_flow,distribution to non controlling interests,NetOtherFinancingCharges,1,single:2,,CHR
income_statement,net income attributable to shareholders,NetIncomeContinuousOperations,1,single:1,,CHR
cash_flow,repayment of proceeds from operating credit facility,IssuanceOfDebt,1,single:1,,CHR
income_statement,net loss from discontinued operations net of taxes,NetIncomeDiscontinuousOperations,1,single:1,,CHR
cash_flow,net income loss from continuing operations,NetIncomeFromContinuingOperations,1,single:1,,CHR
cash_flow,cash provided by discontinued operations,BeginningCashPosition,1,single:2,,CHR
cash_flow,cash from continuing operations end of years,EndCashPosition,1,single:2,,CHR
cash_flow,proceeds from business disposition net of cash sold,SaleOfBusiness,1,single:1,,CHR
cash_flow,payments received on finance lease receivables,NetOtherInvestingChanges,1,single:3,,CHR
cash_flow,cash provided by continuing operations,OperatingCashFlow,1,single:1,,CHR
cash_flow,common share dividends,CashDividendsPaid,1,single:1,,CHR
cash_flow,proceeds from repayment of operating credit facility,IssuanceOfDebt,1,single:1,,CHR
income_statement,income before income tax expense and non controlling interests,PretaxIncome,1,single:1,,CPX
income_statement,depreciation amortization and asset retirement accretion,DepreciationAmortizationDepletion,1,single:1,,CPX
balance_sheet,exchange of cplp units for common shares 221 15,CurrentDebtAndCapitalLeaseObligation,1,single:1,,CPX
cash_flow,depreciation amortization and asset retirement obligations accretion,DepreciationAmortizationDepletion,1,single:1,,CPX
cash_flow,depreciation amortization and asset retirement accretion,DepreciationAmortizationDepletion,1,single:1,,CPX
cash_flow,depreciation amortization and asset retirement obligations total,OperatingCashFlow,1,single:2,,CPX
income_statement,gross income,GrossProfit,1,single:1,,CPX
income_statement,other assets 77,NetInterestIncome,1,single:1,,CPX
balance_sheet,preferred share dividends paid by subsidiary company,CashCashEquivalentsAndShortTermInvestments,1,residual:1,,CPX
balance_sheet,cplp medium term,TotalNonCurrentLiabilities,1,single:1,,CPX
cash_flow,b changes in significant accounting policies total,ChangeInPrepaidAssets,1,single:1,,CPX
cash_flow,business acquisitions net of acquired cash,PurchaseOfBusiness,1,single:4,,CPX
cash_flow,proceeds from issue of loans and borrowings,IssuanceOfDebt,1,single:7,,CPX
balance_sheet,financing activities,OtherIntangibleAssets,1,single:1,,CPX
cash_flow,hedged position percentage sold forward at beginning of period,ChangeInReceivables,1,single:1,,CPX
cash_flow,generation plant availability unaudited energy,ChangeInInventory,1,single:1,,CPX
cash_flow,keephills 3 coal 1 795 871 99 99,ChangeInPayablesAndAccruedExpense,1,single:1,,CPX
cash_flow,7 total,ChangeInPayablesAndAccruedExpense,1,single:1,,CPX
cash_flow,ontario and british columbia contracted plants 2,ChangeInPayablesAndAccruedExpense,1,single:1,,CPX
cash_flow,6 total,PurchaseOfPPE,1,single:1,,CPX
cash_flow,4 total,PurchaseOfPPE,1,single:1,,CPX
cash_flow,alberta contracted plants total,NetIssuancePaymentsOfDebt,1,single:1,,CPX
cash_flow,alberta contracted plants,NetIssuancePaymentsOfDebt,1,single:1,,CPX
cash_flow,total dividends and distributions declared,FreeCashFlow,1,single:1,,CPX
cash_flow,new england mass hub us mwh 1,AssetImpairmentCharge,1,single:1,,CPX
cash_flow,cpilp plants,IssuanceOfDebt,1,sumlab:1,,CPX
balance_sheet,decommissioning provisions,Receivables,1,single:1+residual:1,,CPX
balance_sheet,operating and maintenance contracts,OtherCurrentAssets,1,single:1,,CPX
balance_sheet,operating leases,OtherCurrentAssets,1,single:1,,CPX
balance_sheet,acquired ppa obligations variable,CurrentLiabilities,1,single:1,,CPX
balance_sheet,pre projected total,RetainedEarnings,1,single:1,,CPX
balance_sheet,net debt,CommonStock,1,single:1,,CPX
balance_sheet,power sales b,GainsLossesNotAffectingRetainedEarnings,1,single:2,,CPX
balance_sheet,cpilp,GainsLossesNotAffectingRetainedEarnings,1,single:1,,CPX
cash_flow,discretionary cash flow,ChangeInPayablesAndAccruedExpense,1,single:1,,CPX
cash_flow,operating activities,InvestingCashFlow,1,single:1,,CPX
cash_flow,unrealized gains losses on alberta energy derivatives 12 64,CommonStockIssuance,1,single:1,,CPX
cash_flow,tiverton 1 053 1 611 81 91,CashDividendsPaid,1,single:1,,CPX
cash_flow,funds from operations excluding non controlling interests in cpilp,FreeCashFlow,1,single:1,,CPX
cash_flow,alberta commercial plants and acquired sundance ppa total,FreeCashFlow,1,residual:1,,CPX
cash_flow,cplp committed credit facility,FreeCashFlow,1,single:1,,CPX
cash_flow,timing facilities utilization available facilities utilization available total,FreeCashFlow,1,single:1,,CPX
cash_flow,joffre 414 341 92 89,EndCashPosition,1,single:1,,CPX
cash_flow,unrealized losses on natural gas derivatives 6 12,DeferredTax,1,single:1,,CPX
cash_flow,total finance expense,AssetImpairmentCharge,1,single:2,,CPX
cash_flow,keephills 3 1 654 1 876 91 99,SaleOfPPE,1,single:1,,CPX
cash_flow,other comprehensive loss income total,SaleOfPPE,1,single:1,,CPX
cash_flow,investing activities 348,SaleOfPPE,1,single:1,,CPX
cash_flow,sustaining genesee mine maintenance and lands,NetOtherInvestingChanges,1,single:1,,CPX
cash_flow,income taxes recovered paid 10,EffectOfExchangeRateChanges,1,single:1,,CPX
cash_flow,miller creek n a 43 n a 65,EffectOfExchangeRateChanges,1,single:1,,CPX
cash_flow,other 2,EffectOfExchangeRateChanges,1,single:1,,CPX
cash_flow,other 1,EffectOfExchangeRateChanges,1,single:1,,CPX
balance_sheet,energy purchase and transportation contracts,CashCashEquivalentsAndShortTermInvestments,1,single:1,,CPX
balance_sheet,derivative financial instruments assets,OtherCurrentAssets,1,sumlab:1,,CPX
cash_flow,adjusted ebitda,FreeCashFlow,1,single:1,,CPX
cash_flow,foreign exchange loss,AssetImpairmentCharge,1,single:1,,CPX
cash_flow,preferred share dividends declared,AssetImpairmentCharge,1,single:1,,CPX
cash_flow,foreign exchange losses,AssetImpairmentCharge,1,single:1,,CPX
cash_flow,issue costs on loans and borrowings,EffectOfExchangeRateChanges,1,single:1,,CPX
cash_flow,finance lease receivable collected,IssuanceOfDebt,1,single:1,,CPX
income_statement,total capital expenditures,SellingGeneralAndAdministration,1,single:1,,CPX
income_statement,letters of credit outstanding,NetInterestIncome,1,single:1,,CPX
income_statement,unrealized gains losses on emission derivatives,MinorityInterests,1,single:1,,CPX
income_statement,dividends per common share declared,DividendPerShare,1,single:3,,CPX
balance_sheet,capital power corporation demand total,AccumulatedDepreciation,1,single:1,,CPX
income_statement,portfolio optimization n a n a n a,CostOfRevenue,1,single:1,,CPX
income_statement,of commodity derivatives and total,CostOfRevenue,1,sumlab:1,,CPX
income_statement,clover bar landfill gas,InterestIncome,1,single:1,,CPX
income_statement,enpower,InterestIncome,1,single:1,,CPX
income_statement,beaufort solar north carolina,InterestIncome,1,single:2,,CPX
income_statement,u s contracted plants total,DilutedAverageShares,1,single:1,,CPX
balance_sheet,total capital expenditures,CurrentDebtAndCapitalLeaseObligation,1,single:1,,CPX
balance_sheet,cplp bilateral demand credit facilities n a,CurrentDebtAndCapitalLeaseObligation,1,single:1,,CPX
balance_sheet,letters of credit outstanding,MinorityInterest,1,single:1,,CPX
income_statement,keephills,PretaxIncome,1,single:1,,CPX
income_statement,bloom wind kansas,PretaxIncome,1,single:1,,CPX
income_statement,halkirk,TaxProvision,1,single:1,,CPX
income_statement,port dover and nanticoke,PreferredStockDividends,1,single:1,,CPX
income_statement,quality wind,PreferredStockDividends,1,single:1,,CPX
income_statement,clover bar energy centre 1 2 and,EBIT,1,residual:1,,CPX
income_statement,outstanding 396 total,EBIT,1,residual:1,,CPX
cash_flow,interest paid,ChangeInReceivables,1,single:1,,CPX
cash_flow,adjusted funds from operations from joint ventures,ChangeInPayablesAndAccruedExpense,1,single:1,,CPX
cash_flow,change in non cash operating working capital,ChangeInWorkingCapital,1,single:1,,CPX
cash_flow,sustaining capital expenditures 3 79 59,NetOtherInvestingChanges,1,single:1,,CPX
cash_flow,miscellaneous financing charges paid,EffectOfExchangeRateChanges,1,single:1,,CPX
income_statement,staff costs and employee benefits expense,CostOfRevenue,1,residual:1,,CPX
income_statement,ontario and british columbia contracted facilities total,CostOfRevenue,1,residual:1,,CPX
income_statement,alberta contracted facilities 4 total,SellingGeneralAndAdministration,1,single:1,,CPX
income_statement,net cash flows from operating activities,EBIT,1,single:1,,CPX
income_statement,operating activities,EBIT,1,single:1,,CPX
income_statement,financing activities,EBIT,1,residual:1,,CPX
balance_sheet,government grant receivable,CurrentDebtAndCapitalLeaseObligation,1,single:1,,CPX
cash_flow,discounted using the incremental borrowing rate at january,ChangeInPayablesAndAccruedExpense,1,single:1,,CPX
cash_flow,common shares purchased,RepurchaseOfCapitalStock,1,single:2,,CPX
cash_flow,foreign exchange losses gains,DeferredTax,1,single:1,,CPX
cash_flow,proceeds on disposal of joint venture,SaleOfBusiness,1,single:2,,CPX
cash_flow,impairment,AssetImpairmentCharge,1,single:3,,CPX
balance_sheet,deficit and other reserves,OtherIntangibleAssets,1,single:1,,CPX
cash_flow,issue of share capital,CommonStockIssuance,1,single:1,,CPX
cash_flow,income taxes paid recovered,EffectOfExchangeRateChanges,1,single:1,,CPX
cash_flow,other cash flows used in from investing activities,EffectOfExchangeRateChanges,1,single:1,,CPX
income_statement,other income,CostOfRevenue,1,residual:2,,CPX
balance_sheet,inventories 309 242 derivative financial instruments liabilities,PreferredStock,1,single:1,,CPX
cash_flow,acquisition of equity accounted investment,PurchaseOfBusiness,1,single:1,,CPX
cash_flow,government grant received,NetOtherInvestingChanges,1,single:1,,CPX
cash_flow,income from equity accounted investments,ChangeInInventory,1,single:1,,CPX
cash_flow,tax equity attributes,ChangeInInventory,1,single:1,,CPX
cash_flow,distributions received from equity accounted investments,DeferredTax,1,single:1,,CPX
cash_flow,distributions received from joint ventures,DeferredTax,1,single:1,,CPX
cash_flow,divestiture,SaleOfBusiness,1,single:1,,CPX
cash_flow,net proceeds from issue of loans and borrowings2,IssuanceOfDebt,1,single:2,,CPX
income_statement,equity accounted investments4,InterestIncome,1,single:1,,CPX
income_statement,unrealized losses gains5,DilutedAverageShares,1,single:1,,CPX
income_statement,financial income and expenses,NetInterestIncome,1,single:1,,CVVY
income_statement,share of net loss of associates,OtherIncomeExpense,1,single:1,,CVVY
cash_flow,foreign exchange gain loss,ChangeInReceivables,1,single:1,,CVVY
cash_flow,issuance of share capital net of costs,CommonStockIssuance,1,single:2,,CVVY
cash_flow,business acquisition net cash received,SaleOfBusiness,1,single:2,,CVVY
income_statement,net operating income loss 1,InterestIncome,1,single:1,,CVVY
balance_sheet,cash and cash equivalents held for exploration purposes,CashCashEquivalentsAndShortTermInvestments,1,residual:1,,CVVY
balance_sheet,other comprehensive income,GainsLossesNotAffectingRetainedEarnings,1,single:1,,CVVY
cash_flow,flow through share penalties,ChangeInPrepaidAssets,1,single:1,,CVVY
cash_flow,increase decrease in term debt,IssuanceOfDebt,1,single:1,,CVVY
cash_flow,repayment of term debt,RepaymentOfDebt,1,single:1,,CVVY
income_statement,revenues net of royalties,EBIT,1,single:1,,CVVY
income_statement,development,ResearchAndDevelopment,1,single:3,,CVVY
income_statement,finance,NetInterestIncome,1,single:1,,CVVY
balance_sheet,term debt,CurrentDebtAndCapitalLeaseObligation,1,residual:1,,CVVY
cash_flow,interest on term debt 16 206,FreeCashFlow,1,single:1,,CVVY
cash_flow,firm transportation,FreeCashFlow,1,single:1,,CVVY
balance_sheet,equity attributable to equity holders of the company,AccountsPayable,1,single:1,,CVVY
cash_flow,total change in non cash working capital,DepreciationAmortizationDepletion,1,single:1,,CVVY
cash_flow,premium on foreign exchange hedges 617,NetOtherFinancingCharges,1,single:1,,CVVY
income_statement,processing marketing revenue,EBIT,1,single:1,,CVVY
cash_flow,interest paid in cash,NetIssuancePaymentsOfDebt,1,sumlab:1,,CVVY
cash_flow,payment of financing fees long term debt,NetOtherFinancingCharges,1,single:1,,CVVY
cash_flow,draws on long term debt,IssuanceOfDebt,1,single:3,,CVVY
cash_flow,deferred income tax recovery expense,DeferredTax,1,single:1,,CVVY
income_statement,licensing and commission income,GrossProfit,1,residual:1,,DII.A
income_statement,restructuring costs,OtherIncomeExpense,1,single:1,,DII.A
cash_flow,additions to property plant and equipment net,PurchaseOfPPE,1,single:1,,DII.A
cash_flow,acquisition of companies,PurchaseOfBusiness,1,single:1,,DII.A
cash_flow,intangible assets,NetIntangiblesPurchaseAndSale,1,single:1,,DII.A
balance_sheet,other ﬁnancial liabilities,CurrentDebtAndCapitalLeaseObligation,1,residual:1,,DII.A
cash_flow,issuance of share capital,CommonStockIssuance,1,single:8,,DII.A
cash_flow,accretion expense on contingent consideration and put option liabilities,ChangeInOtherWorkingCapital,1,single:1,,DII.A
cash_flow,for the years ended december 30 2011 and december,NetOtherFinancingCharges,1,single:1,,DII.A
balance_sheet,net income,AccumulatedDepreciation,1,sumlab:1,,DII.A
cash_flow,disposals of property plant and equipment,SaleOfPPE,1,single:14,,DII.A
balance_sheet,other ﬁnancial assets,CashCashEquivalentsAndShortTermInvestments,1,residual:2,,DII.A
cash_flow,income taxes recovery,DeferredTax,1,single:2,,DII.A
balance_sheet,research and development expenses,CashCashEquivalentsAndShortTermInvestments,1,single:1,,DII.A
balance_sheet,written put option and forward purchase agreement liabilities,OtherReceivables,1,sumlab:1,,DII.A
balance_sheet,restructuring and other costs,Receivables,1,residual:1,,DII.A
balance_sheet,net pension and post retirement defined benefit liabilities,CurrentDebtAndCapitalLeaseObligation,1,sumlab:1,,DII.A
balance_sheet,income taxes expense recovery total,OtherCurrentAssets,1,single:1,,DII.A
balance_sheet,income taxes total,OtherCurrentAssets,1,single:1,,DII.A
cash_flow,net increase decrease of bank indebtedness,NetIssuancePaymentsOfDebt,1,residual:1,,DII.A
balance_sheet,income from discontinued operation net of tax,Receivables,1,residual:1,,DII.A
balance_sheet,revenue,TotalLiabilities,1,single:1,,DII.A
balance_sheet,income taxes recovery expense total,CommonStock,1,residual:1,,DII.A
balance_sheet,discontinued operation,AccumulatedDepreciation,1,single:1,,DII.A
cash_flow,income taxes recovery and 24,DeferredTax,1,single:2,,DII.A
cash_flow,net loss income,ChangeInInventory,1,single:1,,DII.A
cash_flow,payments of lease liabilities,DeferredTax,1,single:2,,DII.A
cash_flow,proceeds from long term debt and lender warrants,IssuanceOfDebt,1,single:2,,DII.A
cash_flow,maturities of short term investments,SaleOfInvestment,1,single:1,,DSG
balance_sheet,income tax liability,TotalNonCurrentLiabilities,1,single:1,,DSG
cash_flow,deferred contingent acquisition consideration,EffectOfExchangeRateChanges,1,single:1,,DSG
cash_flow,repayment of other liabilities,NetOtherFinancingCharges,1,single:4,,DSG
income_statement,other charges,OtherIncomeExpense,1,single:1,,DSG
balance_sheet,capital assets net,NetPPE,1,single:1,,DSG
balance_sheet,intangible assets net,TotalLiabilities,1,single:1,,DSG
cash_flow,proceeds from borrowing on the debt facility,IssuanceOfDebt,1,single:1,,DSG
cash_flow,repayments of debt and other financial liabilities,RepaymentOfDebt,1,single:1,,DSG
cash_flow,settlement of stock options,NetOtherFinancingCharges,1,single:2,,DSG
cash_flow,cash paid during the year for income taxes,ChangeInWorkingCapital,1,residual:1+single:1,,DSG
cash_flow,sale of marketable securities,SaleOfInvestment,1,single:1,,DSG
cash_flow,payment of debt issuance costs,NetOtherFinancingCharges,1,single:3,,DSG
cash_flow,proceeds from borrowings on the credit facility,IssuanceOfDebt,1,single:1,,DSG
cash_flow,repurchase of common shares for cash including purchasing costs,RepurchaseOfCapitalStock,1,single:1,,DSG
cash_flow,acquisition of subsidiary net of cash received,ChangeInReceivables,1,single:1,,ELD
cash_flow,long term and bank debt total,FinancingCashFlow,1,single:1,,ELD
cash_flow,proceeds,IssuanceOfDebt,1,single:1,,ELD
income_statement,income before income taxes and non controlling interests,OperatingIncome,1,single:2,,ELD
income_statement,gain on disposal of assets,InterestExpenseNonOperating,1,single:1,,ELD
income_statement,non controlling interests in income,OperatingIncome,1,residual:1,,ELD
balance_sheet,profit before income tax,CashCashEquivalentsAndShortTermInvestments,1,single:1,,ELD
balance_sheet,other income,OtherReceivables,1,single:1,,ELD
balance_sheet,production costs,AccumulatedDepreciation,1,single:1,,ELD
balance_sheet,debt current,CurrentDebtAndCapitalLeaseObligation,1,single:1,,ELD
cash_flow,shares issued upon exercise of share options for cash,CommonStockIssuance,1,single:1,,ELD
cash_flow,sales and disposals,SaleOfPPE,1,single:1,,ELD
cash_flow,acquisition of subsidiaries net of cash received,PurchaseOfBusiness,1,single:2,,ELD
balance_sheet,debt 15,CommonStock,1,residual:1,,ELD
cash_flow,profit for the year,NetIncomeFromContinuingOperations,1,single:1,,ELD
cash_flow,funding of non registered supplemental retirement plan investments net,PurchaseOfBusiness,1,single:1,,ELD
balance_sheet,term deposits,CashCashEquivalentsAndShortTermInvestments,1,residual:3,,ELD
balance_sheet,cost of sales total,CashCashEquivalentsAndShortTermInvestments,1,single:2,,ELD
balance_sheet,exploration expenses,CashCashEquivalentsAndShortTermInvestments,1,residual:1,,ELD
balance_sheet,interest and financing costs,OtherCurrentAssets,1,single:1,,ELD
balance_sheet,profit loss for the year,AccumulatedDepreciation,1,single:3,,ELD
cash_flow,proceeds from contributions net of dispositions from total,FinancingCashFlow,1,single:1,,ELD
cash_flow,redemption of investment in term deposits,PurchaseOfInvestment,1,single:1,,ELD
cash_flow,other writedown of assets,AssetImpairmentCharge,1,single:1,,ELD
cash_flow,property reclamation payments,AssetImpairmentCharge,1,single:2,,ELD
cash_flow,writedown of assets,AssetImpairmentCharge,1,single:1,,ELD
cash_flow,asset retirement obligation accretion,RepurchaseOfCapitalStock,1,single:1,,ELD
cash_flow,impairment loss on property plant and equipment and goodwill,AssetImpairmentCharge,1,single:1,,ELD
cash_flow,loss for the year from continuing operations,NetIncomeFromContinuingOperations,1,single:2,,ELD
income_statement,earnings loss from continuing operations before income tax,PretaxIncome,1,single:1,,ELD
income_statement,for the years ended december 31 2018 and december,EBIT,1,residual:1,,ELD
balance_sheet,income tax expense,OtherCurrentAssets,1,single:1,,ELD
cash_flow,gain on derivatives and other investments,OperatingCashFlow,1,single:1,,ELD
cash_flow,net cash used by investing activities of continuing operations,InvestingCashFlow,1,single:1,,ELD
cash_flow,other write down of assets,AssetImpairmentCharge,1,single:1,,ELD
cash_flow,proceeds on pre commercial production sales,SaleOfPPE,1,single:1,,ELD
cash_flow,investment in term deposits,PurchaseOfInvestment,1,single:1,,ELD
income_statement,employee benefit plan expense,InterestExpenseNonOperating,1,single:1,,ELD
cash_flow,impairment reversal of impairment,AssetImpairmentCharge,1,single:1,,ELD
cash_flow,purchase of investment in associate,PurchaseOfBusiness,1,single:2,,ELD
cash_flow,proceeds from borrowings,IssuanceOfDebt,1,single:2,,ELD
cash_flow,repayments from borrowings,RepaymentOfDebt,1,single:1,,ELD
income_statement,earnings from continuing operations before income tax,PretaxIncome,1,single:6+residual:1,,ELD
cash_flow,impairment of property plant and equipment,ChangeInReceivables,1,single:1,,ELD
cash_flow,net cash generated from operating activities of continuing operations,OperatingCashFlow,1,single:8,,ELD
cash_flow,net cash used in financing activities of continuing operations,FinancingCashFlow,1,single:2,,ELD
cash_flow,repayments of borrowings,RepaymentOfDebt,1,single:1,,ELD
cash_flow,net earnings loss for the year from continuing operations,NetIncomeFromContinuingOperations,1,single:1,,ELD
cash_flow,value added taxes related to mineral property expenditures,NetOtherInvestingChanges,1,single:1,,ELD
income_statement,discontinued operations,NetIncomeDiscontinuousOperations,1,sumlab:3,,ELD
balance_sheet,current derivative liabilities,OtherEquityInterest,1,single:1,,ELD
cash_flow,unrealized foreign exchange loss gain,RepaymentOfDebt,1,single:1,,ELD
income_statement,exploration and evaluation expenses,InterestIncome,1,single:1,,ELD
cash_flow,term facility commitment fees,AssetImpairmentCharge,1,single:1,,ELD
cash_flow,effect of exchange rates on cash and cash equivalents,EffectOfExchangeRateChanges,1,single:2,,ELD
balance_sheet,non current derivative liabilities,TreasuryStock,1,single:1,,ELD
balance_sheet,shares held in trust for restricted share units,TreasuryStock,1,single:1,,ELD
balance_sheet,as at december 31 2025 and december,OtherEquityInterest,1,single:1,,ELD
balance_sheet,note december 31 2025 december,OtherEquityInterest,1,single:1,,ELD
cash_flow,increase in deposits and other investments,PurchaseOfInvestment,1,single:1,,ELD
cash_flow,sale purchase of investments in marketable securities,SaleOfInvestment,1,single:1,,ELD
income_statement,clay sales,TotalRevenue,1,single:1,,ERD
income_statement,future income tax recovery,TaxProvision,1,single:1,,ERD
balance_sheet,subsequent event,TotalAssets,1,single:1,,ERD
balance_sheet,obligations under capital leases,LongTermDebtAndCapitalLeaseObligation,1,single:1,,ERD
cash_flow,item not involving cash total,OperatingCashFlow,1,single:1,,ERD
cash_flow,additions to resource property interests,CapitalExpenditure,1,residual:1,,ERD
cash_flow,investing total,InvestingCashFlow,1,single:1,,ERD
income_statement,equity holders of the corporation,EBITDA,1,single:1,,ERD
cash_flow,gain on sale of exploration & evaluation assets,SaleOfPPE,1,single:1,,ERD
cash_flow,proceeds on sale of property plant and equipment,SaleOfPPE,1,single:2,,ERD
balance_sheet,accumulated other total,GrossPPE,1,single:1,,ERD
cash_flow,impairment of property plant & equipment,AssetImpairmentCharge,1,single:1,,ERD
cash_flow,foreign exchange loss gain,EffectOfExchangeRateChanges,1,single:1,,ERD
balance_sheet,convertible loan due teck resources,CurrentDebtAndCapitalLeaseObligation,1,single:1,,ERD
cash_flow,proceeds from convertible loan,IssuanceOfDebt,1,single:1,,ERD
cash_flow,proceeds on exercise of share purchase warrants,NetOtherFinancingCharges,1,single:2,,ERD
income_statement,corporate and administration,SellingGeneralAndAdministration,1,single:9,,ERD
cash_flow,proceeds from convertible debenture,IssuanceOfDebt,1,single:2,,ERD
income_statement,total comprehensive loss,OperatingIncome,1,single:3,,ERD
cash_flow,effect of exchange rate changes on cash balances,EffectOfExchangeRateChanges,1,single:4,,ERD
cash_flow,loss of cash from deconsolidation of subsidiary,PurchaseOfBusiness,1,single:1,,ERD
income_statement,other comprehensive income,SellingGeneralAndAdministration,1,single:1,,ERD
income_statement,foreign currency translation difference arising on translation of subsidiary,InterestIncome,1,single:1,,ERD
cash_flow,489 500 royal bank of canada,NetIncomeFromContinuingOperations,1,single:1,,FFN
cash_flow,189 973 fifth third bancorp,NetOtherFinancingCharges,1,single:1,,FFN
cash_flow,unrealized gain loss in the value of currency,EffectOfExchangeRateChanges,1,single:4,,FFN
cash_flow,redemption of class a shares and preferred shares,RepurchaseOfCapitalStock,1,single:1,,FFN
cash_flow,300 toronto dominion bank 88 december,EffectOfExchangeRateChanges,1,single:1,,FFN
income_statement,energy supply costs,CostOfRevenue,1,single:11,,FTS
income_statement,earnings before corporate taxes,PretaxIncome,1,single:2,,FTS
income_statement,preference equity shareholders,PreferredStockDividends,1,single:27,,FTS
income_statement,dividends on preference shares classified as equity,PreferredStockDividends,1,single:2,,FTS
cash_flow,amortization utility capital assets and income producing properties,DepreciationAndAmortization,1,residual:2,,FTS
cash_flow,issue of common shares net of costs,CommonStockIssuance,1,single:1,,FTS
cash_flow,change in short term borrowings,PurchaseOfInvestment,1,single:1,,FTS
cash_flow,capital expenditures intangible assets,NetIntangiblesPurchaseAndSale,1,single:3,,FTS
cash_flow,advances from to non controlling interests,NetOtherFinancingCharges,1,single:1,,FTS
cash_flow,amortization other,EffectOfExchangeRateChanges,1,single:2,,FTS
income_statement,other income expenses net,OtherIncomeExpense,1,single:1,,FTS
income_statement,balance end of year,EBITDA,1,residual:1,,FTS
cash_flow,change in long term regulatory assets and liabilities,ChangeInInventory,1,single:3,,FTS
cash_flow,capital expenditures utility capital assets,PurchaseOfPPE,1,single:1,,FTS
cash_flow,capital expenditures income producing properties,ChangeInInventory,1,single:1,,FTS
cash_flow,depreciation utility capital assets and income producing properties,RepaymentOfDebt,1,single:1,,FTS
income_statement,other comprehensive income loss total,OtherIncomeExpense,1,single:1,,FTS
cash_flow,issue of preference shares net of costs,IssuanceOfDebt,1,single:1,,FTS
income_statement,unrealized employee future benefits losses gains net of tax,InterestIncome,1,single:1,,FTS
income_statement,earnings before income taxes discontinued operations and extraordinary item,PretaxIncome,1,single:1,,FTS
cash_flow,common shares net of dividends reinvested,RepaymentOfDebt,1,single:1,,FTS
income_statement,earnings from discontinued operations net of tax,NetIncomeDiscontinuousOperations,1,single:1,,FTS
income_statement,unrealized employee future beneﬁts gains losses net of tax,NetIncomeDiscontinuousOperations,1,single:1,,FTS
cash_flow,equity component of allowance for funds used during construction,ChangeInInventory,1,single:1,,FTS
cash_flow,advances from non controlling interests,CommonStockIssuance,1,sumlab:1,,FTS
cash_flow,net repayments and borrowings under committed credit facilities,ChangeInOtherWorkingCapital,1,single:1,,FTS
cash_flow,equity component allowance for funds used during construction,ChangeInReceivables,1,single:1,,FTS
cash_flow,preference shares,ChangeInOtherWorkingCapital,1,single:2,,FTS
cash_flow,proceeds on disposition,SaleOfBusiness,1,single:1,,FTS
balance_sheet,navidad recovery,OtherCurrentAssets,1,single:1+residual:1,,GFP
balance_sheet,office and sundry,OtherEquityInterest,1,single:1,,GFP
cash_flow,other receivables and prepaids,ChangeInReceivables,1,single:2,,GFP
cash_flow,purchase of marketable securities and investments,PurchaseOfInvestment,1,single:1,,GFP
cash_flow,proceeds purchase on sale of marketable securities and investments,PurchaseOfInvestment,1,single:1,,GFP
balance_sheet,marketable securities see note 4,CashCashEquivalentsAndShortTermInvestments,1,residual:1,,GFP
balance_sheet,mineral property interest see note 6,TotalNonCurrentAssets,1,single:1,,GFP
balance_sheet,contributed surplus see note 8,AdditionalPaidInCapital,1,single:1,,GFP
balance_sheet,share capital see note 7,CommonStock,1,single:1,,GFP
cash_flow,cash from acquisitions,SaleOfBusiness,1,single:1,,GFP
cash_flow,proceed from sale of marketable securities,SaleOfInvestment,1,single:1,,GFP
balance_sheet,receivables and prepaids,OtherEquityInterest,1,single:2,,GFP
balance_sheet,marketable securities at fair value,CashCashEquivalentsAndShortTermInvestments,1,residual:1,,GFP
balance_sheet,equity reserves,GainsLossesNotAffectingRetainedEarnings,1,single:3,,GFP
income_statement,other comprehensive loss 238 469,SellingGeneralAndAdministration,1,single:1,,GFP
cash_flow,cash dividend to shareholders,CashDividendsPaid,1,single:1,,GFP
cash_flow,marketable securities,ChangeInOtherWorkingCapital,1,single:1,,GFP
income_statement,other expense income,OtherIncomeExpense,1,single:1,,GFP
cash_flow,realized gain on sale of securities,ChangeInPrepaidAssets,1,single:1,,GFP
cash_flow,net proceeds from sale of securities,SaleOfInvestment,1,single:1,,GFP
income_statement,deferred tax recovery,TaxProvision,1,single:3,,GFP
balance_sheet,timber licences,OtherIntangibleAssets,1,single:6,,GFP
cash_flow,shares and warrants issued under rights offering,CommonStockIssuance,1,single:2,,GFP
cash_flow,investment,PurchaseOfInvestment,1,single:2,,GFP
income_statement,gain on revaluation of investment,TaxProvision,1,single:1,,GFP
cash_flow,inventory net realizable value adjustments,AssetImpairmentCharge,1,single:3,,GFP
cash_flow,borrowings under credit facility,IssuanceOfDebt,1,single:2,,GFP
income_statement,comprehensive loss,NetIncomeContinuousOperations,1,single:1,,GFP
cash_flow,repayment of credit facility,RepaymentOfDebt,1,single:2,,GFP
income_statement,gain loss on sale of assets,OtherIncomeExpense,1,single:1,,GFP
income_statement,deferred tax expense recovery,TaxProvision,1,single:1,,GFP
balance_sheet,timber licenses,OtherIntangibleAssets,1,single:2,,GFP
cash_flow,equity based payments,StockBasedCompensation,1,single:2,,GFP
balance_sheet,lease liabilities long term,LongTermDebtAndCapitalLeaseObligation,1,residual:1,,GFP
cash_flow,repayment of vendor take back mortgage,NetOtherInvestingChanges,1,single:1,,GFP
balance_sheet,lease liability current portion,CurrentDebtAndCapitalLeaseObligation,1,single:1,,GRN
cash_flow,changes in construction contract position,ChangeInPayablesAndAccruedExpense,1,single:1,,GRN
cash_flow,cash generated by financing activities,FinancingCashFlow,1,single:1,,GRN
cash_flow,special warrants,NetOtherFinancingCharges,1,single:1,,GRN
balance_sheet,contract liabilities,GrossPPE,1,single:1,,GRN
cash_flow,proceeds from issuance of shares and warrants,CommonStockIssuance,1,single:1,,GRN
balance_sheet,deferred consideration contingent earn out,GrossPPE,1,sumlab:1,,GRN
cash_flow,business combination net of cash acquired,PurchaseOfBusiness,1,single:2,,GRN
cash_flow,interest paid on lease liability,NetOtherFinancingCharges,1,single:2,,GRN
cash_flow,impairment of goodwill and intangible assets,AssetImpairmentCharge,1,single:1,,GRN
income_statement,restructuring charge,EBITDA,1,single:2,,GRN
income_statement,change in fair value of notes receivable,EBITDA,1,residual:1,,GRN
cash_flow,disposal of subsidiary,SaleOfBusiness,1,single:1,,GRN
cash_flow,effect of translation on foreign cash,EffectOfExchangeRateChanges,1,single:1,,GRN
balance_sheet,net earnings loss 44,Goodwill,1,single:1,,HMM.A
income_statement,earnings from operations before the undernoted,OperatingIncome,1,single:2,,HMM.A
income_statement,net earnings loss and comprehensive earnings loss,NetIncomeFromContinuingAndDiscontinuedOperation,1,single:1,,HMM.A
balance_sheet,commitments and contingencies,TotalAssets,1,single:1,,HMM.A
income_statement,foreign currency translation differences for foreign operations,NetInterestIncome,1,single:1,,HMM.A
balance_sheet,note december 31 2011 december 31 2010 january,LongTermDebtAndCapitalLeaseObligation,1,single:1,,HMM.A
cash_flow,change in prepayments,ChangeInPrepaidAssets,1,single:1,,HMM.A
cash_flow,equity investments,NetOtherInvestingChanges,1,single:1,,HMM.A
cash_flow,cash generated used on operating activities,CapitalExpenditure,1,single:1,,HMM.A
cash_flow,proceeds from sales of property plant and equipment,SaleOfPPE,1,single:2,,HMM.A
cash_flow,depreciation of leased assets,DepreciationAndAmortization,1,residual:2,,HMM.A
cash_flow,net cash generated used from financing activities,FinancingCashFlow,1,single:3,,HMM.A
income_statement,total contractual obligations,EBIT,1,residual:2,,HMM.A
balance_sheet,adjusted ebitda,CommonStock,1,single:1,,HMM.A
income_statement,subtotal,PretaxIncome,1,single:1,,HMM.A
balance_sheet,right of use depreciation,OtherReceivables,1,single:1,,HMM.A
income_statement,rental income,TotalRevenue,1,single:1,,IIP.UN
income_statement,income producing properties total,CostOfRevenue,1,single:1,,IIP.UN
income_statement,earnings before undernoted,GrossProfit,1,single:1,,IIP.UN
income_statement,administrative costs,SellingGeneralAndAdministration,1,single:1,,IIP.UN
cash_flow,deferred units purchased and cancelled,ChangeInWorkingCapital,1,single:1,,IIP.UN
cash_flow,unit based compensation,StockBasedCompensation,1,single:1,,IIP.UN
cash_flow,units issued net of unit issue costs,CommonStockIssuance,1,single:1,,IIP.UN
cash_flow,distributions paid,CashDividendsPaid,1,single:1,,IIP.UN
cash_flow,financing fees,BeginningCashPosition,1,single:1,,IIP.UN
cash_flow,increase decrease in cash during the year,BeginningCashPosition,1,single:1,,IIP.UN
cash_flow,tenant inducement,FreeCashFlow,1,single:1,,IIP.UN
balance_sheet,property operating costs,AccountsReceivable,1,single:1,,IIP.UN
balance_sheet,other fair value losses 18 422 2 860,AccountsReceivable,1,single:1,,IIP.UN
balance_sheet,units issued under the deferred unit plan,AccountsReceivable,1,single:1,,IIP.UN
balance_sheet,total suites,CurrentAssets,1,single:1,,IIP.UN
balance_sheet,units issued from options exercised,NetPPE,1,single:1,,IIP.UN
balance_sheet,cash flow from operations 10 428 7 890,TotalNonCurrentLiabilities,1,single:1,,IIP.UN
balance_sheet,investment properties,Receivables,1,single:1,,IIP.UN
cash_flow,mortgage and loan repayments,ChangeInPayablesAndAccruedExpense,1,single:1,,IIP.UN
cash_flow,mortgage advances,ChangeInWorkingCapital,1,sumlab:1,,IIP.UN
income_statement,change in fair value of derivative financial instruments total,NetInterestIncome,1,single:2,,K
cash_flow,goodwill,NetIncomeFromContinuingOperations,1,single:1,,K
cash_flow,non hedge derivative losses net,ChangeInReceivables,1,single:1,,K
cash_flow,net acquisitions of long term investments and other assets,CapitalExpenditure,1,residual:1,,K
cash_flow,balance at the end of the year,CapitalExpenditure,1,residual:2,,K
cash_flow,other comprehensive income loss,NetOtherFinancingCharges,1,single:1,,K
balance_sheet,finished metal,Receivables,1,single:1,,K
balance_sheet,assets under construction 1 012 6,AccumulatedDepreciation,1,single:1,,K
balance_sheet,iii inventories total,OtherIntangibleAssets,1,sumlab:1,,K
cash_flow,dividends paid to non controlling shareholders,CapitalExpenditure,1,residual:1,,K
cash_flow,gain on disposal of assets and investments net,FreeCashFlow,1,residual:1,,K
cash_flow,shares issued on acquisition of lobo marte,NetOtherInvestingChanges,1,single:1,,K
cash_flow,foreign exchange losses and other,NetOtherFinancingCharges,1,single:1,,K
cash_flow,accounts payable and other liabilities,NetOtherFinancingCharges,1,single:1,,K
income_statement,earnings loss before taxes,PretaxIncome,1,single:1,,K
income_statement,cost of sales excludes accretion depreciation depletion and total,PretaxIncome,1,single:1,,K
balance_sheet,long term investments 33 5 1 4 34 9,CurrentDebtAndCapitalLeaseObligation,1,single:1,,K
balance_sheet,common share capital and common share purchase warrants note,CommonStock,1,single:3,,K
cash_flow,gain on acquisition disposition of assets and investments net,DepreciationAndAmortization,1,single:1,,K
cash_flow,dividends paid to non controlling shareholder,DepreciationAndAmortization,1,residual:1,,K
cash_flow,accounts payable and accrued liabilities excluding interest and taxes,ChangeInPayablesAndAccruedExpense,1,single:1,,K
cash_flow,cash flow provided from used in investing activities,InvestingCashFlow,1,single:1,,K
cash_flow,balance beginning of period,InvestingCashFlow,1,single:1,,K
cash_flow,cash flow provided from used in financing activities,FinancingCashFlow,1,single:1,,K
cash_flow,other comprehensive income,DeferredTax,1,single:1,,K
cash_flow,net earnings loss,SaleOfInvestment,1,single:1,,K
cash_flow,red back options issued,NetOtherFinancingCharges,1,single:1,,K
income_statement,share based payments,DilutedAverageShares,1,residual:1,,K
balance_sheet,additions 352 8,Receivables,1,single:1,,K
balance_sheet,unrealized fair value of derivative liabilities,CurrentDebtAndCapitalLeaseObligation,1,single:1,,K
balance_sheet,average price 32 63,LongTermDebtAndCapitalLeaseObligation,1,residual:1,,K
cash_flow,net loss attributable to common shareholders,NetIncomeFromContinuingOperations,1,single:1,,K
cash_flow,cash flow provided from operating activities,InvestingCashFlow,1,single:1,,K
cash_flow,cash and cash equivalents end of period,InvestingCashFlow,1,single:1,,K
cash_flow,non hedge derivative gains net,FreeCashFlow,1,residual:1,,K
income_statement,gross loss,GrossProfit,1,single:5,,K
income_statement,impairment of investments b,InterestExpenseNonOperating,1,single:1,,K
income_statement,interest expense including accretion on debt a,InterestExpenseNonOperating,1,single:1,,K
income_statement,earnings loss from discontinued operations after tax,NetIncomeDiscontinuousOperations,1,single:2,,K
balance_sheet,unrealized fair value of derivative liabilities note,AccountsReceivable,1,sumlab:1,,K
balance_sheet,goodw ill 424 4 424 4,AccountsPayable,1,single:1,,K
balance_sheet,current portion of unrealized fair value of total,RetainedEarnings,1,single:1,,K
cash_flow,proceeds from issuance of debt,IssuanceOfDebt,1,single:1,,K
cash_flow,issuance of common shares on exercise of options,SaleOfPPE,1,single:1,,K
cash_flow,net additions to long term investments and other assets,PurchaseOfInvestment,1,single:7,,K
cash_flow,disposals of short term investments,SaleOfInvestment,1,single:1,,K
income_statement,impairment charges,EBIT,1,single:1,,K
balance_sheet,unrealized fair value of derivative assets note,AccountsReceivable,1,single:1,,K
cash_flow,net cash flow provided from operating activities,CapitalExpenditure,1,single:1,,K
income_statement,earnings loss before tax,PretaxIncome,1,single:1,,K
balance_sheet,long term investments note,OtherReceivables,1,single:1,,K
cash_flow,net cash flow used in investing activities,InvestingCashFlow,1,single:5,,K
cash_flow,proceeds from issuance of equity,CommonStockIssuance,1,single:1,,K
cash_flow,impairment net of reversals,AssetImpairmentCharge,1,single:1,,K
cash_flow,net proceeds from disposition of associate and other interests,SaleOfBusiness,1,single:1,,K
cash_flow,foreign exchange losses gains and other,NetOtherFinancingCharges,1,sumlab:1,,K
cash_flow,proceeds from drawdown of debt,IssuanceOfDebt,1,single:5,,K
cash_flow,net proceeds from issuance drawdown of debt,IssuanceOfDebt,1,single:1,,K
income_statement,other income net,OtherIncomeExpense,1,single:3,,K
cash_flow,net cash flow provided from used in financing activities,FinancingCashFlow,1,single:1,,K
cash_flow,impairment charges reversals and asset derecognition net,AssetImpairmentCharge,1,single:1,,K
income_statement,earnings from continuing operations before tax,OtherIncomeExpense,1,single:1,,K
income_statement,earnings loss from continuing operations after tax,NetIncomeContinuousOperations,1,single:1,,K
income_statement,loss earnings from discontinued operations after tax,NetIncomeDiscontinuousOperations,1,single:1,,K
cash_flow,impairment charges and asset derecognition,AssetImpairmentCharge,1,single:1,,K
income_statement,exploration and business development sustaining i,NetIncomeContinuousOperations,1,single:1,,K
cash_flow,earnings from continuing operations after tax,NetIncomeFromContinuingOperations,1,single:1,,K
cash_flow,net earnings loss attributable to common shareholders,NetIssuancePaymentsOfDebt,1,residual:1,,K
cash_flow,acquisitions net of cash acquired,PurchaseOfBusiness,1,single:1,,K
cash_flow,share options issued on acquisition of great bear,NetOtherInvestingChanges,1,single:1,,K
cash_flow,proceeds from issuance or drawdown of debt,IssuanceOfDebt,1,single:2,,K
income_statement,other expense income net,OtherIncomeExpense,1,single:2,,K
cash_flow,accounts receivable and other assets 11 7,ChangeInWorkingCapital,1,single:1,,K
cash_flow,income tax expense net,DeferredTax,1,single:2,,K
cash_flow,impairment reversal,AssetImpairmentCharge,1,single:2,,K
cash_flow,finance expense net,AssetImpairmentCharge,1,single:1,,K
cash_flow,proceeds from long term investments and other assets,SaleOfInvestment,1,single:2,,K
income_statement,weighted average number of shares outstanding in thousands,DilutedAverageShares,1,single:18,,LAS.A
balance_sheet,income taxes,CurrentDebtAndCapitalLeaseObligation,1,single:1,,LAS.A
cash_flow,notes dec 31 2011 dec,ChangeInOtherWorkingCapital,1,single:1,,LAS.A
balance_sheet,notes dec 31 2012 dec,CashCashEquivalentsAndShortTermInvestments,1,single:1,,LAS.A
cash_flow,proceeds from the issuance of class a shares,CommonStockIssuance,1,single:2,,LAS.A
balance_sheet,company s shareholders,TotalEquityGrossMinorityInterest,1,residual:2,,LAS.A
cash_flow,change in fair value of financial instruments,ChangeInReceivables,1,sumlab:1,,LAS.A
cash_flow,impairment losses on property plant and equipment,AssetImpairmentCharge,1,single:1,,LAS.A
cash_flow,settlement of retractable financial instruments,NetOtherFinancingCharges,1,single:2,,LAS.A
cash_flow,consideration received on a business combination,SaleOfBusiness,1,single:1,,LAS.A
balance_sheet,dividends 13 557,OtherReceivables,1,sumlab:1,,LAS.A
balance_sheet,bank overdraft,CurrentDebtAndCapitalLeaseObligation,1,residual:7,,LAS.A
cash_flow,notes dec 31 2017 dec,ChangeInOtherWorkingCapital,1,single:1,,LAS.A
cash_flow,settlements of derivative instruments,ChangeInOtherWorkingCapital,1,sumlab:1,,LAS.A
cash_flow,increase in long term debt net of transaction costs,IssuanceOfDebt,1,single:2,,LAS.A
balance_sheet,accumulated other reserves,GainsLossesNotAffectingRetainedEarnings,1,single:5,,LAS.A
balance_sheet,restatement iii 15 310,OtherEquityInterest,1,single:1,,LAS.A
cash_flow,dividends paid on class b shares,BeginningCashPosition,1,single:2,,LAS.A
cash_flow,investment of the non controlling interest,NetOtherFinancingCharges,1,single:1,,LAS.A
cash_flow,consideration received from a business combination,SaleOfBusiness,1,single:1,,LAS.A
cash_flow,cost of the long term incentive plan,StockBasedCompensation,1,single:3,,LAS.A
cash_flow,acquisition of an investment in an associate,PurchaseOfBusiness,1,single:1,,LAS.A
cash_flow,acquisition of derivative instruments,PurchaseOfInvestment,1,single:1,,LAS.A
cash_flow,acquisition of other non current assets,NetOtherInvestingChanges,1,single:3,,LAS.A
income_statement,share in the profit or loss of an associate,OtherIncomeExpense,1,single:1,,LAS.A
balance_sheet,dividends 15 003,Receivables,1,residual:1,,LAS.A
balance_sheet,profit,Receivables,1,sumlab:1,,LAS.A
balance_sheet,other comprehensive income loss 14 498 6 799,CurrentDebtAndCapitalLeaseObligation,1,single:1,,LAS.A
cash_flow,net interest expense,EndCashPosition,1,single:1,,LAS.A
balance_sheet,net pension plan liabilities,AdditionalPaidInCapital,1,single:1,,LAS.A
cash_flow,net withdrawals from pension plans,CapitalExpenditure,1,residual:1,,LAS.A
cash_flow,investment from non controlling interests,NetOtherFinancingCharges,1,single:3,,LAS.A
cash_flow,long term incentive plan payments,EffectOfExchangeRateChanges,1,single:1,,LAS.A
cash_flow,change in the fair value of financial instruments,StockBasedCompensation,1,single:1,,LAS.A
cash_flow,repurchase of common stock,RepurchaseOfCapitalStock,1,single:3,,LULU
cash_flow,impairment of assets and restructuring costs,AssetImpairmentCharge,1,single:1,,LULU
balance_sheet,unredeemed gift card liability,Receivables,1,single:1,,LULU
balance_sheet,current lease liabilities,CurrentDebtAndCapitalLeaseObligation,1,single:2,,LULU
balance_sheet,non current lease liabilities,LongTermDebtAndCapitalLeaseObligation,1,single:2,,LULU
balance_sheet,right of use lease assets,TotalNonCurrentLiabilities,1,single:2,,LULU
cash_flow,current and non current income taxes payable,PurchaseOfBusiness,1,single:1,,LULU
cash_flow,acquisition net of cash acquired,PurchaseOfBusiness,1,single:1,,LULU
balance_sheet,accrued compensation and related expenses,OtherIntangibleAssets,1,single:1,,LULU
cash_flow,change in other long term receivables,ChangeInReceivables,1,single:2,,MFI
cash_flow,issuance of equity units,ChangeInOtherWorkingCapital,1,single:1,,MFI
cash_flow,acquisition of businesses net of cash acquired,PurchaseOfBusiness,1,single:1,,MFI
cash_flow,purchase of canada bread shares,PurchaseOfInvestment,1,single:1,,MFI
cash_flow,proceeds on issuance of share capital,CommonStockIssuance,1,single:2,,MFI
cash_flow,increase in share capital,CommonStockIssuance,1,single:1,,MFI
income_statement,interest expense and other financing costs,NetInterestIncome,1,single:5,,MFI
income_statement,net earnings loss from continuing operations,NetIncomeContinuousOperations,1,single:1,,MFI
income_statement,net earnings and gain on disposal of discontinued operations,NetIncomeDiscontinuousOperations,1,single:1,,MFI
cash_flow,gain on business combination,NetOtherFinancingCharges,1,single:1,,MFI
balance_sheet,earnings from discontinued operations,AccountsPayable,1,single:1,,MFI
balance_sheet,total other comprehensive income loss,CurrentDebtAndCapitalLeaseObligation,1,single:1,,MFI
cash_flow,impairment of assets net of reversals,AssetImpairmentCharge,1,single:6,,MFI
cash_flow,income tax current,AssetImpairmentCharge,1,single:1,,MFI
balance_sheet,earnings before the following,AccountsPayable,1,single:1,,MFI
cash_flow,exercise of stock options,AssetImpairmentCharge,1,single:1,,MFI
balance_sheet,interest rate swaps,GrossPPE,1,single:1,,MFI
balance_sheet,foreign exchange contracts ii,CurrentLiabilities,1,single:1,,MFI
income_statement,restructuring and other related costs i,InterestIncome,1,single:1,,MFI
cash_flow,acquisition of business net of cash acquired,PurchaseOfBusiness,1,single:2,,MFI
balance_sheet,earnings before income taxes,OtherCurrentAssets,1,single:1,,MFI
cash_flow,asset impairment,AssetImpairmentCharge,1,single:1,,MFI
cash_flow,proceeds from sale of long term assets,RepaymentOfDebt,1,single:1,,MFI
balance_sheet,outstanding end of year 6 076 750 26 22,OtherCurrentAssets,1,single:1,,MFI
balance_sheet,options currently exercisable 3 511 250 27 24,OtherCurrentAssets,1,single:1,,MFI
balance_sheet,20 financial instruments and risk management activities,CurrentDebtAndCapitalLeaseObligation,1,single:1,,MFI
balance_sheet,outstanding beginning of year 5 889 550 25 48,TreasuryStock,1,single:1,,MFI
balance_sheet,further processing and sales 407 087 81 338,AccountsPayable,1,single:1,,MFI
balance_sheet,treasury stock 18 25 916,TreasuryStock,1,single:1,,MFI
cash_flow,impairment of property and equipment rou assets and goodwill,AssetImpairmentCharge,1,single:1,,MFI
income_statement,loss 124 976,NetIncomeFromContinuingAndDiscontinuedOperation,1,single:1,,MFI
balance_sheet,net loss 124 976,Receivables,1,single:1,,MFI
balance_sheet,cost of goods sold,GrossPPE,1,single:1,,MFI
balance_sheet,treasury shares 21 7 183 25 916,CommonStock,1,residual:1,,MFI
cash_flow,sale of treasury shares,CommonStockIssuance,1,single:1,,MFI
cash_flow,change in provision for restructuring and other related costs,RepaymentOfDebt,1,single:1,,MFI
income_statement,disposal of pork operations 122 669 32 496,NetInterestIncome,1,single:1,,MFI
income_statement,further processing and sales 330 672 79 394,EBITDA,1,single:1,,MFI
cash_flow,earnings,NetIncomeFromContinuingOperations,1,single:2,,MFI
income_statement,income from real estate properties,TotalRevenue,1,single:1,,MRT.UN
income_statement,net income 32 354,NetIncomeFromContinuingAndDiscontinuedOperation,1,single:1,,MRT.UN
income_statement,trust expenses,NetIncomeDiscontinuousOperations,1,single:1,,MRT.UN
cash_flow,discontinued operations,NetIncomeFromContinuingOperations,1,single:1,,MRT.UN
cash_flow,amortization deferred ﬁ nancing costs,ChangeInReceivables,1,single:1,,MRT.UN
cash_flow,units repurchased for cancellation 11a 11b 21 524,ChangeInPayablesAndAccruedExpense,1,single:1,,MRT.UN
income_statement,fair value gains on real estate properties,OtherIncomeExpense,1,single:1,,MRT.UN
income_statement,net income 174 364,NetIncomeContinuousOperations,1,single:1,,MRT.UN
cash_flow,net change in operating assets and liabilities 14 b,ChangeInWorkingCapital,1,single:1,,MRT.UN
cash_flow,net change in operating assets and liabilities 13 b,ChangeInWorkingCapital,1,single:1,,MRT.UN
cash_flow,tenant incentive additions,NetOtherFinancingCharges,1,single:1,,MRT.UN
cash_flow,financing cost on new mortgages,NetOtherFinancingCharges,1,single:7,,MRT.UN
income_statement,distributions to unitholders 60 120,DilutedAverageShares,1,single:1,,MRT.UN
cash_flow,principal instalment repayments,RepurchaseOfCapitalStock,1,single:1,,MRT.UN
cash_flow,units repurchased for cancellation,RepurchaseOfCapitalStock,1,single:7,,MRT.UN
cash_flow,principal instalment repayments 30 827 1 038,RepurchaseOfCapitalStock,1,single:1,,MRT.UN
cash_flow,additions to real estate properties 28 307,RepurchaseOfCapitalStock,1,single:1,,MRT.UN
cash_flow,amortization of fair value adjustments,ChangeInPrepaidAssets,1,single:1,,MRT.UN
cash_flow,acquisition of real estate properties,NetOtherInvestingChanges,1,single:1,,MRT.UN
cash_flow,acquisition of real estate properties 130 233,NetOtherInvestingChanges,1,single:1,,MRT.UN
balance_sheet,amounts receivable 12 b e,Receivables,1,single:1,,MRT.UN
balance_sheet,real estate properties held for sale,OtherCurrentAssets,1,single:2,,MRT.UN
cash_flow,issue of loan payable 12 b,CashDividendsPaid,1,single:1,,MRT.UN
cash_flow,repayment of loan payable 12 b,CashDividendsPaid,1,single:1,,MRT.UN
cash_flow,february,ChangeInWorkingCapital,1,single:1,,MRT.UN
income_statement,distributions to unitholders 56 150,NetInterestIncome,1,single:2,,MRT.UN
balance_sheet,loan receivable 11 b,Receivables,1,residual:1,,MRT.UN
cash_flow,proceeds from sale of real estate properties net,NetOtherInvestingChanges,1,single:4,,MRT.UN
income_statement,property operating costs total,GrossProfit,1,single:3,,MRT.UN
income_statement,net income 73 015,DilutedAverageShares,1,single:2,,MRT.UN
cash_flow,additions to tenant incentives and leasing commissions,ChangeInWorkingCapital,1,single:2,,MRT.UN
cash_flow,financing costs on new mortgages,NetOtherFinancingCharges,1,single:7,,MRT.UN
balance_sheet,morguard loan receivable 15 b,Receivables,1,residual:1,,MRT.UN
balance_sheet,loan receivable 13 b,Receivables,1,residual:1,,MRT.UN
balance_sheet,equity accounted investment,AccountsPayable,1,sumlab:1,,MRT.UN
cash_flow,distributions from equity accounted investment net,ChangeInPayablesAndAccruedExpense,1,single:1,,MRT.UN
cash_flow,expenditures on properties under development,FreeCashFlow,1,sumlab:1+single:1,,MRT.UN
balance_sheet,derivative liability,GainsLossesNotAffectingRetainedEarnings,1,single:2,,MRT.UN
balance_sheet,amortized free rent,GainsLossesNotAffectingRetainedEarnings,1,single:1,,MRT.UN
balance_sheet,current to february,GainsLossesNotAffectingRetainedEarnings,1,single:1,,MRT.UN
balance_sheet,due from related party,OtherReceivables,1,single:1,,NFI
balance_sheet,future income tax assets,OtherCurrentAssets,1,sumlab:1,,NFI
balance_sheet,derivative financial instruments 2 091 total,TotalLiabilities,1,single:1,,NFI
cash_flow,net loss earnings for the period,NetIncomeFromContinuingOperations,1,single:1,,NFI
cash_flow,amortization of plant and equipment,DepreciationAndAmortization,1,residual:1,,NFI
cash_flow,exchange contracts total,OperatingCashFlow,1,single:1,,NFI
income_statement,deficit beginning of period,EBITDA,1,single:1,,NFI
cash_flow,net cash generated from used in financing activities,RepaymentOfDebt,1,single:1,,NFI
income_statement,net earnings for the period,PretaxIncome,1,single:1,,NFI
balance_sheet,embedded derivative instruments 3 684 total,TotalAssets,1,single:1,,NFI
balance_sheet,stock option reserve 299 total,TotalAssets,1,single:1,,NFI
balance_sheet,income taxes recoverable 1 505 total,TotalAssets,1,single:1,,NFI
cash_flow,net earnings for the period,NetIncomeFromContinuingOperations,1,single:4,,NFI
balance_sheet,derivative financial instruments 740 total,TotalLiabilities,1,single:1,,NFI
cash_flow,depreciation of plant and equipment,DepreciationAndAmortization,1,residual:3,,NFI
cash_flow,share issuance,CommonStockIssuance,1,single:4,,NFI
cash_flow,repayment of obligations under finance lease,RepaymentOfDebt,1,single:4,,NFI
cash_flow,impairment loss on equipment and intangible assets,AssetImpairmentCharge,1,single:2,,NFI
cash_flow,repayment of other long term liabilities,NetOtherFinancingCharges,1,single:1,,NFI
cash_flow,income taxes paid 105 877,DepreciationAndAmortization,1,single:1,,NFI
cash_flow,interest paid 18 755,NetIssuancePaymentsOfDebt,1,single:1,,NFI
cash_flow,dividends paid 54 147,IssuanceOfDebt,1,single:1,,NFI
balance_sheet,obligations under leases,LongTermDebtAndCapitalLeaseObligation,1,residual:2,,NFI
balance_sheet,stock option and restricted share unit reserve,OtherEquityInterest,1,single:5,,NFI
cash_flow,repurchase of shares 5 682,ChangeInOtherWorkingCapital,1,single:1,,NFI
cash_flow,dividends paid 76 421,ChangeInOtherWorkingCapital,1,single:1,,NFI
balance_sheet,deficit 555 332,CommonStock,1,residual:1,,NFI
cash_flow,proceeds from share issuance and stock options exercise,CommonStockIssuance,1,single:2,,NFI
cash_flow,impairment loss on goodwill and intangible assets,AssetImpairmentCharge,1,single:2,,NFI
cash_flow,proceeds from long term debt and second lien debt,IssuanceOfDebt,1,single:2,,NFI
income_statement,contract revenue,TotalRevenue,1,single:9,,OGD
income_statement,restructuring costs 8,OtherIncomeExpense,1,single:1,,OGD
income_statement,income taxes recovery 17 total,TaxProvision,1,single:1,,OGD
balance_sheet,equity settled reserve,GainsLossesNotAffectingRetainedEarnings,1,single:3,,OGD
income_statement,income taxes recovery 15 total,TaxProvision,1,single:1,,OGD
cash_flow,write off of property plant and equipment,AssetImpairmentCharge,1,single:1,,OGD
balance_sheet,current portion of long term debt and finance leases,CurrentDebtAndCapitalLeaseObligation,1,single:5,,OGD
cash_flow,negative goodwill,AssetImpairmentCharge,1,single:1,,OGD
cash_flow,proceeds from disposal of investments,SaleOfInvestment,1,single:8,,OGD
cash_flow,earnings loss before income taxes,NetIncomeFromContinuingOperations,1,single:5,,OGD
cash_flow,loss earnings before income taxes,NetIncomeFromContinuingOperations,1,single:3,,OGD
cash_flow,loss before income taxes,NetIncomeFromContinuingOperations,1,single:1,,OGD
cash_flow,international bf s a,PurchaseOfBusiness,1,single:2,,OGD
cash_flow,repayment of balance payable related to a business combination,NetOtherFinancingCharges,1,single:2,,OGD
cash_flow,deposit on equipment purchase,FreeCashFlow,1,single:1,,OGD
income_statement,other cost of contract revenue,CostOfRevenue,1,single:2,,OGD
cash_flow,write down of inventories from restructuring in burkina faso,AssetImpairmentCharge,1,single:2,,OGD
cash_flow,collection of long term receivable,NetOtherInvestingChanges,1,single:1,,OGD
income_statement,distributions on class a shares,TotalRevenue,1,single:1,,PDV
balance_sheet,deficit and other equity,RetainedEarnings,1,single:1,,PDV
balance_sheet,class a and class b shares,AdditionalPaidInCapital,1,single:3,,PDV
cash_flow,distribution on class a shares,CashDividendsPaid,1,single:4,,PDV
cash_flow,cash flow from shareholder activities,FinancingCashFlow,1,single:2,,PDV
cash_flow,dividends payable on preferred shares,ChangeInPayablesAndAccruedExpense,1,single:2,,PDV
cash_flow,19 300 canadian imperial bank of commerce,RepurchaseOfCapitalStock,1,single:1,,PDV
income_statement,net allocation on retractions,DilutedAverageShares,1,single:1,,PDV
cash_flow,net increase decrease in cash for the year,CashDividendsPaid,1,single:1,,PDV
cash_flow,34 200 toronto dominion bank,NetIncomeFromContinuingOperations,1,single:1,,PDV
cash_flow,22 500 bank of nova scotia,CashDividendsPaid,1,single:1,,PDV
cash_flow,distributions paid on class a shares,RepurchaseOfCapitalStock,1,single:1,,PDV
cash_flow,63 200 agf management ltd,CashDividendsPaid,1,single:1,,PDV
income_statement,class a share redemptions,DilutedAverageShares,1,single:1,,PDV
cash_flow,11 600 toronto dominion bank,CashDividendsPaid,1,single:1,,PDV
income_statement,fee income,SellingGeneralAndAdministration,1,single:1,,POW
income_statement,non participating shareholders,PreferredStockDividends,1,single:3,,POW
income_statement,a net expense from reinsurance contracts,EBIT,1,residual:1,,POW
income_statement,financing charges note 27,DilutedAverageShares,1,single:1,,POW
balance_sheet,cash and cash equivalents note 5,CashAndCashEquivalents,1,single:1,,POW
balance_sheet,participating shares,CashAndCashEquivalents,1,single:2,,POW
balance_sheet,owner occupied properties and capital assets note 8,NetPPE,1,single:2,,POW
balance_sheet,goodwill note 10,Goodwill,1,single:2,,POW
cash_flow,repayments of obligations to securitization entities and other,NetIncomeFromContinuingOperations,1,residual:1,,POW
cash_flow,interest and dividends received,ChangeInWorkingCapital,1,single:1,,POW
cash_flow,p change in reinsurance contract held liabilities,NetOtherInvestingChanges,1,single:1,,POW
balance_sheet,non recourse debentures and other debt instruments note 17,Goodwill,1,single:1,,POW
cash_flow,investments in jointly controlled corporations and associates,NetIssuancePaymentsOfDebt,1,single:1,,POW
cash_flow,participating shares,CashDividendsPaid,1,single:1,,POW
cash_flow,issuance of debentures and senior bonds,NetOtherFinancingCharges,1,single:1,,POW
balance_sheet,intangible assets note 9,Receivables,1,single:1,,POW
balance_sheet,goodwill note 9,Goodwill,1,single:2,,POW
balance_sheet,non recourse debentures and other debt instruments note 16,Goodwill,1,single:1,,POW
balance_sheet,deferred tax assets note 18,GainsLossesNotAffectingRetainedEarnings,1,single:1,,POW
cash_flow,increase in other debt instruments,ChangeInWorkingCapital,1,single:1,,POW
cash_flow,change in investment contract liabilities 5 538,FreeCashFlow,1,single:1,,POW
income_statement,net expense from reinsurance contracts,MinorityInterests,1,single:1,,POW
cash_flow,by subsidiaries to non controlling interests 1 133,ChangeInWorkingCapital,1,single:1,,POW
cash_flow,income tax paid net of refunds received 1 103,NetIssuancePaymentsOfDebt,1,single:1,,POW
cash_flow,repayment of obligations to securitization entities 1 684,FinancingCashFlow,1,single:1,,POW
cash_flow,repurchase or redemption of equity total,FinancingCashFlow,1,single:1,,POW
cash_flow,purchases of investments 3 950,PurchaseOfInvestment,1,single:1,,POW
income_statement,interest income on loan receivable from pizza pizza limited,InterestIncome,1,single:2,,PZA
income_statement,interest expense on class c partnership units,InterestIncome,1,single:2,,PZA
cash_flow,distributions paid to shareholders,CashDividendsPaid,1,single:2,,PZA
income_statement,change in fair value of exchangeable units,OtherIncomeExpense,1,single:2,,PZA
balance_sheet,exchangeable shares,OtherEquityInterest,1,single:17,,PZA
cash_flow,dividends paid to shareholders unitholders,CashDividendsPaid,1,single:1,,PZA
income_statement,non cash swap termination costs,OtherIncomeExpense,1,single:1,,PZA
income_statement,at december 31 2015 242 030 63 030 390,DilutedAverageShares,1,single:1,,PZA
balance_sheet,accumulated other comprehensive earnings,GainsLossesNotAffectingRetainedEarnings,1,single:9,,PZA
balance_sheet,accumulated other comprehensive earnings loss,GainsLossesNotAffectingRetainedEarnings,1,single:1,,PZA
balance_sheet,pizza 73 rights and marks,OtherEquityInterest,1,single:2,,PZA
cash_flow,debt refinancing fees,NetOtherFinancingCharges,1,single:2,,PZA
cash_flow,investment in short term investment,PurchaseOfInvestment,1,single:5,,PZA
cash_flow,proceeds on redemption of short term investment,SaleOfInvestment,1,single:3,,PZA
income_statement,cash flow hedges 886,NetInterestIncome,1,single:1,,PZA
income_statement,deferred tax expense,InterestIncome,1,single:1,,PZA
income_statement,total transactions with shareholders 5 972,DilutedAverageShares,1,single:1,,PZA
income_statement,total transactions with shareholders 7 977,DilutedAverageShares,1,single:1,,PZA
cash_flow,acquisition of mineral properties and exploration and evaluation total,InvestingCashFlow,1,single:2,,RM
cash_flow,proceeds from sale of equity investments,SaleOfInvestment,1,single:2,,RM
cash_flow,proceeds from issuance of special warrants,NetOtherFinancingCharges,1,single:1,,RM
income_statement,accretion expense,InterestExpenseNonOperating,1,single:1,,RM
balance_sheet,other comprehensive loss,GainsLossesNotAffectingRetainedEarnings,1,single:1,,RM
cash_flow,gst receivable,ChangeInReceivables,1,single:1,,RM
cash_flow,adjustments for items not affecting cash total,OperatingCashFlow,1,single:1,,RM
cash_flow,cash paid for reclamation bond for rattlesnake hills,PurchaseOfInvestment,1,single:1,,RM
cash_flow,loss on sale of equity investments,NetOtherFinancingCharges,1,single:1,,RM
income_statement,interest on convertible debentures note 9,InterestExpenseNonOperating,1,single:1,,SFD
income_statement,depletion of oil and natural gas properties,DepreciationAmortizationDepletion,1,residual:1,,SFD
cash_flow,net cash generated used in investing activities,InvestingCashFlow,1,single:1,,SFD
cash_flow,net cash generated in financing activities,FinancingCashFlow,1,single:1,,SFD
cash_flow,issued upon exercise of options and warrants,FreeCashFlow,1,single:1,,SFD
cash_flow,balance at the beginning and end of year,FreeCashFlow,1,single:1,,SFD
income_statement,amortization depreciation and depletion,DepreciationAmortizationDepletion,1,single:2,,SFD
balance_sheet,issued 10 000 000 note 8,PreferredStock,1,single:1,,SFD
balance_sheet,issued 10 000 000 note 9,PreferredStock,1,single:2,,SFD
cash_flow,issued through private placement net of issue costs,CommonStockIssuance,1,single:1,,SFD
income_statement,survey revenue,TotalRevenue,1,single:4,,SFD
cash_flow,amortization depreciation and depletion,DepreciationAmortizationDepletion,1,single:1,,SFD
cash_flow,balance at end of year,FreeCashFlow,1,sumlab:1,,SFD
cash_flow,exercise of options and warrants,NetOtherFinancingCharges,1,single:1,,SFD
income_statement,survey revenue note 16,TotalRevenue,1,single:3,,SFD
income_statement,amortization of property and equipment,DepreciationAmortizationDepletion,1,single:3,,SFD
cash_flow,amortization of property and equipment,DepreciationAmortizationDepletion,1,single:3,,SFD
cash_flow,change in non cash working capital balances note 14,ChangeInWorkingCapital,1,single:3,,SFD
balance_sheet,property and equipment note 4,NetPPE,1,single:2,,SFD
income_statement,interest expense income net,NetInterestIncome,1,single:1,,SFD
cash_flow,decrease in short term investments,SaleOfInvestment,1,single:3,,SFD
cash_flow,issued upon exercise of stock options,NetOtherFinancingCharges,1,single:3,,SFD
balance_sheet,capital lease obligation,LongTermDebtAndCapitalLeaseObligation,1,single:2,,SFD
cash_flow,net proceeds from rights offering,CommonStockIssuance,1,single:3,,SFD
cash_flow,rights offering,CommonStockIssuance,1,single:2,,SFD
cash_flow,valuation allowance of bolivian tax credits,DeferredTax,1,single:2,,SFD
cash_flow,increase in deposits,NetOtherInvestingChanges,1,single:2,,SFD
income_statement,interest income expense net,NetInterestIncome,1,single:2,,SFD
cash_flow,net funds used in targeted issuer bid,RepurchaseOfCapitalStock,1,single:2,,SFD
cash_flow,shares purchased and retired during the year,RepurchaseOfCapitalStock,1,single:2,,SFD
balance_sheet,long term lease obligations,LongTermDebtAndCapitalLeaseObligation,1,residual:4,,SFD
cash_flow,issuance of equity for intellectual property,NetOtherInvestingChanges,1,single:1,,SFD
cash_flow,transfer of equity to common shares,NetOtherInvestingChanges,1,single:1,,SFD
cash_flow,non cash lease amortization and accretion,ChangeInPayablesAndAccruedExpense,1,single:1,,SFD
cash_flow,net proceeds from convertible debentures,IssuanceOfDebt,1,single:5,,SFD
cash_flow,employee share purchase plan,EffectOfExchangeRateChanges,1,single:1,,SFD
income_statement,salaries,OtherIncomeExpense,1,single:1,,SWP
income_statement,net loss income and comprehensive loss income,NetIncomeFromContinuingAndDiscontinuedOperation,1,single:1,,SWP
balance_sheet,plant and equipment,NetPPE,1,single:11,,SWP
balance_sheet,goodwill 13 910 total,OtherIntangibleAssets,1,single:1,,SWP
balance_sheet,future income taxes 2 983,TotalAssets,1,single:1,,SWP
balance_sheet,future income taxes 777 total,TotalLiabilities,1,single:1,,SWP
cash_flow,change in non cash operating assets and liabilities total,OperatingCashFlow,1,single:1,,SWP
cash_flow,distributions paid to unitholders,CashDividendsPaid,1,single:1,,SWP
income_statement,finance expenses,InterestExpenseNonOperating,1,single:5,,SWP
balance_sheet,units 15,AdditionalPaidInCapital,1,single:1,,SWP
cash_flow,foreign exchange gain loss on foreign currency cash held,EffectOfExchangeRateChanges,1,single:2,,SWP
cash_flow,interest income recognized in profit and loss,EffectOfExchangeRateChanges,1,single:1,,SWP
income_statement,net income and comprehensive income for the period,EBITDA,1,residual:1,,SWP
income_statement,attributable to shareholders,EBITDA,1,residual:1,,SWP
income_statement,total comprehensive income attributable to shareholders,EBITDA,1,residual:1,,SWP
income_statement,sales and marketing expenses,DepreciationAmortizationDepletion,1,single:1,,SWP
balance_sheet,share based compensation reserve,GainsLossesNotAffectingRetainedEarnings,1,single:6,,SWP
balance_sheet,derivative liabilities,OtherCurrentAssets,1,residual:1,,SWP
cash_flow,interest expense recognized in profit and loss,ChangeInOtherWorkingCapital,1,single:1,,SWP
cash_flow,foreign exchange gain on cash held,EffectOfExchangeRateChanges,1,single:1,,SWP
cash_flow,effects of foreign exchange rate changes on cash held,EffectOfExchangeRateChanges,1,single:1,,SWP
income_statement,occupancy expenses,InterestExpenseNonOperating,1,single:1,,SWP
income_statement,finance expense income,NetInterestIncome,1,single:1,,SWP
cash_flow,share based compensation expense recovery,StockBasedCompensation,1,single:1,,SWP
cash_flow,addition to short term investments,PurchaseOfInvestment,1,single:1,,SWP
balance_sheet,derivative assets and hedged firm commitments,OtherCurrentAssets,1,single:1,,SWP
cash_flow,finance expense,ChangeInInventory,1,single:1,,SWP
cash_flow,proceeds from credit facility,ChangeInWorkingCapital,1,single:1,,SWP
cash_flow,impairment to plant and equipment,AssetImpairmentCharge,1,single:1,,SWP
cash_flow,recovery of costs related to equipment,SaleOfPPE,1,single:2,,SWP
cash_flow,transaction costs related to debt financing activities,NetOtherFinancingCharges,1,single:2,,SWP
cash_flow,repayment of mrc debenture 13 2,ChangeInOtherWorkingCapital,1,single:1,,SWP
income_statement,basic income per share,BasicEPS,1,single:1,,SWP
balance_sheet,mineral interests,NetPPE,1,single:9,,TFPM
balance_sheet,lease obligation current,CurrentDebtAndCapitalLeaseObligation,1,single:4,,TFPM
cash_flow,depletion of mineral interests,DepreciationAmortizationDepletion,1,single:3,,TFPM
cash_flow,proceeds on disposition of mineral interests,SaleOfPPE,1,single:3,,TFPM
income_statement,general administration costs,SellingGeneralAndAdministration,1,single:6,,TFPM
balance_sheet,lease obligation non current,LongTermDebtAndCapitalLeaseObligation,1,single:3,,TFPM
cash_flow,finance and other costs,DeferredTax,1,single:2,,TFPM
balance_sheet,investments and prepaid gold interests,CashCashEquivalentsAndShortTermInvestments,1,residual:1,,TFPM
balance_sheet,deferred income tax,Receivables,1,sumlab:1,,TFPM
cash_flow,finance and other costs net,ChangeInReceivables,1,single:1,,TFPM
cash_flow,acquisition of prepaid gold interest,DeferredTax,1,single:1,,TFPM
cash_flow,impairment charges and expected credit losses,FreeCashFlow,1,single:1,,TFPM
cash_flow,acquisition of prepaid gold interests investments and other,PurchaseOfInvestment,1,single:3,,TFPM
cash_flow,acquisition of investments and prepaid gold interests,PurchaseOfInvestment,1,single:1,,TFPM
income_statement,impairment reversal charges and expected credit losses,InterestExpenseNonOperating,1,single:1,,TFPM
balance_sheet,prepaid gold interests and other,OtherCurrentAssets,1,single:1,,TFPM
balance_sheet,amounts receivable and other,AccountsPayable,1,single:1,,TFPM
income_statement,unrealized loss gain on derivative instruments,DepreciationAmortizationDepletion,1,single:1,,TPX.B
income_statement,weighted average shares basic,DilutedAverageShares,1,single:2,,TPX.B
income_statement,weighted average shares diluted,DilutedAverageShares,1,single:2,,TPX.B
balance_sheet,accrued expenses and other liabilities,Receivables,1,single:1,,TPX.B
balance_sheet,discontinued operations,NotesReceivable,1,single:1,,TPX.B
balance_sheet,long term debt,NetPPE,1,single:1,,TPX.B
balance_sheet,total current liabilities,Goodwill,1,single:1,,TPX.B
income_statement,marketing general and administrative expenses,SellingGeneralAndAdministration,1,single:1,,TPX.B
income_statement,net income,NetIncomeFromContinuingAndDiscontinuedOperation,1,single:1,,TPX.B
income_statement,income from continuing operations net of tax,NetIncomeContinuousOperations,1,single:1,,TPX.B
income_statement,gain loss from discontinued operations net of tax,NetIncomeDiscontinuousOperations,1,single:1,,TPX.B
balance_sheet,affiliates,OtherReceivables,1,single:1,,TPX.B
balance_sheet,unrecognized tax benefits,OtherCurrentAssets,1,single:1,,TPX.B
balance_sheet,retained earnings,RetainedEarnings,1,single:1,,TPX.B
balance_sheet,noncontrolling interests,MinorityInterest,1,single:1,,TPX.B
cash_flow,notes receivable repayments,NetOtherInvestingChanges,1,single:1,,TPX.B
cash_flow,december 31 2011 8 303 8,NetOtherFinancingCharges,1,single:1,,TPX.B
balance_sheet,accrued payroll and related expenses,NotesReceivable,1,single:1,,TPX.B
balance_sheet,other intangibles net,LongTermDebtAndCapitalLeaseObligation,1,single:1,,TPX.B
cash_flow,purchase of noncontrolling interest 18 5,NetIssuancePaymentsOfDebt,1,single:1,,TPX.B
cash_flow,net contributions and distributions 95 9 1 190 9,EndCashPosition,1,single:1,,TPX.B
income_statement,net income attributable to millercoors llc,SellingGeneralAndAdministration,1,single:1,,TPX.B
balance_sheet,total liabilities and shareholders investment,OtherIntangibleAssets,1,single:1,,TPX.B
balance_sheet,due from affiliates,MinorityInterest,1,single:1,,TPX.B
cash_flow,payables and accruals,EffectOfExchangeRateChanges,1,single:1,,TPX.B
income_statement,net income loss 2 180 2 n m,EBITDA,1,residual:1,,TPX.B
balance_sheet,trade receivables net,AccountsReceivable,1,single:2,,TPX.B
balance_sheet,other receivables net,OtherReceivables,1,single:2,,TPX.B
balance_sheet,in millions,TreasuryStock,1,single:3,,TPX.B
income_statement,project development,ResearchAndDevelopment,1,single:1,,TXG
cash_flow,accounts payable and accrued total,OperatingCashFlow,1,single:1,,TXG
cash_flow,issuance of shares net of costs,CommonStockIssuance,1,single:1,,TXG
cash_flow,exercise of stock and compensation total,FinancingCashFlow,1,single:1,,TXG
cash_flow,activities total,FinancingCashFlow,1,single:1,,TXG
income_statement,issue of warrants 11 875,SellingGeneralAndAdministration,1,single:1,,TXG
income_statement,financing income costs net,NetInterestIncome,1,single:1,,TXG
balance_sheet,supplies inventory,Inventory,1,single:1,,TXG
balance_sheet,derivative contracts,AccountsPayable,1,single:1,,TXG
cash_flow,supplies inventory,ChangeInInventory,1,single:1,,TXG
cash_flow,accounts payable for property plant and equipment,SaleOfPPE,1,single:1,,TXG
cash_flow,accounts payable and accrued liabilities for assets,SaleOfPPE,1,single:1,,TXG
cash_flow,proceeds from loan facility,CapitalExpenditure,1,single:1,,TXG
cash_flow,proceeds from value added tax loan,IssuanceOfDebt,1,single:1,,TXG
cash_flow,depreciation amortization and accretion,DepreciationAmortizationDepletion,1,single:4,,TXG
cash_flow,impairment provisions,AssetImpairmentCharge,1,single:1,,TXG
cash_flow,impairment loss,AssetImpairmentCharge,1,single:1,,TXG
income_statement,finance costs excluding lease obligations1,InterestExpenseNonOperating,1,single:1,,TXG
income_statement,warrants assumed pursuant to,NetInterestIncome,1,single:1,,TXG
income_statement,unrealized gain loss on currency contracts,NetInterestIncome,1,single:1,,TXG
cash_flow,proceeds from debt facility,IssuanceOfDebt,1,single:2,,TXG
income_statement,interest on lease obligations2,InterestExpenseNonOperating,1,single:1,,TXG
cash_flow,acquisition of reyna silver corp net of cash received,PurchaseOfBusiness,1,single:1,,TXG
cash_flow,unrealized foreign exchange gain,SaleOfBusiness,1,single:1,,TXG
cash_flow,acquisition of prime mining corp net of cash received,SaleOfBusiness,1,single:1,,TXG
cash_flow,shareholders loans,ChangeInOtherWorkingCapital,1,single:1,,VRTS
cash_flow,proceeds from issue of units,CommonStockIssuance,1,single:1,,VRTS
cash_flow,impairment loss on intangible assets,AssetImpairmentCharge,1,single:2,,VRTS
cash_flow,private placement of common shares and warrants,CommonStockIssuance,1,single:1,,VRTS
cash_flow,gamelancer inc,PurchaseOfBusiness,1,single:1,,VRTS
income_statement,gain on extinguishment of convertible debenture,OperatingIncome,1,single:1,,VRTS
cash_flow,proceeds from private placement tranche,CommonStockIssuance,1,single:1,,VRTS
cash_flow,provision benefit for taxes,DeferredTax,1,single:2,,VRTS
cash_flow,gain loss on extinguishment of debt,AssetImpairmentCharge,1,single:1,,VRTS
cash_flow,repyament of private placement liability,RepurchaseOfCapitalStock,1,single:1,,VRTS
cash_flow,loan from related party,RepurchaseOfCapitalStock,1,single:1,,VRTS
cash_flow,finance costs total,FreeCashFlow,1,single:1,,VRTS
cash_flow,net cash outflow from acquisition of business combination,PurchaseOfBusiness,1,single:1,,VRTS
cash_flow,proceeds on sale of subsidiary,SaleOfBusiness,1,single:1,,VRTS
balance_sheet,net earnings 52 570 42 891 goodwill,Goodwill,1,single:1,,WPK
balance_sheet,net earnings,AccountsPayable,1,single:1,,WPK
cash_flow,employee de ned bene t plan payments,ChangeInOtherWorkingCapital,1,single:1,,WPK
cash_flow,years ended december 25 2011 and december,NetOtherFinancingCharges,1,single:1,,WPK
cash_flow,change in non controlling interests in subsidiary,NetOtherFinancingCharges,1,single:1,,WPK
balance_sheet,deferred income,StockholdersEquity,1,residual:2,,WPK
income_statement,cash ﬂ ow hedge losses gains recognized,InterestIncome,1,sumlab:1,,WPK
cash_flow,provisions,ChangeInOtherWorkingCapital,1,single:3,,WPK
cash_flow,dividend paid to non controlling interests in subsidiary,NetOtherFinancingCharges,1,single:7,,WPK
cash_flow,employee deﬁ ned beneﬁ t plan expenses,CapitalExpenditure,1,residual:1,,WPK
income_statement,pre production expenses,InterestExpenseNonOperating,1,single:1,,WPK
balance_sheet,inventories 3 698 3 149,OtherCurrentAssets,1,single:1,,WPK
balance_sheet,inventories 4 504 1 355,OtherCurrentAssets,1,single:1,,WPK
balance_sheet,trade payables and other liabilities 2 503 1 896,GainsLossesNotAffectingRetainedEarnings,1,single:1,,WPK
balance_sheet,inventories 5 157 3 698,AccountsPayable,1,residual:1,,WPK
cash_flow,contract liabilities,ChangeInOtherWorkingCapital,1,single:7,,WPK
balance_sheet,deferred vested members,AccountsPayable,1,residual:1,,WPK
balance_sheet,net benefit plan expense total,AccountsPayable,1,residual:1,,WPK
balance_sheet,derivative financial instruments 168,CurrentDebtAndCapitalLeaseObligation,1,single:1,,WPK
balance_sheet,employee benefit plans,CurrentDebtAndCapitalLeaseObligation,1,single:1,,WPK
cash_flow,provisions and other long term liabilities 561,ChangeInWorkingCapital,1,single:1,,WPK
cash_flow,business acquisition,PurchaseOfBusiness,1,single:1,,WPK
income_statement,finance income on cash and cash equivalents,InterestExpenseNonOperating,1,single:1,,WPK
income_statement,net ﬁ nance income expense,InterestExpenseNonOperating,1,single:1,,WPK
income_statement,finance expense on sale of extended term trade receivables,InterestIncome,1,single:1,,WPK
balance_sheet,employee beneﬁ t plan liabilities,OtherReceivables,1,residual:1,,WPK
balance_sheet,inventories 7 122 5 658,OtherCurrentAssets,1,single:1,,WPK
balance_sheet,present value of funded obligations,AccountsPayable,1,single:1,,WPK
balance_sheet,benefit obligation end of year,AccountsPayable,1,single:1,,WPK
balance_sheet,benefit plan obligation total,AccountsPayable,1,single:2,,WPK
balance_sheet,derivative ﬁnancial instruments,CurrentDebtAndCapitalLeaseObligation,1,single:1,,WPK
income_statement,income tax effect,InterestExpenseNonOperating,1,single:2,,WPK
balance_sheet,cumulative amount beginning of year,OtherReceivables,1,single:1,,WPK
balance_sheet,actuarial gains losses arising from changes in financial assumptions,AccountsPayable,1,residual:1,,WPK
balance_sheet,future mortality one year,AccountsPayable,1,single:1,,WPK
income_statement,canada,SellingGeneralAndAdministration,1,single:2,,WPK
income_statement,mexico and other,EBITDA,1,residual:1,,WPK
balance_sheet,total funded status of obligations,OtherReceivables,1,residual:1,,WPK
balance_sheet,director director total,OtherCurrentAssets,1,single:1,,WPK
balance_sheet,funded status total,OtherCurrentAssets,1,single:1,,WPK
cash_flow,net finance income,ChangeInWorkingCapital,1,single:1,,WPK
income_statement,1 30 days past due,EBIT,1,residual:1,,WPK
cash_flow,employee defined benefit plan expenses,ChangeInWorkingCapital,1,residual:1,,WPK
cash_flow,employee defined benefit plan contributions,ChangeInOtherWorkingCapital,1,single:1,,WPK
balance_sheet,long term total,TotalAssets,1,single:1,TotalLiabilities,AAB
balance_sheet,loan simmer & jack,TotalLiabilities,1,single:1,Receivables,AAB
balance_sheet,long term total,TotalLiabilities,1,single:1,TotalAssets,AAB
balance_sheet,equity reserve,OtherReceivables,1,single:1,GainsLossesNotAffectingRetainedEarnings;OtherEquityInterest,AAB
income_statement,interest expenses 217 043,InterestExpenseNonOperating,1,single:1,InterestIncome,AAB
income_statement,interest expenses 217 043,InterestIncome,1,single:1,InterestExpenseNonOperating,AAB
balance_sheet,loan simmer & jack,Receivables,1,residual:2+sumlab:1,TotalLiabilities,AAB
balance_sheet,equity reserve,OtherEquityInterest,1,single:1,GainsLossesNotAffectingRetainedEarnings;OtherReceivables,AAB
cash_flow,income taxes payable recoverable,ChangeInWorkingCapital,1,residual:1,ChangeInOtherWorkingCapital,AAB
cash_flow,shares issued through options exercised,CommonStockIssuance,1,single:3,NetOtherFinancingCharges,AAB
cash_flow,income taxes payable recoverable,ChangeInOtherWorkingCapital,1,single:1,ChangeInWorkingCapital,AAB
balance_sheet,equity reserve,GainsLossesNotAffectingRetainedEarnings,1,single:1,OtherEquityInterest;OtherReceivables,AAB
cash_flow,shares issued through options exercised,NetOtherFinancingCharges,1,single:1,CommonStockIssuance,AAB
income_statement,interest recovery expense,InterestExpenseNonOperating,1,single:1,InterestIncome;NetInterestIncome,AAB
income_statement,interest recovery expense,InterestIncome,1,single:1,InterestExpenseNonOperating;NetInterestIncome,AAB
income_statement,interest recovery expense,NetInterestIncome,1,single:1,InterestExpenseNonOperating;InterestIncome,AAB
cash_flow,debt financing,NetIssuancePaymentsOfDebt,1,single:2,NetOtherFinancingCharges;RepaymentOfDebt,AAB
cash_flow,loan repaid,NetIssuancePaymentsOfDebt,1,single:2,NetOtherFinancingCharges;RepaymentOfDebt,AAB
cash_flow,debt financing,RepaymentOfDebt,1,single:2,NetIssuancePaymentsOfDebt;NetOtherFinancingCharges,AAB
cash_flow,loan repaid,RepaymentOfDebt,1,single:2,NetIssuancePaymentsOfDebt;NetOtherFinancingCharges,AAB
cash_flow,debt financing,NetOtherFinancingCharges,1,single:2,NetIssuancePaymentsOfDebt;RepaymentOfDebt,AAB
cash_flow,loan repaid,NetOtherFinancingCharges,1,single:2,NetIssuancePaymentsOfDebt;RepaymentOfDebt,AAB
income_statement,total investment gain,TotalRevenue,1,single:1,NonInterestIncome,AAB
cash_flow,loan payable,NetIssuancePaymentsOfDebt,1,single:1,IssuanceOfDebt;RepaymentOfDebt,AAB
cash_flow,loan payable,RepaymentOfDebt,1,single:1,IssuanceOfDebt;NetIssuancePaymentsOfDebt,AAB
income_statement,total investment gain,NonInterestIncome,1,single:2,TotalRevenue,AAB
cash_flow,loans payable,IssuanceOfDebt,1,single:3,NetIssuancePaymentsOfDebt,AAB
cash_flow,loan payable,IssuanceOfDebt,1,single:1,NetIssuancePaymentsOfDebt;RepaymentOfDebt,AAB
income_statement,total other revenue,InterestIncome,1,single:4,NetInterestIncome,AAB
cash_flow,loans payable,NetIssuancePaymentsOfDebt,1,single:2,IssuanceOfDebt,AAB
income_statement,total net investment loss,TotalRevenue,1,single:1,NonInterestIncome,AAB
income_statement,total other revenue,NetInterestIncome,1,single:1,InterestIncome,AAB
income_statement,total net investment loss,NonInterestIncome,1,single:1,TotalRevenue,AAB
income_statement,interest,InterestExpenseNonOperating,1,single:15,DepreciationAmortizationDepletion;EBIT;NetInterestIncome,ADW.A
income_statement,interest,NetInterestIncome,1,single:15,DepreciationAmortizationDepletion;EBIT;InterestExpenseNonOperating,ADW.A
income_statement,amortization of plant equipment and intangible assets,DepreciationAmortizationDepletion,1,single:2,EBIT;InterestExpenseNonOperating;NetInterestIncome,ADW.A
cash_flow,amortization of plant equipment and intangible assets,DepreciationAmortizationDepletion,1,single:13,NetIssuancePaymentsOfDebt,ADW.A
cash_flow,income taxes,ChangeInReceivables,1,single:1,ChangeInWorkingCapital;DeferredTax,ADW.A
cash_flow,income taxes,ChangeInWorkingCapital,1,single:1,ChangeInReceivables;DeferredTax,ADW.A
income_statement,amortization of plant equipment and intangible assets,InterestExpenseNonOperating,1,single:1,DepreciationAmortizationDepletion;EBIT;NetInterestIncome,ADW.A
income_statement,amortization of plant equipment and intangible assets,NetInterestIncome,1,single:1,DepreciationAmortizationDepletion;EBIT;InterestExpenseNonOperating,ADW.A
income_statement,interest,EBIT,1,residual:12,DepreciationAmortizationDepletion;InterestExpenseNonOperating;NetInterestIncome,ADW.A
income_statement,amortization of plant equipment and intangible assets,EBIT,1,residual:1,DepreciationAmortizationDepletion;InterestExpenseNonOperating;NetInterestIncome,ADW.A
income_statement,interest,DepreciationAmortizationDepletion,1,single:1,EBIT;InterestExpenseNonOperating;NetInterestIncome,ADW.A
cash_flow,decrease in bank indebtedness,NetIssuancePaymentsOfDebt,1,residual:2,IssuanceOfDebt,ADW.A
cash_flow,decrease in bank indebtedness,IssuanceOfDebt,1,single:1,NetIssuancePaymentsOfDebt,ADW.A
income_statement,net comprehensive income for the year,NetIncomeFromContinuingAndDiscontinuedOperation,1,residual:2,NetIncomeContinuousOperations,ADW.A
income_statement,net earnings for the year,NetIncomeContinuousOperations,1,single:8,EBITDA;NetIncome;NetIncomeFromContinuingAndDiscontinuedOperation,ADW.A
income_statement,net comprehensive income for the year,NetIncomeContinuousOperations,1,residual:2,NetIncomeFromContinuingAndDiscontinuedOperation,ADW.A
cash_flow,repurchase of class a shares,ChangeInPayablesAndAccruedExpense,1,single:2,RepurchaseOfCapitalStock,ADW.A
cash_flow,adjustments for total,OperatingCashFlow,1,single:5,IssuanceOfDebt,ADW.A
cash_flow,provision for income taxes,NetIssuancePaymentsOfDebt,1,single:1,DeferredTax,ADW.A
cash_flow,interest expense,FreeCashFlow,1,residual:1,CapitalExpenditure;EffectOfExchangeRateChanges;NetIssuancePaymentsOfDebt,ADW.A
income_statement,net earnings for the year,EBITDA,1,residual:2,NetIncome;NetIncomeContinuousOperations;NetIncomeFromContinuingAndDiscontinuedOperation,ADW.A
cash_flow,net earnings for the year,ChangeInWorkingCapital,1,single:1,CapitalExpenditure;FreeCashFlow;IssuanceOfDebt;NetIncomeFromContinuingOperations,ADW.A
cash_flow,increase decrease in bank indebtedness,CapitalExpenditure,1,single:1,IssuanceOfDebt;NetIssuancePaymentsOfDebt,ADW.A
cash_flow,provision for income taxes,DeferredTax,1,single:7,NetIssuancePaymentsOfDebt,ADW.A
cash_flow,purchase of property equipment and vine biological assets,PurchaseOfPPE,1,single:1,FreeCashFlow,ADW.A
cash_flow,amortization of plant equipment and intangible assets,NetIssuancePaymentsOfDebt,1,single:1,DepreciationAmortizationDepletion,ADW.A
cash_flow,net earnings for the year,FreeCashFlow,1,single:1,CapitalExpenditure;ChangeInWorkingCapital;IssuanceOfDebt;NetIncomeFromContinuingOperations,ADW.A
cash_flow,purchase of property equipment and vine biological assets,FreeCashFlow,1,residual:1,PurchaseOfPPE,ADW.A
cash_flow,net earnings for the year,IssuanceOfDebt,1,single:1,CapitalExpenditure;ChangeInWorkingCapital;FreeCashFlow;NetIncomeFromContinuingOperations,ADW.A
cash_flow,net earnings for the year,CapitalExpenditure,1,single:1,ChangeInWorkingCapital;FreeCashFlow;IssuanceOfDebt;NetIncomeFromContinuingOperations,ADW.A
income_statement,income taxes total,TaxProvision,1,single:2,DepreciationAmortizationDepletion,ADW.A
cash_flow,interest expense,NetIssuancePaymentsOfDebt,1,single:1,CapitalExpenditure;EffectOfExchangeRateChanges;FreeCashFlow,ADW.A
balance_sheet,service agreements 1 779 763,Receivables,1,residual:1,OtherReceivables,ADW.A
balance_sheet,service agreements 1 779 763,OtherReceivables,1,single:1,Receivables,ADW.A
cash_flow,interest expense,CapitalExpenditure,1,residual:1,EffectOfExchangeRateChanges;FreeCashFlow;NetIssuancePaymentsOfDebt,ADW.A
income_statement,operating and administrative,SellingGeneralAndAdministration,1,single:2,EBITDA,ALA
cash_flow,net repayment of revolving long term debt,NetIssuancePaymentsOfDebt,1,residual:1,IssuanceOfDebt;NetOtherFinancingCharges,ALA
cash_flow,net repayment of revolving long term debt,IssuanceOfDebt,1,single:1,NetIssuancePaymentsOfDebt;NetOtherFinancingCharges,ALA
cash_flow,net issuance of long term debt,IssuanceOfDebt,1,single:2,NetOtherFinancingCharges,ALA
cash_flow,net repayment of revolving long term debt,NetOtherFinancingCharges,1,single:1,IssuanceOfDebt;NetIssuancePaymentsOfDebt,ALA
cash_flow,net issuance of long term debt,NetOtherFinancingCharges,1,single:1,IssuanceOfDebt,ALA
income_statement,net income after taxes,NetIncomeFromContinuingAndDiscontinuedOperation,1,single:12,NetIncome;NetIncomeContinuousOperations;OperatingIncome,ALA
income_statement,net income applicable to controlling interests,NetIncomeFromContinuingAndDiscontinuedOperation,1,single:3,DilutedAverageShares;NetIncome;NetIncomeContinuousOperations,ALA
income_statement,net income applicable to common shares,EBIT,1,sumlab:1,DilutedAverageShares,ALA
income_statement,net income applicable to common shares,DilutedAverageShares,1,single:2,EBIT,ALA
cash_flow,change in restricted cash holdings from customers,NetOtherInvestingChanges,1,single:2,EffectOfExchangeRateChanges,ALA
income_statement,net income after taxes,NetIncomeContinuousOperations,1,single:11,NetIncome;NetIncomeFromContinuingAndDiscontinuedOperation;OperatingIncome,ALA
income_statement,net income applicable to controlling interests,NetIncome,1,single:11,DilutedAverageShares;NetIncomeContinuousOperations;NetIncomeFromContinuingAndDiscontinuedOperation,ALA
income_statement,operating and administrative,EBITDA,1,single:3,SellingGeneralAndAdministration,ALA
balance_sheet,deferred income taxes,PreferredStock,1,single:2,AccountsPayable;OtherCurrentAssets;OtherReceivables;Receivables;TotalLiabilities,ALA
cash_flow,net proceeds from shares issued on exercise of options,NetOtherFinancingCharges,1,single:1,NetOtherInvestingChanges,ALA
income_statement,net income after taxes,OperatingIncome,1,single:1,NetIncome;NetIncomeContinuousOperations;NetIncomeFromContinuingAndDiscontinuedOperation,ALA
cash_flow,acquisition of equity investment,NetIssuancePaymentsOfDebt,1,sumlab:1,SaleOfBusiness,ALA
income_statement,long term debt,InterestExpenseNonOperating,1,single:2,EBIT;EBITDA;NetInterestIncome,ALA
income_statement,long term debt,EBIT,1,residual:2,EBITDA;InterestExpenseNonOperating;NetInterestIncome,ALA
income_statement,long term debt,EBITDA,1,residual:2,EBIT;InterestExpenseNonOperating;NetInterestIncome,ALA
income_statement,net income applicable to controlling interests,DilutedAverageShares,1,single:2,NetIncome;NetIncomeContinuousOperations;NetIncomeFromContinuingAndDiscontinuedOperation,ALA
cash_flow,contributions to equity investments,PurchaseOfBusiness,1,single:7,ChangeInPayablesAndAccruedExpense;ChangeInPrepaidAssets;NetOtherInvestingChanges,ALA
cash_flow,acquisition of equity investment,SaleOfBusiness,1,single:1,NetIssuancePaymentsOfDebt,ALA
balance_sheet,accounts receivable net of allowances,Receivables,1,single:6,AccountsReceivable,ALA
cash_flow,unrealized losses gains on risk management contracts,NetOtherInvestingChanges,1,single:1,ChangeInReceivables,ALA
income_statement,long term debt,NetInterestIncome,1,single:1,EBIT;EBITDA;InterestExpenseNonOperating,ALA
balance_sheet,accounts receivable net of allowances,AccountsReceivable,1,single:5,Receivables,ALA
cash_flow,change in restricted cash holdings from customers,EffectOfExchangeRateChanges,1,single:1,NetOtherInvestingChanges,ALA
income_statement,net income loss after taxes,NetIncomeFromContinuingAndDiscontinuedOperation,1,single:3,NetIncome;NetIncomeContinuousOperations,ALA
income_statement,net income loss after taxes,NetIncomeContinuousOperations,1,single:3,NetIncome;NetIncomeFromContinuingAndDiscontinuedOperation,ALA
income_statement,net income loss applicable to controlling interests,NetIncome,1,single:3,NetIncomeContinuousOperations;NetIncomeFromContinuingAndDiscontinuedOperation;OperatingIncome,ALA
cash_flow,amortization of deferred financing costs,PurchaseOfBusiness,1,single:1,SaleOfPPE,ALA
income_statement,net income loss applicable to controlling interests,OperatingIncome,1,single:1,NetIncome;NetIncomeContinuousOperations;NetIncomeFromContinuingAndDiscontinuedOperation,ALA
balance_sheet,february,OtherReceivables,1,single:1,CashAndCashEquivalents,ALA
cash_flow,contributions to equity investments,ChangeInPayablesAndAccruedExpense,1,single:1,ChangeInPrepaidAssets;NetOtherInvestingChanges;PurchaseOfBusiness,ALA
income_statement,net income loss applicable to controlling interests,NetIncomeFromContinuingAndDiscontinuedOperation,1,single:1,NetIncome;NetIncomeContinuousOperations;OperatingIncome,ALA
income_statement,net income loss applicable to controlling interests,NetIncomeContinuousOperations,1,single:1,NetIncome;NetIncomeFromContinuingAndDiscontinuedOperation;OperatingIncome,ALA
income_statement,net income loss after taxes,NetIncome,1,single:1,NetIncomeContinuousOperations;NetIncomeFromContinuingAndDiscontinuedOperation,ALA
balance_sheet,operating lease liabilities,LongTermDebtAndCapitalLeaseObligation,1,residual:3,CurrentDebtAndCapitalLeaseObligation;OtherCurrentAssets,ALA
cash_flow,redemption of preferred shares,CapitalExpenditure,1,residual:1,ChangeInWorkingCapital;NetIncomeFromContinuingOperations;NetIssuancePaymentsOfDebt,ALA
income_statement,deferred,TaxProvision,1,single:1,DepreciationAmortizationDepletion;EBIT;EBITDA;InterestExpenseNonOperating;NetInterestIncome,ALA
balance_sheet,accounts receivable net of credit losses of 39 million,AccountsReceivable,1,single:1,Receivables,ALA
balance_sheet,accounts receivable net of credit losses of 39 million,Receivables,1,single:1,AccountsReceivable,ALA
balance_sheet,asset retirement obligations,OtherCurrentAssets,1,single:1,AccountsPayable;OtherIntangibleAssets;TotalEquityGrossMinorityInterest,ALA
balance_sheet,operating lease liabilities,CurrentDebtAndCapitalLeaseObligation,1,residual:3,LongTermDebtAndCapitalLeaseObligation;OtherCurrentAssets,ALA
cash_flow,redemption of preferred shares,ChangeInWorkingCapital,1,single:1,CapitalExpenditure;NetIncomeFromContinuingOperations;NetIssuancePaymentsOfDebt,ALA
cash_flow,proceeds from disposition of equity investments,SaleOfBusiness,1,single:4,ChangeInPrepaidAssets,ALA
cash_flow,net proceeds from shares issued on exercise of options,NetOtherInvestingChanges,1,single:1,NetOtherFinancingCharges,ALA
balance_sheet,accounts receivable net of credit losses of 41 million,AccountsReceivable,1,single:1,Receivables,ALA
balance_sheet,accounts receivable net of credit losses of 41 million,Receivables,1,single:1,AccountsReceivable,ALA
cash_flow,proceeds from disposition of assets net of transaction costs,NetIncomeFromContinuingOperations,1,single:1,NetOtherInvestingChanges;PurchaseOfBusiness,ALA
cash_flow,capital expenditures property plant and equipment,PurchaseOfPPE,1,single:5,CapitalExpenditure;RepaymentOfDebt,ALA
cash_flow,capital expenditures property plant and equipment,CapitalExpenditure,1,single:5,PurchaseOfPPE;RepaymentOfDebt,ALA
balance_sheet,accounts receivable net of credit losses of 29 million,AccountsReceivable,1,single:1,Receivables,ALA
balance_sheet,accounts receivable net of credit losses of 29 million,Receivables,1,single:1,AccountsReceivable,ALA
balance_sheet,deferred income taxes,OtherCurrentAssets,1,single:1,AccountsPayable;OtherReceivables;PreferredStock;Receivables;TotalLiabilities,ALA
cash_flow,redemption of preferred shares,NetIncomeFromContinuingOperations,1,single:1,CapitalExpenditure;ChangeInWorkingCapital;NetIssuancePaymentsOfDebt,ALA
cash_flow,purchase of remaining non controlling interest in a subsidiary,NetIncomeFromContinuingOperations,1,sumlab:1,PurchaseOfBusiness,ALA
cash_flow,purchase of remaining non controlling interest in a subsidiary,PurchaseOfBusiness,1,single:2,NetIncomeFromContinuingOperations,ALA
cash_flow,proceeds from disposition of assets net of transaction costs,NetOtherInvestingChanges,1,single:4,NetIncomeFromContinuingOperations;PurchaseOfBusiness,ALA
balance_sheet,accounts receivable net of credit losses of 31 million,Receivables,1,single:1,AccountsPayable,ALA
balance_sheet,operating lease liabilities,OtherCurrentAssets,1,single:1,CurrentDebtAndCapitalLeaseObligation;LongTermDebtAndCapitalLeaseObligation,ALA
balance_sheet,accounts receivable net of credit losses of 31 million,AccountsPayable,1,single:1,Receivables,ALA
cash_flow,repayment of long term debt and finance lease liabilities,CashDividendsPaid,1,single:1,RepaymentOfDebt,ALA
cash_flow,proceeds from disposition of equity investments,ChangeInPrepaidAssets,1,single:1,SaleOfBusiness,ALA
income_statement,net income applicable to controlling interests,NetIncomeContinuousOperations,1,single:2,DilutedAverageShares;NetIncome;NetIncomeFromContinuingAndDiscontinuedOperation,ALA
balance_sheet,deferred income taxes,Receivables,1,single:1,AccountsPayable;OtherCurrentAssets;OtherReceivables;PreferredStock;TotalLiabilities,ALA
balance_sheet,other long term liabilities,OtherReceivables,1,single:1,AccountsReceivable;OtherCurrentAssets,ALA
cash_flow,contributions to equity investments,ChangeInPrepaidAssets,1,sumlab:1,ChangeInPayablesAndAccruedExpense;NetOtherInvestingChanges;PurchaseOfBusiness,ALA
cash_flow,distributions to non controlling interests,ChangeInOtherWorkingCapital,1,single:2,ChangeInReceivables,ALA
cash_flow,proceeds from disposition of assets net of transaction costs,PurchaseOfBusiness,1,single:1,NetIncomeFromContinuingOperations;NetOtherInvestingChanges,ALA
cash_flow,contributions to equity investments,NetOtherInvestingChanges,1,single:2,ChangeInPayablesAndAccruedExpense;ChangeInPrepaidAssets;PurchaseOfBusiness,ALA
income_statement,net income after taxes,NetIncome,1,single:1,NetIncomeContinuousOperations;NetIncomeFromContinuingAndDiscontinuedOperation;OperatingIncome,ALA
cash_flow,unrealized losses gains on risk management contracts,ChangeInReceivables,1,single:1,NetOtherInvestingChanges,ALA
cash_flow,redemption of preferred shares,NetIssuancePaymentsOfDebt,1,single:1,CapitalExpenditure;ChangeInWorkingCapital;NetIncomeFromContinuingOperations,ALA
cash_flow,repayment of long term debt and finance lease liabilities,RepaymentOfDebt,1,single:1,CashDividendsPaid,ALA
income_statement,balance beginning of year 236 615 2 917 6,NetIncomeFromContinuingAndDiscontinuedOperation,1,single:1,NetIncomeContinuousOperations,ARX
income_statement,balance beginning of year 236 615 2 917 6,NetIncomeContinuousOperations,1,single:1,NetIncomeFromContinuingAndDiscontinuedOperation,ARX
balance_sheet,february,CashAndCashEquivalents,1,single:2,OtherReceivables,ARX
income_statement,comprehensive income for the year,NetIncomeFromContinuingAndDiscontinuedOperation,1,single:1,SellingGeneralAndAdministration,BAMI
income_statement,shareholders,NetIncomeFromContinuingAndDiscontinuedOperation,1,single:1,NetIncome,BAMI
income_statement,comprehensive income attributable to total,NetIncomeFromContinuingAndDiscontinuedOperation,1,single:1,EBIT;EBITDA;InterestExpenseNonOperating;NetInterestIncome,BAMI
income_statement,comprehensive income for the year attributable to shareholders,NetIncomeFromContinuingAndDiscontinuedOperation,1,single:1,NetIncome,BAMI
income_statement,shareholders,NetIncome,1,single:1,NetIncomeFromContinuingAndDiscontinuedOperation,BAMI
income_statement,comprehensive income for the year attributable to shareholders,NetIncome,1,single:1,NetIncomeFromContinuingAndDiscontinuedOperation,BAMI
cash_flow,income tax expense,AssetImpairmentCharge,1,single:1,CapitalExpenditure;CashDividendsPaid;ChangeInInventory;DeferredTax;DepreciationAndAmortization,BAMI
income_statement,loss before income taxes,PretaxIncome,1,single:1,NetIncomeContinuousOperations;NetIncomeFromContinuingAndDiscontinuedOperation,BKI
income_statement,loss for the year,PretaxIncome,1,single:2,NetIncomeContinuousOperations;NetIncomeFromContinuingAndDiscontinuedOperation,BKI
income_statement,loss for the year attributable to total,PretaxIncome,1,single:3,NetIncomeContinuousOperations;NetIncomeFromContinuingAndDiscontinuedOperation,BKI
income_statement,loss before income taxes,NetIncomeFromContinuingAndDiscontinuedOperation,1,single:1,NetIncomeContinuousOperations;PretaxIncome,BKI
income_statement,loss for the year,NetIncomeFromContinuingAndDiscontinuedOperation,1,single:2,NetIncomeContinuousOperations;PretaxIncome,BKI
income_statement,loss for the year attributable to total,NetIncomeFromContinuingAndDiscontinuedOperation,1,single:3,NetIncomeContinuousOperations;PretaxIncome,BKI
income_statement,loss before income taxes,NetIncomeContinuousOperations,1,single:1,NetIncomeFromContinuingAndDiscontinuedOperation;PretaxIncome,BKI
income_statement,loss for the year,NetIncomeContinuousOperations,1,single:2,NetIncomeFromContinuingAndDiscontinuedOperation;PretaxIncome,BKI
income_statement,loss for the year attributable to total,NetIncomeContinuousOperations,1,single:3,NetIncomeFromContinuingAndDiscontinuedOperation;PretaxIncome,BKI
income_statement,owners of the parent,NetIncome,1,single:2,NetIncomeContinuousOperations;NetIncomeFromContinuingAndDiscontinuedOperation;OtherIncomeExpense;PretaxIncome,BKI
income_statement,impairment of exploration and evaluation assets,OtherIncomeExpense,1,single:1,NetIncome,BKI
income_statement,owners of the parent,OtherIncomeExpense,1,single:1,NetIncome;NetIncomeContinuousOperations;NetIncomeFromContinuingAndDiscontinuedOperation;PretaxIncome,BKI
income_statement,total comprehensive loss for the year,PretaxIncome,1,single:1,NetIncomeContinuousOperations;NetIncomeFromContinuingAndDiscontinuedOperation;OperatingIncome,BKI
income_statement,total comprehensive loss for the year,NetIncomeFromContinuingAndDiscontinuedOperation,1,single:1,NetIncomeContinuousOperations;OperatingIncome;PretaxIncome,BKI
income_statement,total comprehensive loss for the year,NetIncomeContinuousOperations,1,single:1,NetIncomeFromContinuingAndDiscontinuedOperation;OperatingIncome;PretaxIncome,BKI
income_statement,impairment of exploration and evaluation assets,NetIncome,1,single:1,OtherIncomeExpense,BKI
income_statement,net loss for the year,PretaxIncome,1,single:4,EBIT;EBITDA;NetIncomeContinuousOperations;NetIncomeFromContinuingAndDiscontinuedOperation;OperatingIncome,BKI
income_statement,owners of the parent,PretaxIncome,1,single:1,NetIncome;NetIncomeContinuousOperations;NetIncomeFromContinuingAndDiscontinuedOperation;OtherIncomeExpense,BKI
income_statement,net loss for the year,NetIncomeFromContinuingAndDiscontinuedOperation,1,single:4,EBIT;EBITDA;NetIncomeContinuousOperations;OperatingIncome;PretaxIncome,BKI
income_statement,owners of the parent,NetIncomeFromContinuingAndDiscontinuedOperation,1,single:1,NetIncome;NetIncomeContinuousOperations;OtherIncomeExpense;PretaxIncome,BKI
income_statement,net loss for the year,NetIncomeContinuousOperations,1,single:4,EBIT;EBITDA;NetIncomeFromContinuingAndDiscontinuedOperation;OperatingIncome;PretaxIncome,BKI
income_statement,owners of the parent,NetIncomeContinuousOperations,1,single:1,NetIncome;NetIncomeFromContinuingAndDiscontinuedOperation;OtherIncomeExpense;PretaxIncome,BKI
income_statement,total comprehensive loss for the year,OperatingIncome,1,residual:1,NetIncomeContinuousOperations;NetIncomeFromContinuingAndDiscontinuedOperation;PretaxIncome,BKI
income_statement,change in fair value of investment,OperatingIncome,1,sumlab:1,EBIT;EBITDA,BKI
income_statement,change in fair value of investment,EBIT,1,sumlab:1,EBITDA;OperatingIncome,BKI
income_statement,change in fair value of investment,EBITDA,1,sumlab:1,EBIT;OperatingIncome,BKI
balance_sheet,liability component of convertible debenture,LongTermDebtAndCapitalLeaseObligation,1,single:1,LongTermDebt,BKI
balance_sheet,liability component of convertible debenture,LongTermDebt,1,single:1,LongTermDebtAndCapitalLeaseObligation,BKI
cash_flow,convertible debenture,NetIssuancePaymentsOfDebt,1,single:1,IssuanceOfDebt,BKI
cash_flow,convertible debenture,IssuanceOfDebt,1,single:1,NetIssuancePaymentsOfDebt,BKI
income_statement,net loss for the year,OperatingIncome,1,single:4,EBIT;EBITDA;NetIncomeContinuousOperations;NetIncomeFromContinuingAndDiscontinuedOperation;PretaxIncome,BKI
income_statement,comprehensive loss for the year,OperatingIncome,1,single:2,EBIT;EBITDA;NetIncomeContinuousOperations;NetIncomeFromContinuingAndDiscontinuedOperation;PretaxIncome,BKI
income_statement,net loss for the year 5 827 489,OperatingIncome,1,single:1,EBIT;EBITDA;NetIncomeContinuousOperations;NetIncomeFromContinuingAndDiscontinuedOperation;PretaxIncome,BKI
income_statement,comprehensive loss for the year,PretaxIncome,1,single:2,EBIT;EBITDA;NetIncomeContinuousOperations;NetIncomeFromContinuingAndDiscontinuedOperation;OperatingIncome,BKI
income_statement,net loss for the year 5 827 489,PretaxIncome,1,single:1,EBIT;EBITDA;NetIncomeContinuousOperations;NetIncomeFromContinuingAndDiscontinuedOperation;OperatingIncome,BKI
income_statement,comprehensive loss for the year,NetIncomeFromContinuingAndDiscontinuedOperation,1,single:2,EBIT;EBITDA;NetIncomeContinuousOperations;OperatingIncome;PretaxIncome,BKI
income_statement,net loss for the year 5 827 489,NetIncomeFromContinuingAndDiscontinuedOperation,1,single:1,EBIT;EBITDA;NetIncomeContinuousOperations;OperatingIncome;PretaxIncome,BKI
income_statement,comprehensive loss for the year,NetIncomeContinuousOperations,1,single:2,EBIT;EBITDA;NetIncomeFromContinuingAndDiscontinuedOperation;OperatingIncome;PretaxIncome,BKI
income_statement,net loss for the year 5 827 489,NetIncomeContinuousOperations,1,single:1,EBIT;EBITDA;NetIncomeFromContinuingAndDiscontinuedOperation;OperatingIncome;PretaxIncome,BKI
income_statement,net loss for the year,EBIT,1,single:4,EBITDA;NetIncomeContinuousOperations;NetIncomeFromContinuingAndDiscontinuedOperation;OperatingIncome;PretaxIncome,BKI
income_statement,comprehensive loss for the year,EBIT,1,single:2,EBITDA;NetIncomeContinuousOperations;NetIncomeFromContinuingAndDiscontinuedOperation;OperatingIncome;PretaxIncome,BKI
income_statement,net loss for the year 5 827 489,EBIT,1,single:1,EBITDA;NetIncomeContinuousOperations;NetIncomeFromContinuingAndDiscontinuedOperation;OperatingIncome;PretaxIncome,BKI
income_statement,net loss for the year,EBITDA,1,single:4,EBIT;NetIncomeContinuousOperations;NetIncomeFromContinuingAndDiscontinuedOperation;OperatingIncome;PretaxIncome,BKI
income_statement,comprehensive loss for the year,EBITDA,1,single:2,EBIT;NetIncomeContinuousOperations;NetIncomeFromContinuingAndDiscontinuedOperation;OperatingIncome;PretaxIncome,BKI
income_statement,net loss for the year 5 827 489,EBITDA,1,single:1,EBIT;NetIncomeContinuousOperations;NetIncomeFromContinuingAndDiscontinuedOperation;OperatingIncome;PretaxIncome,BKI
income_statement,basic and diluted loss per share,BasicEPS,1,single:1,DilutedEPS,BKI
income_statement,basic and diluted loss per share,DilutedEPS,1,single:1,BasicEPS,BKI
income_statement,gain on foreign exchange,InterestIncome,1,single:1,NetInterestIncome,BKI
income_statement,gain on foreign exchange,NetInterestIncome,1,single:1,InterestIncome,BKI
income_statement,interest income,NetInterestIncome,1,single:3,InterestIncome,BKI
income_statement,net loss and comprehensive loss 1 580 905,OperatingIncome,1,single:1,EBIT;EBITDA;NetIncomeContinuousOperations;NetIncomeFromContinuingAndDiscontinuedOperation;PretaxIncome,BKI
income_statement,net loss and comprehensive loss 1 580 905,PretaxIncome,1,single:1,EBIT;EBITDA;NetIncomeContinuousOperations;NetIncomeFromContinuingAndDiscontinuedOperation;OperatingIncome,BKI
income_statement,net loss and comprehensive loss 1 580 905,NetIncomeFromContinuingAndDiscontinuedOperation,1,single:1,EBIT;EBITDA;NetIncomeContinuousOperations;OperatingIncome;PretaxIncome,BKI
income_statement,net loss and comprehensive loss 1 580 905,NetIncomeContinuousOperations,1,single:1,EBIT;EBITDA;NetIncomeFromContinuingAndDiscontinuedOperation;OperatingIncome;PretaxIncome,BKI
income_statement,net loss and comprehensive loss 1 580 905,EBIT,1,single:1,EBITDA;NetIncomeContinuousOperations;NetIncomeFromContinuingAndDiscontinuedOperation;OperatingIncome;PretaxIncome,BKI
income_statement,net loss and comprehensive loss 1 580 905,EBITDA,1,single:1,EBIT;NetIncomeContinuousOperations;NetIncomeFromContinuingAndDiscontinuedOperation;OperatingIncome;PretaxIncome,BKI
balance_sheet,lease liability,CurrentDebtAndCapitalLeaseObligation,1,single:2,LongTermDebtAndCapitalLeaseObligation;Receivables,BKI
cash_flow,option exercise,DepreciationAmortizationDepletion,1,single:1,NetOtherFinancingCharges,BKI
cash_flow,option exercise,NetOtherFinancingCharges,1,single:1,DepreciationAmortizationDepletion,BKI
income_statement,income tax recovery expense total,TaxProvision,1,single:2,NetIncome,BRY
income_statement,net loss earnings and comprehensive loss income,NetIncomeFromContinuingAndDiscontinuedOperation,1,single:2,NetIncome;NetIncomeContinuousOperations,BRY
income_statement,net loss earnings and comprehensive loss income,NetIncomeContinuousOperations,1,single:2,NetIncome;NetIncomeFromContinuingAndDiscontinuedOperation,BRY
income_statement,net loss earnings and comprehensive loss income,NetIncome,1,single:2,NetIncomeContinuousOperations;NetIncomeFromContinuingAndDiscontinuedOperation,BRY
cash_flow,net loss earnings,NetIncomeFromContinuingOperations,1,single:1,FreeCashFlow;IssuanceOfDebt,BRY
cash_flow,non cash items total,OperatingCashFlow,1,single:3,FreeCashFlow,BRY
cash_flow,non cash items total,FreeCashFlow,1,residual:2+sumlab:1,OperatingCashFlow,BRY
balance_sheet,promissory notes payable,LongTermDebtAndCapitalLeaseObligation,1,residual:1,OtherCurrentAssets,BRY
cash_flow,advances repayments of operating line,FreeCashFlow,1,residual:1,NetOtherFinancingCharges,BRY
cash_flow,advances repayments of operating line,NetOtherFinancingCharges,1,single:1,FreeCashFlow,BRY
cash_flow,advances of operating line,NetOtherFinancingCharges,1,single:1,NetIssuancePaymentsOfDebt,BRY
balance_sheet,promissory notes payable,OtherCurrentAssets,1,single:1,LongTermDebtAndCapitalLeaseObligation,BRY
cash_flow,repayment of promissory notes payable,ChangeInReceivables,1,sumlab:1,ChangeInPrepaidAssets;NetOtherFinancingCharges,BRY
cash_flow,advances of operating line,NetIssuancePaymentsOfDebt,1,single:1,NetOtherFinancingCharges,BRY
cash_flow,repayment of promissory notes payable,NetOtherFinancingCharges,1,sumlab:1,ChangeInPrepaidAssets;ChangeInReceivables,BRY
cash_flow,repayment of promissory notes payable,ChangeInPrepaidAssets,1,sumlab:1,ChangeInReceivables;NetOtherFinancingCharges,BRY
income_statement,interest on long term debt,InterestExpenseNonOperating,1,sumlab:1,EBIT;NetInterestIncome,BRY
income_statement,shareholders of the company,OperatingIncome,1,residual:1,EBIT;InterestExpenseNonOperating;NetIncome;NetIncomeFromContinuingAndDiscontinuedOperation,BRY
income_statement,net loss attributable to total,OperatingIncome,1,single:1,EBIT,BRY
income_statement,from net loss earnings for the year,BasicEPS,1,single:2,DilutedEPS,BRY
income_statement,from net loss earnings for the year,DilutedEPS,1,single:2,BasicEPS,BRY
balance_sheet,warrants,RetainedEarnings,1,single:2,OtherEquityInterest,BRY
cash_flow,repayments of obligations under finance lease,NetIssuancePaymentsOfDebt,1,residual:2,AssetImpairmentCharge,BRY
cash_flow,foreign exchange loss on debt,ChangeInOtherWorkingCapital,1,single:1,ChangeInPrepaidAssets,BRY
cash_flow,interest paid on debt and finance leases,ChangeInOtherWorkingCapital,1,single:1,NetOtherFinancingCharges,BRY
cash_flow,repayments of obligations under finance lease,AssetImpairmentCharge,1,single:1,NetIssuancePaymentsOfDebt,BRY
cash_flow,foreign exchange loss on debt,ChangeInPrepaidAssets,1,single:1,ChangeInOtherWorkingCapital,BRY
cash_flow,advances on bank indebtedness,IssuanceOfDebt,1,single:6,NetOtherFinancingCharges,BRY
cash_flow,interest paid on debt and finance leases,NetOtherFinancingCharges,1,single:4,ChangeInOtherWorkingCapital,BRY
cash_flow,advances on bank indebtedness,NetOtherFinancingCharges,1,single:1,IssuanceOfDebt,BRY
income_statement,foreign currency translation adjustment,EBITDA,1,single:1,CostOfRevenue,BRY
balance_sheet,balance beginning of year,OtherCurrentAssets,1,single:1,GainsLossesNotAffectingRetainedEarnings,BRY
income_statement,net profit,NetIncomeFromContinuingAndDiscontinuedOperation,1,single:2,NetIncome;NetIncomeContinuousOperations,BRY
income_statement,net profit,NetIncomeContinuousOperations,1,single:2,NetIncome;NetIncomeFromContinuingAndDiscontinuedOperation,BRY
income_statement,net profit,NetIncome,1,single:2,NetIncomeContinuousOperations;NetIncomeFromContinuingAndDiscontinuedOperation,BRY
income_statement,net loss profit,NetIncomeFromContinuingAndDiscontinuedOperation,1,single:1,NetIncome;NetIncomeContinuousOperations,BRY
income_statement,net loss profit,NetIncomeContinuousOperations,1,single:1,NetIncome;NetIncomeFromContinuingAndDiscontinuedOperation,BRY
income_statement,net loss profit,NetIncome,1,single:1,NetIncomeContinuousOperations;NetIncomeFromContinuingAndDiscontinuedOperation,BRY
income_statement,net profit loss,NetIncomeFromContinuingAndDiscontinuedOperation,1,single:2,NetIncome;NetIncomeContinuousOperations,BRY
income_statement,net profit loss,NetIncomeContinuousOperations,1,single:2,NetIncome;NetIncomeFromContinuingAndDiscontinuedOperation,BRY
income_statement,net profit loss,NetIncome,1,single:2,NetIncomeContinuousOperations;NetIncomeFromContinuingAndDiscontinuedOperation,BRY
income_statement,deferred,DepreciationAmortizationDepletion,1,single:1,EBIT;EBITDA;InterestExpenseNonOperating;NetInterestIncome;TaxProvision,BRY
income_statement,income tax recovery expense total,NetIncome,1,residual:1,TaxProvision,BRY
income_statement,net loss before tax,PretaxIncome,1,single:5,EBIT,CDR
income_statement,net loss per share,BasicEPS,1,single:2,DilutedEPS,CDR
income_statement,net loss per share,DilutedEPS,1,single:2,BasicEPS,CDR
income_statement,transaction costs,CostOfRevenue,1,single:2,NetIncomeContinuousOperations,CDR
income_statement,net loss before tax,EBIT,1,single:2,PretaxIncome,CDR
income_statement,basic and diluted net loss per share,BasicEPS,1,single:11,DilutedEPS,CDR
income_statement,basic and diluted net loss per share,DilutedEPS,1,single:11,BasicEPS,CDR
cash_flow,cash and cash equivalents beginning,BeginningCashPosition,1,single:11,FinancingCashFlow,CDR
cash_flow,cash and cash equivalents ending,EndCashPosition,1,single:10,BeginningCashPosition,CDR
income_statement,foreign currency translation adjustment,CostOfRevenue,1,single:1,EBITDA,CDR
income_statement,deferred income tax recovery expense,PretaxIncome,1,residual:1,NetInterestIncome;TaxProvision,CDR
income_statement,deferred income tax recovery expense,TaxProvision,1,single:2,NetInterestIncome;PretaxIncome,CDR
balance_sheet,long term borrowings,LongTermDebtAndCapitalLeaseObligation,1,single:2,LongTermDebt,CDR
balance_sheet,long term borrowings,LongTermDebt,1,single:2,LongTermDebtAndCapitalLeaseObligation,CDR
cash_flow,property plant and equipment expenditures,PurchaseOfPPE,1,single:10,CapitalExpenditure;FreeCashFlow,CDR
cash_flow,property plant and equipment expenditures,CapitalExpenditure,1,single:9,FreeCashFlow;PurchaseOfPPE,CDR
cash_flow,net proceeds from borrowings,NetIssuancePaymentsOfDebt,1,single:2,IssuanceOfDebt,CDR
cash_flow,cash from used in financing activities,NetIssuancePaymentsOfDebt,1,single:1,FinancingCashFlow;IssuanceOfDebt,CDR
cash_flow,property plant and equipment expenditures,FreeCashFlow,1,residual:5,CapitalExpenditure;PurchaseOfPPE,CDR
cash_flow,net proceeds from borrowings,IssuanceOfDebt,1,single:2,NetIssuancePaymentsOfDebt,CDR
cash_flow,cash from used in financing activities,IssuanceOfDebt,1,single:1,FinancingCashFlow;NetIssuancePaymentsOfDebt,CDR
cash_flow,repayment of borrowings,NetIssuancePaymentsOfDebt,1,single:1,RepaymentOfDebt,CDR
cash_flow,cash from used in financing activities,FinancingCashFlow,1,single:1,IssuanceOfDebt;NetIssuancePaymentsOfDebt,CDR
cash_flow,repayment of borrowings,RepaymentOfDebt,1,single:1,NetIssuancePaymentsOfDebt,CDR
income_statement,net loss 10 100,PretaxIncome,1,single:1,NetIncomeContinuousOperations,CDR
income_statement,net loss 10 100,NetIncomeContinuousOperations,1,single:1,PretaxIncome,CDR
balance_sheet,current portion of provisions,Inventory,1,single:1,OtherCurrentAssets;OtherEquityInterest,CDR
balance_sheet,provisions,TotalNonCurrentLiabilities,1,single:1,AccountsPayable;CashCashEquivalentsAndShortTermInvestments;CurrentDebtAndCapitalLeaseObligation;OtherCurrentAssets;OtherEquityInterest;OtherIntangibleAssets;OtherReceivables,CDR
cash_flow,cash and cash equivalents beginning,FinancingCashFlow,1,single:1,BeginningCashPosition,CDR
cash_flow,cash and cash equivalents ending,BeginningCashPosition,1,single:1,EndCashPosition,CDR
balance_sheet,provisions,AccountsPayable,1,single:2,CashCashEquivalentsAndShortTermInvestments;CurrentDebtAndCapitalLeaseObligation;OtherCurrentAssets;OtherEquityInterest;OtherIntangibleAssets;OtherReceivables;TotalNonCurrentLiabilities,CDR
balance_sheet,loan facility,LongTermDebtAndCapitalLeaseObligation,1,single:2,LongTermDebt,CDR
balance_sheet,loan facility,LongTermDebt,1,single:3,LongTermDebtAndCapitalLeaseObligation,CDR
cash_flow,proceeds from repayment of loan facility,NetIssuancePaymentsOfDebt,1,single:1,IssuanceOfDebt,CDR
cash_flow,proceeds from repayment of loan facility,IssuanceOfDebt,1,single:1,NetIssuancePaymentsOfDebt,CDR
cash_flow,proceeds from convertible debentures 12b,IssuanceOfDebt,1,single:1,DepreciationAmortizationDepletion,CDR
cash_flow,proceeds from convertible debentures 12b,DepreciationAmortizationDepletion,1,single:1,IssuanceOfDebt,CDR
income_statement,deferred income tax,NetInterestIncome,1,single:1,DilutedAverageShares,CHR
cash_flow,charges credits to operations not involving cash total,OperatingCashFlow,1,single:9,IssuanceOfDebt,CHR
cash_flow,repayment of long term borrowings,CashDividendsPaid,1,single:2,EndCashPosition,CHR
cash_flow,increase in restricted cash,NetOtherInvestingChanges,1,single:1,ChangeInReceivables,CHR
income_statement,airport and navigation fees,EBITDA,1,sumlab:1,NetIncomeDiscontinuousOperations,CHR
cash_flow,charges credits to operations not involving cash total,IssuanceOfDebt,1,sumlab:1,OperatingCashFlow,CHR
balance_sheet,other long term liabilities,AccountsReceivable,1,single:1,OtherCurrentAssets;OtherReceivables,CHR
cash_flow,increase in restricted cash,ChangeInReceivables,1,single:1,NetOtherInvestingChanges,CHR
cash_flow,depreciation amortization and impairment,DepreciationAmortizationDepletion,1,single:5,BeginningCashPosition,CHR
cash_flow,cash and restricted cash beginning of years,DepreciationAmortizationDepletion,1,single:1,BeginningCashPosition,CHR
cash_flow,issuance of shares and warrants net of transaction costs,CommonStockIssuance,1,single:2,PurchaseOfBusiness,CHR
cash_flow,depreciation amortization and impairment,BeginningCashPosition,1,single:1,DepreciationAmortizationDepletion,CHR
cash_flow,cash and restricted cash beginning of years,BeginningCashPosition,1,single:2,DepreciationAmortizationDepletion,CHR
cash_flow,cash and restricted cash end of years,EndCashPosition,1,single:5,IssuanceOfDebt,CHR
cash_flow,cash and restricted cash end of years,IssuanceOfDebt,1,single:1,EndCashPosition,CHR
income_statement,deferred income tax,DilutedAverageShares,1,sumlab:1,NetInterestIncome,CHR
cash_flow,business and aircraft acquisition net of cash acquired,CommonStockIssuance,1,single:1,PurchaseOfBusiness,CHR
cash_flow,issuance of shares and warrants net of transaction costs,PurchaseOfBusiness,1,single:1,CommonStockIssuance,CHR
cash_flow,business and aircraft acquisition net of cash acquired,PurchaseOfBusiness,1,single:1,CommonStockIssuance,CHR
cash_flow,repayment of long term borrowings,EndCashPosition,1,single:1,CashDividendsPaid,CHR
cash_flow,repayment of lease liabilities,NetOtherInvestingChanges,1,single:1,ChangeInOtherWorkingCapital;NetIssuancePaymentsOfDebt;RepaymentOfDebt,CHR
cash_flow,cash used in discontinued operations,NetOtherFinancingCharges,1,single:3,FreeCashFlow,CHR
income_statement,airport and navigation fees,NetIncomeDiscontinuousOperations,1,single:1,EBITDA,CHR
cash_flow,cash used in discontinued operations,FreeCashFlow,1,single:2,NetOtherFinancingCharges,CHR
cash_flow,cash used in continuing operations,FreeCashFlow,1,sumlab:1+single:1,BeginningCashPosition;NetOtherFinancingCharges,CHR
cash_flow,cash used in continuing operations,NetOtherFinancingCharges,1,sumlab:1,BeginningCashPosition;FreeCashFlow,CHR
income_statement,terminal handling services,InterestExpenseNonOperating,1,single:1,EBIT,CHR
income_statement,terminal handling services,EBIT,1,residual:1,InterestExpenseNonOperating,CHR
cash_flow,cash used in continuing operations,BeginningCashPosition,1,single:1,FreeCashFlow;NetOtherFinancingCharges,CHR
income_statement,energy purchases and fuel,CostOfRevenue,1,single:9,EBITDA,CPX
income_statement,income before non controlling interests,NetIncomeFromContinuingAndDiscontinuedOperation,1,single:1,NetIncomeContinuousOperations,CPX
income_statement,income before non controlling interests,NetIncomeContinuousOperations,1,single:1,NetIncomeFromContinuingAndDiscontinuedOperation,CPX
cash_flow,distributions to non controlling interests,ChangeInReceivables,1,single:2,ChangeInOtherWorkingCapital,CPX
cash_flow,preferred share dividends paid by subsidiary,ChangeInInventory,1,single:1,EffectOfExchangeRateChanges;NetOtherInvestingChanges,CPX
cash_flow,business acquisition net of acquired cash,PurchaseOfBusiness,1,single:7,DeferredTax,CPX
cash_flow,unrealized foreign exchange losses,NetOtherInvestingChanges,1,single:2,ChangeInPrepaidAssets,CPX
cash_flow,preferred share dividends paid by subsidiary,EffectOfExchangeRateChanges,1,single:1,ChangeInInventory;NetOtherInvestingChanges,CPX
income_statement,finance expense,NetInterestIncome,1,single:1,EBITDA;InterestExpenseNonOperating;InterestIncome;OtherIncomeExpense,CPX
balance_sheet,derivative instruments assets,OtherCurrentAssets,1,single:1,AccumulatedDepreciation,CPX
balance_sheet,derivative instruments assets,AccumulatedDepreciation,1,sumlab:1,OtherCurrentAssets,CPX
cash_flow,income tax recovery,ChangeInInventory,1,single:1,DeferredTax,CPX
cash_flow,unrealized foreign exchange losses,ChangeInPrepaidAssets,1,single:1,NetOtherInvestingChanges,CPX
cash_flow,proceeds on disposal of assets,AssetImpairmentCharge,1,single:1,NetIntangiblesPurchaseAndSale;SaleOfPPE,CPX
cash_flow,proceeds on sale of power syndicate agreement,AssetImpairmentCharge,1,single:1,NetIntangiblesPurchaseAndSale,CPX
cash_flow,impairments,NetIntangiblesPurchaseAndSale,1,single:1,AssetImpairmentCharge;BeginningCashPosition;NetOtherFinancingCharges,CPX
cash_flow,proceeds on disposal of assets,NetIntangiblesPurchaseAndSale,1,single:1,AssetImpairmentCharge;SaleOfPPE,CPX
cash_flow,proceeds on sale of power syndicate agreement,NetIntangiblesPurchaseAndSale,1,single:1,AssetImpairmentCharge,CPX
cash_flow,preferred share dividends paid by subsidiary,NetOtherInvestingChanges,1,single:2,ChangeInInventory;EffectOfExchangeRateChanges,CPX
income_statement,shareholders of the company,InterestExpenseNonOperating,1,single:1,EBIT;NetIncome;NetIncomeFromContinuingAndDiscontinuedOperation;OperatingIncome,CPX
income_statement,shareholders of the company,EBIT,1,residual:1,InterestExpenseNonOperating;NetIncome;NetIncomeFromContinuingAndDiscontinuedOperation;OperatingIncome,CPX
balance_sheet,operating activities,AccountsPayable,1,single:1,AccountsReceivable,CPX
cash_flow,pre projected total,ChangeInInventory,1,single:1,EffectOfExchangeRateChanges,CPX
cash_flow,revenues unaudited millions,ChangeInPayablesAndAccruedExpense,1,single:1,EndCashPosition;NetIssuancePaymentsOfDebt,CPX
cash_flow,other comprehensive income total,ChangeInPayablesAndAccruedExpense,1,sumlab:1,EffectOfExchangeRateChanges;RepaymentOfDebt,CPX
cash_flow,adjusted ebitda unaudited millions,PurchaseOfPPE,1,sumlab:1,DeferredTax,CPX
cash_flow,revenues unaudited millions,NetIssuancePaymentsOfDebt,1,single:1,ChangeInPayablesAndAccruedExpense;EndCashPosition,CPX
cash_flow,normalized earnings attributable to common shareholders,FreeCashFlow,1,single:1,NetOtherFinancingCharges,CPX
balance_sheet,loans and borrowings,LongTermDebtAndCapitalLeaseObligation,1,residual:8+single:4,CommonStock;CurrentDebtAndCapitalLeaseObligation;LongTermDebt,CPX
balance_sheet,loans and borrowings,LongTermDebt,1,single:11,CommonStock;CurrentDebtAndCapitalLeaseObligation;LongTermDebtAndCapitalLeaseObligation,CPX
balance_sheet,loans and borrowings,CommonStock,1,single:1,CurrentDebtAndCapitalLeaseObligation;LongTermDebt;LongTermDebtAndCapitalLeaseObligation,CPX
cash_flow,funds from operations,PurchaseOfPPE,1,sumlab:1,ChangeInReceivables,CPX
cash_flow,north carolina u s contracted plants total,InvestingCashFlow,1,sumlab:1,DeferredTax,CPX
cash_flow,unrealized gains on alberta energy derivatives,CommonStockIssuance,1,single:1,ChangeInOtherWorkingCapital,CPX
cash_flow,realized power price mwh,BeginningCashPosition,1,single:1,NetOtherFinancingCharges,CPX
cash_flow,impairments,BeginningCashPosition,1,single:2,AssetImpairmentCharge;NetIntangiblesPurchaseAndSale;NetOtherFinancingCharges,CPX
cash_flow,revenues unaudited millions,EndCashPosition,1,single:1,ChangeInPayablesAndAccruedExpense;NetIssuancePaymentsOfDebt,CPX
cash_flow,cplp declared,ChangeInOtherWorkingCapital,1,single:1,AssetImpairmentCharge,CPX
cash_flow,november,ChangeInOtherWorkingCapital,1,sumlab:1,DeferredTax,CPX
cash_flow,north carolina u s contracted plants total,DeferredTax,1,single:1,InvestingCashFlow,CPX
cash_flow,unrealized gains losses on natural gas derivatives 6 6,DeferredTax,1,single:1,ChangeInOtherWorkingCapital,CPX
cash_flow,adjusted ebitda unaudited millions,DeferredTax,1,single:1,PurchaseOfPPE,CPX
cash_flow,november,DeferredTax,1,single:1,ChangeInOtherWorkingCapital,CPX
cash_flow,other comprehensive income total,RepaymentOfDebt,1,single:1,ChangeInPayablesAndAccruedExpense;EffectOfExchangeRateChanges,CPX
cash_flow,realized power price mwh,NetOtherFinancingCharges,1,single:1,BeginningCashPosition,CPX
cash_flow,impairments,NetOtherFinancingCharges,1,single:2,AssetImpairmentCharge;BeginningCashPosition;NetIntangiblesPurchaseAndSale,CPX
cash_flow,other comprehensive income total,EffectOfExchangeRateChanges,1,single:1,ChangeInPayablesAndAccruedExpense;RepaymentOfDebt,CPX
cash_flow,pre projected total,EffectOfExchangeRateChanges,1,single:1,ChangeInInventory,CPX
income_statement,energy purchases and fuel,EBITDA,1,single:1,CostOfRevenue,CPX
balance_sheet,loans and borrowings,CurrentDebtAndCapitalLeaseObligation,1,single:8,CommonStock;LongTermDebt;LongTermDebtAndCapitalLeaseObligation,CPX
cash_flow,funds from operations,ChangeInReceivables,1,single:1,PurchaseOfPPE,CPX
cash_flow,purchase of property plant and equipment and other assets,PurchaseOfPPE,1,single:4,CapitalExpenditure;RepaymentOfDebt,CPX
cash_flow,repayment of loans and borrowings,NetIssuancePaymentsOfDebt,1,single:1,CapitalExpenditure;DeferredTax;PurchaseOfPPE;RepaymentOfDebt,CPX
cash_flow,unrealized gains on alberta energy derivatives,ChangeInOtherWorkingCapital,1,single:1,CommonStockIssuance,CPX
cash_flow,unrealized gains losses on natural gas derivatives 6 6,ChangeInOtherWorkingCapital,1,single:1,DeferredTax,CPX
cash_flow,cplp declared,AssetImpairmentCharge,1,single:1,ChangeInOtherWorkingCapital,CPX
cash_flow,proceeds on disposal of assets,SaleOfPPE,1,single:1,AssetImpairmentCharge;NetIntangiblesPurchaseAndSale,CPX
cash_flow,repayment of loans and borrowings,RepaymentOfDebt,1,single:7,CapitalExpenditure;DeferredTax;NetIssuancePaymentsOfDebt;PurchaseOfPPE,CPX
income_statement,other raw materials and operating charges,DilutedAverageShares,1,single:1,NetInterestIncome,CPX
cash_flow,purchase of property plant and equipment and other assets,CapitalExpenditure,1,single:3,PurchaseOfPPE;RepaymentOfDebt,CPX
income_statement,alberta commercial facilities owned,SellingGeneralAndAdministration,1,single:1,DepreciationAmortizationDepletion;PretaxIncome,CPX
income_statement,shepard energy centre,NetInterestIncome,1,single:1,DilutedAverageShares,CPX
income_statement,consolidated net income for the year ended december,EBIT,1,sumlab:1,OperatingIncome;PretaxIncome,CPX
income_statement,alberta commercial facilities owned,DepreciationAmortizationDepletion,1,single:1,PretaxIncome;SellingGeneralAndAdministration,CPX
income_statement,corporate,DilutedAverageShares,1,single:1,InterestIncome,CPX
balance_sheet,financing activities 102,Receivables,1,single:1,AccountsPayable,CPX
balance_sheet,financing activities 102,AccountsPayable,1,single:1,Receivables,CPX
income_statement,consolidated net income for the year ended december,OperatingIncome,1,single:1,EBIT;PretaxIncome,CPX
income_statement,purchase of property plant and equipment and other assets,InterestExpenseNonOperating,1,single:1,OperatingIncome;SellingGeneralAndAdministration,CPX
income_statement,corporate,InterestIncome,1,single:1,DilutedAverageShares,CPX
income_statement,consolidated net income for the year ended december,PretaxIncome,1,single:1,EBIT;OperatingIncome,CPX
income_statement,unrealized gains losses on alberta power derivatives,PretaxIncome,1,residual:1,TaxProvision,CPX
income_statement,ontario and british columbia contracted plants,PretaxIncome,1,residual:1,TaxProvision,CPX
income_statement,unrealized gains losses on alberta power derivatives,TaxProvision,1,single:1,PretaxIncome,CPX
income_statement,ontario and british columbia contracted plants,TaxProvision,1,single:1,PretaxIncome,CPX
income_statement,shepard energy centre,DilutedAverageShares,1,single:1,NetInterestIncome,CPX
income_statement,genesee,DilutedAverageShares,1,single:2,InterestExpenseNonOperating;PretaxIncome,CPX
income_statement,purchase of property plant and equipment and other assets,SellingGeneralAndAdministration,1,single:1,InterestExpenseNonOperating;OperatingIncome,CPX
income_statement,bank loans outstanding,SellingGeneralAndAdministration,1,single:1,OperatingIncome,CPX
income_statement,purchase of property plant and equipment and other assets,OperatingIncome,1,single:1,InterestExpenseNonOperating;SellingGeneralAndAdministration,CPX
income_statement,bank loans outstanding,OperatingIncome,1,single:1,SellingGeneralAndAdministration,CPX
income_statement,genesee,InterestExpenseNonOperating,1,single:1,DilutedAverageShares;PretaxIncome,CPX
income_statement,genesee,PretaxIncome,1,single:1,DilutedAverageShares;InterestExpenseNonOperating,CPX
income_statement,alberta commercial facilities owned,PretaxIncome,1,single:1,DepreciationAmortizationDepletion;SellingGeneralAndAdministration,CPX
balance_sheet,operating activities,AccountsReceivable,1,single:1,AccountsPayable,CPX
cash_flow,normalized earnings attributable to common shareholders,NetOtherFinancingCharges,1,single:1,FreeCashFlow,CPX
balance_sheet,derivative financial instruments liabilities,Receivables,1,sumlab:1,CurrentDebtAndCapitalLeaseObligation;OtherReceivables;PreferredStock,CPX
cash_flow,repayment of loans and borrowings,PurchaseOfPPE,1,single:1,CapitalExpenditure;DeferredTax;NetIssuancePaymentsOfDebt;RepaymentOfDebt,CPX
cash_flow,repayment of loans and borrowings,CapitalExpenditure,1,single:1,DeferredTax;NetIssuancePaymentsOfDebt;PurchaseOfPPE;RepaymentOfDebt,CPX
cash_flow,purchase of property plant and equipment and other assets,RepaymentOfDebt,1,single:1,CapitalExpenditure;PurchaseOfPPE,CPX
cash_flow,income tax recovery expense,EffectOfExchangeRateChanges,1,single:1,DeferredTax,CPX
income_statement,other administrative expense,DilutedAverageShares,1,single:1,NetInterestIncome,CPX
cash_flow,impairments net of reversal,AssetImpairmentCharge,1,single:1,NetOtherInvestingChanges,CPX
cash_flow,impairments net of reversal,NetOtherInvestingChanges,1,single:1,AssetImpairmentCharge,CPX
balance_sheet,government grant receivable 269 310 loans and borrowings,LongTermDebtAndCapitalLeaseObligation,1,residual:1,LongTermDebt,CPX
balance_sheet,government grant receivable 269 310 loans and borrowings,LongTermDebt,1,single:1,LongTermDebtAndCapitalLeaseObligation,CPX
cash_flow,repayment of loans and borrowings,DeferredTax,1,single:1,CapitalExpenditure;NetIssuancePaymentsOfDebt;PurchaseOfPPE;RepaymentOfDebt,CPX
income_statement,other administrative expense,NetInterestIncome,1,single:1,DilutedAverageShares,CPX
balance_sheet,derivative financial instruments liabilities,OtherReceivables,1,single:1,CurrentDebtAndCapitalLeaseObligation;PreferredStock;Receivables,CPX
balance_sheet,derivative financial instruments liabilities,CurrentDebtAndCapitalLeaseObligation,1,sumlab:1,OtherReceivables;PreferredStock;Receivables,CPX
balance_sheet,derivative financial instruments liabilities,PreferredStock,1,sumlab:1,CurrentDebtAndCapitalLeaseObligation;OtherReceivables;Receivables,CPX
cash_flow,business acquisition net of acquired cash,DeferredTax,1,single:2,PurchaseOfBusiness,CPX
income_statement,other raw materials and operating charges,NetInterestIncome,1,single:1,DilutedAverageShares,CPX
cash_flow,issue of share capital3,CommonStockIssuance,1,single:1,RepaymentOfDebt,CPX
balance_sheet,derivative financial instruments,Receivables,1,single:1,CurrentDebtAndCapitalLeaseObligation;OtherCurrentAssets,CPX
balance_sheet,provisions,OtherIntangibleAssets,1,sumlab:1,AccountsPayable;CashCashEquivalentsAndShortTermInvestments;CurrentDebtAndCapitalLeaseObligation;OtherCurrentAssets;OtherEquityInterest;OtherReceivables;TotalNonCurrentLiabilities,CPX
cash_flow,issue of share capital3,RepaymentOfDebt,1,single:1,CommonStockIssuance,CPX
balance_sheet,cash and cash equivalents note 6,CashAndCashEquivalents,1,single:1,CashCashEquivalentsAndShortTermInvestments,CVVY
balance_sheet,current portion of bank borrowings note 12,CashAndCashEquivalents,1,single:1,CashCashEquivalentsAndShortTermInvestments,CVVY
balance_sheet,cash and cash equivalents note 6,CashCashEquivalentsAndShortTermInvestments,1,single:1,CashAndCashEquivalents,CVVY
balance_sheet,current portion of bank borrowings note 12,CashCashEquivalentsAndShortTermInvestments,1,single:1,CashAndCashEquivalents,CVVY
balance_sheet,receivables note 7,Receivables,1,single:1,OtherReceivables,CVVY
balance_sheet,receivables note 7,OtherReceivables,1,single:1,Receivables,CVVY
income_statement,net loss before taxes,PretaxIncome,1,single:2,EBIT;NetIncomeContinuousOperations;NetIncomeFromContinuingAndDiscontinuedOperation,CVVY
cash_flow,restricted cash,NetOtherFinancingCharges,1,single:2,CapitalExpenditure;EffectOfExchangeRateChanges;FinancingCashFlow;NetOtherInvestingChanges;RepaymentOfDebt,CVVY
income_statement,equity holders of the company,PretaxIncome,1,single:1,DilutedAverageShares;EBIT;NetIncomeContinuousOperations;NetIncomeFromContinuingAndDiscontinuedOperation;SellingGeneralAndAdministration,CVVY
income_statement,net loss before taxes,NetIncomeFromContinuingAndDiscontinuedOperation,1,single:1,EBIT;NetIncomeContinuousOperations;PretaxIncome,CVVY
income_statement,net loss before taxes,NetIncomeContinuousOperations,1,single:1,EBIT;NetIncomeFromContinuingAndDiscontinuedOperation;PretaxIncome,CVVY
income_statement,net loss before taxes,EBIT,1,single:1,NetIncomeContinuousOperations;NetIncomeFromContinuingAndDiscontinuedOperation;PretaxIncome,CVVY
income_statement,equity holders of the company,EBIT,1,single:1,DilutedAverageShares;NetIncomeContinuousOperations;NetIncomeFromContinuingAndDiscontinuedOperation;PretaxIncome;SellingGeneralAndAdministration,CVVY
cash_flow,restricted cash,CapitalExpenditure,1,single:1,EffectOfExchangeRateChanges;FinancingCashFlow;NetOtherFinancingCharges;NetOtherInvestingChanges;RepaymentOfDebt,CVVY
cash_flow,payments on lease obligations,NetIssuancePaymentsOfDebt,1,single:1,RepaymentOfDebt,CVVY
cash_flow,payments on lease obligations,RepaymentOfDebt,1,single:1,NetIssuancePaymentsOfDebt,CVVY
cash_flow,other assets,NetOtherFinancingCharges,1,single:1,ChangeInPrepaidAssets,CVVY
income_statement,000s december 31 2025 december 31 2024 total,InterestExpenseNonOperating,1,single:1,EBITDA,CVVY
income_statement,000s december 31 2025 december 31 2024 total,EBITDA,1,residual:1,InterestExpenseNonOperating,CVVY
income_statement,research and development costs,ResearchAndDevelopment,1,single:1,InterestExpenseNonOperating;NetInterestIncome,DII.A
income_statement,income taxes total,DepreciationAmortizationDepletion,1,residual:1,TaxProvision,DII.A
balance_sheet,obligations,Receivables,1,residual:1,CashCashEquivalentsAndShortTermInvestments;OtherReceivables,DII.A
balance_sheet,obligations,OtherReceivables,1,single:1,CashCashEquivalentsAndShortTermInvestments;Receivables,DII.A
cash_flow,dividends on common shares,CashDividendsPaid,1,single:13,ChangeInPayablesAndAccruedExpense,DII.A
income_statement,research and development costs,InterestExpenseNonOperating,1,single:1,NetInterestIncome;ResearchAndDevelopment,DII.A
income_statement,research and development costs,NetInterestIncome,1,single:1,InterestExpenseNonOperating;ResearchAndDevelopment,DII.A
balance_sheet,obligations,CashCashEquivalentsAndShortTermInvestments,1,single:1,OtherReceivables;Receivables,DII.A
balance_sheet,future income taxes,Receivables,1,residual:1,CurrentDebtAndCapitalLeaseObligation;OtherCurrentAssets,DII.A
balance_sheet,future income taxes,CurrentDebtAndCapitalLeaseObligation,1,single:1,OtherCurrentAssets;Receivables,DII.A
balance_sheet,licensing and commission income,OtherReceivables,1,sumlab:1,Receivables,DII.A
balance_sheet,selling expenses,AccumulatedDepreciation,1,single:1,TotalNonCurrentLiabilities,DII.A
cash_flow,restructuring costs,ChangeInReceivables,1,single:1,NetOtherFinancingCharges,DII.A
cash_flow,finance expenses,ChangeInInventory,1,single:2,EffectOfExchangeRateChanges;FreeCashFlow,DII.A
cash_flow,other finance expenses,CapitalExpenditure,1,residual:1,NetIntangiblesPurchaseAndSale;NetIssuancePaymentsOfDebt,DII.A
cash_flow,other finance expenses,NetIssuancePaymentsOfDebt,1,residual:1,CapitalExpenditure;NetIntangiblesPurchaseAndSale,DII.A
cash_flow,income taxes expense recovery,DeferredTax,1,single:5,CapitalExpenditure,DII.A
cash_flow,amortization of deferred financing costs,SaleOfPPE,1,single:1,PurchaseOfBusiness,DII.A
cash_flow,bank indebtedness,NetIntangiblesPurchaseAndSale,1,single:2,CapitalExpenditure;NetIssuancePaymentsOfDebt,DII.A
cash_flow,other finance expenses,NetIntangiblesPurchaseAndSale,1,single:1,CapitalExpenditure;NetIssuancePaymentsOfDebt,DII.A
balance_sheet,licensing and commission income,Receivables,1,residual:1,OtherReceivables,DII.A
cash_flow,impairment losses on goodwill and intangible assets,AssetImpairmentCharge,1,single:3,FreeCashFlow,DII.A
cash_flow,restructuring and other costs,NetOtherFinancingCharges,1,single:1,ChangeInInventory,DII.A
cash_flow,finance expenses,EffectOfExchangeRateChanges,1,single:1,ChangeInInventory;FreeCashFlow,DII.A
balance_sheet,finance expenses,OtherReceivables,1,single:1,CurrentDebtAndCapitalLeaseObligation,DII.A
cash_flow,financing costs,ChangeInReceivables,1,single:1,NetOtherFinancingCharges,DII.A
cash_flow,restructuring and other costs,ChangeInInventory,1,single:1,NetOtherFinancingCharges,DII.A
cash_flow,dividends on common shares,ChangeInPayablesAndAccruedExpense,1,single:1,CashDividendsPaid,DII.A
cash_flow,impairment losses on goodwill and intangible assets,FreeCashFlow,1,single:1,AssetImpairmentCharge,DII.A
cash_flow,income taxes received,EffectOfExchangeRateChanges,1,single:2,DeferredTax,DII.A
cash_flow,income taxes received,DeferredTax,1,single:1,EffectOfExchangeRateChanges,DII.A
cash_flow,net proceeds from disposals of assets held for sale,NetOtherInvestingChanges,1,single:4,NetOtherFinancingCharges,DII.A
cash_flow,net proceeds from disposals of assets held for sale,NetOtherFinancingCharges,1,single:2,NetOtherInvestingChanges,DII.A
balance_sheet,net pension and post retirement defined benefit total,TotalNonCurrentLiabilities,1,single:4,GrossPPE,DII.A
cash_flow,income taxes expense recovery,CapitalExpenditure,1,single:1,DeferredTax,DII.A
balance_sheet,general and administrative expenses,LongTermDebtAndCapitalLeaseObligation,1,residual:1,CashCashEquivalentsAndShortTermInvestments,DII.A
balance_sheet,provisions,OtherEquityInterest,1,sumlab:1,AccountsPayable;CashCashEquivalentsAndShortTermInvestments;CurrentDebtAndCapitalLeaseObligation;OtherCurrentAssets;OtherIntangibleAssets;OtherReceivables;TotalNonCurrentLiabilities,DII.A
cash_flow,restructuring costs,NetOtherFinancingCharges,1,single:1,ChangeInReceivables,DII.A
income_statement,total comprehensive income loss,GrossProfit,1,single:2,DilutedAverageShares,DII.A
balance_sheet,other equity,CurrentDebtAndCapitalLeaseObligation,1,residual:2,OtherEquityInterest,DII.A
cash_flow,net proceeds on sale of assets held for sale,ChangeInReceivables,1,single:2,NetOtherInvestingChanges,DII.A
cash_flow,net proceeds on sale of assets held for sale,NetOtherInvestingChanges,1,single:2,ChangeInReceivables,DII.A
balance_sheet,funds held by ceding insurer,OtherReceivables,1,sumlab:1,OtherCurrentAssets,DII.A
balance_sheet,selling expenses,TotalNonCurrentLiabilities,1,single:1,AccumulatedDepreciation,DII.A
cash_flow,finance expenses,FreeCashFlow,1,single:1,ChangeInInventory;EffectOfExchangeRateChanges,DII.A
balance_sheet,funds held by ceding insurer,OtherCurrentAssets,1,residual:1,OtherReceivables,DII.A
balance_sheet,net pension and post retirement defined benefit total,GrossPPE,1,single:1,TotalNonCurrentLiabilities,DII.A
balance_sheet,finance expenses,CurrentDebtAndCapitalLeaseObligation,1,single:1,OtherReceivables,DII.A
balance_sheet,accounts receivable total,CurrentAssets,1,single:1,TotalAssets,DSG
balance_sheet,accounts receivable total,TotalAssets,1,single:1,CurrentAssets,DSG
income_statement,balance beginning of year,OtherIncomeExpense,1,single:2,EBIT,DSG
cash_flow,income taxes payable,CapitalExpenditure,1,single:2,ChangeInOtherWorkingCapital;EffectOfExchangeRateChanges,DSG
cash_flow,income taxes payable,EffectOfExchangeRateChanges,1,sumlab:1,CapitalExpenditure;ChangeInOtherWorkingCapital,DSG
balance_sheet,accounts receivable net total,CurrentAssets,1,single:21,TotalAssets,DSG
balance_sheet,accounts receivable net total,TotalAssets,1,single:22,CurrentAssets,DSG
balance_sheet,deferred income taxes,TotalLiabilities,1,single:1,AccountsPayable;OtherCurrentAssets;OtherReceivables;PreferredStock;Receivables,DSG
balance_sheet,trade,AccountsReceivable,1,single:15,Inventory,DSG
balance_sheet,deferred income taxes,OtherReceivables,1,single:2,AccountsPayable;OtherCurrentAssets;PreferredStock;Receivables;TotalLiabilities,DSG
cash_flow,trade,ChangeInWorkingCapital,1,sumlab:1,CommonStockIssuance;RepaymentOfDebt,DSG
balance_sheet,current portion of debt,NetPPE,1,single:1,CurrentDebtAndCapitalLeaseObligation,DSG
cash_flow,trade,CommonStockIssuance,1,single:2,ChangeInWorkingCapital;RepaymentOfDebt,DSG
cash_flow,trade,RepaymentOfDebt,1,single:2,ChangeInWorkingCapital;CommonStockIssuance,DSG
cash_flow,credit facility repayments,ChangeInWorkingCapital,1,single:1,RepaymentOfDebt,DSG
cash_flow,cash paid during the year for interest,ChangeInPrepaidAssets,1,single:1,ChangeInPayablesAndAccruedExpense,DSG
cash_flow,proceeds from borrowing on the credit facility,IssuanceOfDebt,1,single:4,PurchaseOfBusiness,DSG
cash_flow,credit facility repayments,RepaymentOfDebt,1,single:3,ChangeInWorkingCapital,DSG
income_statement,deferred,InterestExpenseNonOperating,1,single:1,DepreciationAmortizationDepletion;EBIT;EBITDA;NetInterestIncome;TaxProvision,DSG
income_statement,deferred,NetInterestIncome,1,single:1,DepreciationAmortizationDepletion;EBIT;EBITDA;InterestExpenseNonOperating;TaxProvision,DSG
income_statement,deferred,EBIT,1,residual:1,DepreciationAmortizationDepletion;EBITDA;InterestExpenseNonOperating;NetInterestIncome;TaxProvision,DSG
cash_flow,prepaid expenses and other,DepreciationAndAmortization,1,residual:1,ChangeInPrepaidAssets,DSG
cash_flow,proceeds from borrowing on the credit facility,PurchaseOfBusiness,1,single:3,IssuanceOfDebt,DSG
cash_flow,acquisition of subsidiaries net of cash acquired,IssuanceOfDebt,1,single:3,PurchaseOfBusiness,DSG
cash_flow,payment of contingent consideration,NetOtherFinancingCharges,1,single:2,DepreciationAndAmortization,DSG
cash_flow,cash paid during the year for interest,ChangeInPayablesAndAccruedExpense,1,single:1,ChangeInPrepaidAssets,DSG
cash_flow,credit facility and other debt repayments,RepaymentOfDebt,1,single:1,IssuanceOfDebt;NetIssuancePaymentsOfDebt,DSG
cash_flow,credit facility and other debt repayments,NetIssuancePaymentsOfDebt,1,single:1,IssuanceOfDebt;RepaymentOfDebt,DSG
cash_flow,credit facility and other debt repayments,IssuanceOfDebt,1,single:1,NetIssuancePaymentsOfDebt;RepaymentOfDebt,DSG
cash_flow,payment of contingent consideration,DepreciationAndAmortization,1,residual:2,NetOtherFinancingCharges,DSG
cash_flow,changes in operating assets and liabilities,ChangeInOtherWorkingCapital,1,single:2,ChangeInPayablesAndAccruedExpense;ChangeInWorkingCapital,DSG
cash_flow,changes in operating assets and liabilities,ChangeInPayablesAndAccruedExpense,1,single:1,ChangeInOtherWorkingCapital;ChangeInWorkingCapital,DSG
cash_flow,proceeds on disposals,ChangeInInventory,1,single:1,SaleOfInvestment;SaleOfPPE,ELD
cash_flow,items not affecting cash total,PurchaseOfPPE,1,single:1,ChangeInInventory;ChangeInPayablesAndAccruedExpense;ChangeInReceivables;FreeCashFlow;NetIssuancePaymentsOfDebt;OperatingCashFlow,ELD
cash_flow,marketable securities total,InvestingCashFlow,1,single:1,ChangeInReceivables,ELD
cash_flow,future income taxes expense recovery,DeferredTax,1,single:1,SaleOfInvestment,ELD
cash_flow,proceeds on disposals,SaleOfPPE,1,single:1,ChangeInInventory;SaleOfInvestment,ELD
cash_flow,future income taxes expense recovery,SaleOfInvestment,1,single:1,DeferredTax,ELD
cash_flow,gain on disposal of assets,NetOtherInvestingChanges,1,single:1,RepaymentOfDebt,ELD
cash_flow,restricted cash,NetOtherInvestingChanges,1,single:1,CapitalExpenditure;EffectOfExchangeRateChanges;FinancingCashFlow;NetOtherFinancingCharges;RepaymentOfDebt,ELD
cash_flow,repayments,NetOtherInvestingChanges,1,single:1,RepaymentOfDebt,ELD
cash_flow,non controlling interest,IssuanceOfDebt,1,single:1,ChangeInReceivables;CommonStockIssuance,ELD
cash_flow,gain on disposal of assets,RepaymentOfDebt,1,single:1,NetOtherInvestingChanges,ELD
cash_flow,restricted cash,RepaymentOfDebt,1,single:1,CapitalExpenditure;EffectOfExchangeRateChanges;FinancingCashFlow;NetOtherFinancingCharges;NetOtherInvestingChanges,ELD
cash_flow,repayments,RepaymentOfDebt,1,single:1,NetOtherInvestingChanges,ELD
income_statement,other comprehensive loss income,NetIncomeFromContinuingAndDiscontinuedOperation,1,residual:1,NetIncomeContinuousOperations;SellingGeneralAndAdministration,ELD
income_statement,comprehensive income for the year ended december,NetIncomeFromContinuingAndDiscontinuedOperation,1,single:1,NetIncomeContinuousOperations,ELD
income_statement,other comprehensive loss income,NetIncomeContinuousOperations,1,residual:1,NetIncomeFromContinuingAndDiscontinuedOperation;SellingGeneralAndAdministration,ELD
income_statement,comprehensive income for the year ended december,NetIncomeContinuousOperations,1,single:1,NetIncomeFromContinuingAndDiscontinuedOperation,ELD
cash_flow,marketable securities total,ChangeInReceivables,1,sumlab:1,InvestingCashFlow,ELD
income_statement,interest and financing costs,InterestExpenseNonOperating,1,single:2,NetInterestIncome,ELD
income_statement,interest and financing costs,NetInterestIncome,1,single:2,InterestExpenseNonOperating,ELD
balance_sheet,general and administrative expenses,CashCashEquivalentsAndShortTermInvestments,1,residual:1,LongTermDebtAndCapitalLeaseObligation,ELD
balance_sheet,deferred income tax liabilities,TotalEquityGrossMinorityInterest,1,residual:1,LongTermDebt;OtherIntangibleAssets,ELD
cash_flow,proceeds from the sale of property plant and equipment,SaleOfPPE,1,single:11,AssetImpairmentCharge;ChangeInReceivables,ELD
cash_flow,proceeds from the sale of marketable securities,SaleOfInvestment,1,single:4,ChangeInReceivables;NetIncomeFromContinuingOperations,ELD
cash_flow,proceeds on disposals,SaleOfInvestment,1,single:1,ChangeInInventory;SaleOfPPE,ELD
cash_flow,long term and bank debt proceeds,IssuanceOfDebt,1,single:7,RepaymentOfDebt,ELD
cash_flow,long term and bank debt repayments,RepaymentOfDebt,1,single:7,IssuanceOfDebt,ELD
balance_sheet,total equity attributable to shareholders of the company,GrossPPE,1,single:1,AccumulatedDepreciation;CommonStock,ELD
balance_sheet,total equity attributable to shareholders of the company,CommonStock,1,single:1,AccumulatedDepreciation;GrossPPE,ELD
cash_flow,proceeds from the sale of marketable securities,NetIncomeFromContinuingOperations,1,residual:2,ChangeInReceivables;SaleOfInvestment,ELD
cash_flow,proceeds from the sale of marketable securities,ChangeInReceivables,1,single:2,NetIncomeFromContinuingOperations;SaleOfInvestment,ELD
cash_flow,issuance of common shares for cash,ChangeInPayablesAndAccruedExpense,1,single:1,CommonStockIssuance;DeferredTax,ELD
cash_flow,unrealized foreign exchange gain loss,CapitalExpenditure,1,residual:1,RepurchaseOfCapitalStock,ELD
cash_flow,purchase of treasury stock,CapitalExpenditure,1,residual:1,CommonStockIssuance;NetIncomeFromContinuingOperations;PurchaseOfBusiness;PurchaseOfInvestment;RepurchaseOfCapitalStock,ELD
cash_flow,unrealized foreign exchange gain loss,RepurchaseOfCapitalStock,1,single:1,CapitalExpenditure,ELD
income_statement,profit deficit for the year,NetIncomeFromContinuingAndDiscontinuedOperation,1,single:1,NetIncomeContinuousOperations,ELD
income_statement,total comprehensive income deficit for the year,NetIncomeFromContinuingAndDiscontinuedOperation,1,residual:1,CostOfRevenue;NetIncomeContinuousOperations,ELD
income_statement,profit deficit for the year,NetIncomeContinuousOperations,1,single:1,NetIncomeFromContinuingAndDiscontinuedOperation,ELD
income_statement,total comprehensive income deficit for the year,NetIncomeContinuousOperations,1,residual:1,CostOfRevenue;NetIncomeFromContinuingAndDiscontinuedOperation,ELD
balance_sheet,deferred income tax liabilities,OtherIntangibleAssets,1,single:1,LongTermDebt;TotalEquityGrossMinorityInterest,ELD
balance_sheet,accounts receivable and other,AccountsPayable,1,sumlab:2,CurrentDebtAndCapitalLeaseObligation;OtherIntangibleAssets;Receivables,ELD
cash_flow,investments in associates,PurchaseOfBusiness,1,single:2,RepurchaseOfCapitalStock,ELD
income_statement,attributable to total,CostOfRevenue,1,single:1,DilutedAverageShares;EBITDA;InterestExpenseNonOperating;NetIncome;NetIncomeContinuousOperations;NetIncomeDiscontinuousOperations;NetIncomeFromContinuingAndDiscontinuedOperation;SellingGeneralAndAdministration,ELD
income_statement,total comprehensive income deficit for the year,CostOfRevenue,1,single:1,NetIncomeContinuousOperations;NetIncomeFromContinuingAndDiscontinuedOperation,ELD
balance_sheet,shareholders of the company,AccumulatedDepreciation,1,single:1,AccountsPayable;TotalLiabilities,ELD
cash_flow,proceeds on production of tailings retreatment,ChangeInInventory,1,single:1,NetOtherInvestingChanges,ELD
cash_flow,investments in associates,RepurchaseOfCapitalStock,1,single:1,PurchaseOfBusiness,ELD
cash_flow,purchase of treasury stock,PurchaseOfBusiness,1,single:1,CapitalExpenditure;CommonStockIssuance;NetIncomeFromContinuingOperations;PurchaseOfInvestment;RepurchaseOfCapitalStock,ELD
cash_flow,proceeds on production of tailings retreatment,NetOtherInvestingChanges,1,single:1,ChangeInInventory,ELD
balance_sheet,shareholders of the company,AccountsPayable,1,residual:2,AccumulatedDepreciation;TotalLiabilities,ELD
cash_flow,dividend paid to shareholders,ChangeInInventory,1,single:1,CashDividendsPaid,ELD
cash_flow,long term and bank debt repayments,IssuanceOfDebt,1,single:3,RepaymentOfDebt,ELD
cash_flow,long term and bank debt proceeds,RepaymentOfDebt,1,single:3,IssuanceOfDebt,ELD
balance_sheet,shareholders of the company,TotalLiabilities,1,single:1,AccountsPayable;AccumulatedDepreciation,ELD
balance_sheet,asset retirement obligations,TotalEquityGrossMinorityInterest,1,residual:1,AccountsPayable;OtherCurrentAssets;OtherIntangibleAssets,ELD
income_statement,attributable to total,NetIncomeDiscontinuousOperations,1,single:1,CostOfRevenue;DilutedAverageShares;EBITDA;InterestExpenseNonOperating;NetIncome;NetIncomeContinuousOperations;NetIncomeFromContinuingAndDiscontinuedOperation;SellingGeneralAndAdministration,ELD
balance_sheet,asset retirement obligations,AccountsPayable,1,single:1,OtherCurrentAssets;OtherIntangibleAssets;TotalEquityGrossMinorityInterest,ELD
cash_flow,write down of assets,AssetImpairmentCharge,1,single:7,ChangeInReceivables;SaleOfPPE,ELD
cash_flow,proceeds on pre commercial production sales and tailings retreatment,SaleOfInvestment,1,single:1,SaleOfPPE,ELD
income_statement,cost of sales total,CostOfRevenue,1,single:8,OperatingIncome,ELD
income_statement,asset retirement obligation accretion,EBIT,1,residual:1,NetInterestIncome,ELD
cash_flow,capitalised interest,CapitalExpenditure,1,residual:2,FreeCashFlow,ELD
cash_flow,dividend paid to shareholders,CashDividendsPaid,1,single:1,ChangeInInventory,ELD
cash_flow,net cash used by financing activities of continuing operations,FinancingCashFlow,1,single:2,RepurchaseOfCapitalStock,ELD
cash_flow,proceeds on pre commercial production sales and tailings retreatment,SaleOfPPE,1,single:1,SaleOfInvestment,ELD
balance_sheet,asset retirement obligations,OtherIntangibleAssets,1,single:3,AccountsPayable;OtherCurrentAssets;TotalEquityGrossMinorityInterest,ELD
cash_flow,net cash used by financing activities of continuing operations,RepurchaseOfCapitalStock,1,single:1,FinancingCashFlow,ELD
cash_flow,principal portion of lease liabilities,NetIssuancePaymentsOfDebt,1,single:2,ChangeInReceivables;RepaymentOfDebt;SaleOfPPE,ELD
cash_flow,capitalised interest,FreeCashFlow,1,residual:1,CapitalExpenditure,ELD
cash_flow,decrease increase in term deposits,PurchaseOfInvestment,1,single:1,ChangeInInventory;NetOtherFinancingCharges;SaleOfInvestment,ELD
cash_flow,principal portion of lease liabilities,RepaymentOfDebt,1,single:2,ChangeInReceivables;NetIssuancePaymentsOfDebt;SaleOfPPE,ELD
balance_sheet,accounts receivable and other,CurrentDebtAndCapitalLeaseObligation,1,single:1,AccountsPayable;OtherIntangibleAssets;Receivables,ELD
balance_sheet,deferred income tax liabilities,LongTermDebt,1,single:1,OtherIntangibleAssets;TotalEquityGrossMinorityInterest,ELD
cash_flow,proceeds from the sale of property plant and equipment,ChangeInReceivables,1,single:1,AssetImpairmentCharge;SaleOfPPE,ELD
cash_flow,principal portion of lease liabilities,ChangeInReceivables,1,single:1,NetIssuancePaymentsOfDebt;RepaymentOfDebt;SaleOfPPE,ELD
cash_flow,income tax expense recovery,CommonStockIssuance,1,single:1,DeferredTax,ELD
cash_flow,issuance of common shares for cash,DeferredTax,1,single:1,ChangeInPayablesAndAccruedExpense;CommonStockIssuance,ELD
cash_flow,decrease increase in term deposits,SaleOfInvestment,1,single:2,ChangeInInventory;NetOtherFinancingCharges;PurchaseOfInvestment,ELD
income_statement,net loss from discontinued operations net of tax,PretaxIncome,1,residual:2+single:1,NetIncomeDiscontinuousOperations,ELD
cash_flow,net loss earnings for the year from continuing operations,NetIncomeFromContinuingOperations,1,single:1,PurchaseOfBusiness;SaleOfBusiness,ELD
cash_flow,acquisition of subsidiary net of 4 311 cash received,NetIncomeFromContinuingOperations,1,single:1,PurchaseOfBusiness;SaleOfBusiness,ELD
cash_flow,net cash used in investing activities of continuing operations,InvestingCashFlow,1,single:5,CapitalExpenditure,ELD
cash_flow,purchase of marketable securities and investment in debt securities,NetIssuancePaymentsOfDebt,1,single:1,ChangeInInventory;PurchaseOfInvestment,ELD
cash_flow,principal portion of lease liabilities,SaleOfPPE,1,single:1,ChangeInReceivables;NetIssuancePaymentsOfDebt;RepaymentOfDebt,ELD
cash_flow,net loss earnings for the year from continuing operations,PurchaseOfBusiness,1,single:1,NetIncomeFromContinuingOperations;SaleOfBusiness,ELD
cash_flow,acquisition of subsidiary net of 4 311 cash received,PurchaseOfBusiness,1,single:1,NetIncomeFromContinuingOperations;SaleOfBusiness,ELD
cash_flow,net loss earnings for the year from continuing operations,SaleOfBusiness,1,single:1,NetIncomeFromContinuingOperations;PurchaseOfBusiness,ELD
cash_flow,acquisition of subsidiary net of 4 311 cash received,SaleOfBusiness,1,single:1,NetIncomeFromContinuingOperations;PurchaseOfBusiness,ELD
cash_flow,purchase of marketable securities and investment in debt securities,PurchaseOfInvestment,1,single:2,ChangeInInventory;NetIssuancePaymentsOfDebt,ELD
balance_sheet,accounts receivable and other,OtherIntangibleAssets,1,single:1,AccountsPayable;CurrentDebtAndCapitalLeaseObligation;Receivables,ELD
cash_flow,purchase of marketable securities and investment in debt securities,ChangeInInventory,1,single:1,NetIssuancePaymentsOfDebt;PurchaseOfInvestment,ELD
cash_flow,purchase of treasury stock,CommonStockIssuance,1,single:2,CapitalExpenditure;NetIncomeFromContinuingOperations;PurchaseOfBusiness;PurchaseOfInvestment;RepurchaseOfCapitalStock,ELD
cash_flow,interest income,NetIssuancePaymentsOfDebt,1,single:1,RepaymentOfDebt,ELD
cash_flow,finance costs,FinancingCashFlow,1,single:1,ChangeInReceivables,ELD
cash_flow,interest income,RepaymentOfDebt,1,single:1,NetIssuancePaymentsOfDebt,ELD
cash_flow,decrease increase in term deposits,NetOtherFinancingCharges,1,single:1,ChangeInInventory;PurchaseOfInvestment;SaleOfInvestment,ELD
income_statement,net loss from discontinued operations net of tax,NetIncomeDiscontinuousOperations,1,single:3,PretaxIncome,ELD
cash_flow,net earnings for the year from continuing operations,NetIncomeFromContinuingOperations,1,single:3,FinancingCashFlow,ELD
cash_flow,purchase of treasury stock,NetIncomeFromContinuingOperations,1,residual:1,CapitalExpenditure;CommonStockIssuance;PurchaseOfBusiness;PurchaseOfInvestment;RepurchaseOfCapitalStock,ELD
cash_flow,proceeds from term facility vat facility,ChangeInReceivables,1,sumlab:1,FreeCashFlow;NetOtherInvestingChanges,ELD
cash_flow,decrease in other investments,ChangeInInventory,1,single:1,SaleOfInvestment,ELD
cash_flow,decrease increase in term deposits,ChangeInInventory,1,single:1,NetOtherFinancingCharges;PurchaseOfInvestment;SaleOfInvestment,ELD
cash_flow,interest received,ChangeInPayablesAndAccruedExpense,1,sumlab:1,ChangeInOtherWorkingCapital;EffectOfExchangeRateChanges;NetIssuancePaymentsOfDebt;RepaymentOfDebt,ELD
cash_flow,proceeds from term facility commercial loans and rrf loans,CommonStockIssuance,1,single:1,NetIssuancePaymentsOfDebt,ELD
cash_flow,proceeds from term facility commercial loans and rrf loans,NetIssuancePaymentsOfDebt,1,single:2,CommonStockIssuance,ELD
cash_flow,net cash generated from financing activities of continuing operations,FinancingCashFlow,1,single:3,NetIncomeFromContinuingOperations,ELD
cash_flow,proceeds from term facility vat facility,FreeCashFlow,1,sumlab:1,ChangeInReceivables;NetOtherInvestingChanges,ELD
cash_flow,unrealized loss on derivative contracts,AssetImpairmentCharge,1,single:1,RepaymentOfDebt,ELD
cash_flow,decrease in other investments,SaleOfInvestment,1,single:1,ChangeInInventory,ELD
cash_flow,proceeds from term facility vat facility,NetOtherInvestingChanges,1,sumlab:1,ChangeInReceivables;FreeCashFlow,ELD
income_statement,shareholders of the company,NetIncomeFromContinuingAndDiscontinuedOperation,1,single:2,EBIT;InterestExpenseNonOperating;NetIncome;OperatingIncome,ELD
income_statement,net earnings loss attributable to total,NetIncomeFromContinuingAndDiscontinuedOperation,1,single:2,NetIncome,ELD
income_statement,shareholders of the company,NetIncome,1,single:2,EBIT;InterestExpenseNonOperating;NetIncomeFromContinuingAndDiscontinuedOperation;OperatingIncome,ELD
income_statement,net earnings loss attributable to total,NetIncome,1,single:2,NetIncomeFromContinuingAndDiscontinuedOperation,ELD
balance_sheet,total equity attributable to shareholders of the company,AccumulatedDepreciation,1,single:3,CommonStock;GrossPPE,ELD
cash_flow,net cash generated from financing activities of continuing operations,NetIncomeFromContinuingOperations,1,single:1,FinancingCashFlow,ELD
cash_flow,write down of assets,ChangeInReceivables,1,sumlab:1,AssetImpairmentCharge;SaleOfPPE,ELD
cash_flow,net cash used in investing activities of continuing operations,CapitalExpenditure,1,single:1,InvestingCashFlow,ELD
cash_flow,net earnings for the year from continuing operations,FinancingCashFlow,1,single:1,NetIncomeFromContinuingOperations,ELD
cash_flow,proceeds from the sale of property plant and equipment,AssetImpairmentCharge,1,single:1,ChangeInReceivables;SaleOfPPE,ELD
cash_flow,write down of assets,SaleOfPPE,1,single:2,AssetImpairmentCharge;ChangeInReceivables,ELD
cash_flow,unrealized loss on derivative contracts,RepaymentOfDebt,1,single:1,AssetImpairmentCharge,ELD
income_statement,asset retirement obligation accretion,NetInterestIncome,1,single:1,EBIT,ELD
balance_sheet,investment in associate,AccountsReceivable,1,single:1,CurrentDebtAndCapitalLeaseObligation,ELD
balance_sheet,accounts receivable and other,Receivables,1,single:1,AccountsPayable;CurrentDebtAndCapitalLeaseObligation;OtherIntangibleAssets,ELD
cash_flow,cash received from deferred consideration,SaleOfBusiness,1,single:1,RepaymentOfDebt,ELD
cash_flow,cash received from deferred consideration,RepaymentOfDebt,1,single:1,SaleOfBusiness,ELD
income_statement,gain on sale of marketable securities,EBIT,1,residual:1,EBITDA,ERD
income_statement,gain on sale of marketable securities,EBITDA,1,residual:1,EBIT,ERD
cash_flow,proceeds on sale of marketable securities,SaleOfInvestment,1,single:3,CommonStockIssuance,ERD
income_statement,loss from operating activities,OperatingIncome,1,single:16,EBIT;EBITDA;NetIncomeContinuousOperations;PretaxIncome,ERD
income_statement,gain on sale of available for sale total,NetInterestIncome,1,single:1,InterestIncome,ERD
income_statement,net loss attributable to total,EBIT,1,single:1,OperatingIncome,ERD
cash_flow,non controlling interest,CommonStockIssuance,1,single:1,ChangeInReceivables;IssuanceOfDebt,ERD
cash_flow,proceeds on sale of marketable securities,CommonStockIssuance,1,sumlab:1,SaleOfInvestment,ERD
cash_flow,repayment of obligations under capital lease,NetIssuancePaymentsOfDebt,1,single:1,RepaymentOfDebt,ERD
income_statement,exploration expenses,SellingGeneralAndAdministration,1,single:1,InterestExpenseNonOperating,ERD
income_statement,22 finance income and expense total,InterestIncome,1,single:1,NetInterestIncome,ERD
income_statement,gain on sale of available for sale total,InterestIncome,1,single:1,NetInterestIncome,ERD
income_statement,22 finance income and expense total,NetInterestIncome,1,sumlab:1,InterestIncome,ERD
balance_sheet,obligations under finance leases,LongTermDebtAndCapitalLeaseObligation,1,single:1,OtherCurrentAssets,ERD
income_statement,20 finance income and expense total,InterestIncome,1,single:1,NetInterestIncome,ERD
income_statement,20 finance income and expense total,NetInterestIncome,1,single:1,InterestIncome,ERD
income_statement,loss from operating activities,PretaxIncome,1,single:3,EBIT;EBITDA;NetIncomeContinuousOperations;OperatingIncome,ERD
income_statement,loss from continuing operations,PretaxIncome,1,single:4,EBIT;EBITDA;NetIncomeContinuousOperations;OperatingIncome,ERD
income_statement,loss from operating activities,NetIncomeContinuousOperations,1,single:3,EBIT;EBITDA;OperatingIncome;PretaxIncome,ERD
income_statement,loss from continuing operations,EBIT,1,single:4,EBITDA;NetIncomeContinuousOperations;OperatingIncome;PretaxIncome,ERD
income_statement,loss from continuing operations,EBITDA,1,single:4,EBIT;NetIncomeContinuousOperations;OperatingIncome;PretaxIncome,ERD
income_statement,loss from continuing operations,OperatingIncome,1,single:3,EBIT;EBITDA;NetIncomeContinuousOperations;PretaxIncome,ERD
income_statement,loss from operating activities,EBIT,1,single:6,EBITDA;NetIncomeContinuousOperations;OperatingIncome;PretaxIncome,ERD
income_statement,loss from operating activities,EBITDA,1,single:6,EBIT;NetIncomeContinuousOperations;OperatingIncome;PretaxIncome,ERD
income_statement,loss before the undernoted,OperatingIncome,1,single:4,EBIT;EBITDA,ERD
balance_sheet,convertible debenture due tian poh resouces,AccumulatedDepreciation,1,single:1,CurrentDebtAndCapitalLeaseObligation,ERD
balance_sheet,convertible debenture due tian poh resouces,CurrentDebtAndCapitalLeaseObligation,1,single:1,AccumulatedDepreciation,ERD
cash_flow,proceeds on exercise of warrants,NetOtherFinancingCharges,1,single:2,PurchaseOfPPE,ERD
income_statement,loss before the undernoted,EBIT,1,single:3,EBITDA;OperatingIncome,ERD
income_statement,loss before the undernoted,EBITDA,1,single:3,EBIT;OperatingIncome,ERD
cash_flow,proceeds on exercise of warrants,PurchaseOfPPE,1,single:1,NetOtherFinancingCharges,ERD
balance_sheet,convertible loan,LongTermDebtAndCapitalLeaseObligation,1,single:1,LongTermDebt,ERD
balance_sheet,convertible loan,LongTermDebt,1,single:1,LongTermDebtAndCapitalLeaseObligation,ERD
balance_sheet,lease liabilities,CurrentDebtAndCapitalLeaseObligation,1,single:3,CommonStock;LongTermDebtAndCapitalLeaseObligation;OtherEquityInterest,ERD
balance_sheet,lease liabilities,OtherEquityInterest,1,sumlab:1,CommonStock;CurrentDebtAndCapitalLeaseObligation;LongTermDebtAndCapitalLeaseObligation,ERD
cash_flow,repayment of lease liabilities,RepaymentOfDebt,1,single:2,ChangeInOtherWorkingCapital;NetIssuancePaymentsOfDebt;NetOtherInvestingChanges,ERD
income_statement,other comprehensive loss income,SellingGeneralAndAdministration,1,single:1,NetIncomeContinuousOperations;NetIncomeFromContinuingAndDiscontinuedOperation,ERD
cash_flow,net cash flows from used in operating activities,OperatingCashFlow,1,single:2,FreeCashFlow,FFN
cash_flow,net cash flows from used in operating activities,FreeCashFlow,1,single:2,OperatingCashFlow,FFN
income_statement,interest for distribution purposes,InterestIncome,1,single:1,NetInterestIncome,FFN
income_statement,interest for distribution purposes,NetInterestIncome,1,single:1,InterestIncome,FFN
income_statement,finance charges,InterestExpenseNonOperating,1,single:11,EBIT;EBITDA;NetInterestIncome,FTS
income_statement,finance charges,NetInterestIncome,1,single:10,EBIT;EBITDA;InterestExpenseNonOperating,FTS
income_statement,corporate taxes,PretaxIncome,1,residual:2,TaxProvision,FTS
income_statement,corporate taxes,TaxProvision,1,single:2,PretaxIncome,FTS
balance_sheet,short term borrowings,CurrentDebtAndCapitalLeaseObligation,1,single:2,AccountsReceivable;OtherCurrentAssets,FTS
balance_sheet,preference shares,PreferredStock,1,single:15,AccountsPayable;OtherCurrentAssets;Receivables,FTS
cash_flow,dividends total,FinancingCashFlow,1,single:4,CapitalExpenditure;PurchaseOfPPE,FTS
cash_flow,contributions in aid of construction,SaleOfPPE,1,single:1,NetOtherInvestingChanges,FTS
cash_flow,proceeds from long term debt net of issue costs,IssuanceOfDebt,1,single:4,CommonStockIssuance;NetIssuancePaymentsOfDebt;PurchaseOfPPE,FTS
income_statement,balance beginning of year,EBIT,1,single:2,OtherIncomeExpense,FTS
cash_flow,proceeds from long term debt net of issue costs,PurchaseOfPPE,1,sumlab:1,CommonStockIssuance;IssuanceOfDebt;NetIssuancePaymentsOfDebt,FTS
income_statement,net earnings attributable to total,InterestExpenseNonOperating,1,single:3,EBIT;EBITDA;NetInterestIncome,FTS
income_statement,net earnings attributable to total,NetInterestIncome,1,single:1,EBIT;EBITDA;InterestExpenseNonOperating,FTS
income_statement,finance charges,EBIT,1,residual:8,EBITDA;InterestExpenseNonOperating;NetInterestIncome,FTS
income_statement,net earnings attributable to total,EBIT,1,residual:3,EBITDA;InterestExpenseNonOperating;NetInterestIncome,FTS
income_statement,finance charges,EBITDA,1,residual:8,EBIT;InterestExpenseNonOperating;NetInterestIncome,FTS
income_statement,net earnings attributable to total,EBITDA,1,residual:3,EBIT;InterestExpenseNonOperating;NetInterestIncome,FTS
balance_sheet,income producing properties,Receivables,1,single:2,NetPPE,FTS
balance_sheet,preference shares,Receivables,1,single:1,AccountsPayable;OtherCurrentAssets;PreferredStock,FTS
balance_sheet,preference shares,OtherCurrentAssets,1,single:1,AccountsPayable;PreferredStock;Receivables,FTS
balance_sheet,short term borrowings,OtherCurrentAssets,1,sumlab:2,AccountsReceivable;CurrentDebtAndCapitalLeaseObligation,FTS
balance_sheet,accounts payable and accrued charges,PreferredStock,1,single:1,AccountsPayable;CurrentDebtAndCapitalLeaseObligation,FTS
cash_flow,proceeds from long term debt net of issue costs,CommonStockIssuance,1,single:1,IssuanceOfDebt;NetIssuancePaymentsOfDebt;PurchaseOfPPE,FTS
income_statement,earnings before extraordinary item,InterestExpenseNonOperating,1,single:1,EBIT;EBITDA,FTS
income_statement,comprehensive income,InterestExpenseNonOperating,1,single:4,EBIT;EBITDA;NetIncome;NetIncomeContinuousOperations;NetIncomeFromContinuingAndDiscontinuedOperation;NetInterestIncome;SellingGeneralAndAdministration,FTS
income_statement,comprehensive income attributable to total,InterestExpenseNonOperating,1,single:3,EBIT;EBITDA;NetIncomeFromContinuingAndDiscontinuedOperation;NetInterestIncome,FTS
income_statement,earnings before extraordinary item,EBIT,1,residual:1,EBITDA;InterestExpenseNonOperating,FTS
income_statement,comprehensive income attributable to total,EBIT,1,residual:3,EBITDA;InterestExpenseNonOperating;NetIncomeFromContinuingAndDiscontinuedOperation;NetInterestIncome,FTS
income_statement,earnings before extraordinary item,EBITDA,1,residual:1,EBIT;InterestExpenseNonOperating,FTS
income_statement,comprehensive income,EBITDA,1,residual:4,EBIT;InterestExpenseNonOperating;NetIncome;NetIncomeContinuousOperations;NetIncomeFromContinuingAndDiscontinuedOperation;NetInterestIncome;SellingGeneralAndAdministration,FTS
income_statement,comprehensive income attributable to total,EBITDA,1,residual:3,EBIT;InterestExpenseNonOperating;NetIncomeFromContinuingAndDiscontinuedOperation;NetInterestIncome,FTS
income_statement,common equity shareholders,EBITDA,1,sumlab:1,NetInterestIncome,FTS
cash_flow,proceeds on disposal and settlement of assets,ChangeInInventory,1,single:1,SaleOfPPE,FTS
cash_flow,proceeds on disposal and settlement of assets,SaleOfPPE,1,single:1,ChangeInInventory,FTS
cash_flow,contributions in aid of construction,NetOtherInvestingChanges,1,single:1,SaleOfPPE,FTS
income_statement,common equity shareholders,NetInterestIncome,1,single:1,EBITDA,FTS
cash_flow,dividends total,PurchaseOfPPE,1,single:1,CapitalExpenditure;FinancingCashFlow,FTS
cash_flow,dividends total,CapitalExpenditure,1,single:1,FinancingCashFlow;PurchaseOfPPE,FTS
cash_flow,proceeds from long term debt net of issue costs,NetIssuancePaymentsOfDebt,1,single:2,CommonStockIssuance;IssuanceOfDebt;PurchaseOfPPE,FTS
cash_flow,proceeds from convertible debentures net of issue costs,PurchaseOfPPE,1,single:2,CapitalExpenditure,FTS
cash_flow,proceeds from convertible debentures net of issue costs,CapitalExpenditure,1,single:2,PurchaseOfPPE,FTS
balance_sheet,short term borrowings,AccountsReceivable,1,single:3,CurrentDebtAndCapitalLeaseObligation;OtherCurrentAssets,FTS
cash_flow,proceeds on sale of assets,NetOtherInvestingChanges,1,single:2,ChangeInInventory,FTS
income_statement,comprehensive income attributable to total,NetInterestIncome,1,single:2,EBIT;EBITDA;InterestExpenseNonOperating;NetIncomeFromContinuingAndDiscontinuedOperation,FTS
income_statement,other comprehensive loss income total,OtherIncomeExpense,1,single:1,EBIT;EBITDA;InterestExpenseNonOperating,FTS
balance_sheet,preference shares,AccountsPayable,1,single:2,OtherCurrentAssets;PreferredStock;Receivables,FTS
cash_flow,proceeds on sale of assets,ChangeInInventory,1,single:1,NetOtherInvestingChanges,FTS
income_statement,other comprehensive loss income total,InterestExpenseNonOperating,1,single:1,EBIT;EBITDA;OtherIncomeExpense,FTS
income_statement,other comprehensive loss income total,EBIT,1,residual:1,EBITDA;InterestExpenseNonOperating;OtherIncomeExpense,FTS
income_statement,other comprehensive loss income total,EBITDA,1,residual:1,EBIT;InterestExpenseNonOperating;OtherIncomeExpense,FTS
cash_flow,capital expenditures property plant and equipment,RepaymentOfDebt,1,sumlab:1,CapitalExpenditure;PurchaseOfPPE,FTS
income_statement,exploration,CostOfRevenue,1,single:5,GrossProfit,GFP
income_statement,exploration,GrossProfit,1,single:5,CostOfRevenue,GFP
income_statement,loss before undernoted items,EBIT,1,single:6,EBITDA,GFP
income_statement,loss before undernoted items,EBITDA,1,single:6,EBIT,GFP
balance_sheet,common shares outstanding,CashCashEquivalentsAndShortTermInvestments,1,single:1,StockholdersEquity;TotalEquityGrossMinorityInterest,GFP
balance_sheet,common shares outstanding,StockholdersEquity,1,single:1,CashCashEquivalentsAndShortTermInvestments;TotalEquityGrossMinorityInterest,GFP
balance_sheet,common shares outstanding,TotalEquityGrossMinorityInterest,1,single:1,CashCashEquivalentsAndShortTermInvestments;StockholdersEquity,GFP
balance_sheet,subsequent events,CashCashEquivalentsAndShortTermInvestments,1,single:1,TotalAssets;TotalEquityGrossMinorityInterest,GFP
balance_sheet,other receivables and prepaids,Receivables,1,single:1,OtherEquityInterest;OtherReceivables,GFP
balance_sheet,other receivables and prepaids,OtherReceivables,1,single:1,OtherEquityInterest;Receivables,GFP
balance_sheet,subsequent events,TotalAssets,1,single:1,CashCashEquivalentsAndShortTermInvestments;TotalEquityGrossMinorityInterest,GFP
balance_sheet,other receivables and prepaids,OtherEquityInterest,1,single:1,OtherReceivables;Receivables,GFP
balance_sheet,events subsequent to the reporting date,TotalEquityGrossMinorityInterest,1,single:3,CashCashEquivalentsAndShortTermInvestments;StockholdersEquity,GFP
balance_sheet,subsequent events,TotalEquityGrossMinorityInterest,1,single:1,CashCashEquivalentsAndShortTermInvestments;TotalAssets,GFP
income_statement,exploration and evaluation,CostOfRevenue,1,single:1,GrossProfit;PretaxIncome,GFP
income_statement,exploration and evaluation,GrossProfit,1,single:1,CostOfRevenue;PretaxIncome,GFP
balance_sheet,events subsequent to the reporting date,CashCashEquivalentsAndShortTermInvestments,1,single:1,StockholdersEquity;TotalEquityGrossMinorityInterest,GFP
balance_sheet,events subsequent to the reporting date,StockholdersEquity,1,single:1,CashCashEquivalentsAndShortTermInvestments;TotalEquityGrossMinorityInterest,GFP
income_statement,investment income,NetInterestIncome,1,single:1,InterestIncome,GFP
cash_flow,investment in associate,SaleOfBusiness,1,single:2,NetOtherInvestingChanges;SaleOfInvestment,GFP
cash_flow,investment in associate,SaleOfInvestment,1,single:1,NetOtherInvestingChanges;SaleOfBusiness,GFP
cash_flow,investment in associate,NetOtherInvestingChanges,1,single:1,SaleOfBusiness;SaleOfInvestment,GFP
balance_sheet,convertible debentures,LongTermDebtAndCapitalLeaseObligation,1,single:1,AccountsPayable;CurrentDebtAndCapitalLeaseObligation;LongTermDebt;Receivables,GFP
balance_sheet,convertible debentures,LongTermDebt,1,single:1,AccountsPayable;CurrentDebtAndCapitalLeaseObligation;LongTermDebtAndCapitalLeaseObligation;Receivables,GFP
cash_flow,acquisitions,PurchaseOfPPE,1,single:1,CapitalExpenditure;FreeCashFlow;NetOtherInvestingChanges;PurchaseOfBusiness,GFP
cash_flow,acquisitions,CapitalExpenditure,1,single:1,FreeCashFlow;NetOtherInvestingChanges;PurchaseOfBusiness;PurchaseOfPPE,GFP
cash_flow,issuance of convertible debentures net of issuance costs,NetIssuancePaymentsOfDebt,1,single:1,IssuanceOfDebt,GFP
cash_flow,acquisitions,FreeCashFlow,1,residual:1,CapitalExpenditure;NetOtherInvestingChanges;PurchaseOfBusiness;PurchaseOfPPE,GFP
cash_flow,other assets,ChangeInPrepaidAssets,1,single:1,NetOtherFinancingCharges,GFP
cash_flow,acquisitions,NetOtherInvestingChanges,1,single:1,CapitalExpenditure;FreeCashFlow;PurchaseOfBusiness;PurchaseOfPPE,GFP
cash_flow,issuance of convertible debentures net of issuance costs,IssuanceOfDebt,1,single:1,NetIssuancePaymentsOfDebt,GFP
income_statement,duties,OtherIncomeExpense,1,single:1,GrossProfit,GFP
income_statement,transaction costs,NetIncomeContinuousOperations,1,single:1,CostOfRevenue,GFP
income_statement,net earnings from discontinued operations,NetIncomeContinuousOperations,1,residual:2,NetIncomeDiscontinuousOperations,GFP
income_statement,net earnings from discontinued operations,NetIncomeDiscontinuousOperations,1,single:2,NetIncomeContinuousOperations,GFP
cash_flow,borrowings under term loan,NetIssuancePaymentsOfDebt,1,single:1,IssuanceOfDebt,GFP
cash_flow,term debt,NetIssuancePaymentsOfDebt,1,single:1,IssuanceOfDebt,GFP
cash_flow,repayment of lease obligations,PurchaseOfInvestment,1,single:2,NetOtherFinancingCharges,GFP
cash_flow,borrowings under term loan,IssuanceOfDebt,1,single:1,NetIssuancePaymentsOfDebt,GFP
cash_flow,term debt,IssuanceOfDebt,1,single:1,NetIssuancePaymentsOfDebt,GFP
cash_flow,accounts payable accrued liabilities and other,ChangeInPayablesAndAccruedExpense,1,single:5,ChangeInWorkingCapital,GFP
cash_flow,repayment of lease obligations,NetOtherFinancingCharges,1,sumlab:1,PurchaseOfInvestment,GFP
income_statement,duties,GrossProfit,1,residual:2,OtherIncomeExpense,GFP
cash_flow,net loss earnings,IssuanceOfDebt,1,single:1,FreeCashFlow;NetIncomeFromContinuingOperations,GFP
cash_flow,trade accounts payable accrued liabilities and other,ChangeInPayablesAndAccruedExpense,1,single:2,ChangeInWorkingCapital,GFP
cash_flow,trade accounts payable accrued liabilities and other,ChangeInWorkingCapital,1,residual:1,ChangeInPayablesAndAccruedExpense,GFP
cash_flow,accounts payable accrued liabilities and other,ChangeInWorkingCapital,1,residual:1,ChangeInPayablesAndAccruedExpense,GFP
cash_flow,proceeds from sale of duties receivables,CommonStockIssuance,1,single:1,NetOtherInvestingChanges,GFP
cash_flow,shares issued under rights offering,CommonStockIssuance,1,single:2,NetOtherInvestingChanges,GFP
cash_flow,proceeds from sale of duties receivables,NetOtherInvestingChanges,1,single:1,CommonStockIssuance,GFP
cash_flow,shares issued under rights offering,NetOtherInvestingChanges,1,single:2,CommonStockIssuance,GFP
income_statement,impairment,InterestExpenseNonOperating,1,single:1,OtherIncomeExpense,GFP
income_statement,impairment,OtherIncomeExpense,1,single:1,InterestExpenseNonOperating,GFP
income_statement,basic loss per share from continuing operations,BasicEPS,1,single:1,DilutedEPS,GFP
income_statement,diluted loss per share from continuing operations,BasicEPS,1,single:1,DilutedEPS,GFP
income_statement,basic loss per share from continuing operations,DilutedEPS,1,single:1,BasicEPS,GFP
income_statement,diluted loss per share from continuing operations,DilutedEPS,1,single:1,BasicEPS,GFP
cash_flow,proceeds from exercise of warrants,NetOtherFinancingCharges,1,single:1,ChangeInPayablesAndAccruedExpense;FinancingCashFlow,GFP
income_statement,loss before taxes,PretaxIncome,1,single:1,EBIT,GRN
income_statement,income tax recovery,PretaxIncome,1,residual:1,TaxProvision,GRN
income_statement,income tax recovery,TaxProvision,1,single:1,PretaxIncome,GRN
balance_sheet,contract assets,Receivables,1,residual:2,AccumulatedDepreciation;LongTermDebtAndCapitalLeaseObligation;OtherReceivables,GRN
balance_sheet,promissory note,LongTermDebt,1,single:1,CommonStock,GRN
balance_sheet,promissory note,CommonStock,1,single:1,LongTermDebt,GRN
cash_flow,cash acquired on acquisition of pt biogas,SaleOfBusiness,1,single:1,NetOtherInvestingChanges,GRN
cash_flow,cash acquired on acquisition of pt biogas,NetOtherInvestingChanges,1,single:1,SaleOfBusiness,GRN
cash_flow,transaction costs,NetOtherFinancingCharges,1,single:1,ChangeInReceivables;SaleOfPPE,GRN
balance_sheet,current portion of lease liability,CurrentDebtAndCapitalLeaseObligation,1,single:6,OtherEquityInterest,GRN
balance_sheet,lease liability,LongTermDebtAndCapitalLeaseObligation,1,single:7,CurrentDebtAndCapitalLeaseObligation;Receivables,GRN
cash_flow,notes receivable,ChangeInReceivables,1,sumlab:1,NetOtherInvestingChanges,GRN
cash_flow,finance income,ChangeInPayablesAndAccruedExpense,1,single:2,ChangeInOtherWorkingCapital,GRN
cash_flow,lease principal payments,NetIssuancePaymentsOfDebt,1,single:4,RepaymentOfDebt,GRN
cash_flow,notes receivable,NetOtherInvestingChanges,1,single:4,ChangeInReceivables,GRN
cash_flow,lease principal payments,RepaymentOfDebt,1,single:4,NetIssuancePaymentsOfDebt,GRN
income_statement,property and equipment,NetInterestIncome,1,single:2,EBIT;EBITDA,GRN
income_statement,property and equipment,EBIT,1,residual:2,EBITDA;NetInterestIncome,GRN
income_statement,property and equipment,EBITDA,1,sumlab:1,EBIT;NetInterestIncome,GRN
cash_flow,cash provided by used in continuing operations,NetIssuancePaymentsOfDebt,1,single:1,RepaymentOfDebt,GRN
cash_flow,cash provided by used in continuing operations,RepaymentOfDebt,1,single:1,NetIssuancePaymentsOfDebt,GRN
balance_sheet,lease liability,Receivables,1,residual:1,CurrentDebtAndCapitalLeaseObligation;LongTermDebtAndCapitalLeaseObligation,GRN
balance_sheet,contract assets,AccumulatedDepreciation,1,single:1,LongTermDebtAndCapitalLeaseObligation;OtherReceivables;Receivables,GRN
balance_sheet,current portion of lease liability,OtherEquityInterest,1,single:1,CurrentDebtAndCapitalLeaseObligation,GRN
balance_sheet,total assets 44 360,TotalAssets,1,single:1,GrossPPE,HMM.A
balance_sheet,total assets 44 360,GrossPPE,1,single:1,TotalAssets,HMM.A
cash_flow,amortization of property plant and equipment,DepreciationAmortizationDepletion,1,single:1,CapitalExpenditure;DepreciationAndAmortization,HMM.A
cash_flow,amortization of property plant and equipment,CapitalExpenditure,1,single:1,DepreciationAmortizationDepletion;DepreciationAndAmortization,HMM.A
income_statement,results from operating activities,OperatingIncome,1,single:1,EBIT,HMM.A
income_statement,results from operating activities,EBIT,1,single:1,OperatingIncome,HMM.A
cash_flow,amortization of property plant and equipment,DepreciationAndAmortization,1,residual:1,CapitalExpenditure;DepreciationAmortizationDepletion,HMM.A
cash_flow,intangible asset additions,CapitalExpenditure,1,residual:7,FreeCashFlow;NetIntangiblesPurchaseAndSale,HMM.A
income_statement,income from operating activities,OperatingIncome,1,single:13,EBIT,HMM.A
income_statement,income from operating activities,EBIT,1,single:5,OperatingIncome,HMM.A
cash_flow,intangible asset additions,FreeCashFlow,1,residual:4,CapitalExpenditure;NetIntangiblesPurchaseAndSale,HMM.A
cash_flow,intangible asset additions,NetIntangiblesPurchaseAndSale,1,single:10,CapitalExpenditure;FreeCashFlow,HMM.A
cash_flow,interest expense,EffectOfExchangeRateChanges,1,single:1,CapitalExpenditure;FreeCashFlow;NetIssuancePaymentsOfDebt,HMM.A
balance_sheet,current portion of provisions,OtherEquityInterest,1,sumlab:2,Inventory;OtherCurrentAssets,HMM.A
cash_flow,advances of long term debt,IssuanceOfDebt,1,single:4,FinancingCashFlow,HMM.A
cash_flow,advances of long term debt,FinancingCashFlow,1,single:1,IssuanceOfDebt,HMM.A
income_statement,lease liabilities,EBIT,1,residual:2,InterestExpenseNonOperating,HMM.A
balance_sheet,ebitda,CommonStock,1,single:1,GainsLossesNotAffectingRetainedEarnings,HMM.A
balance_sheet,ebitda,GainsLossesNotAffectingRetainedEarnings,1,single:1,CommonStock,HMM.A
income_statement,lease liabilities,InterestExpenseNonOperating,1,single:2,EBIT,HMM.A
income_statement,financing costs,InterestExpenseNonOperating,1,single:1,NetInterestIncome,IIP.UN
income_statement,financing costs,NetInterestIncome,1,single:1,InterestExpenseNonOperating,IIP.UN
income_statement,net loss from continuing operations,OtherIncomeExpense,1,single:1,NetIncomeContinuousOperations,IIP.UN
balance_sheet,income producing properties,NetPPE,1,single:1,Receivables,IIP.UN
balance_sheet,credit facilities,CurrentDebtAndCapitalLeaseObligation,1,single:1,LongTermDebt;LongTermDebtAndCapitalLeaseObligation,IIP.UN
cash_flow,purchase of furniture equipment and leasehold total,PurchaseOfPPE,1,single:2,CapitalExpenditure;InvestingCashFlow;NetOtherInvestingChanges,IIP.UN
cash_flow,purchase of furniture equipment and leasehold total,CapitalExpenditure,1,single:2,InvestingCashFlow;NetOtherInvestingChanges;PurchaseOfPPE,IIP.UN
cash_flow,purchase of furniture equipment and leasehold total,InvestingCashFlow,1,single:1,CapitalExpenditure;NetOtherInvestingChanges;PurchaseOfPPE,IIP.UN
balance_sheet,credit facilities,LongTermDebtAndCapitalLeaseObligation,1,single:1,CurrentDebtAndCapitalLeaseObligation;LongTermDebt,IIP.UN
balance_sheet,credit facilities,LongTermDebt,1,single:1,CurrentDebtAndCapitalLeaseObligation;LongTermDebtAndCapitalLeaseObligation,IIP.UN
cash_flow,purchase of furniture equipment and leasehold total,NetOtherInvestingChanges,1,single:1,CapitalExpenditure;InvestingCashFlow;PurchaseOfPPE,IIP.UN
cash_flow,non controlling interest,ChangeInReceivables,1,single:1,CommonStockIssuance;IssuanceOfDebt,K
cash_flow,short term investments,DeferredTax,1,single:1,PurchaseOfInvestment,K
income_statement,exploration and business development,SellingGeneralAndAdministration,1,single:1,EBIT;EBITDA;NetInterestIncome,K
income_statement,operating earnings loss,OperatingIncome,1,single:1,EBIT;PretaxIncome,K
income_statement,total comprehensive income loss,DilutedAverageShares,1,single:1,GrossProfit,K
cash_flow,accounts receivable and other assets,ChangeInReceivables,1,single:15,ChangeInWorkingCapital;NetOtherFinancingCharges;NetOtherInvestingChanges,K
cash_flow,balance at the end of the period,ChangeInWorkingCapital,1,residual:2+single:1,AssetImpairmentCharge;ChangeInReceivables;NetOtherFinancingCharges,K
cash_flow,deferred tax recovery expense,DeferredTax,1,single:2,SaleOfInvestment,K
cash_flow,additions to long term investments and other assets,PurchaseOfInvestment,1,single:3,FreeCashFlow,K
income_statement,operating earnings loss,PretaxIncome,1,single:1,EBIT;OperatingIncome,K
income_statement,loss from continuing operations after tax,NetIncomeFromContinuingAndDiscontinuedOperation,1,single:1,NetIncomeContinuousOperations,K
income_statement,common shareholders,NetIncomeFromContinuingAndDiscontinuedOperation,1,single:2,DilutedAverageShares;NetIncomeContinuousOperations;NetIncomeDiscontinuousOperations,K
income_statement,attributed to common shareholders,NetIncomeFromContinuingAndDiscontinuedOperation,1,single:1,NetIncomeContinuousOperations,K
income_statement,common shareholders,NetIncomeContinuousOperations,1,single:5,DilutedAverageShares;NetIncomeDiscontinuousOperations;NetIncomeFromContinuingAndDiscontinuedOperation,K
income_statement,attributed to common shareholders,NetIncomeContinuousOperations,1,single:1,NetIncomeFromContinuingAndDiscontinuedOperation,K
income_statement,loss before taxes,EBIT,1,single:1,PretaxIncome,K
income_statement,operating earnings loss,EBIT,1,single:1,OperatingIncome;PretaxIncome,K
balance_sheet,accounts receivable and other assets note,Receivables,1,residual:1,OtherCurrentAssets;OtherReceivables;TotalEquityGrossMinorityInterest,K
balance_sheet,total debt including current portion,LongTermDebtAndCapitalLeaseObligation,1,single:2,LongTermDebt;TotalNonCurrentAssets,K
balance_sheet,accounts receivable and other assets note,TotalEquityGrossMinorityInterest,1,residual:1,OtherCurrentAssets;OtherReceivables;Receivables,K
cash_flow,additions to long term investments and other assets,FreeCashFlow,1,single:1,PurchaseOfInvestment,K
cash_flow,net earnings loss attributable to non controlling interest,FreeCashFlow,1,residual:1,ChangeInReceivables;NetOtherFinancingCharges,K
cash_flow,deferred tax recovery expense,SaleOfInvestment,1,single:1,DeferredTax,K
income_statement,loss before tax,PretaxIncome,1,single:3,EBIT,K
balance_sheet,accounts receivable and other assets note,OtherReceivables,1,sumlab:1,OtherCurrentAssets;Receivables;TotalEquityGrossMinorityInterest,K
balance_sheet,investment in associate,CurrentDebtAndCapitalLeaseObligation,1,single:2,AccountsReceivable,K
balance_sheet,long term debt note,LongTermDebtAndCapitalLeaseObligation,1,single:2,LongTermDebt,K
balance_sheet,long term debt note,LongTermDebt,1,single:2,LongTermDebtAndCapitalLeaseObligation,K
cash_flow,income taxes paid,FreeCashFlow,1,residual:1,PurchaseOfInvestment,K
cash_flow,income taxes paid,PurchaseOfInvestment,1,single:1,FreeCashFlow,K
income_statement,loss from continuing operations after tax,NetIncomeContinuousOperations,1,single:2,NetIncomeFromContinuingAndDiscontinuedOperation,K
income_statement,earnings loss from discontinued operation after tax,NetIncomeDiscontinuousOperations,1,single:2,NetIncomeContinuousOperations,K
income_statement,loss before tax,EBIT,1,single:2,PretaxIncome,K
balance_sheet,total assets 10 286 7,GrossPPE,1,single:1,CommonStock,K
balance_sheet,total liabilities and equity 10 286 7,GrossPPE,1,single:1,CommonStock,K
balance_sheet,total assets 10 286 7,CommonStock,1,single:1,GrossPPE,K
balance_sheet,total liabilities and equity 10 286 7,CommonStock,1,single:1,GrossPPE,K
cash_flow,accounts receivable and other assets,ChangeInWorkingCapital,1,residual:6,ChangeInReceivables;NetOtherFinancingCharges;NetOtherInvestingChanges,K
income_statement,earnings loss from discontinued operation after tax,NetIncomeContinuousOperations,1,residual:1,NetIncomeDiscontinuousOperations,K
income_statement,common shareholders,DilutedAverageShares,1,single:1,NetIncomeContinuousOperations;NetIncomeDiscontinuousOperations;NetIncomeFromContinuingAndDiscontinuedOperation,K
balance_sheet,accounts receivable and other assets note,OtherCurrentAssets,1,single:1,OtherReceivables;Receivables;TotalEquityGrossMinorityInterest,K
balance_sheet,common share capital note,GrossPPE,1,single:1,CommonStock;RetainedEarnings,K
balance_sheet,goodwill note,Goodwill,1,single:2,OtherIntangibleAssets,K
balance_sheet,goodwill note,OtherIntangibleAssets,1,single:2,Goodwill,K
balance_sheet,common share capital note,CommonStock,1,single:2,GrossPPE;RetainedEarnings,K
cash_flow,net earnings loss attributable to non controlling interest,ChangeInReceivables,1,single:1,FreeCashFlow;NetOtherFinancingCharges,K
cash_flow,accounts receivable and other assets,NetOtherFinancingCharges,1,single:1,ChangeInReceivables;ChangeInWorkingCapital;NetOtherInvestingChanges,K
cash_flow,net earnings loss attributable to non controlling interest,NetOtherFinancingCharges,1,single:1,ChangeInReceivables;FreeCashFlow,K
balance_sheet,total debt including current portion,TotalNonCurrentAssets,1,residual:1,LongTermDebt;LongTermDebtAndCapitalLeaseObligation,K
balance_sheet,common share capital note,RetainedEarnings,1,single:1,CommonStock;GrossPPE,K
cash_flow,balance at the beginning of the period,NetOtherInvestingChanges,1,single:1,PurchaseOfInvestment,K
income_statement,exploration and business development,NetInterestIncome,1,single:1,EBIT;EBITDA;SellingGeneralAndAdministration,K
balance_sheet,total debt including current portion,LongTermDebt,1,single:1,LongTermDebtAndCapitalLeaseObligation;TotalNonCurrentAssets,K
income_statement,exploration and business development,EBIT,1,residual:1,EBITDA;NetInterestIncome;SellingGeneralAndAdministration,K
income_statement,exploration and business development,EBITDA,1,residual:1,EBIT;NetInterestIncome;SellingGeneralAndAdministration,K
balance_sheet,long term debt and credit facilities,LongTermDebt,1,single:4,LongTermDebtAndCapitalLeaseObligation,K
income_statement,finance expense,OtherIncomeExpense,1,single:1,EBITDA;InterestExpenseNonOperating;InterestIncome;NetInterestIncome,K
income_statement,common shareholders,NetIncomeDiscontinuousOperations,1,single:1,DilutedAverageShares;NetIncomeContinuousOperations;NetIncomeFromContinuingAndDiscontinuedOperation,K
balance_sheet,current portion of provisions,OtherCurrentAssets,1,single:2,Inventory;OtherEquityInterest,K
cash_flow,balance at the end of the period,ChangeInReceivables,1,single:2,AssetImpairmentCharge;ChangeInWorkingCapital;NetOtherFinancingCharges,K
cash_flow,repurchase and cancellation of shares,RepurchaseOfCapitalStock,1,single:3,FreeCashFlow;IssuanceOfDebt,K
cash_flow,interest paid capitalized to property plant and equipment,RepurchaseOfCapitalStock,1,sumlab:1,NetOtherInvestingChanges,K
cash_flow,balance at the beginning of the period,PurchaseOfInvestment,1,single:1,NetOtherInvestingChanges,K
cash_flow,repurchase and cancellation of shares,IssuanceOfDebt,1,sumlab:1,FreeCashFlow;RepurchaseOfCapitalStock,K
balance_sheet,long term debt and credit facilities,LongTermDebtAndCapitalLeaseObligation,1,single:2,LongTermDebt,K
cash_flow,repurchase and cancellation of shares,FreeCashFlow,1,single:2,IssuanceOfDebt;RepurchaseOfCapitalStock,K
cash_flow,balance at the end of the period,NetOtherFinancingCharges,1,single:1,AssetImpairmentCharge;ChangeInReceivables;ChangeInWorkingCapital,K
cash_flow,accounts receivable and other assets,NetOtherInvestingChanges,1,single:1,ChangeInReceivables;ChangeInWorkingCapital;NetOtherFinancingCharges,K
cash_flow,balance at the end of the period,AssetImpairmentCharge,1,single:1,ChangeInReceivables;ChangeInWorkingCapital;NetOtherFinancingCharges,K
cash_flow,interest paid capitalized to property plant and equipment,NetOtherInvestingChanges,1,single:1,RepurchaseOfCapitalStock,K
balance_sheet,future income taxes note,Receivables,1,residual:1,OtherReceivables,LAS.A
balance_sheet,future income taxes note,OtherReceivables,1,single:1,Receivables,LAS.A
balance_sheet,future income taxes,OtherCurrentAssets,1,single:1,CurrentDebtAndCapitalLeaseObligation;Receivables,LAS.A
balance_sheet,fixed assets,NetPPE,1,single:3,AccumulatedDepreciation,LAS.A
income_statement,financial expenses,NetInterestIncome,1,single:10,OtherIncomeExpense,LAS.A
income_statement,other gains losses,OtherIncomeExpense,1,single:5,NetInterestIncome,LAS.A
income_statement,profit,NetIncomeFromContinuingAndDiscontinuedOperation,1,single:18,NetIncome;NetIncomeContinuousOperations,LAS.A
income_statement,company s shareholders,NetIncomeFromContinuingAndDiscontinuedOperation,1,single:2,NetIncome;NetIncomeContinuousOperations,LAS.A
income_statement,profit,NetIncomeContinuousOperations,1,single:18,NetIncome;NetIncomeFromContinuingAndDiscontinuedOperation,LAS.A
income_statement,company s shareholders,NetIncomeContinuousOperations,1,single:2,NetIncome;NetIncomeFromContinuingAndDiscontinuedOperation,LAS.A
income_statement,profit,NetIncome,1,single:9,NetIncomeContinuousOperations;NetIncomeFromContinuingAndDiscontinuedOperation,LAS.A
income_statement,company s shareholders,NetIncome,1,single:11,NetIncomeContinuousOperations;NetIncomeFromContinuingAndDiscontinuedOperation,LAS.A
income_statement,attributable to total,NetIncome,1,single:9,CostOfRevenue;DilutedAverageShares;EBITDA;InterestExpenseNonOperating;NetIncomeContinuousOperations;NetIncomeDiscontinuousOperations;NetIncomeFromContinuingAndDiscontinuedOperation;SellingGeneralAndAdministration,LAS.A
income_statement,basic and diluted earnings per share in,BasicEPS,1,single:16,DilutedEPS,LAS.A
income_statement,basic and diluted earnings per share in,DilutedEPS,1,single:16,BasicEPS,LAS.A
balance_sheet,fixed assets,AccumulatedDepreciation,1,single:1,NetPPE,LAS.A
cash_flow,profit,NetIncomeFromContinuingOperations,1,single:15,NetIssuancePaymentsOfDebt,LAS.A
cash_flow,change in non cash operating working capital items,ChangeInWorkingCapital,1,single:16,ChangeInPayablesAndAccruedExpense;EndCashPosition;SaleOfInvestment,LAS.A
cash_flow,cash and cash equivalents at beginning,BeginningCashPosition,1,single:20,ChangeInReceivables,LAS.A
cash_flow,cash and cash equivalents at end,EndCashPosition,1,single:21,CashDividendsPaid;NetIncomeFromContinuingOperations,LAS.A
balance_sheet,capital reserves and retained earnings attributable total,TotalAssets,1,single:2,TotalEquityGrossMinorityInterest,LAS.A
balance_sheet,capital reserves and retained earnings attributable total,TotalEquityGrossMinorityInterest,1,single:1,TotalAssets,LAS.A
cash_flow,cash and cash equivalents at end,CashDividendsPaid,1,single:2,EndCashPosition;NetIncomeFromContinuingOperations,LAS.A
balance_sheet,capital reserves and retained earnings attributable to the total,TotalAssets,1,single:2,TotalEquityGrossMinorityInterest,LAS.A
balance_sheet,capital reserves and retained earnings attributable to the total,TotalEquityGrossMinorityInterest,1,single:2,TotalAssets,LAS.A
cash_flow,cash and cash equivalents at end,NetIncomeFromContinuingOperations,1,sumlab:1,CashDividendsPaid;EndCashPosition,LAS.A
cash_flow,interest income and expense,ChangeInWorkingCapital,1,single:1,DeferredTax,LAS.A
cash_flow,dividends paid on class a shares,BeginningCashPosition,1,sumlab:1,ChangeInReceivables,LAS.A
cash_flow,dividends paid on class a shares,ChangeInReceivables,1,sumlab:1,BeginningCashPosition,LAS.A
cash_flow,proceeds from the disposal of an investment,ChangeInWorkingCapital,1,single:1,SaleOfInvestment,LAS.A
cash_flow,change in non cash operating working capital items,SaleOfInvestment,1,single:1,ChangeInPayablesAndAccruedExpense;ChangeInWorkingCapital;EndCashPosition,LAS.A
cash_flow,proceeds from the disposal of an investment,SaleOfInvestment,1,single:1,ChangeInWorkingCapital,LAS.A
balance_sheet,balance as at december,TotalEquityGrossMinorityInterest,1,single:17,GrossPPE;TotalNonCurrentAssets,LAS.A
cash_flow,interest income and expense,DeferredTax,1,single:1,ChangeInWorkingCapital,LAS.A
cash_flow,income tax received,CapitalExpenditure,1,residual:1,EndCashPosition,LAS.A
cash_flow,unrealized foreign exchange gains losses,SaleOfPPE,1,single:1,RepurchaseOfCapitalStock,LAS.A
balance_sheet,other comprehensive income loss 14 339,OtherReceivables,1,single:1,CurrentDebtAndCapitalLeaseObligation,LAS.A
balance_sheet,balance as at december,GrossPPE,1,single:3,TotalEquityGrossMinorityInterest;TotalNonCurrentAssets,LAS.A
balance_sheet,other comprehensive income loss 14 339,CurrentDebtAndCapitalLeaseObligation,1,sumlab:1,OtherReceivables,LAS.A
cash_flow,change in non cash operating working capital items,ChangeInPayablesAndAccruedExpense,1,single:1,ChangeInWorkingCapital;EndCashPosition;SaleOfInvestment,LAS.A
balance_sheet,balance as at january,TotalEquityGrossMinorityInterest,1,single:1,GrossPPE,LAS.A
balance_sheet,balance as at january,GrossPPE,1,single:1,TotalEquityGrossMinorityInterest,LAS.A
cash_flow,income tax expense,CashDividendsPaid,1,single:1,AssetImpairmentCharge;CapitalExpenditure;ChangeInInventory;DeferredTax;DepreciationAndAmortization,LAS.A
cash_flow,change in revolving operating credit net of transaction costs,DeferredTax,1,single:2,IssuanceOfDebt;NetIssuancePaymentsOfDebt,LAS.A
income_statement,other gains losses,NetInterestIncome,1,single:1,OtherIncomeExpense,LAS.A
income_statement,financial expenses,OtherIncomeExpense,1,single:1,NetInterestIncome,LAS.A
cash_flow,profit,NetIssuancePaymentsOfDebt,1,single:1,NetIncomeFromContinuingOperations,LAS.A
cash_flow,change in revolving operating credit net of transaction costs,IssuanceOfDebt,1,single:4,DeferredTax;NetIssuancePaymentsOfDebt,LAS.A
income_statement,corporation s shareholders,NetIncomeFromContinuingAndDiscontinuedOperation,1,single:7,NetIncome;NetIncomeContinuousOperations,LAS.A
income_statement,corporation s shareholders,NetIncomeContinuousOperations,1,single:7,NetIncome;NetIncomeFromContinuingAndDiscontinuedOperation,LAS.A
income_statement,corporation s shareholders,NetIncome,1,single:7,NetIncomeContinuousOperations;NetIncomeFromContinuingAndDiscontinuedOperation,LAS.A
balance_sheet,balance as at december,TotalNonCurrentAssets,1,single:1,GrossPPE;TotalEquityGrossMinorityInterest,LAS.A
cash_flow,cash and cash equivalents at beginning,ChangeInReceivables,1,single:1,BeginningCashPosition,LAS.A
cash_flow,unrealized foreign exchange gains losses,RepurchaseOfCapitalStock,1,single:1,SaleOfPPE,LAS.A
cash_flow,change in revolving operating credit net of transaction costs,NetIssuancePaymentsOfDebt,1,residual:2,DeferredTax;IssuanceOfDebt,LAS.A
cash_flow,income tax received,EndCashPosition,1,single:1,CapitalExpenditure,LAS.A
cash_flow,adjustments total,NetIssuancePaymentsOfDebt,1,single:1,IssuanceOfDebt,LAS.A
cash_flow,change in non cash operating working capital items,EndCashPosition,1,sumlab:1,ChangeInPayablesAndAccruedExpense;ChangeInWorkingCapital;SaleOfInvestment,LAS.A
cash_flow,repayment of lease liabilities,ChangeInOtherWorkingCapital,1,single:1,NetIssuancePaymentsOfDebt;NetOtherInvestingChanges;RepaymentOfDebt,LAS.A
balance_sheet,lease liabilities,CommonStock,1,single:1,CurrentDebtAndCapitalLeaseObligation;LongTermDebtAndCapitalLeaseObligation;OtherEquityInterest,LAS.A
cash_flow,adjustments total,IssuanceOfDebt,1,single:1,NetIssuancePaymentsOfDebt,LAS.A
balance_sheet,prepaid and receivable income taxes,Receivables,1,residual:2,OtherReceivables,LULU
balance_sheet,current income taxes payable,Receivables,1,residual:1,OtherReceivables,LULU
balance_sheet,prepaid and receivable income taxes,OtherReceivables,1,single:2,Receivables,LULU
balance_sheet,current income taxes payable,OtherReceivables,1,single:1,Receivables,LULU
balance_sheet,income and other taxes recoverable,Receivables,1,residual:2,OtherReceivables,MFI
balance_sheet,income and other taxes recoverable,OtherReceivables,1,single:3,Receivables,MFI
balance_sheet,accounts payable and accrued charges,AccountsPayable,1,single:2,CurrentDebtAndCapitalLeaseObligation;PreferredStock,MFI
balance_sheet,future tax asset,OtherCurrentAssets,1,sumlab:1,CurrentDebtAndCapitalLeaseObligation,MFI
balance_sheet,future tax asset,CurrentDebtAndCapitalLeaseObligation,1,residual:1,OtherCurrentAssets,MFI
cash_flow,proceeds from sale of investments,SaleOfInvestment,1,single:1,CashDividendsPaid,MFI
balance_sheet,accounts payable and accrued charges,CurrentDebtAndCapitalLeaseObligation,1,single:1,AccountsPayable;PreferredStock,MFI
cash_flow,net increase decrease in long term debt,NetIssuancePaymentsOfDebt,1,single:4,RepaymentOfDebt,MFI
cash_flow,increase in financing costs,PurchaseOfBusiness,1,single:1,PurchaseOfInvestment,MFI
cash_flow,purchase of subsidiary shares,PurchaseOfBusiness,1,single:1,PurchaseOfInvestment,MFI
cash_flow,increase in financing costs,PurchaseOfInvestment,1,single:1,PurchaseOfBusiness,MFI
cash_flow,purchase of subsidiary shares,PurchaseOfInvestment,1,single:1,PurchaseOfBusiness,MFI
balance_sheet,biological assets,OtherCurrentAssets,1,single:1,CurrentDebtAndCapitalLeaseObligation,MFI
balance_sheet,biological assets,CurrentDebtAndCapitalLeaseObligation,1,residual:1,OtherCurrentAssets,MFI
cash_flow,proceeds from sale of assets held for sale,NetIssuancePaymentsOfDebt,1,sumlab:1,RepaymentOfDebt,MFI
cash_flow,net increase decrease in long term debt,RepaymentOfDebt,1,single:3,NetIssuancePaymentsOfDebt,MFI
cash_flow,proceeds from sale of assets held for sale,RepaymentOfDebt,1,sumlab:1,NetIssuancePaymentsOfDebt,MFI
balance_sheet,selling general and administrative expenses,AccountsPayable,1,single:1,CurrentDebtAndCapitalLeaseObligation,MFI
cash_flow,purchase of treasury stock,PurchaseOfInvestment,1,single:4,CapitalExpenditure;CommonStockIssuance;NetIncomeFromContinuingOperations;PurchaseOfBusiness;RepurchaseOfCapitalStock,MFI
cash_flow,additions to long term assets,NetOtherInvestingChanges,1,single:3,NetIncomeFromContinuingOperations,MFI
cash_flow,payment of lease obligation,RepaymentOfDebt,1,single:7,NetIssuancePaymentsOfDebt,MFI
income_statement,trade receivables,InterestExpenseNonOperating,1,single:1,EBITDA,MFI
income_statement,net trade receivables,InterestExpenseNonOperating,1,single:1,EBITDA,MFI
income_statement,earnings loss,NetIncomeFromContinuingAndDiscontinuedOperation,1,single:2,NetIncome,MFI
income_statement,trade receivables,EBITDA,1,residual:1,InterestExpenseNonOperating,MFI
income_statement,net trade receivables,EBITDA,1,residual:1,InterestExpenseNonOperating,MFI
balance_sheet,provisions,OtherCurrentAssets,1,single:1,AccountsPayable;CashCashEquivalentsAndShortTermInvestments;CurrentDebtAndCapitalLeaseObligation;OtherEquityInterest;OtherIntangibleAssets;OtherReceivables;TotalNonCurrentLiabilities,MFI
balance_sheet,selling general and administrative expenses,CurrentDebtAndCapitalLeaseObligation,1,single:1,AccountsPayable,MFI
income_statement,earnings,NetIncomeFromContinuingAndDiscontinuedOperation,1,single:4,NetIncome,MFI
income_statement,comprehensive income,NetIncomeFromContinuingAndDiscontinuedOperation,1,single:2,EBIT;EBITDA;InterestExpenseNonOperating;NetIncome;NetIncomeContinuousOperations;NetInterestIncome;SellingGeneralAndAdministration,MFI
income_statement,earnings 96 599,NetIncomeFromContinuingAndDiscontinuedOperation,1,single:1,NetIncome,MFI
income_statement,comprehensive income loss,NetIncomeFromContinuingAndDiscontinuedOperation,1,single:1,NetIncome,MFI
income_statement,earnings from discontinued operations,NetIncomeDiscontinuousOperations,1,single:2,DilutedAverageShares;NetIncome,MFI
income_statement,earnings,NetIncome,1,single:4,NetIncomeFromContinuingAndDiscontinuedOperation,MFI
income_statement,comprehensive income,NetIncome,1,single:2,EBIT;EBITDA;InterestExpenseNonOperating;NetIncomeContinuousOperations;NetIncomeFromContinuingAndDiscontinuedOperation;NetInterestIncome;SellingGeneralAndAdministration,MFI
income_statement,earnings 96 599,NetIncome,1,single:1,NetIncomeFromContinuingAndDiscontinuedOperation,MFI
income_statement,earnings loss,NetIncome,1,single:1,NetIncomeFromContinuingAndDiscontinuedOperation,MFI
income_statement,comprehensive income loss,NetIncome,1,single:1,NetIncomeFromContinuingAndDiscontinuedOperation,MFI
income_statement,earnings from discontinued operations,DilutedAverageShares,1,residual:1,NetIncome;NetIncomeDiscontinuousOperations,MFI
cash_flow,additions to long term assets,NetIncomeFromContinuingOperations,1,single:1,NetOtherInvestingChanges,MFI
cash_flow,payment of lease obligation,NetIssuancePaymentsOfDebt,1,residual:1,RepaymentOfDebt,MFI
income_statement,spare parts,InterestExpenseNonOperating,1,single:1,EBIT;EBITDA,MFI
income_statement,earnings from discontinued operations,NetIncome,1,residual:1,DilutedAverageShares;NetIncomeDiscontinuousOperations,MFI
income_statement,spare parts,EBIT,1,residual:1,EBITDA;InterestExpenseNonOperating,MFI
income_statement,spare parts,EBITDA,1,residual:1,EBIT;InterestExpenseNonOperating,MFI
balance_sheet,real estate properties,GrossPPE,1,single:1,NetPPE,MRT.UN
balance_sheet,real estate properties,NetPPE,1,single:1,GrossPPE,MRT.UN
income_statement,revenue from real estate properties,TotalRevenue,1,single:14,EBIT;EBITDA,MRT.UN
income_statement,comprehensive income,NetIncomeContinuousOperations,1,single:1,EBIT;EBITDA;InterestExpenseNonOperating;NetIncome;NetIncomeFromContinuingAndDiscontinuedOperation;NetInterestIncome;SellingGeneralAndAdministration,MRT.UN
income_statement,revenue from real estate properties,EBIT,1,single:1,EBITDA;TotalRevenue,MRT.UN
income_statement,revenue from real estate properties,EBITDA,1,single:1,EBIT;TotalRevenue,MRT.UN
cash_flow,additions to real estate properties,PurchaseOfPPE,1,single:2,CapitalExpenditure,MRT.UN
cash_flow,additions to real estate properties,CapitalExpenditure,1,single:2,PurchaseOfPPE,MRT.UN
cash_flow,distributions to unitholders,CashDividendsPaid,1,single:16,FreeCashFlow;RepaymentOfDebt,MRT.UN
cash_flow,distributions to unitholders 50 792,CashDividendsPaid,1,single:1,RepaymentOfDebt,MRT.UN
cash_flow,proceeds on sale of real estate properties,SaleOfPPE,1,single:1,NetOtherInvestingChanges,MRT.UN
cash_flow,proceeds on sale of real estate properties,NetOtherInvestingChanges,1,single:1,SaleOfPPE,MRT.UN
cash_flow,distributions to unitholders,RepaymentOfDebt,1,single:1,CashDividendsPaid;FreeCashFlow,MRT.UN
cash_flow,distributions to unitholders 50 792,RepaymentOfDebt,1,single:1,CashDividendsPaid,MRT.UN
balance_sheet,mortgages and bonds payable,LongTermDebtAndCapitalLeaseObligation,1,sumlab:1,LongTermDebt,MRT.UN
balance_sheet,mortgages and bonds payable,LongTermDebt,1,sumlab:1,LongTermDebtAndCapitalLeaseObligation,MRT.UN
income_statement,distributions to unitholders 58 891,InterestExpenseNonOperating,1,single:2,EBIT;EBITDA;NetInterestIncome,MRT.UN
income_statement,distributions to unitholders 58 891,NetInterestIncome,1,single:1,EBIT;EBITDA;InterestExpenseNonOperating,MRT.UN
income_statement,distributions to unitholders 58 891,EBIT,1,residual:2,EBITDA;InterestExpenseNonOperating;NetInterestIncome,MRT.UN
income_statement,distributions to unitholders 58 891,EBITDA,1,residual:2,EBIT;InterestExpenseNonOperating;NetInterestIncome,MRT.UN
balance_sheet,amounts receivable 12 b,AccountsReceivable,1,single:1,Receivables,MRT.UN
balance_sheet,amounts receivable 12 b,Receivables,1,single:2,AccountsReceivable,MRT.UN
cash_flow,capital expenditures on real estate properties,PurchaseOfPPE,1,single:6,CapitalExpenditure;NetIssuancePaymentsOfDebt,MRT.UN
cash_flow,capital expenditures on real estate properties,CapitalExpenditure,1,single:6,NetIssuancePaymentsOfDebt;PurchaseOfPPE,MRT.UN
cash_flow,distributions to unitholders,FreeCashFlow,1,single:1,CashDividendsPaid;RepaymentOfDebt,MRT.UN
income_statement,distributions to unitholders 58 452,InterestExpenseNonOperating,1,single:1,EBIT;EBITDA;NetInterestIncome,MRT.UN
income_statement,distributions to unitholders 58 452,EBIT,1,residual:1,EBITDA;InterestExpenseNonOperating;NetInterestIncome,MRT.UN
income_statement,distributions to unitholders 58 452,EBITDA,1,residual:1,EBIT;InterestExpenseNonOperating;NetInterestIncome,MRT.UN
balance_sheet,mortgages payable,LongTermDebt,1,sumlab:2+single:1,CurrentDebtAndCapitalLeaseObligation;LongTermDebtAndCapitalLeaseObligation;OtherEquityInterest;RetainedEarnings,MRT.UN
cash_flow,for the year ended december,ChangeInReceivables,1,single:1,ChangeInWorkingCapital,MRT.UN
income_statement,net income 57 207,InterestExpenseNonOperating,1,single:1,EBIT;EBITDA;NetInterestIncome,MRT.UN
income_statement,distributions to unitholders 57 117,InterestExpenseNonOperating,1,single:1,EBIT;EBITDA;NetInterestIncome,MRT.UN
income_statement,distributions to unitholders 58 452,NetInterestIncome,1,single:1,EBIT;EBITDA;InterestExpenseNonOperating,MRT.UN
income_statement,net income 57 207,NetInterestIncome,1,single:2,EBIT;EBITDA;InterestExpenseNonOperating,MRT.UN
income_statement,distributions to unitholders 57 117,NetInterestIncome,1,single:2,EBIT;EBITDA;InterestExpenseNonOperating,MRT.UN
income_statement,net income 57 207,EBIT,1,residual:1,EBITDA;InterestExpenseNonOperating;NetInterestIncome,MRT.UN
income_statement,distributions to unitholders 57 117,EBIT,1,residual:1,EBITDA;InterestExpenseNonOperating;NetInterestIncome,MRT.UN
income_statement,net income 57 207,EBITDA,1,residual:1,EBIT;InterestExpenseNonOperating;NetInterestIncome,MRT.UN
income_statement,distributions to unitholders 57 117,EBITDA,1,residual:1,EBIT;InterestExpenseNonOperating;NetInterestIncome,MRT.UN
balance_sheet,amounts receivable 11 b,AccountsReceivable,1,single:1,Receivables,MRT.UN
balance_sheet,amounts receivable 11 b,Receivables,1,single:2,AccountsReceivable,MRT.UN
balance_sheet,mortgages payable,CurrentDebtAndCapitalLeaseObligation,1,single:2,LongTermDebt;LongTermDebtAndCapitalLeaseObligation;OtherEquityInterest;RetainedEarnings,MRT.UN
cash_flow,for the year ended december,ChangeInWorkingCapital,1,single:1,ChangeInReceivables,MRT.UN
cash_flow,proceeds from new mortgages,FreeCashFlow,1,single:1,IssuanceOfDebt,MRT.UN
cash_flow,proceeds from new mortgages,IssuanceOfDebt,1,single:1,FreeCashFlow,MRT.UN
income_statement,property operating expenses 12 a,EBIT,1,single:1,EBITDA,MRT.UN
income_statement,property operating expenses 12 a,EBITDA,1,single:1,EBIT,MRT.UN
balance_sheet,mortgages payable,RetainedEarnings,1,single:1,CurrentDebtAndCapitalLeaseObligation;LongTermDebt;LongTermDebtAndCapitalLeaseObligation;OtherEquityInterest,MRT.UN
balance_sheet,unitholders equity,OtherEquityInterest,1,single:1,LongTermDebt;LongTermDebtAndCapitalLeaseObligation;TotalEquityGrossMinorityInterest,MRT.UN
balance_sheet,mortgages payable,OtherEquityInterest,1,sumlab:1,CurrentDebtAndCapitalLeaseObligation;LongTermDebt;LongTermDebtAndCapitalLeaseObligation;RetainedEarnings,MRT.UN
income_statement,fair value losses on real estate properties,CostOfRevenue,1,single:1,InterestExpenseNonOperating,MRT.UN
balance_sheet,unitholders equity,LongTermDebtAndCapitalLeaseObligation,1,residual:2,LongTermDebt;OtherEquityInterest;TotalEquityGrossMinorityInterest,MRT.UN
balance_sheet,unitholders equity,LongTermDebt,1,single:2,LongTermDebtAndCapitalLeaseObligation;OtherEquityInterest;TotalEquityGrossMinorityInterest,MRT.UN
cash_flow,capital expenditures on real estate properties,NetIssuancePaymentsOfDebt,1,single:1,CapitalExpenditure;PurchaseOfPPE,MRT.UN
income_statement,fair value losses on real estate properties,InterestExpenseNonOperating,1,single:1,CostOfRevenue,MRT.UN
income_statement,net loss earnings for the period,NetIncomeFromContinuingAndDiscontinuedOperation,1,single:1,NetIncome;NetIncomeContinuousOperations,NFI
income_statement,net loss earnings for the period,NetIncomeContinuousOperations,1,single:1,NetIncome;NetIncomeFromContinuingAndDiscontinuedOperation,NFI
income_statement,net loss earnings for the period,NetIncome,1,single:1,NetIncomeContinuousOperations;NetIncomeFromContinuingAndDiscontinuedOperation,NFI
balance_sheet,embedded derivative instrument 749 total,CurrentAssets,1,single:1,TotalAssets,NFI
balance_sheet,embedded derivative instrument 749 total,TotalAssets,1,single:1,CurrentAssets,NFI
income_statement,interest on long term debt,EBIT,1,single:1,InterestExpenseNonOperating;NetInterestIncome,NFI
balance_sheet,current portion of obligations under finance leases,CurrentDebtAndCapitalLeaseObligation,1,residual:3+single:1,OtherCurrentAssets,NFI
cash_flow,costs associated with refinancing or debt issuance,NetIncomeFromContinuingOperations,1,single:1,NetIssuancePaymentsOfDebt,NFI
cash_flow,costs associated with refinancing or debt issuance,NetIssuancePaymentsOfDebt,1,single:1,NetIncomeFromContinuingOperations,NFI
income_statement,finance costs total,InterestExpenseNonOperating,1,single:1,NetInterestIncome,NFI
income_statement,finance costs total,NetInterestIncome,1,single:1,InterestExpenseNonOperating,NFI
balance_sheet,embedded derivative instruments,OtherReceivables,1,single:1,GainsLossesNotAffectingRetainedEarnings,NFI
balance_sheet,income taxes payable 4 964 6 547 total,TotalAssets,1,sumlab:1,LongTermDebtAndCapitalLeaseObligation,NFI
balance_sheet,income taxes payable 4 964 6 547 total,LongTermDebtAndCapitalLeaseObligation,1,single:1,TotalAssets,NFI
balance_sheet,embedded derivative instruments,GainsLossesNotAffectingRetainedEarnings,1,single:1,OtherReceivables,NFI
cash_flow,income tax expense,ChangeInInventory,1,single:1,AssetImpairmentCharge;CapitalExpenditure;CashDividendsPaid;DeferredTax;DepreciationAndAmortization,NFI
cash_flow,proceeds from issue of long term debt,NetIssuancePaymentsOfDebt,1,single:2,IssuanceOfDebt,NFI
balance_sheet,derivative financial instruments 689 total,CurrentAssets,1,single:1,TotalAssets,NFI
balance_sheet,derivative financial instruments 689 total,TotalAssets,1,single:2,CurrentAssets,NFI
cash_flow,realized investment tax credits,DepreciationAndAmortization,1,residual:1,NetIncomeFromContinuingOperations,NFI
cash_flow,realized investment tax credits,NetIncomeFromContinuingOperations,1,sumlab:1,DepreciationAndAmortization,NFI
cash_flow,income tax expense,CapitalExpenditure,1,single:2,AssetImpairmentCharge;CashDividendsPaid;ChangeInInventory;DeferredTax;DepreciationAndAmortization,NFI
balance_sheet,obligations under finance leases,OtherCurrentAssets,1,single:1,LongTermDebtAndCapitalLeaseObligation,NFI
balance_sheet,current portion of obligations under finance leases,OtherCurrentAssets,1,sumlab:1,CurrentDebtAndCapitalLeaseObligation,NFI
balance_sheet,income tax receivable,Receivables,1,residual:2,CashCashEquivalentsAndShortTermInvestments,NFI
balance_sheet,provisions,CashCashEquivalentsAndShortTermInvestments,1,single:1,AccountsPayable;CurrentDebtAndCapitalLeaseObligation;OtherCurrentAssets;OtherEquityInterest;OtherIntangibleAssets;OtherReceivables;TotalNonCurrentLiabilities,NFI
balance_sheet,income tax receivable,CashCashEquivalentsAndShortTermInvestments,1,sumlab:1,Receivables,NFI
cash_flow,net cash generated by financing activities,NetIssuancePaymentsOfDebt,1,single:1,FinancingCashFlow;InvestingCashFlow;NetOtherFinancingCharges,NFI
income_statement,cost of contract revenue,TotalRevenue,1,residual:9,CostOfRevenue,OGD
income_statement,cost of contract revenue,CostOfRevenue,1,single:10,TotalRevenue,OGD
income_statement,loss and comprehensive loss attributable to shareholders,NetIncomeFromContinuingAndDiscontinuedOperation,1,single:1,NetIncome;NetIncomeContinuousOperations,OGD
income_statement,loss and comprehensive loss attributable to shareholders,NetIncomeContinuousOperations,1,single:1,NetIncome;NetIncomeFromContinuingAndDiscontinuedOperation,OGD
income_statement,loss and comprehensive loss attributable to shareholders,NetIncome,1,single:1,NetIncomeContinuousOperations;NetIncomeFromContinuingAndDiscontinuedOperation,OGD
cash_flow,changes in non cash operating working capital items,ChangeInWorkingCapital,1,single:14,ChangeInReceivables,OGD
income_statement,net loss attributable to shareholders,NetIncomeFromContinuingAndDiscontinuedOperation,1,single:2,NetIncome;NetIncomeContinuousOperations;TaxProvision,OGD
income_statement,net loss attributable to shareholders,NetIncomeContinuousOperations,1,single:2,NetIncome;NetIncomeFromContinuingAndDiscontinuedOperation;TaxProvision,OGD
income_statement,net loss attributable to shareholders,NetIncome,1,single:2,NetIncomeContinuousOperations;NetIncomeFromContinuingAndDiscontinuedOperation;TaxProvision,OGD
income_statement,income taxes recovery 16 total,TaxProvision,1,single:1,NetIncome;NetIncomeContinuousOperations;NetIncomeFromContinuingAndDiscontinuedOperation,OGD
income_statement,net loss attributable to shareholders,TaxProvision,1,single:1,NetIncome;NetIncomeContinuousOperations;NetIncomeFromContinuingAndDiscontinuedOperation,OGD
income_statement,income taxes recovery 16 total,NetIncomeFromContinuingAndDiscontinuedOperation,1,single:1,NetIncome;NetIncomeContinuousOperations;TaxProvision,OGD
income_statement,income taxes recovery 16 total,NetIncomeContinuousOperations,1,single:1,NetIncome;NetIncomeFromContinuingAndDiscontinuedOperation;TaxProvision,OGD
income_statement,income taxes recovery 16 total,NetIncome,1,single:1,NetIncomeContinuousOperations;NetIncomeFromContinuingAndDiscontinuedOperation;TaxProvision,OGD
balance_sheet,long term debt and finance leases,LongTermDebtAndCapitalLeaseObligation,1,single:5,LongTermDebt,OGD
balance_sheet,long term debt and finance leases,LongTermDebt,1,single:5,LongTermDebtAndCapitalLeaseObligation,OGD
income_statement,deferred,EBITDA,1,single:1,DepreciationAmortizationDepletion;EBIT;InterestExpenseNonOperating;NetInterestIncome;TaxProvision,OGD
cash_flow,changes in non cash operating working capital items,ChangeInReceivables,1,single:1,ChangeInWorkingCapital,OGD
income_statement,finance costs,EBIT,1,residual:4,EBITDA;InterestExpenseNonOperating;NetInterestIncome,OGD
cash_flow,items not affecting cash total,ChangeInReceivables,1,single:2,ChangeInInventory;ChangeInPayablesAndAccruedExpense;FreeCashFlow;NetIssuancePaymentsOfDebt;OperatingCashFlow;PurchaseOfPPE,OGD
cash_flow,business combination of projet production total,ChangeInReceivables,1,single:1,InvestingCashFlow,OGD
cash_flow,finance costs,ChangeInReceivables,1,sumlab:1,FinancingCashFlow,OGD
cash_flow,repayment of loan receivable,OperatingCashFlow,1,single:1,NetIssuancePaymentsOfDebt,OGD
cash_flow,proceeds from repayment of loan receivable,OperatingCashFlow,1,single:1,NetIssuancePaymentsOfDebt,OGD
cash_flow,business combination of projet production total,InvestingCashFlow,1,single:2,ChangeInReceivables,OGD
cash_flow,items not affecting cash total,NetIssuancePaymentsOfDebt,1,residual:1,ChangeInInventory;ChangeInPayablesAndAccruedExpense;ChangeInReceivables;FreeCashFlow;OperatingCashFlow;PurchaseOfPPE,OGD
cash_flow,repayment of loan receivable,NetIssuancePaymentsOfDebt,1,residual:1,OperatingCashFlow,OGD
cash_flow,proceeds from repayment of loan receivable,NetIssuancePaymentsOfDebt,1,residual:1,OperatingCashFlow,OGD
cash_flow,litigation,CapitalExpenditure,1,residual:1,FreeCashFlow,OGD
cash_flow,repayment on factoring,CapitalExpenditure,1,residual:2,NetIssuancePaymentsOfDebt,OGD
cash_flow,repayment on factoring,NetIssuancePaymentsOfDebt,1,sumlab:1,CapitalExpenditure,OGD
cash_flow,litigation,FreeCashFlow,1,single:1,CapitalExpenditure,OGD
income_statement,dividends,TotalRevenue,1,single:2,DilutedAverageShares;NetIncomeContinuousOperations;NetIncomeFromContinuingAndDiscontinuedOperation;PretaxIncome,PDV
income_statement,income total,TotalRevenue,1,single:2,NetIncomeContinuousOperations;NetIncomeFromContinuingAndDiscontinuedOperation;PretaxIncome,PDV
income_statement,from return of capital,TotalRevenue,1,single:1,NetIncomeContinuousOperations;NetIncomeFromContinuingAndDiscontinuedOperation;PretaxIncome,PDV
income_statement,distributions on class a shares total,TotalRevenue,1,single:3,NetIncomeContinuousOperations;NetIncomeFromContinuingAndDiscontinuedOperation;PretaxIncome,PDV
cash_flow,cash flow from operations,OperatingCashFlow,1,single:4,FreeCashFlow;RepurchaseOfCapitalStock,PDV
cash_flow,cash flow from operations,FreeCashFlow,1,single:4,OperatingCashFlow;RepurchaseOfCapitalStock,PDV
income_statement,increase decrease in shareholders equity for the year,TotalRevenue,1,single:2,NonInterestIncome,PDV
income_statement,increase decrease in shareholders equity for the year,NonInterestIncome,1,single:2,TotalRevenue,PDV
income_statement,dividends,PretaxIncome,1,residual:1,DilutedAverageShares;NetIncomeContinuousOperations;NetIncomeFromContinuingAndDiscontinuedOperation;TotalRevenue,PDV
income_statement,income total,PretaxIncome,1,residual:1,NetIncomeContinuousOperations;NetIncomeFromContinuingAndDiscontinuedOperation;TotalRevenue,PDV
income_statement,from return of capital,PretaxIncome,1,residual:1,NetIncomeContinuousOperations;NetIncomeFromContinuingAndDiscontinuedOperation;TotalRevenue,PDV
income_statement,distributions on class a shares total,PretaxIncome,1,residual:1,NetIncomeContinuousOperations;NetIncomeFromContinuingAndDiscontinuedOperation;TotalRevenue,PDV
income_statement,dividends,NetIncomeFromContinuingAndDiscontinuedOperation,1,residual:1,DilutedAverageShares;NetIncomeContinuousOperations;PretaxIncome;TotalRevenue,PDV
income_statement,income total,NetIncomeFromContinuingAndDiscontinuedOperation,1,residual:1,NetIncomeContinuousOperations;PretaxIncome;TotalRevenue,PDV
income_statement,from return of capital,NetIncomeFromContinuingAndDiscontinuedOperation,1,residual:1,NetIncomeContinuousOperations;PretaxIncome;TotalRevenue,PDV
income_statement,distributions on class a shares total,NetIncomeFromContinuingAndDiscontinuedOperation,1,residual:1,NetIncomeContinuousOperations;PretaxIncome;TotalRevenue,PDV
income_statement,dividends,NetIncomeContinuousOperations,1,residual:1,DilutedAverageShares;NetIncomeFromContinuingAndDiscontinuedOperation;PretaxIncome;TotalRevenue,PDV
income_statement,income total,NetIncomeContinuousOperations,1,residual:1,NetIncomeFromContinuingAndDiscontinuedOperation;PretaxIncome;TotalRevenue,PDV
income_statement,from return of capital,NetIncomeContinuousOperations,1,residual:1,NetIncomeFromContinuingAndDiscontinuedOperation;PretaxIncome;TotalRevenue,PDV
income_statement,distributions on class a shares total,NetIncomeContinuousOperations,1,residual:1,NetIncomeFromContinuingAndDiscontinuedOperation;PretaxIncome;TotalRevenue,PDV
cash_flow,cash flow from operations,RepurchaseOfCapitalStock,1,single:1,FreeCashFlow;OperatingCashFlow,PDV
balance_sheet,of redeemable class a shares 1,StockholdersEquity,1,single:2,OtherEquityInterest;TotalEquityGrossMinorityInterest,PDV
balance_sheet,of redeemable class a shares 1,TotalEquityGrossMinorityInterest,1,single:2,OtherEquityInterest;StockholdersEquity,PDV
balance_sheet,of redeemable class a shares 1,OtherEquityInterest,1,single:2,StockholdersEquity;TotalEquityGrossMinorityInterest,PDV
cash_flow,proceeds from sale of investments,CashDividendsPaid,1,single:1,SaleOfInvestment,PDV
income_statement,dividends,DilutedAverageShares,1,single:1,NetIncomeContinuousOperations;NetIncomeFromContinuingAndDiscontinuedOperation;PretaxIncome;TotalRevenue,PDV
balance_sheet,non controlling interests note 22,LongTermDebtAndCapitalLeaseObligation,1,single:1,MinorityInterest,POW
balance_sheet,non controlling interests note 22,MinorityInterest,1,single:2,LongTermDebtAndCapitalLeaseObligation,POW
cash_flow,earnings before income taxes from continuing and discontinued operations,NetIncomeFromContinuingOperations,1,single:2,IssuanceOfDebt,POW
cash_flow,acquisition of capital assets properties and other 874,PurchaseOfPPE,1,single:1,CapitalExpenditure,POW
cash_flow,acquisition of capital assets properties and other 874,CapitalExpenditure,1,single:1,PurchaseOfPPE,POW
cash_flow,sales maturities and repayment of investments,PurchaseOfInvestment,1,single:1,IssuanceOfDebt;SaleOfInvestment,POW
cash_flow,purchases of investments 3 293,PurchaseOfInvestment,1,single:1,SaleOfInvestment,POW
cash_flow,sales maturities and repayment of investments,SaleOfInvestment,1,single:2,IssuanceOfDebt;PurchaseOfInvestment,POW
cash_flow,purchases of investments 3 293,SaleOfInvestment,1,single:1,PurchaseOfInvestment,POW
cash_flow,earnings before income taxes from continuing and discontinued operations,IssuanceOfDebt,1,single:1,NetIncomeFromContinuingOperations,POW
balance_sheet,non controlling interests note 21,LongTermDebtAndCapitalLeaseObligation,1,single:1,MinorityInterest,POW
cash_flow,acquisition of capital assets properties and other 625,PurchaseOfPPE,1,single:1,CapitalExpenditure;NetIssuancePaymentsOfDebt;PurchaseOfBusiness,POW
cash_flow,acquisition of capital assets properties and other 625,CapitalExpenditure,1,single:1,NetIssuancePaymentsOfDebt;PurchaseOfBusiness;PurchaseOfPPE,POW
cash_flow,acquisition of capital assets properties and other 625,NetIssuancePaymentsOfDebt,1,single:1,CapitalExpenditure;PurchaseOfBusiness;PurchaseOfPPE,POW
cash_flow,acquisition of capital assets properties and other 625,PurchaseOfBusiness,1,single:1,CapitalExpenditure;NetIssuancePaymentsOfDebt;PurchaseOfPPE,POW
cash_flow,sales maturities and repayment of investments,IssuanceOfDebt,1,single:1,PurchaseOfInvestment;SaleOfInvestment,POW
income_statement,royalty income,TotalRevenue,1,single:15,DilutedAverageShares;EBIT;EBITDA;GrossProfit,PZA
income_statement,royalty income,GrossProfit,1,single:15,DilutedAverageShares;EBIT;EBITDA;TotalRevenue,PZA
income_statement,deferred tax impact of cash flow hedges,SellingGeneralAndAdministration,1,single:1,NetInterestIncome,PZA
income_statement,earnings for the year attributable to shareholders,NetIncomeFromContinuingAndDiscontinuedOperation,1,single:8,NetIncome;NetIncomeContinuousOperations,PZA
income_statement,earnings for the year,NetIncomeFromContinuingAndDiscontinuedOperation,1,single:26,NetIncome;NetIncomeContinuousOperations,PZA
income_statement,total comprehensive earnings,NetIncomeFromContinuingAndDiscontinuedOperation,1,single:14,NetIncome;NetIncomeContinuousOperations,PZA
income_statement,earnings for the year attributable to shareholders,NetIncomeContinuousOperations,1,single:8,NetIncome;NetIncomeFromContinuingAndDiscontinuedOperation,PZA
income_statement,earnings for the year,NetIncomeContinuousOperations,1,single:26,NetIncome;NetIncomeFromContinuingAndDiscontinuedOperation,PZA
income_statement,total comprehensive earnings,NetIncomeContinuousOperations,1,single:14,NetIncome;NetIncomeFromContinuingAndDiscontinuedOperation,PZA
income_statement,earnings for the year attributable to shareholders,NetIncome,1,single:8,NetIncomeContinuousOperations;NetIncomeFromContinuingAndDiscontinuedOperation,PZA
income_statement,earnings for the year,NetIncome,1,single:26,NetIncomeContinuousOperations;NetIncomeFromContinuingAndDiscontinuedOperation,PZA
income_statement,total comprehensive earnings,NetIncome,1,single:14,NetIncomeContinuousOperations;NetIncomeFromContinuingAndDiscontinuedOperation,PZA
balance_sheet,cash and equivalents,CashAndCashEquivalents,1,single:1,CashCashEquivalentsAndShortTermInvestments,PZA
balance_sheet,cash and equivalents,CashCashEquivalentsAndShortTermInvestments,1,single:1,CashAndCashEquivalents,PZA
balance_sheet,receivable from pizza pizza limited,OtherReceivables,1,single:13,Receivables,PZA
balance_sheet,borrowings,LongTermDebtAndCapitalLeaseObligation,1,single:16,CurrentDebtAndCapitalLeaseObligation;LongTermDebt,PZA
balance_sheet,borrowings,LongTermDebt,1,single:16,CurrentDebtAndCapitalLeaseObligation;LongTermDebtAndCapitalLeaseObligation,PZA
cash_flow,earnings for the year,NetIncomeFromContinuingOperations,1,single:9,FreeCashFlow,PZA
balance_sheet,receivable from pizza pizza limited,Receivables,1,residual:12+single:3,OtherReceivables,PZA
income_statement,interest expense on borrowings,InterestExpenseNonOperating,1,single:14,NetInterestIncome,PZA
income_statement,interest expense on borrowings,NetInterestIncome,1,single:10,InterestExpenseNonOperating,PZA
income_statement,royalty income,EBIT,1,single:11,DilutedAverageShares;EBITDA;GrossProfit;TotalRevenue,PZA
income_statement,royalty income,EBITDA,1,single:11,DilutedAverageShares;EBIT;GrossProfit;TotalRevenue,PZA
cash_flow,earnings for the year,FreeCashFlow,1,single:1,NetIncomeFromContinuingOperations,PZA
income_statement,cash flow hedges,OtherIncomeExpense,1,single:1,InterestIncome;NetInterestIncome,PZA
income_statement,total transactions with shareholders 2 471,NetIncomeFromContinuingAndDiscontinuedOperation,1,single:1,NetIncome;NetIncomeContinuousOperations,PZA
income_statement,total transactions with shareholders 2 471,NetIncomeContinuousOperations,1,single:1,NetIncome;NetIncomeFromContinuingAndDiscontinuedOperation,PZA
income_statement,total transactions with shareholders 2 471,NetIncome,1,single:1,NetIncomeContinuousOperations;NetIncomeFromContinuingAndDiscontinuedOperation,PZA
income_statement,total comprehensive earnings 34,NetIncomeFromContinuingAndDiscontinuedOperation,1,single:3,NetIncome;NetIncomeContinuousOperations,PZA
income_statement,total comprehensive earnings 34,NetIncomeContinuousOperations,1,single:3,NetIncome;NetIncomeFromContinuingAndDiscontinuedOperation,PZA
income_statement,total comprehensive earnings 34,NetIncome,1,single:3,NetIncomeContinuousOperations;NetIncomeFromContinuingAndDiscontinuedOperation,PZA
income_statement,at december,PretaxIncome,1,single:3,GrossProfit;TotalRevenue,PZA
income_statement,earnings for the period attributable to shareholders,NetIncomeFromContinuingAndDiscontinuedOperation,1,single:5,NetIncome;NetIncomeContinuousOperations,PZA
income_statement,earnings for the period attributable to shareholders,NetIncomeContinuousOperations,1,single:5,NetIncome;NetIncomeFromContinuingAndDiscontinuedOperation,PZA
income_statement,earnings for the period attributable to shareholders,NetIncome,1,single:5,NetIncomeContinuousOperations;NetIncomeFromContinuingAndDiscontinuedOperation,PZA
income_statement,at december,TotalRevenue,1,single:1,GrossProfit;PretaxIncome,PZA
income_statement,at december,GrossProfit,1,single:1,PretaxIncome;TotalRevenue,PZA
income_statement,total comprehensive earnings loss,NetIncomeFromContinuingAndDiscontinuedOperation,1,single:1,NetIncome;NetIncomeContinuousOperations;PretaxIncome,PZA
income_statement,total comprehensive earnings loss,NetIncomeContinuousOperations,1,single:1,NetIncome;NetIncomeFromContinuingAndDiscontinuedOperation;PretaxIncome,PZA
income_statement,total comprehensive earnings loss,NetIncome,1,single:1,NetIncomeContinuousOperations;NetIncomeFromContinuingAndDiscontinuedOperation;PretaxIncome,PZA
income_statement,total comprehensive earnings loss,PretaxIncome,1,single:1,NetIncome;NetIncomeContinuousOperations;NetIncomeFromContinuingAndDiscontinuedOperation,PZA
income_statement,earnings for the period,NetIncomeFromContinuingAndDiscontinuedOperation,1,single:11,NetIncome;NetIncomeContinuousOperations,PZA
income_statement,total transactions with shareholders,NetIncomeFromContinuingAndDiscontinuedOperation,1,single:2,NetIncome;NetIncomeContinuousOperations,PZA
income_statement,earnings for the period,NetIncomeContinuousOperations,1,single:11,NetIncome;NetIncomeFromContinuingAndDiscontinuedOperation,PZA
income_statement,total transactions with shareholders,NetIncomeContinuousOperations,1,single:2,NetIncome;NetIncomeFromContinuingAndDiscontinuedOperation,PZA
income_statement,earnings for the period,NetIncome,1,single:11,NetIncomeContinuousOperations;NetIncomeFromContinuingAndDiscontinuedOperation,PZA
income_statement,total transactions with shareholders,NetIncome,1,single:2,NetIncomeContinuousOperations;NetIncomeFromContinuingAndDiscontinuedOperation,PZA
income_statement,royalty income,DilutedAverageShares,1,single:1,EBIT;EBITDA;GrossProfit;TotalRevenue,PZA
cash_flow,earnings for the period,NetIncomeFromContinuingOperations,1,single:5,CashDividendsPaid,PZA
cash_flow,earnings for the period,CashDividendsPaid,1,single:3,NetIncomeFromContinuingOperations,PZA
income_statement,cash flow hedges,NetInterestIncome,1,single:1,InterestIncome;OtherIncomeExpense,PZA
income_statement,deferred tax impact of cash flow hedges,NetInterestIncome,1,sumlab:1,SellingGeneralAndAdministration,PZA
income_statement,total comprehensive earnings loss 205,NetIncomeFromContinuingAndDiscontinuedOperation,1,single:2,NetIncome;NetIncomeContinuousOperations,PZA
income_statement,total comprehensive earnings loss 205,NetIncomeContinuousOperations,1,single:2,NetIncome;NetIncomeFromContinuingAndDiscontinuedOperation,PZA
income_statement,total comprehensive earnings loss 205,NetIncome,1,single:2,NetIncomeContinuousOperations;NetIncomeFromContinuingAndDiscontinuedOperation,PZA
balance_sheet,borrowings,CurrentDebtAndCapitalLeaseObligation,1,single:1,LongTermDebt;LongTermDebtAndCapitalLeaseObligation,PZA
income_statement,cash flow hedges,InterestIncome,1,single:1,NetInterestIncome;OtherIncomeExpense,PZA
income_statement,total comprehensive earnings loss 1 119,NetIncomeFromContinuingAndDiscontinuedOperation,1,single:1,NetIncome;NetIncomeContinuousOperations,PZA
income_statement,total comprehensive earnings loss 1 119,NetIncomeContinuousOperations,1,single:1,NetIncome;NetIncomeFromContinuingAndDiscontinuedOperation,PZA
income_statement,total comprehensive earnings loss 1 119,NetIncome,1,single:1,NetIncomeContinuousOperations;NetIncomeFromContinuingAndDiscontinuedOperation,PZA
income_statement,at december 31 2025 242 030 98 976,EBIT,1,single:1,EBITDA,PZA
income_statement,at december 31 2025 242 030 98 976,EBITDA,1,single:1,EBIT,PZA
cash_flow,short term investments,PurchaseOfInvestment,1,single:1,DeferredTax,PZA
income_statement,net interest expense income,InterestIncome,1,single:2,NetInterestIncome,RM
income_statement,net interest expense income,NetInterestIncome,1,single:1,InterestIncome,RM
cash_flow,repayment of loan to related parties,NetIssuancePaymentsOfDebt,1,single:2,IssuanceOfDebt;RepaymentOfDebt,RM
cash_flow,repayment of loan to related parties,IssuanceOfDebt,1,single:1,NetIssuancePaymentsOfDebt;RepaymentOfDebt,RM
income_statement,salary and wages,CostOfRevenue,1,single:1,GrossProfit,RM
income_statement,salary and wages,GrossProfit,1,single:1,CostOfRevenue,RM
cash_flow,repayment of loan to related parties,RepaymentOfDebt,1,single:1,IssuanceOfDebt;NetIssuancePaymentsOfDebt,RM
income_statement,survey cost,CostOfRevenue,1,single:3,EBIT;EBITDA,SFD
income_statement,administrative,SellingGeneralAndAdministration,1,single:6,EBITDA,SFD
income_statement,survey cost,EBITDA,1,single:1,CostOfRevenue;EBIT,SFD
cash_flow,unearned revenue,ChangeInWorkingCapital,1,single:1,ChangeInOtherWorkingCapital,SFD
cash_flow,net income loss,PurchaseOfPPE,1,single:1,CapitalExpenditure;NetIncomeFromContinuingOperations,SFD
cash_flow,repayment of registration penalty,PurchaseOfPPE,1,single:1,CapitalExpenditure,SFD
cash_flow,invested in other property and equipment,PurchaseOfPPE,1,single:1,CapitalExpenditure,SFD
cash_flow,net income loss for year,PurchaseOfPPE,1,single:1,CapitalExpenditure,SFD
cash_flow,net income loss,CapitalExpenditure,1,single:1,NetIncomeFromContinuingOperations;PurchaseOfPPE,SFD
cash_flow,repayment of registration penalty,CapitalExpenditure,1,single:1,PurchaseOfPPE,SFD
cash_flow,invested in other property and equipment,CapitalExpenditure,1,single:1,PurchaseOfPPE,SFD
cash_flow,net income loss for year,CapitalExpenditure,1,single:1,PurchaseOfPPE,SFD
cash_flow,issued through conversion of debentures,NetIssuancePaymentsOfDebt,1,single:1,RepaymentOfDebt,SFD
cash_flow,unearned revenue,ChangeInOtherWorkingCapital,1,single:2,ChangeInWorkingCapital,SFD
cash_flow,decrease increase in short term investments,PurchaseOfInvestment,1,single:6,ChangeInOtherWorkingCapital;InvestingCashFlow;NetOtherInvestingChanges;SaleOfInvestment,SFD
cash_flow,issued through conversion of debentures,RepaymentOfDebt,1,single:1,NetIssuancePaymentsOfDebt,SFD
income_statement,accretion of asset retirement obligation,CostOfRevenue,1,single:1,EBIT,SFD
income_statement,survey cost,EBIT,1,residual:1,CostOfRevenue;EBITDA,SFD
income_statement,accretion of asset retirement obligation,EBIT,1,residual:1,CostOfRevenue,SFD
balance_sheet,other property and equipment note 3,NetPPE,1,single:2,TotalNonCurrentAssets,SFD
balance_sheet,other property and equipment note 3,TotalNonCurrentAssets,1,single:2,NetPPE,SFD
balance_sheet,common shares authorized unlimited total,TotalAssets,1,single:3,OtherEquityInterest;OtherIntangibleAssets;PreferredStock;StockholdersEquity;TotalEquityGrossMinorityInterest,SFD
balance_sheet,common shares authorized unlimited total,StockholdersEquity,1,single:18,OtherEquityInterest;OtherIntangibleAssets;PreferredStock;TotalAssets;TotalEquityGrossMinorityInterest,SFD
balance_sheet,common shares authorized unlimited total,TotalEquityGrossMinorityInterest,1,single:18,OtherEquityInterest;OtherIntangibleAssets;PreferredStock;StockholdersEquity;TotalAssets,SFD
balance_sheet,contributed capital,PreferredStock,1,single:1,AdditionalPaidInCapital;OtherIntangibleAssets,SFD
cash_flow,invested in property and equipment,PurchaseOfPPE,1,single:3,CapitalExpenditure;FreeCashFlow;NetOtherFinancingCharges,SFD
cash_flow,invested in property and equipment,CapitalExpenditure,1,single:3,FreeCashFlow;NetOtherFinancingCharges;PurchaseOfPPE,SFD
cash_flow,net cash generated by financing activities,InvestingCashFlow,1,single:1,FinancingCashFlow;NetIssuancePaymentsOfDebt;NetOtherFinancingCharges,SFD
cash_flow,net cash generated used by investing activities,InvestingCashFlow,1,single:3,NetOtherFinancingCharges,SFD
cash_flow,net cash generated by financing activities,FinancingCashFlow,1,single:6,InvestingCashFlow;NetIssuancePaymentsOfDebt;NetOtherFinancingCharges,SFD
cash_flow,invested in property and equipment,FreeCashFlow,1,residual:3,CapitalExpenditure;NetOtherFinancingCharges;PurchaseOfPPE,SFD
cash_flow,decrease increase in short term investments,ChangeInOtherWorkingCapital,1,sumlab:1,InvestingCashFlow;NetOtherInvestingChanges;PurchaseOfInvestment;SaleOfInvestment,SFD
cash_flow,net cash generated by financing activities,NetOtherFinancingCharges,1,single:2,FinancingCashFlow;InvestingCashFlow;NetIssuancePaymentsOfDebt,SFD
cash_flow,net cash generated used by investing activities,NetOtherFinancingCharges,1,single:1,InvestingCashFlow,SFD
balance_sheet,property and equipment note 3,NetPPE,1,single:2,TotalNonCurrentAssets,SFD
balance_sheet,property and equipment note 3,TotalNonCurrentAssets,1,single:1,NetPPE,SFD
cash_flow,decrease increase in short term investments,NetOtherInvestingChanges,1,single:2,ChangeInOtherWorkingCapital;InvestingCashFlow;PurchaseOfInvestment;SaleOfInvestment,SFD
income_statement,administrative,EBITDA,1,single:1,SellingGeneralAndAdministration,SFD
balance_sheet,contributed capital,AdditionalPaidInCapital,1,single:17,OtherIntangibleAssets;PreferredStock,SFD
balance_sheet,common shares authorized unlimited total,PreferredStock,1,sumlab:1,OtherEquityInterest;OtherIntangibleAssets;StockholdersEquity;TotalAssets;TotalEquityGrossMinorityInterest,SFD
cash_flow,invested in property and equipment,NetOtherFinancingCharges,1,single:1,CapitalExpenditure;FreeCashFlow;PurchaseOfPPE,SFD
cash_flow,decrease increase in short term investments,InvestingCashFlow,1,single:1,ChangeInOtherWorkingCapital;NetOtherInvestingChanges;PurchaseOfInvestment;SaleOfInvestment,SFD
cash_flow,net cash generated by used in investing activities,InvestingCashFlow,1,single:3,NetOtherInvestingChanges,SFD
cash_flow,proceeds from exercise of warrants,ChangeInPayablesAndAccruedExpense,1,single:1,FinancingCashFlow;NetOtherFinancingCharges,SFD
cash_flow,issued upon exercise of warrants note 11,ChangeInPayablesAndAccruedExpense,1,single:1,FinancingCashFlow,SFD
cash_flow,proceeds from exercise of warrants,FinancingCashFlow,1,single:1,ChangeInPayablesAndAccruedExpense;NetOtherFinancingCharges,SFD
cash_flow,issued upon exercise of warrants note 11,FinancingCashFlow,1,single:1,ChangeInPayablesAndAccruedExpense,SFD
cash_flow,net cash generated by used in investing activities,NetOtherInvestingChanges,1,single:1,InvestingCashFlow,SFD
cash_flow,proceeds from sale purchase of property & equipment net,PurchaseOfPPE,1,single:1,CapitalExpenditure,SFD
cash_flow,proceeds from sale purchase of property & equipment net,CapitalExpenditure,1,single:1,PurchaseOfPPE,SFD
balance_sheet,intellectual property,OtherIntangibleAssets,1,single:13,AdditionalPaidInCapital;StockholdersEquity;TotalEquityGrossMinorityInterest,SFD
cash_flow,proceeds use from sale purchase of equipment net,PurchaseOfPPE,1,single:1,CapitalExpenditure;SaleOfPPE,SFD
cash_flow,proceeds use from sale purchase of equipment net,CapitalExpenditure,1,single:1,PurchaseOfPPE;SaleOfPPE,SFD
cash_flow,decrease increase in short term investments,SaleOfInvestment,1,single:2,ChangeInOtherWorkingCapital;InvestingCashFlow;NetOtherInvestingChanges;PurchaseOfInvestment,SFD
balance_sheet,common shares authorized unlimited total,OtherIntangibleAssets,1,single:1,OtherEquityInterest;PreferredStock;StockholdersEquity;TotalAssets;TotalEquityGrossMinorityInterest,SFD
balance_sheet,intellectual property,StockholdersEquity,1,single:1,AdditionalPaidInCapital;OtherIntangibleAssets;TotalEquityGrossMinorityInterest,SFD
balance_sheet,intellectual property,TotalEquityGrossMinorityInterest,1,single:1,AdditionalPaidInCapital;OtherIntangibleAssets;StockholdersEquity,SFD
cash_flow,proceeds use from sale purchase of equipment net,SaleOfPPE,1,single:1,CapitalExpenditure;PurchaseOfPPE,SFD
income_statement,other expenses income total,EBIT,1,residual:2,EBITDA,SFD
income_statement,other expenses income total,EBITDA,1,residual:2,EBIT,SFD
balance_sheet,long term lease obligation,LongTermDebtAndCapitalLeaseObligation,1,single:1,TotalNonCurrentLiabilities,SFD
balance_sheet,long term lease obligation,TotalNonCurrentLiabilities,1,single:1,LongTermDebtAndCapitalLeaseObligation,SFD
income_statement,sfd related revenue,TotalRevenue,1,single:5,SellingGeneralAndAdministration,SFD
cash_flow,repayment of financial liability and lease obligation,NetIssuancePaymentsOfDebt,1,single:1,RepaymentOfDebt,SFD
cash_flow,repayment of financial liability and lease obligation,RepaymentOfDebt,1,single:1,NetIssuancePaymentsOfDebt,SFD
income_statement,sfd related revenue,SellingGeneralAndAdministration,1,single:1,TotalRevenue,SFD
cash_flow,acquisition of intellectual property,CapitalExpenditure,1,single:1,FreeCashFlow;NetIntangiblesPurchaseAndSale,SFD
cash_flow,acquisition of intellectual property,FreeCashFlow,1,residual:1,CapitalExpenditure;NetIntangiblesPurchaseAndSale,SFD
cash_flow,acquisition of intellectual property,NetIntangiblesPurchaseAndSale,1,single:1,CapitalExpenditure;FreeCashFlow,SFD
cash_flow,change in non cash working capital balances,DepreciationAmortizationDepletion,1,single:4,ChangeInWorkingCapital,SFD
balance_sheet,convertible debentures,Receivables,1,single:2,AccountsPayable;CurrentDebtAndCapitalLeaseObligation;LongTermDebt;LongTermDebtAndCapitalLeaseObligation,SFD
balance_sheet,convertible debentures,AccountsPayable,1,single:2,CurrentDebtAndCapitalLeaseObligation;LongTermDebt;LongTermDebtAndCapitalLeaseObligation;Receivables,SFD
balance_sheet,contributed capital,OtherIntangibleAssets,1,single:2,AdditionalPaidInCapital;PreferredStock,SFD
balance_sheet,deposits,StockholdersEquity,1,single:2,OtherEquityInterest;TotalEquityGrossMinorityInterest,SFD
balance_sheet,deposits,TotalEquityGrossMinorityInterest,1,single:2,OtherEquityInterest;StockholdersEquity,SFD
balance_sheet,intellectual property,AdditionalPaidInCapital,1,single:2,OtherIntangibleAssets;StockholdersEquity;TotalEquityGrossMinorityInterest,SFD
balance_sheet,deposits,OtherEquityInterest,1,single:2,StockholdersEquity;TotalEquityGrossMinorityInterest,SFD
balance_sheet,common shares authorized unlimited total,OtherEquityInterest,1,single:2,OtherIntangibleAssets;PreferredStock;StockholdersEquity;TotalAssets;TotalEquityGrossMinorityInterest,SFD
balance_sheet,contract assets,LongTermDebtAndCapitalLeaseObligation,1,single:1,AccumulatedDepreciation;OtherReceivables;Receivables,SFD
income_statement,interest expense net,EBIT,1,residual:1,InterestExpenseNonOperating;NetInterestIncome,SWP
balance_sheet,unitholders equity,TotalEquityGrossMinorityInterest,1,single:1,LongTermDebt;LongTermDebtAndCapitalLeaseObligation;OtherEquityInterest,SWP
cash_flow,purchases of plant and equipment,PurchaseOfPPE,1,single:2,CapitalExpenditure;FreeCashFlow,SWP
cash_flow,purchases of plant and equipment,CapitalExpenditure,1,single:2,FreeCashFlow;PurchaseOfPPE,SWP
cash_flow,proceeds from repayment of bank indebtedness,NetIssuancePaymentsOfDebt,1,single:1,RepaymentOfDebt,SWP
cash_flow,derivative assets,ChangeInOtherWorkingCapital,1,single:2,ChangeInWorkingCapital,SWP
cash_flow,proceeds from repayment of bank indebtedness,RepaymentOfDebt,1,single:1,NetIssuancePaymentsOfDebt,SWP
cash_flow,derivative assets at fair value through profit or loss,ChangeInWorkingCapital,1,residual:1,ChangeInOtherWorkingCapital,SWP
cash_flow,derivative assets,ChangeInWorkingCapital,1,residual:1,ChangeInOtherWorkingCapital,SWP
cash_flow,additions to plant and equipment,PurchaseOfPPE,1,single:19,CapitalExpenditure;ChangeInWorkingCapital;FreeCashFlow;NetIssuancePaymentsOfDebt,SWP
cash_flow,additions to plant and equipment,CapitalExpenditure,1,single:19,ChangeInWorkingCapital;FreeCashFlow;NetIssuancePaymentsOfDebt;PurchaseOfPPE,SWP
cash_flow,additions to plant and equipment,FreeCashFlow,1,residual:4,CapitalExpenditure;ChangeInWorkingCapital;NetIssuancePaymentsOfDebt;PurchaseOfPPE,SWP
cash_flow,proceeds from bank indebtedness,FreeCashFlow,1,single:1,IssuanceOfDebt;NetIssuancePaymentsOfDebt,SWP
cash_flow,purchases of plant and equipment,FreeCashFlow,1,residual:1,CapitalExpenditure;PurchaseOfPPE,SWP
cash_flow,derivative assets at fair value through profit or loss,ChangeInOtherWorkingCapital,1,single:1,ChangeInWorkingCapital,SWP
cash_flow,proceeds from bank indebtedness,IssuanceOfDebt,1,single:3,FreeCashFlow;NetIssuancePaymentsOfDebt,SWP
cash_flow,repayments of bank indebtedness,RepaymentOfDebt,1,single:5,NetIssuancePaymentsOfDebt,SWP
cash_flow,interest received,EffectOfExchangeRateChanges,1,single:1,ChangeInOtherWorkingCapital;ChangeInPayablesAndAccruedExpense;NetIssuancePaymentsOfDebt;RepaymentOfDebt,SWP
cash_flow,repayments of bank indebtedness,NetIssuancePaymentsOfDebt,1,single:2,RepaymentOfDebt,SWP
cash_flow,proceeds from bank indebtedness,NetIssuancePaymentsOfDebt,1,single:1,FreeCashFlow;IssuanceOfDebt,SWP
income_statement,finance expense,InterestIncome,1,single:1,EBITDA;InterestExpenseNonOperating;NetInterestIncome;OtherIncomeExpense,SWP
balance_sheet,convertible debenture,LongTermDebtAndCapitalLeaseObligation,1,single:2,LongTermDebt,SWP
balance_sheet,convertible debenture,LongTermDebt,1,single:2,LongTermDebtAndCapitalLeaseObligation,SWP
cash_flow,proceeds from convertible debenture net of financing costs,NetIssuancePaymentsOfDebt,1,single:2,IssuanceOfDebt,SWP
cash_flow,proceeds from convertible debenture net of financing costs,IssuanceOfDebt,1,single:2,NetIssuancePaymentsOfDebt,SWP
income_statement,note december 31 2018 december,EBIT,1,residual:1,EBITDA,SWP
income_statement,note december 31 2018 december,EBITDA,1,residual:1,EBIT,SWP
income_statement,total non operating or other,DilutedAverageShares,1,residual:1,EBITDA;InterestExpenseNonOperating,SWP
income_statement,note december 31 2019 december,EBIT,1,residual:1,EBITDA,SWP
income_statement,note december 31 2019 december,EBITDA,1,residual:1,EBIT,SWP
cash_flow,proceeds from construction loan,NetIssuancePaymentsOfDebt,1,single:2,IssuanceOfDebt,SWP
cash_flow,proceeds from construction loan,IssuanceOfDebt,1,single:2,NetIssuancePaymentsOfDebt,SWP
cash_flow,finance income,ChangeInOtherWorkingCapital,1,single:1,ChangeInPayablesAndAccruedExpense,SWP
cash_flow,interest received,ChangeInOtherWorkingCapital,1,single:1,ChangeInPayablesAndAccruedExpense;EffectOfExchangeRateChanges;NetIssuancePaymentsOfDebt;RepaymentOfDebt,SWP
cash_flow,items not affecting cash total,ChangeInInventory,1,single:1,ChangeInPayablesAndAccruedExpense;ChangeInReceivables;FreeCashFlow;NetIssuancePaymentsOfDebt;OperatingCashFlow;PurchaseOfPPE,SWP
cash_flow,additions to plant and equipment,NetIssuancePaymentsOfDebt,1,single:1,CapitalExpenditure;ChangeInWorkingCapital;FreeCashFlow;PurchaseOfPPE,SWP
cash_flow,net cash used in generated from financing activities,NetIssuancePaymentsOfDebt,1,single:1,EffectOfExchangeRateChanges;FinancingCashFlow,SWP
cash_flow,income tax recovery expense,DeferredTax,1,single:1,EffectOfExchangeRateChanges,SWP
cash_flow,additions to plant and equipment,ChangeInWorkingCapital,1,single:2,CapitalExpenditure;FreeCashFlow;NetIssuancePaymentsOfDebt;PurchaseOfPPE,SWP
income_statement,total non operating or other,InterestExpenseNonOperating,1,single:2,DilutedAverageShares;EBITDA,SWP
income_statement,finance expense,EBITDA,1,sumlab:1,InterestExpenseNonOperating;InterestIncome;NetInterestIncome;OtherIncomeExpense,SWP
income_statement,total non operating or other,EBITDA,1,sumlab:1,DilutedAverageShares;InterestExpenseNonOperating,SWP
cash_flow,unrealized gain loss on fair value of,PurchaseOfPPE,1,single:1,CapitalExpenditure,SWP
cash_flow,unrealized gain loss on fair value of,CapitalExpenditure,1,single:1,PurchaseOfPPE,SWP
cash_flow,repayments of credit facility 13 3,NetIssuancePaymentsOfDebt,1,single:1,ChangeInOtherWorkingCapital;IssuanceOfDebt,SWP
cash_flow,proceeds from credit facility 13 3,ChangeInOtherWorkingCapital,1,single:1,IssuanceOfDebt,SWP
cash_flow,repayments of credit facility 13 3,ChangeInOtherWorkingCapital,1,single:1,IssuanceOfDebt;NetIssuancePaymentsOfDebt,SWP
cash_flow,proceeds from credit facility 13 3,IssuanceOfDebt,1,single:1,ChangeInOtherWorkingCapital,SWP
cash_flow,repayments of credit facility 13 3,IssuanceOfDebt,1,single:1,ChangeInOtherWorkingCapital;NetIssuancePaymentsOfDebt,SWP
cash_flow,acquisition of mineral interests,PurchaseOfPPE,1,single:8,CapitalExpenditure,TFPM
cash_flow,acquisition of mineral interests,CapitalExpenditure,1,single:8,PurchaseOfPPE,TFPM
cash_flow,normal course issuer bid purchase of common shares,RepurchaseOfCapitalStock,1,single:5,NetOtherInvestingChanges,TFPM
balance_sheet,lease obligation,CurrentDebtAndCapitalLeaseObligation,1,single:5,LongTermDebtAndCapitalLeaseObligation,TFPM
balance_sheet,lease obligation,LongTermDebtAndCapitalLeaseObligation,1,single:3,CurrentDebtAndCapitalLeaseObligation,TFPM
cash_flow,repayments of principal and interest on lease obligation,NetIssuancePaymentsOfDebt,1,single:1,RepaymentOfDebt,TFPM
cash_flow,repayments and interest on lease obligation,NetIssuancePaymentsOfDebt,1,single:2,RepaymentOfDebt,TFPM
cash_flow,repayments of principal and interest on lease obligation,RepaymentOfDebt,1,single:1,NetIssuancePaymentsOfDebt,TFPM
cash_flow,repayments and interest on lease obligation,RepaymentOfDebt,1,single:1,NetIssuancePaymentsOfDebt,TFPM
cash_flow,acquisition of loans,RepurchaseOfCapitalStock,1,single:1,NetOtherInvestingChanges,TFPM
cash_flow,normal course issuer bid ncib purchase of common shares,RepurchaseOfCapitalStock,1,single:3,NetOtherInvestingChanges,TFPM
cash_flow,net loss earnings,FreeCashFlow,1,single:1,IssuanceOfDebt;NetIncomeFromContinuingOperations,TFPM
cash_flow,proceeds on disposal of mineral interests,SaleOfPPE,1,single:3,SaleOfInvestment,TFPM
cash_flow,acquisition of loans,NetOtherInvestingChanges,1,single:1,RepurchaseOfCapitalStock,TFPM
cash_flow,normal course issuer bid ncib purchase of common shares,NetOtherInvestingChanges,1,single:1,RepurchaseOfCapitalStock,TFPM
cash_flow,normal course issuer bid purchase of common shares,NetOtherInvestingChanges,1,single:1,RepurchaseOfCapitalStock,TFPM
cash_flow,impairment reversal charges and expected credit losses,AssetImpairmentCharge,1,single:2,NetOtherInvestingChanges,TFPM
cash_flow,recovery acquisition of loan receivables,NetOtherInvestingChanges,1,single:2,AssetImpairmentCharge,TFPM
cash_flow,recovery acquisition of loan receivables,AssetImpairmentCharge,1,single:1,NetOtherInvestingChanges,TFPM
cash_flow,proceeds on sale of investments,SaleOfPPE,1,single:1,SaleOfInvestment,TFPM
cash_flow,proceeds on disposal of mineral interests,SaleOfInvestment,1,single:1,SaleOfPPE,TFPM
cash_flow,impairment reversal charges and expected credit losses,NetOtherInvestingChanges,1,single:1,AssetImpairmentCharge,TFPM
balance_sheet,2010 and december 26 2009 respectively,CashAndCashEquivalents,1,single:1,CashCashEquivalentsAndShortTermInvestments;Receivables,TPX.B
balance_sheet,2010 and december 26 2009 respectively,CashCashEquivalentsAndShortTermInvestments,1,single:1,CashAndCashEquivalents;Receivables,TPX.B
balance_sheet,2010 and december 26 2009 respectively,Receivables,1,single:2,CashAndCashEquivalents;CashCashEquivalentsAndShortTermInvestments,TPX.B
balance_sheet,trade,Inventory,1,single:1,AccountsReceivable,TPX.B
balance_sheet,goodwill,LongTermDebtAndCapitalLeaseObligation,1,single:1,LongTermDebt,TPX.B
balance_sheet,goodwill,LongTermDebt,1,single:1,LongTermDebtAndCapitalLeaseObligation,TPX.B
income_statement,company,NetIncomeFromContinuingAndDiscontinuedOperation,1,single:1,EBITDA,TPX.B
income_statement,company per share,BasicEPS,1,single:2,DilutedEPS,TPX.B
income_statement,company per share,DilutedEPS,1,single:2,BasicEPS,TPX.B
balance_sheet,derivative financial instruments,OtherCurrentAssets,1,single:1,CurrentDebtAndCapitalLeaseObligation;Receivables,TPX.B
balance_sheet,paid in capital,TotalNonCurrentLiabilities,1,single:1,AdditionalPaidInCapital,TPX.B
balance_sheet,total molson coors brewing company stockholders equity,StockholdersEquity,1,single:1,TotalEquityGrossMinorityInterest,TPX.B
balance_sheet,total equity,StockholdersEquity,1,single:1,TotalEquityGrossMinorityInterest,TPX.B
balance_sheet,total molson coors brewing company stockholders equity,TotalEquityGrossMinorityInterest,1,single:1,StockholdersEquity,TPX.B
balance_sheet,total equity,TotalEquityGrossMinorityInterest,1,single:1,StockholdersEquity,TPX.B
balance_sheet,inventories net,CashCashEquivalentsAndShortTermInvestments,1,single:1+residual:1,Inventory,TPX.B
cash_flow,other comprehensive loss,CapitalExpenditure,1,sumlab:1,CashDividendsPaid,TPX.B
cash_flow,other comprehensive loss,CashDividendsPaid,1,single:1,CapitalExpenditure,TPX.B
income_statement,company,EBITDA,1,residual:1,NetIncomeFromContinuingAndDiscontinuedOperation,TPX.B
income_statement,net income loss attributable to noncontrolling interests,MinorityInterests,1,single:2,InterestIncome,TPX.B
balance_sheet,inventories net,Inventory,1,single:2,CashCashEquivalentsAndShortTermInvestments,TPX.B
balance_sheet,paid in capital,AdditionalPaidInCapital,1,single:2,TotalNonCurrentLiabilities,TPX.B
income_statement,net income loss attributable to noncontrolling interests,InterestIncome,1,single:1,MinorityInterests,TPX.B
income_statement,other expense income total,InterestIncome,1,single:1,NetInterestIncome,TXG
income_statement,other expense income total,NetInterestIncome,1,single:1,InterestIncome,TXG
income_statement,balance beginning of period,InterestIncome,1,single:1,NetInterestIncome,TXG
income_statement,balance beginning of period,NetInterestIncome,1,single:1,InterestIncome,TXG
cash_flow,additions of equipment,PurchaseOfPPE,1,single:1,CapitalExpenditure,TXG
cash_flow,additions of equipment,CapitalExpenditure,1,single:1,PurchaseOfPPE,TXG
cash_flow,net of cash acquired 212 065 total,InvestingCashFlow,1,single:1,PurchaseOfBusiness,TXG
cash_flow,net of cash acquired 212 065 total,PurchaseOfBusiness,1,single:1,InvestingCashFlow,TXG
income_statement,exploration and evaluation expenditures,OperatingIncome,1,single:1,EBIT;EBITDA;NetIncomeContinuousOperations;NetIncomeFromContinuingAndDiscontinuedOperation;PretaxIncome,TXG
income_statement,exploration and evaluation expenditures,PretaxIncome,1,single:1,EBIT;EBITDA;NetIncomeContinuousOperations;NetIncomeFromContinuingAndDiscontinuedOperation;OperatingIncome,TXG
income_statement,exploration and evaluation expenditures,NetIncomeFromContinuingAndDiscontinuedOperation,1,single:1,EBIT;EBITDA;NetIncomeContinuousOperations;OperatingIncome;PretaxIncome,TXG
income_statement,exploration and evaluation expenditures,NetIncomeContinuousOperations,1,single:1,EBIT;EBITDA;NetIncomeFromContinuingAndDiscontinuedOperation;OperatingIncome;PretaxIncome,TXG
income_statement,exploration and evaluation expenditures,EBIT,1,single:1,EBITDA;NetIncomeContinuousOperations;NetIncomeFromContinuingAndDiscontinuedOperation;OperatingIncome;PretaxIncome,TXG
income_statement,exploration and evaluation expenditures,EBITDA,1,single:1,EBIT;NetIncomeContinuousOperations;NetIncomeFromContinuingAndDiscontinuedOperation;OperatingIncome;PretaxIncome,TXG
balance_sheet,other reserves 62 470,LongTermDebtAndCapitalLeaseObligation,1,single:1,LongTermDebt,TXG
balance_sheet,other reserves 62 470,LongTermDebt,1,single:1,LongTermDebtAndCapitalLeaseObligation,TXG
cash_flow,loan facility,NetIssuancePaymentsOfDebt,1,single:1,IssuanceOfDebt;NetOtherInvestingChanges,TXG
cash_flow,restricted cash,FinancingCashFlow,1,residual:1,CapitalExpenditure;EffectOfExchangeRateChanges;NetOtherFinancingCharges;NetOtherInvestingChanges;RepaymentOfDebt,TXG
cash_flow,income taxes payable,ChangeInOtherWorkingCapital,1,single:1,CapitalExpenditure;EffectOfExchangeRateChanges,TXG
cash_flow,loan facility,NetOtherInvestingChanges,1,single:1,IssuanceOfDebt;NetIssuancePaymentsOfDebt,TXG
cash_flow,loan facility,IssuanceOfDebt,1,single:1,NetIssuancePaymentsOfDebt;NetOtherInvestingChanges,TXG
cash_flow,restricted cash,EffectOfExchangeRateChanges,1,single:1,CapitalExpenditure;FinancingCashFlow;NetOtherFinancingCharges;NetOtherInvestingChanges;RepaymentOfDebt,TXG
income_statement,cost of sales total,OperatingIncome,1,single:1,CostOfRevenue,TXG
income_statement,exploration and evaluation,PretaxIncome,1,sumlab:1,CostOfRevenue;GrossProfit,TXG
balance_sheet,value added tax receivable,Receivables,1,single:1,OtherReceivables,TXG
balance_sheet,value added tax receivable,OtherReceivables,1,single:1,Receivables,TXG
cash_flow,borrowing costs capitalized to property plant and equipment,CapitalExpenditure,1,residual:1,EffectOfExchangeRateChanges;FreeCashFlow,TXG
cash_flow,net cash generated from financing activities,CapitalExpenditure,1,single:1,FinancingCashFlow;IssuanceOfDebt;NetIssuancePaymentsOfDebt,TXG
cash_flow,borrowing costs capitalized to property plant and equipment,FreeCashFlow,1,residual:2,CapitalExpenditure;EffectOfExchangeRateChanges,TXG
cash_flow,working capital for property plant and equipment,SaleOfPPE,1,single:1,ChangeInWorkingCapital,TXG
cash_flow,net cash generated from financing activities,IssuanceOfDebt,1,single:1,CapitalExpenditure;FinancingCashFlow;NetIssuancePaymentsOfDebt,TXG
balance_sheet,value added tax receivables,Receivables,1,single:1,AccountsPayable;GainsLossesNotAffectingRetainedEarnings;OtherReceivables,TXG
balance_sheet,value added tax receivables,OtherReceivables,1,single:6,AccountsPayable;GainsLossesNotAffectingRetainedEarnings;Receivables,TXG
balance_sheet,value added tax receivables,AccountsPayable,1,sumlab:1,GainsLossesNotAffectingRetainedEarnings;OtherReceivables;Receivables,TXG
balance_sheet,value added tax receivables,GainsLossesNotAffectingRetainedEarnings,1,sumlab:1+single:1,AccountsPayable;OtherReceivables;Receivables,TXG
cash_flow,value added tax receivables net,ChangeInReceivables,1,single:6,ChangeInWorkingCapital;SaleOfPPE,TXG
cash_flow,working capital for property plant and equipment,ChangeInWorkingCapital,1,single:1,SaleOfPPE,TXG
cash_flow,net cash used in generated from financing activities,FinancingCashFlow,1,single:2,EffectOfExchangeRateChanges;NetIssuancePaymentsOfDebt,TXG
cash_flow,net cash used in generated from financing activities,EffectOfExchangeRateChanges,1,single:1,FinancingCashFlow;NetIssuancePaymentsOfDebt,TXG
cash_flow,transaction costs,ChangeInReceivables,1,single:1,NetOtherFinancingCharges;SaleOfPPE,TXG
cash_flow,value added tax receivables net,SaleOfPPE,1,single:1,ChangeInReceivables;ChangeInWorkingCapital,TXG
cash_flow,transaction costs,SaleOfPPE,1,single:1,ChangeInReceivables;NetOtherFinancingCharges,TXG
cash_flow,value added tax receivables net,ChangeInWorkingCapital,1,residual:2+sumlab:1,ChangeInReceivables;SaleOfPPE,TXG
income_statement,deferred income tax recovery expense,NetInterestIncome,1,single:1,PretaxIncome;TaxProvision,TXG
balance_sheet,other reserves,OtherReceivables,1,single:1,GainsLossesNotAffectingRetainedEarnings,TXG
cash_flow,borrowing costs capitalized to property plant and equipment,EffectOfExchangeRateChanges,1,single:1,CapitalExpenditure;FreeCashFlow,TXG
income_statement,exploration expenses,InterestExpenseNonOperating,1,single:1,SellingGeneralAndAdministration,TXG
income_statement,finance costs net,InterestExpenseNonOperating,1,single:2,EBITDA;NetInterestIncome,VRTS
balance_sheet,debenture units,LongTermDebtAndCapitalLeaseObligation,1,single:1,LongTermDebt,VRTS
balance_sheet,debenture units,LongTermDebt,1,single:1,LongTermDebtAndCapitalLeaseObligation,VRTS
cash_flow,payments for intangible assets,CapitalExpenditure,1,single:1,FreeCashFlow;NetIntangiblesPurchaseAndSale,VRTS
cash_flow,proceeds from issue of debenture units,NetIssuancePaymentsOfDebt,1,single:1,IssuanceOfDebt,VRTS
cash_flow,payments for intangible assets,FreeCashFlow,1,residual:1,CapitalExpenditure;NetIntangiblesPurchaseAndSale,VRTS
cash_flow,payments for intangible assets,NetIntangiblesPurchaseAndSale,1,single:1,CapitalExpenditure;FreeCashFlow,VRTS
cash_flow,proceeds from issue of debenture units,IssuanceOfDebt,1,single:1,NetIssuancePaymentsOfDebt,VRTS
income_statement,finance costs net,EBITDA,1,single:1,InterestExpenseNonOperating;NetInterestIncome,VRTS
cash_flow,intangible assets for viral nation acquisition,CapitalExpenditure,1,single:1,NetIntangiblesPurchaseAndSale,VRTS
cash_flow,intangible assets for viral nation acquisition,NetIntangiblesPurchaseAndSale,1,single:1,CapitalExpenditure,VRTS
income_statement,research and technical expenses,ResearchAndDevelopment,1,single:13,GrossProfit,WPK
income_statement,equity holders of the company,DilutedAverageShares,1,single:1,EBIT;NetIncomeContinuousOperations;NetIncomeFromContinuingAndDiscontinuedOperation;PretaxIncome;SellingGeneralAndAdministration,WPK
income_statement,attributable to total,DilutedAverageShares,1,single:1,CostOfRevenue;EBITDA;InterestExpenseNonOperating;NetIncome;NetIncomeContinuousOperations;NetIncomeDiscontinuousOperations;NetIncomeFromContinuingAndDiscontinuedOperation;SellingGeneralAndAdministration,WPK
cash_flow,trade payables and other liabilities,ChangeInPayablesAndAccruedExpense,1,single:13,CapitalExpenditure;ChangeInWorkingCapital,WPK
income_statement,research and technical expenses,GrossProfit,1,residual:1,ResearchAndDevelopment,WPK
cash_flow,trade payables and other liabilities,CapitalExpenditure,1,residual:1,ChangeInPayablesAndAccruedExpense;ChangeInWorkingCapital,WPK
income_statement,attributable to total,EBITDA,1,sumlab:1,CostOfRevenue;DilutedAverageShares;InterestExpenseNonOperating;NetIncome;NetIncomeContinuousOperations;NetIncomeDiscontinuousOperations;NetIncomeFromContinuingAndDiscontinuedOperation;SellingGeneralAndAdministration,WPK
cash_flow,acquisition of plant and equipment net,PurchaseOfPPE,1,single:2,CapitalExpenditure;FreeCashFlow,WPK
cash_flow,acquisition of plant and equipment net,CapitalExpenditure,1,single:2,FreeCashFlow;PurchaseOfPPE,WPK
cash_flow,acquisition of plant and equipment net,FreeCashFlow,1,single:1,CapitalExpenditure;PurchaseOfPPE,WPK
balance_sheet,retired members,AccountsPayable,1,single:1,Goodwill,WPK
cash_flow,income tax expense,DepreciationAndAmortization,1,single:1+residual:1,AssetImpairmentCharge;CapitalExpenditure;CashDividendsPaid;ChangeInInventory;DeferredTax,WPK
cash_flow,trade payables and other liabilities,ChangeInWorkingCapital,1,residual:1,CapitalExpenditure;ChangeInPayablesAndAccruedExpense,WPK
balance_sheet,remeasurement of benefit obligation total,GainsLossesNotAffectingRetainedEarnings,1,single:1,CurrentDebtAndCapitalLeaseObligation,WPK
balance_sheet,expected return on benefit plan assets,AccountsPayable,1,residual:1,OtherReceivables,WPK
cash_flow,payment of lease liabilities,NetIssuancePaymentsOfDebt,1,single:7,RepaymentOfDebt,WPK
income_statement,comprehensive income for the year,SellingGeneralAndAdministration,1,single:3,NetIncomeFromContinuingAndDiscontinuedOperation,WPK
income_statement,attributable to total,SellingGeneralAndAdministration,1,single:4,CostOfRevenue;DilutedAverageShares;EBITDA;InterestExpenseNonOperating;NetIncome;NetIncomeContinuousOperations;NetIncomeDiscontinuousOperations;NetIncomeFromContinuingAndDiscontinuedOperation,WPK
balance_sheet,expected return on benefit plan assets,OtherReceivables,1,residual:1,AccountsPayable,WPK
balance_sheet,derivative financial instruments,CurrentDebtAndCapitalLeaseObligation,1,single:1,OtherCurrentAssets;Receivables,WPK
balance_sheet,remeasurement of benefit obligation total,CurrentDebtAndCapitalLeaseObligation,1,sumlab:1,GainsLossesNotAffectingRetainedEarnings,WPK
balance_sheet,balance beginning of year,GainsLossesNotAffectingRetainedEarnings,1,single:1,OtherCurrentAssets,WPK
income_statement,equity holders of the company,SellingGeneralAndAdministration,1,single:4,DilutedAverageShares;EBIT;NetIncomeContinuousOperations;NetIncomeFromContinuingAndDiscontinuedOperation;PretaxIncome,WPK
income_statement,attributable to total,InterestExpenseNonOperating,1,single:1,CostOfRevenue;DilutedAverageShares;EBITDA;NetIncome;NetIncomeContinuousOperations;NetIncomeDiscontinuousOperations;NetIncomeFromContinuingAndDiscontinuedOperation;SellingGeneralAndAdministration,WPK
balance_sheet,retired members,Goodwill,1,single:1,AccountsPayable,WPK
