ticker,exchange,fiscal_year,gf_year,statement_type,canonical_key,gf_label,unit,pipeline_value,gurufocus_value,abs_pct_diff,status,verdict,fx_factor,pdf_raw_label,pdf_value,pdf_source_year,match_kind,provenance,currency_pipeline,currency_gf
CPX,TSX,2015,2015,income_statement,DepreciationAmortizationDepletion,"Depreciation, Depletion and Amortization",money,-215.0,210.0,197.674,mismatch,ours_derived_diff,,,,,,derived,CAD,
ADW.A,TSX,2020,2020,balance_sheet,AccumulatedDepreciation,Accumulated Depreciation,money,131.297,-134.589,197.554,mismatch,ours_derived_diff,,,,,,from_notes,CAD,
ERD,TSX,2025,2025,income_statement,DilutedAverageShares,Shares Outstanding (Diluted Average),shares,-62.937246,60.984,196.897,mismatch,ours_derived_diff,,,,,,derived,CAD,
VRTS,TSX,2025,2025,cash_flow,ChangeInWorkingCapital,Change In Working Capital,money,-2.713767,2.809,196.61,mismatch,ours_fuzzy_suspect,,Changes in non-cash w orking capital items total,-2.713767,2026,fuzzy,mapped,CAD,
DSG,TSX,2010,2010,income_statement,TaxProvision,Tax Provision,money,-7.625,7.959,195.803,mismatch,ours_fuzzy_suspect,,INCOME TAX (RECOVERY) EXPENSE total,-7.625,2011,fuzzy,mapped,USD,
SWP,TSX,2011,2011,cash_flow,ChangeInWorkingCapital,Change In Working Capital,money,-1.714,1.633,195.274,mismatch,ours_derived_diff,,,,,,derived,CAD,
DII.A,TSX,2009,2009,income_statement,TaxProvision,Tax Provision,money,21.113,-22.247,194.903,mismatch,ours_derived_diff,,,,,,derived,USD,
DII.A,TSX,2022,2022,income_statement,PretaxIncome,Pretax Income,money,135.192,-173.858,194.664,mismatch,ours_derived_diff,0.7361,,,,,derived,USD,CAD
DSG,TSX,2019,2019,cash_flow,ChangeInWorkingCapital,Change In Working Capital,money,3.626,-5.119,194.209,mismatch,ours_derived_diff,0.7519,,,,,derived,USD,CAD
CPX,TSX,2014,2014,income_statement,DepreciationAmortizationDepletion,"Depreciation, Depletion and Amortization",money,-189.0,176.0,193.122,mismatch,ours_derived_diff,,,,,,,CAD,
CPX,TSX,2013,2013,income_statement,DepreciationAmortizationDepletion,"Depreciation, Depletion and Amortization",money,-222.0,206.0,192.793,mismatch,ours_derived_diff,,,,,,,CAD,
K,TSX,2011,2011,cash_flow,ChangeInWorkingCapital,Change In Working Capital,money,-233.7,254.442,191.848,mismatch,ours_derived_diff,,,,,,derived,USD,
CDR,TSX,2019,2019,income_statement,OperatingIncome,Operating Income,money,10.268,-11.223,191.491,mismatch,ours_derived_diff,,,,,,derived,CAD,
ADW.A,TSX,2016,2016,cash_flow,FreeCashFlow,Free Cash Flow,money,-10.401,11.392,191.301,mismatch,ours_derived_diff,,,,,,derived,CAD,
K,TSX,2015,2015,balance_sheet,GainsLossesNotAffectingRetainedEarnings,Accumulated other comprehensive income (loss),money,39.1,-42.922,191.095,mismatch,ours_fuzzy_suspect,,Accumulated other comprehensive income Note,39.1,2018,fuzzy,mapped,USD,
CPX,TSX,2013,2013,cash_flow,FreeCashFlow,Free Cash Flow,money,488.0,-444.0,190.984,mismatch,ours_derived_diff,,,,,,derived,CAD,
ALA,TSX,2011,2011,income_statement,TaxProvision,Tax Provision,money,18.393,-20.265,190.762,mismatch,ours_derived_diff,,,,,,derived,,
MFI,TSX,2008,2008,income_statement,EBIT,EBIT,money,-45.395,50.467,189.95,mismatch,ours_derived_diff,,,,,,derived,CAD,
WPK,TSX,2017,2017,income_statement,OtherIncomeExpense,Other Income (Expense),money,1.668,-1.904,189.395,mismatch,ours_fuzzy_suspect,0.7831,Other income (expenses) 9,1.668,2018,fuzzy,mapped,USD,CAD
VRTS,TSX,2024,2024,cash_flow,ChangeInWorkingCapital,Change In Working Capital,money,-0.910753,0.814,189.377,mismatch,ours_fuzzy_suspect,,Changes in non-cash w orking capital items total,-0.910753,2026,fuzzy,mapped,CAD,
ALA,TSX,2020,2020,cash_flow,NetIssuancePaymentsOfDebt,Net Issuance of Debt,money,-1056.0,940.0,189.015,mismatch,ours_derived_diff,,,,,,derived,,
CDR,TSX,2021,2021,income_statement,GrossProfit,Gross Profit,money,0.768,-0.865,188.786,mismatch,ours_derived_diff,,,,,,derived,CAD,
ADW.A,TSX,2019,2019,cash_flow,FreeCashFlow,Free Cash Flow,money,-22.516,25.658,187.754,mismatch,ours_derived_diff,,,,,,derived,CAD,
DII.A,TSX,2022,2022,income_statement,NetIncomeContinuousOperations,Net Income (Continuing Operations),money,135.963,-161.543,187.46,mismatch,ours_derived_diff,0.7361,,,,,derived,USD,CAD
SFD,TSX,2017,2017,balance_sheet,TotalNonCurrentLiabilities,Total Long-Term Liabilities,money,-0.860766,0.742,186.202,mismatch,ours_derived_diff,,,,,,derived,CAD,
FTS,TSX,2015,2015,cash_flow,ChangeInWorkingCapital,Change In Working Capital,money,41.0,-48.0,185.417,mismatch,ours_fuzzy_suspect,,Change in non-cash operating working capital (Note 29),41.0,2017,fuzzy,mapped,CAD,
ADW.A,TSX,2011,2011,income_statement,OtherIncomeExpense,Other Income (Expense),money,0.791,-0.674,185.209,mismatch,ours_fuzzy_suspect,,Other expenses (note 15),0.791,2012,fuzzy,mapped,CAD,
TXG,TSX,2014,2014,cash_flow,ChangeInWorkingCapital,Change In Working Capital,money,0.872,-0.856,185.124,mismatch,ours_derived_diff,0.8672,,,,,derived,USD,CAD
GFP,TSX,2022,2022,income_statement,EBIT,EBIT,money,-4.775,5.768,182.784,mismatch,ours_derived_diff,,,,,,derived,CAD,
ADW.A,TSX,2010,2010,balance_sheet,AccumulatedDepreciation,Accumulated Depreciation,money,60.641,-73.553,182.445,mismatch,ours_derived_diff,,,,,,from_notes,CAD,
IIP.UN,TSX,2009,2009,income_statement,EBITDA,EBITDA,money,-10.077374,8.217,181.539,mismatch,ours_derived_diff,,,,,,derived,CAD,
K,TSX,2013,2013,income_statement,GrossProfit,Gross Profit,money,1775.1,-2365.369,179.841,mismatch,ours_derived_diff,0.9399,,,,,derived,FX x1.06,CAD
CHR,TSX,2025,2025,cash_flow,FreeCashFlow,Free Cash Flow,money,-34.892,27.855,179.832,mismatch,ours_derived_diff,,,,,,derived,CAD,
BRY,TSX,2017,2017,cash_flow,NetIssuancePaymentsOfDebt,Net Issuance of Debt,money,-9.928214,12.51,179.362,mismatch,ours_derived_diff,,,,,,derived,CAD,
MFI,TSX,2016,2016,cash_flow,ChangeInWorkingCapital,Change In Working Capital,money,-11.016,13.887,179.326,mismatch,ours_fuzzy_suspect,,Change in non-cash operating working capital,-11.016,2017,fuzzy,mapped,CAD,
WPK,TSX,2020,2020,balance_sheet,AccumulatedDepreciation,Accumulated Depreciation,money,498.044,-637.945,178.07,mismatch,ours_derived_diff,,,,,,from_notes,USD,
DII.A,TSX,2022,2022,income_statement,EBIT,EBIT,money,135.192,-143.123,177.929,mismatch,ours_derived_diff,0.7361,,,,,derived,USD,CAD
ALA,TSX,2022,2022,cash_flow,FreeCashFlow,Free Cash Flow,money,542.0,-419.0,177.306,mismatch,ours_derived_diff,,,,,,derived,,
DSG,TSX,2015,2015,cash_flow,ChangeInWorkingCapital,Change In Working Capital,money,-5.048,4.713,177.02,mismatch,ours_derived_diff,0.8249,,,,,derived,USD,CAD
MFI,TSX,2010,2010,cash_flow,NetIssuancePaymentsOfDebt,Net Issuance of Debt,money,129.078,-168.764,176.484,mismatch,ours_derived_diff,,,,,,derived,CAD,
CDR,TSX,2019,2019,balance_sheet,TotalNonCurrentLiabilities,Total Long-Term Liabilities,money,-3.14,2.397,176.338,mismatch,ours_derived_diff,,,,,,derived,CAD,
SFD,TSX,2016,2016,balance_sheet,TotalNonCurrentLiabilities,Total Long-Term Liabilities,money,-0.348056,0.265,176.137,mismatch,ours_derived_diff,,,,,,derived,CAD,
FTS,TSX,2014,2014,cash_flow,FreeCashFlow,Free Cash Flow,money,982.0,-743.0,175.662,mismatch,ours_derived_diff,,,,,,derived,CAD,
SFD,TSX,2025,2025,balance_sheet,TotalNonCurrentLiabilities,Total Long-Term Liabilities,money,-1.777352,1.335,175.112,mismatch,ours_derived_diff,,,,,,derived,CAD,
ALA,TSX,2015,2015,cash_flow,NetIssuancePaymentsOfDebt,Net Issuance of Debt,money,-476.4,635.2,175.0,mismatch,ours_derived_diff,,,,,,derived,,
ADW.A,TSX,2020,2020,cash_flow,NetIssuancePaymentsOfDebt,Net Issuance of Debt,money,-9.741,7.176,173.668,mismatch,ours_derived_diff,,,,,,derived,CAD,
TPX.B,TSX,2022,2022,income_statement,TaxProvision,Tax Provision,money,124.0,-168.454,173.611,mismatch,ours_derived_diff,,,,,,derived,CAD,
LULU,TSX,2024,2024,income_statement,OtherIncomeExpense,Other Income (Expense),money,43.059,-42.205,173.021,mismatch,ours_fuzzy_suspect,0.745,"Other income (expense), net",43.059,2026,fuzzy,mapped,USD,CAD
CPX,TSX,2015,2015,cash_flow,ChangeInWorkingCapital,Change In Working Capital,money,-8.0,11.0,172.727,mismatch,ours_fuzzy_suspect,,Change in non-cash operating working capital 40,-8.0,2018,fuzzy,mapped,CAD,
K,TSX,2011,2011,cash_flow,FreeCashFlow,Free Cash Flow,money,157.8,-217.289,172.622,mismatch,ours_derived_diff,,,,,,derived,USD,
MRT.UN,TSX,2009,2009,cash_flow,InvestingCashFlow,Cash Flow from Investing,money,87.059,-62.963,172.322,mismatch,ours_fuzzy_suspect,,"Cash (used in)/provided by investing activities (70,875)",87.059,2010,fuzzy,mapped,CAD,
CPX,TSX,2010,2010,cash_flow,NetIssuancePaymentsOfDebt,Net Issuance of Debt,money,-247.0,178.0,172.065,mismatch,ours_derived_diff,,,,,,derived,CAD,
CDR,TSX,2025,2025,cash_flow,FreeCashFlow,Free Cash Flow,money,22.318,-30.986,172.026,mismatch,ours_derived_diff,,,,,,derived,CAD,
CPX,TSX,2019,2019,income_statement,EBITDA,EBITDA,money,-516.0,724.0,171.271,mismatch,ours_derived_diff,,,,,,derived,CAD,
OGD,TSX,2016,2016,income_statement,EBIT,EBIT,money,-0.429,0.303,170.629,mismatch,ours_derived_diff,,,,,,derived,CAD,
K,TSX,2012,2012,income_statement,GrossProfit,Gross Profit,money,2458.1,-1732.546,170.483,mismatch,ours_derived_diff,,,,,,derived,USD,
NFI,TSX,2019,2019,cash_flow,BeginningCashPosition,Beginning Cash Position,money,-9.938,14.249,169.745,mismatch,ours_derived_diff,,,,,,derived,USD,
NFI,TSX,2025,2025,balance_sheet,AccumulatedDepreciation,Accumulated Depreciation,money,374.642,-748.86,169.014,mismatch,ours_derived_diff,0.7249,,,,,from_notes,USD,CAD
LAS.A,TSX,2022,2022,cash_flow,NetIssuancePaymentsOfDebt,Net Issuance of Debt,money,-90.593,62.221,168.682,mismatch,ours_derived_diff,,,,,,derived,CAD,
CPX,TSX,2025,2025,income_statement,EBITDA,EBITDA,money,-720.0,1049.0,168.637,mismatch,ours_derived_diff,,,,,,derived,CAD,
CPX,TSX,2021,2021,income_statement,EBITDA,EBITDA,money,-566.0,826.0,168.523,mismatch,ours_derived_diff,,,,,,derived,CAD,
NFI,TSX,2022,2022,balance_sheet,GainsLossesNotAffectingRetainedEarnings,Accumulated other comprehensive income (loss),money,5.921,-4.047,168.35,mismatch,ours_fuzzy_suspect,,Accumulated other comprehensive (loss) income $,5.921,2023,fuzzy,mapped,USD,
CPX,TSX,2022,2022,income_statement,EBITDA,EBITDA,money,-568.0,834.0,168.106,mismatch,ours_derived_diff,,,,,,derived,CAD,
DII.A,TSX,2016,2016,income_statement,EBIT,EBIT,money,-10.646,21.066,167.411,mismatch,ours_derived_diff,0.7497,,,,,derived,USD,CAD
K,TSX,2015,2015,income_statement,EBITDA,EBITDA,money,-241.7,162.088,167.062,mismatch,ours_derived_diff,,,,,,derived,USD,
TXG,TSX,2017,2017,income_statement,EBIT,EBIT,money,-25.9,22.09,166.794,mismatch,ours_derived_diff,0.7831,,,,,derived,USD,CAD
SWP,TSX,2019,2019,cash_flow,FreeCashFlow,Free Cash Flow,money,7.448,-11.266,166.11,mismatch,ours_derived_diff,,,,,,derived,CAD,
WPK,TSX,2025,2025,income_statement,OtherIncomeExpense,Other Income (Expense),money,1.361,-2.872,165.373,mismatch,ours_fuzzy_suspect,0.7249,Other income (expenses) 9,1.361,2026,fuzzy,mapped,USD,CAD
CHR,TSX,2024,2024,cash_flow,EffectOfExchangeRateChanges,Effect of Exchange Rate Changes,money,-16.47,25.319,165.05,mismatch,ours_fuzzy_suspect,,Effect of foreign exchange rate changes on cash,8.849,2026,fuzzy,mapped,CAD,
SFD,TSX,2023,2023,balance_sheet,TotalNonCurrentLiabilities,Total Long-Term Liabilities,money,-1.628511,2.505,165.01,mismatch,ours_derived_diff,,,,,,derived,CAD,
ADW.A,TSX,2024,2024,cash_flow,FreeCashFlow,Free Cash Flow,money,-14.421,22.342,164.547,mismatch,ours_derived_diff,,,,,,derived,CAD,
OGD,TSX,2023,2023,cash_flow,NetIncomeFromContinuingOperations,Net Income From Continuing Operations,money,-0.669,0.429,164.126,mismatch,ours_derived_diff,,,,,,derived,CAD,
K,TSX,2008,2008,income_statement,EBITDA,EBITDA,money,235.4,-377.389,162.376,mismatch,ours_derived_diff,,,,,,derived,USD,
BRY,TSX,2022,2022,cash_flow,NetIssuancePaymentsOfDebt,Net Issuance of Debt,money,-7.495357,12.034,162.285,mismatch,ours_derived_diff,,,,,,derived,CAD,
K,TSX,2012,2012,cash_flow,NetIssuancePaymentsOfDebt,Net Issuance of Debt,money,-577.3,953.969,160.516,mismatch,ours_derived_diff,,,,,,derived,USD,
LAS.A,TSX,2014,2014,cash_flow,NetIssuancePaymentsOfDebt,Net Issuance of Debt,money,-50.286,85.107,159.086,mismatch,ours_derived_diff,,,,,,derived,CAD,
AAB,TSX,2018,2018,cash_flow,ChangeInWorkingCapital,Change In Working Capital,money,1.453866,-2.464,159.004,mismatch,ours_derived_diff,,,,,,derived,CAD,
TPX.B,TSX,2012,2012,cash_flow,ChangeInWorkingCapital,Change In Working Capital,money,-37.9,65.525,157.841,mismatch,ours_derived_diff,,,,,,derived,CAD,
CHR,TSX,2019,2019,cash_flow,EffectOfExchangeRateChanges,Effect of Exchange Rate Changes,money,2.715,-4.694,157.84,mismatch,ours_fuzzy_suspect,,Effect of foreign exchange rate changes on cash,-1.979,2020,fuzzy,mapped,CAD,
LAS.A,TSX,2018,2018,cash_flow,NetIssuancePaymentsOfDebt,Net Issuance of Debt,money,-73.966,132.209,155.946,mismatch,ours_derived_diff,,,,,,derived,CAD,
TPX.B,TSX,2013,2013,balance_sheet,AccumulatedDepreciation,Accumulated Depreciation,money,2800.2,-1551.911,155.421,mismatch,ours_derived_diff,,,,,,from_notes,CAD,
MRT.UN,TSX,2010,2010,cash_flow,FreeCashFlow,Free Cash Flow,money,79.173,-43.554,155.011,mismatch,ours_derived_diff,,,,,,derived,CAD,
ADW.A,TSX,2011,2011,cash_flow,FreeCashFlow,Free Cash Flow,money,-8.093,14.825,154.59,mismatch,ours_derived_diff,,,,,,derived,CAD,
CDR,TSX,2024,2024,cash_flow,FreeCashFlow,Free Cash Flow,money,5.357,-2.921,154.527,mismatch,ours_derived_diff,,,,,,derived,CAD,
K,TSX,2010,2010,cash_flow,ChangeInWorkingCapital,Change In Working Capital,money,-96.5,181.357,153.21,mismatch,ours_derived_diff,,,,,,derived,USD,
GFP,TSX,2021,2021,income_statement,TaxProvision,Tax Provision,money,-3.892,2.031,152.184,mismatch,ours_derived_diff,,,,,,derived,CAD,
ELD,TSX,2017,2017,income_statement,EBIT,EBIT,money,-2.005,5.096,150.239,mismatch,ours_derived_diff,0.7831,,,,,derived,USD,CAD
AAB,TSX,2014,2014,cash_flow,FreeCashFlow,Free Cash Flow,money,-6.754012,3.388,150.163,mismatch,ours_derived_diff,,,,,,derived,CAD,
BRY,TSX,2018,2018,cash_flow,NetIssuancePaymentsOfDebt,Net Issuance of Debt,money,-1.090128,2.182,149.96,mismatch,ours_derived_diff,,,,,,derived,CAD,
ADW.A,TSX,2015,2015,cash_flow,FreeCashFlow,Free Cash Flow,money,-8.466,17.002,149.794,mismatch,ours_derived_diff,,,,,,derived,CAD,
ELD,TSX,2016,2016,income_statement,EBITDA,EBITDA,money,-271.989,177.865,149.025,mismatch,ours_derived_diff,0.7497,,,,,derived,USD,CAD
CPX,TSX,2011,2011,income_statement,GrossProfit,Gross Profit,money,1691.0,-825.0,148.788,mismatch,ours_derived_diff,,,,,,derived,CAD,
HMM.A,TSX,2012,2012,cash_flow,NetIssuancePaymentsOfDebt,Net Issuance of Debt,money,-1.368,0.66,148.246,mismatch,ours_derived_diff,,,,,,derived,CAD,
ERD,TSX,2023,2023,income_statement,EBIT,EBIT,money,-0.252434,0.524,148.174,mismatch,ours_derived_diff,,,,,,derived,CAD,
ELD,TSX,2014,2014,income_statement,PretaxIncome,Pretax Income,money,-106.544,262.714,146.768,mismatch,ours_derived_diff,0.8672,,,,,derived,USD,CAD
ADW.A,TSX,2020,2020,cash_flow,FreeCashFlow,Free Cash Flow,money,-17.699,8.235,146.528,mismatch,ours_derived_diff,,,,,,derived,CAD,
ADW.A,TSX,2020,2020,cash_flow,ChangeInWorkingCapital,Change In Working Capital,money,5.63,-12.235,146.016,mismatch,ours_derived_diff,,,,,,derived,CAD,
TPX.B,TSX,2012,2012,balance_sheet,AccumulatedDepreciation,Accumulated Depreciation,money,2656.3,-1212.109,145.631,mismatch,ours_derived_diff,,,,,,from_notes,CAD,
ADW.A,TSX,2009,2009,income_statement,EBIT,EBIT,money,-2.114,4.741,144.59,mismatch,ours_derived_diff,,,,,,derived,CAD,
CPX,TSX,2010,2010,income_statement,InterestExpenseNonOperating,Interest Expense,money,34.0,-78.0,143.59,mismatch,ours_fuzzy_suspect,,Net financing expenses (note 19) 74,34.0,2011,fuzzy,mapped,CAD,
ELD,TSX,2022,2022,income_statement,EBITDA,EBITDA,money,-125.444,393.238,143.337,mismatch,ours_derived_diff,0.7361,,,,,derived,USD,CAD
K,TSX,2019,2019,cash_flow,NetIssuancePaymentsOfDebt,Net Issuance of Debt,money,-200.0,112.858,142.85,mismatch,ours_derived_diff,0.7594,,,,,derived,FX x1.06,CAD
ELD,TSX,2014,2014,income_statement,EBIT,EBIT,money,-106.544,289.283,142.473,mismatch,ours_derived_diff,0.8672,,,,,derived,USD,CAD
CHR,TSX,2018,2018,cash_flow,EffectOfExchangeRateChanges,Effect of Exchange Rate Changes,money,-3.016,7.132,142.288,mismatch,ours_fuzzy_suspect,,Effect of foreign exchange rate changes on cash,4.116,2020,fuzzy,mapped,CAD,
K,TSX,2014,2014,income_statement,GrossProfit,Gross Profit,money,1495.1,-727.669,142.205,mismatch,ours_derived_diff,0.8672,,,,,derived,FX x1.06,CAD
TPX.B,TSX,2011,2011,balance_sheet,AccumulatedDepreciation,Accumulated Depreciation,money,2492.5,-1044.072,141.889,mismatch,ours_derived_diff,,,,,,from_notes,CAD,
ADW.A,TSX,2017,2017,cash_flow,NetIssuancePaymentsOfDebt,Net Issuance of Debt,money,-4.181,1.738,141.569,mismatch,ours_derived_diff,,,,,,derived,CAD,
SFD,TSX,2008,2008,cash_flow,ChangeInWorkingCapital,Change In Working Capital,money,0.63478,-1.533,141.408,mismatch,ours_derived_diff,,,,,,derived,CAD,
MRT.UN,TSX,2009,2009,income_statement,OperatingIncome,Operating Income,money,-166.535,68.631,141.211,mismatch,ours_derived_diff,,,,,,derived,CAD,
SFD,TSX,2022,2022,balance_sheet,TotalNonCurrentLiabilities,Total Long-Term Liabilities,money,-0.592606,1.445,141.011,mismatch,ours_derived_diff,,,,,,derived,CAD,
TPX.B,TSX,2010,2010,balance_sheet,AccumulatedDepreciation,Accumulated Depreciation,money,2317.9,-934.005,140.295,mismatch,ours_derived_diff,,,,,,from_notes,CAD,
CHR,TSX,2021,2021,income_statement,EBIT,EBIT,money,-27.88,69.333,140.212,mismatch,ours_derived_diff,,,,,,derived,CAD,
ADW.A,TSX,2010,2010,cash_flow,FreeCashFlow,Free Cash Flow,money,-5.047,12.568,140.158,mismatch,ours_derived_diff,,,,,,derived,CAD,
ADW.A,TSX,2023,2023,cash_flow,NetIssuancePaymentsOfDebt,Net Issuance of Debt,money,-39.0,15.638,140.097,mismatch,ours_derived_diff,,,,,,derived,CAD,
FTS,TSX,2019,2019,cash_flow,FreeCashFlow,Free Cash Flow,money,2663.0,-1057.0,139.692,mismatch,ours_derived_diff,,,,,,derived,CAD,
ELD,TSX,2017,2017,income_statement,PretaxIncome,Pretax Income,money,-2.005,1.011,139.489,mismatch,ours_derived_diff,0.7831,,,,,derived,USD,CAD
MFI,TSX,2013,2013,income_statement,PretaxIncome,Pretax Income,money,489.321,-192.925,139.427,mismatch,ours_derived_diff,,,,,,derived,CAD,
DII.A,TSX,2010,2010,cash_flow,NetIssuancePaymentsOfDebt,Net Issuance of Debt,money,-20.491,8.046,139.266,mismatch,ours_derived_diff,,,,,,derived,USD,
WPK,TSX,2023,2023,income_statement,OtherIncomeExpense,Other Income (Expense),money,1.238,-4.296,138.662,mismatch,ours_fuzzy_suspect,0.7454,Other income (expenses) 11,1.238,2024,fuzzy,mapped,USD,CAD
ERD,TSX,2023,2023,income_statement,EBITDA,EBITDA,money,-0.215475,0.561,138.409,mismatch,ours_derived_diff,,,,,,derived,CAD,
ALA,TSX,2022,2022,cash_flow,NetIssuancePaymentsOfDebt,Net Issuance of Debt,money,-513.0,1343.0,138.198,mismatch,ours_derived_diff,,,,,,derived,,
CHR,TSX,2022,2022,cash_flow,EffectOfExchangeRateChanges,Effect of Exchange Rate Changes,money,-4.829,12.781,137.783,mismatch,ours_fuzzy_suspect,,Effect of foreign exchange rate changes on cash,7.952,2024,fuzzy,mapped,CAD,
CPX,TSX,2010,2010,income_statement,EBITDA,EBITDA,money,-144.0,382.0,137.696,mismatch,ours_derived_diff,,,,,,derived,CAD,
BRY,TSX,2019,2019,income_statement,OperatingIncome,Operating Income,money,-3.640607,1.372,137.686,mismatch,ours_derived_diff,,,,,,derived,CAD,
MRT.UN,TSX,2025,2025,income_statement,EBIT,EBIT,money,-16.561,44.491,137.223,mismatch,ours_derived_diff,,,,,,derived,CAD,
ADW.A,TSX,2025,2025,cash_flow,FreeCashFlow,Free Cash Flow,money,-15.831,42.558,137.199,mismatch,ours_derived_diff,,,,,,derived,CAD,
MRT.UN,TSX,2025,2025,income_statement,EBITDA,EBITDA,money,-16.49,44.562,137.005,mismatch,ours_derived_diff,,,,,,derived,CAD,
SWP,TSX,2018,2018,cash_flow,FreeCashFlow,Free Cash Flow,money,5.674,-15.355,136.952,mismatch,ours_derived_diff,,,,,,derived,CAD,
TXG,TSX,2016,2016,cash_flow,NetIssuancePaymentsOfDebt,Net Issuance of Debt,money,-6.5,23.743,136.518,mismatch,ours_derived_diff,0.7497,,,,,derived,USD,CAD
K,TSX,2022,2022,cash_flow,NetIssuancePaymentsOfDebt,Net Issuance of Debt,money,-340.0,1269.382,136.387,mismatch,ours_derived_diff,0.7361,,,,,derived,FX x1.06,CAD
CPX,TSX,2009,2009,cash_flow,FreeCashFlow,Free Cash Flow,money,169.0,-61.0,136.095,mismatch,ours_derived_diff,,,,,,derived,CAD,
ADW.A,TSX,2023,2023,income_statement,EBIT,EBIT,money,-4.24,12.325,134.402,mismatch,ours_derived_diff,,,,,,derived,CAD,
CDR,TSX,2019,2019,income_statement,GrossProfit,Gross Profit,money,10.268,-3.513,134.213,mismatch,ours_derived_diff,,,,,,derived,CAD,
FTS,TSX,2015,2015,cash_flow,FreeCashFlow,Free Cash Flow,money,1673.0,-570.0,134.071,mismatch,ours_derived_diff,,,,,,derived,CAD,
SFD,TSX,2025,2025,income_statement,EBITDA,EBITDA,money,-1.820184,0.617,133.898,mismatch,ours_derived_diff,,,,,,derived,CAD,
TXG,TSX,2010,2010,cash_flow,ChangeInWorkingCapital,Change In Working Capital,money,0.338,-1.015,133.3,mismatch,ours_derived_diff,,,,,,derived,USD,
ADW.A,TSX,2022,2022,cash_flow,NetIssuancePaymentsOfDebt,Net Issuance of Debt,money,-39.0,12.885,133.038,mismatch,ours_derived_diff,,,,,,derived,CAD,
CPX,TSX,2012,2012,cash_flow,ChangeInWorkingCapital,Change In Working Capital,money,46.0,-140.0,132.857,mismatch,ours_fuzzy_suspect,,Change in non-cash operating working capital (71) 140,46.0,2014,fuzzy,mapped,CAD,
GFP,TSX,2023,2023,cash_flow,ChangeInWorkingCapital,Change In Working Capital,money,11.634,-3.752,132.25,mismatch,ours_derived_diff,,,,,,derived,CAD,
CDR,TSX,2015,2015,income_statement,GrossProfit,Gross Profit,money,0.147,-0.465,131.613,mismatch,ours_derived_diff,,,,,,derived,CAD,
ALA,TSX,2025,2025,cash_flow,FreeCashFlow,Free Cash Flow,money,1235.0,-386.0,131.255,mismatch,ours_derived_diff,,,,,,derived,,
FTS,TSX,2013,2013,cash_flow,FreeCashFlow,Free Cash Flow,money,899.0,-276.0,130.701,mismatch,ours_derived_diff,,,,,,derived,CAD,
ADW.A,TSX,2012,2012,income_statement,OtherIncomeExpense,Other Income (Expense),money,1.163,-0.354,130.439,mismatch,ours_fuzzy_suspect,,Other expenses (note 15),1.163,2012,fuzzy,mapped,CAD,
MRT.UN,TSX,2011,2011,cash_flow,FreeCashFlow,Free Cash Flow,money,74.065,-22.544,130.438,mismatch,ours_derived_diff,,,,,,derived,CAD,
CDR,TSX,2023,2023,income_statement,GrossProfit,Gross Profit,money,0.552,-1.838,130.033,mismatch,ours_derived_diff,,,,,,derived,CAD,
CPX,TSX,2025,2025,income_statement,EBIT,EBIT,money,-140.0,469.0,129.851,mismatch,ours_derived_diff,,,,,,derived,CAD,
NFI,TSX,2015,2015,cash_flow,NetIssuancePaymentsOfDebt,Net Issuance of Debt,money,-142.0,655.73,129.696,mismatch,ours_derived_diff,0.7292,,,,,derived,USD,CAD
ADW.A,TSX,2016,2016,cash_flow,ChangeInWorkingCapital,Change In Working Capital,money,2.458,-8.299,129.618,mismatch,ours_derived_diff,,,,,,derived,CAD,
ALA,TSX,2013,2013,cash_flow,NetIssuancePaymentsOfDebt,Net Issuance of Debt,money,-1637.5,468.8,128.629,mismatch,ours_derived_diff,,,,,,derived,,
FTS,TSX,2011,2011,cash_flow,FreeCashFlow,Free Cash Flow,money,915.0,-256.0,127.978,mismatch,ours_derived_diff,,,,,,derived,CAD,
SWP,TSX,2023,2023,income_statement,EBIT,EBIT,money,-2.161,7.733,127.945,mismatch,ours_derived_diff,,,,,,derived,CAD,
MFI,TSX,2013,2013,income_statement,NetIncomeContinuousOperations,Net Income (Continuing Operations),money,512.163,-141.425,127.613,mismatch,ours_derived_diff,,,,,,derived,CAD,
SWP,TSX,2017,2017,cash_flow,FreeCashFlow,Free Cash Flow,money,1.747,-6.384,127.365,mismatch,ours_derived_diff,,,,,,derived,CAD,
ADW.A,TSX,2022,2022,cash_flow,FreeCashFlow,Free Cash Flow,money,1.98,-7.309,127.09,mismatch,ours_derived_diff,,,,,,derived,CAD,
NFI,TSX,2010,2010,cash_flow,DeferredTax,Deferred Tax,money,4.492,-16.593,127.072,mismatch,ours_fuzzy_suspect,,Future income taxes (recovered),4.492,2010,fuzzy,mapped,USD,
NFI,TSX,2010,2010,cash_flow,ChangeInWorkingCapital,Change In Working Capital,money,-11.299,41.997,126.904,mismatch,ours_fuzzy_suspect,,Changes in non-cash working capital items (note 11),-11.299,2010,fuzzy,mapped,USD,
CHR,TSX,2017,2017,cash_flow,EffectOfExchangeRateChanges,Effect of Exchange Rate Changes,money,1.622,-6.071,126.717,mismatch,ours_fuzzy_suspect,,Effect of foreign exchange rate changes on cash,-4.449,2019,fuzzy,mapped,CAD,
MFI,TSX,2013,2013,income_statement,EBIT,EBIT,money,489.321,-129.023,126.368,mismatch,ours_derived_diff,,,,,,derived,CAD,
ALA,TSX,2016,2016,income_statement,OperatingIncome,Operating Income,money,-1493.1,392.4,126.281,mismatch,ours_derived_diff,,,,,,derived,,
TPX.B,TSX,2022,2022,income_statement,EBIT,EBIT,money,-66.8,255.534,126.141,mismatch,ours_derived_diff,,,,,,derived,CAD,
ADW.A,TSX,2021,2021,cash_flow,FreeCashFlow,Free Cash Flow,money,-17.651,4.58,125.948,mismatch,ours_derived_diff,,,,,,derived,CAD,
DII.A,TSX,2015,2015,cash_flow,NetIssuancePaymentsOfDebt,Net Issuance of Debt,money,-32.027,11.361,125.868,mismatch,ours_derived_diff,0.7292,,,,,derived,USD,CAD
NFI,TSX,2017,2017,cash_flow,NetIssuancePaymentsOfDebt,Net Issuance of Debt,money,-103.06,26.488,125.702,mismatch,ours_derived_diff,,,,,,derived,USD,
SFD,TSX,2023,2023,cash_flow,NetIssuancePaymentsOfDebt,Net Issuance of Debt,money,-0.850638,3.346,125.423,mismatch,ours_derived_diff,,,,,,derived,CAD,
K,TSX,2022,2022,income_statement,EBIT,EBIT,money,-700.1,237.602,124.982,mismatch,ours_derived_diff,0.7361,,,,,derived,FX x1.06,CAD
CHR,TSX,2024,2024,cash_flow,FreeCashFlow,Free Cash Flow,money,-52.891,212.125,124.934,mismatch,ours_derived_diff,,,,,,derived,CAD,
HMM.A,TSX,2022,2022,cash_flow,NetIssuancePaymentsOfDebt,Net Issuance of Debt,money,-2.935,11.771,124.934,mismatch,ours_derived_diff,,,,,,derived,CAD,
CHR,TSX,2023,2023,cash_flow,EffectOfExchangeRateChanges,Effect of Exchange Rate Changes,money,0.786,-3.176,124.748,mismatch,ours_fuzzy_suspect,,Effect of foreign exchange rate changes on cash,-2.39,2025,fuzzy,mapped,CAD,
ADW.A,TSX,2017,2017,cash_flow,FreeCashFlow,Free Cash Flow,money,-19.836,4.906,124.733,mismatch,ours_derived_diff,,,,,,derived,CAD,
K,TSX,2016,2016,income_statement,EBIT,EBIT,money,-166.2,54.557,124.609,mismatch,ours_derived_diff,0.7497,,,,,derived,FX x1.06,CAD
CPX,TSX,2011,2011,cash_flow,FreeCashFlow,Free Cash Flow,money,132.0,-32.0,124.242,mismatch,ours_derived_diff,,,,,,derived,CAD,
ALA,TSX,2012,2012,income_statement,OperatingIncome,Operating Income,money,-606.644,146.823,124.202,mismatch,ours_derived_diff,,,,,,derived,,
TFPM,TSX,2023,2023,cash_flow,FreeCashFlow,Free Cash Flow,money,154.138,-49.313,123.847,mismatch,ours_derived_diff,0.7454,,,,,derived,USD,CAD
AAB,TSX,2013,2013,cash_flow,ChangeInWorkingCapital,Change In Working Capital,money,-0.815571,3.428,123.791,mismatch,ours_derived_diff,,,,,,derived,CAD,
FTS,TSX,2018,2018,cash_flow,FreeCashFlow,Free Cash Flow,money,2604.0,-614.0,123.579,mismatch,ours_derived_diff,,,,,,derived,CAD,
BRY,TSX,2019,2019,income_statement,EBITDA,EBITDA,money,-2.160062,0.503,123.286,mismatch,ours_derived_diff,,,,,,derived,CAD,
DII.A,TSX,2019,2019,income_statement,PretaxIncome,Pretax Income,money,-10.056,3.072,123.198,mismatch,ours_derived_diff,0.7594,,,,,derived,USD,CAD
OGD,TSX,2020,2020,balance_sheet,GainsLossesNotAffectingRetainedEarnings,Accumulated other comprehensive income (loss),money,0.208,-0.899,123.137,mismatch,ours_fuzzy_suspect,,Accumulated other comprehensive loss (2 650),0.208,2021,fuzzy,mapped,CAD,
ADW.A,TSX,2014,2014,income_statement,OtherIncomeExpense,Other Income (Expense),money,0.145,-0.648,122.377,mismatch,ours_fuzzy_suspect,,Other expenses (note 16),0.145,2015,fuzzy,mapped,CAD,
ERD,TSX,2019,2019,income_statement,DilutedAverageShares,Shares Outstanding (Diluted Average),shares,-134.1646,29.754,122.177,mismatch,ours_derived_diff,,,,,,derived,CAD,
GFP,TSX,2016,2016,income_statement,EBIT,EBIT,money,8.94707,-1.975,122.074,mismatch,ours_derived_diff,,,,,,derived,CAD,
GFP,TSX,2016,2016,income_statement,EBITDA,EBITDA,money,8.94707,-1.975,122.074,mismatch,ours_derived_diff,,,,,,derived,CAD,
NFI,TSX,2019,2019,cash_flow,FinancingCashFlow,Cash Flow from Financing,money,-83.774,392.451,121.346,mismatch,ours_derived_diff,,,,,,derived,USD,
BRY,TSX,2009,2009,income_statement,OperatingIncome,Operating Income,money,-9.751065,2.045,120.972,mismatch,ours_derived_diff,,,,,,derived,CAD,
ADW.A,TSX,2024,2024,income_statement,EBIT,EBIT,money,-2.886,14.078,120.5,mismatch,ours_derived_diff,,,,,,derived,CAD,
ALA,TSX,2015,2015,income_statement,OperatingIncome,Operating Income,money,-1516.0,310.2,120.462,mismatch,ours_derived_diff,,,,,,derived,,
ADW.A,TSX,2021,2021,cash_flow,ChangeInWorkingCapital,Change In Working Capital,money,1.539,-7.551,120.381,mismatch,ours_derived_diff,,,,,,derived,CAD,
SFD,TSX,2024,2024,balance_sheet,TotalNonCurrentLiabilities,Total Long-Term Liabilities,money,-1.300451,6.494,120.025,mismatch,ours_derived_diff,,,,,,derived,CAD,
GRN,TSX,2024,2024,income_statement,EBITDA,EBITDA,money,-0.131,0.655,120.0,mismatch,ours_derived_diff,,,,,,derived,CAD,
DII.A,TSX,2019,2019,income_statement,EBIT,EBIT,money,-10.056,66.243,119.991,mismatch,ours_derived_diff,0.7594,,,,,derived,USD,CAD
AAB,TSX,2022,2022,cash_flow,FreeCashFlow,Free Cash Flow,money,-3.456719,0.69,119.961,mismatch,ours_derived_diff,,,,,,derived,CAD,
ALA,TSX,2013,2013,income_statement,OperatingIncome,Operating Income,money,-1098.0,206.7,118.825,mismatch,ours_derived_diff,,,,,,derived,,
TFPM,TSX,2024,2024,income_statement,EBITDA,EBITDA,money,-12.77,97.945,118.575,mismatch,ours_derived_diff,0.7019,,,,,derived,USD,CAD
HMM.A,TSX,2011,2011,cash_flow,NetIssuancePaymentsOfDebt,Net Issuance of Debt,money,-0.543,2.929,118.539,mismatch,ours_derived_diff,,,,,,derived,CAD,
CPX,TSX,2019,2019,income_statement,EBIT,EBIT,money,-43.0,251.0,117.131,mismatch,ours_derived_diff,,,,,,derived,CAD,
ERD,TSX,2022,2022,income_statement,DilutedAverageShares,Shares Outstanding (Diluted Average),shares,-299.31185,51.034,117.05,mismatch,ours_derived_diff,,,,,,derived,CAD,
ELD,TSX,2016,2016,income_statement,EBIT,EBIT,money,-346.876,77.973,116.852,mismatch,ours_derived_diff,0.7497,,,,,derived,USD,CAD
ADW.A,TSX,2009,2009,income_statement,EBITDA,EBITDA,money,-2.114,12.588,116.794,mismatch,ours_derived_diff,,,,,,derived,CAD,
GFP,TSX,2022,2022,income_statement,TaxProvision,Tax Provision,money,-3.865,0.643,116.636,mismatch,ours_derived_diff,,,,,,derived,CAD,
DII.A,TSX,2022,2022,income_statement,EBITDA,EBITDA,money,206.41,-46.374,116.538,mismatch,ours_derived_diff,0.7361,,,,,derived,USD,CAD
ERD,TSX,2021,2021,income_statement,DilutedAverageShares,Shares Outstanding (Diluted Average),shares,-278.52615,46.023,116.524,mismatch,ours_derived_diff,,,,,,derived,CAD,
ERD,TSX,2020,2020,income_statement,DilutedAverageShares,Shares Outstanding (Diluted Average),shares,-218.605967,36.089,116.509,mismatch,ours_derived_diff,,,,,,derived,CAD,
TPX.B,TSX,2009,2009,cash_flow,ChangeInWorkingCapital,Change In Working Capital,money,37.9,-232.657,116.29,mismatch,ours_derived_diff,,,,,,derived,CAD,
HMM.A,TSX,2018,2018,cash_flow,NetIssuancePaymentsOfDebt,Net Issuance of Debt,money,-1.336,8.303,116.091,mismatch,ours_derived_diff,,,,,,derived,CAD,
ADW.A,TSX,2012,2012,cash_flow,NetIssuancePaymentsOfDebt,Net Issuance of Debt,money,-50.944,8.056,115.813,mismatch,ours_derived_diff,,,,,,derived,CAD,
K,TSX,2022,2022,income_statement,PretaxIncome,Pretax Income,money,-681.8,144.952,115.65,mismatch,ours_derived_diff,0.7361,,,,,derived,FX x1.06,CAD
ADW.A,TSX,2017,2017,cash_flow,ChangeInWorkingCapital,Change In Working Capital,money,1.196,-7.658,115.618,mismatch,ours_derived_diff,,,,,,derived,CAD,
FTS,TSX,2012,2012,cash_flow,FreeCashFlow,Free Cash Flow,money,992.0,-154.0,115.524,mismatch,ours_derived_diff,,,,,,derived,CAD,
TXG,TSX,2024,2024,cash_flow,NetIssuancePaymentsOfDebt,Net Issuance of Debt,money,-8.6,80.353,115.248,mismatch,ours_derived_diff,0.7019,,,,,derived,USD,CAD
IIP.UN,TSX,2009,2009,income_statement,EBIT,EBIT,money,-10.077374,1.52,115.083,mismatch,ours_derived_diff,,,,,,derived,CAD,
GFP,TSX,2024,2024,income_statement,TaxProvision,Tax Provision,money,29.898,-4.454,114.897,mismatch,ours_derived_diff,,,,,,derived,CAD,
TXG,TSX,2016,2016,cash_flow,FreeCashFlow,Free Cash Flow,money,29.6,-5.869,114.864,mismatch,ours_derived_diff,0.7497,,,,,derived,USD,CAD
ALA,TSX,2014,2014,income_statement,OperatingIncome,Operating Income,money,-1355.6,200.3,114.776,mismatch,ours_derived_diff,,,,,,derived,,
ELD,TSX,2021,2021,income_statement,DilutedAverageShares,Shares Outstanding (Diluted Average),shares,-1233.690909,181.765,114.733,mismatch,ours_derived_diff,0.7812,,,,,derived,USD,CAD
BRY,TSX,2021,2021,cash_flow,NetIssuancePaymentsOfDebt,Net Issuance of Debt,money,-1.522468,10.581,114.389,mismatch,ours_derived_diff,,,,,,derived,CAD,
ELD,TSX,2021,2021,cash_flow,NetIncomeFromContinuingOperations,Net Income From Continuing Operations,money,-135.706,24.82,114.289,mismatch,ours_derived_diff,0.7812,,,,,derived,USD,CAD
DII.A,TSX,2014,2014,income_statement,EBIT,EBIT,money,-22.828,3.735,114.188,mismatch,ours_derived_diff,0.8672,,,,,derived,USD,CAD
ERD,TSX,2018,2018,income_statement,DilutedAverageShares,Shares Outstanding (Diluted Average),shares,-182.8495,25.851,114.138,mismatch,ours_derived_diff,,,,,,derived,CAD,
ELD,TSX,2016,2016,income_statement,PretaxIncome,Pretax Income,money,-346.876,64.958,114.039,mismatch,ours_derived_diff,0.7497,,,,,derived,USD,CAD
K,TSX,2021,2021,income_statement,NetIncomeContinuousOperations,Net Income (Continuing Operations),money,218.7,-39.296,114.037,mismatch,ours_derived_diff,0.7812,,,,,derived,FX x1.06,CAD
GFP,TSX,2007,2007,income_statement,EBIT,EBIT,money,16.003676,-2.192,113.697,mismatch,ours_derived_diff,,,,,,derived,CAD,
GFP,TSX,2007,2007,income_statement,EBITDA,EBITDA,money,16.003676,-2.192,113.697,mismatch,ours_derived_diff,,,,,,derived,CAD,
ADW.A,TSX,2012,2012,income_statement,NetIncomeFromContinuingAndDiscontinuedOperation,Net Income Including Noncontrolling Interests,money,-1.737,13.001,113.361,mismatch,ours_derived_diff,,,,,,,CAD,
ADW.A,TSX,2012,2012,income_statement,NetIncomeContinuousOperations,Net Income (Continuing Operations),money,-1.737,13.001,113.361,mismatch,ours_derived_diff,,,,,,derived,CAD,
ADW.A,TSX,2012,2012,cash_flow,NetIncomeFromContinuingOperations,Net Income From Continuing Operations,money,-1.737,13.001,113.361,mismatch,ours_derived_diff,,,,,,derived,CAD,
K,TSX,2012,2012,balance_sheet,GainsLossesNotAffectingRetainedEarnings,Accumulated other comprehensive income (loss),money,-36.5,4.85,113.288,mismatch,ours_fuzzy_suspect,,Accumulated other comprehensive income (loss) Note,-36.5,2015,fuzzy,mapped,USD,
CPX,TSX,2009,2009,cash_flow,NetIssuancePaymentsOfDebt,Net Issuance of Debt,money,-120.0,907.0,113.23,mismatch,ours_derived_diff,,,,,,derived,CAD,
TFPM,TSX,2020,2020,cash_flow,FreeCashFlow,Free Cash Flow,money,84.377,-826.572,113.076,mismatch,ours_derived_diff,0.7807,,,,,derived,USD,CAD
ELD,TSX,2022,2022,income_statement,EBIT,EBIT,money,-365.629,63.947,112.874,mismatch,ours_derived_diff,0.7361,,,,,derived,USD,CAD
ADW.A,TSX,2022,2022,cash_flow,ChangeInWorkingCapital,Change In Working Capital,money,2.088,-16.354,112.768,mismatch,ours_derived_diff,,,,,,derived,CAD,
PDV,TSX,2014,2014,income_statement,PretaxIncome,Pretax Income,money,-0.254267,2.058,112.355,mismatch,ours_derived_diff,,,,,,derived,,
PDV,TSX,2014,2014,income_statement,NetIncomeFromContinuingAndDiscontinuedOperation,Net Income Including Noncontrolling Interests,money,-0.254267,2.058,112.355,mismatch,ours_derived_diff,,,,,,,,
PDV,TSX,2014,2014,income_statement,NetIncomeContinuousOperations,Net Income (Continuing Operations),money,-0.254267,2.058,112.355,mismatch,ours_derived_diff,,,,,,derived,,
ADW.A,TSX,2021,2021,cash_flow,NetIssuancePaymentsOfDebt,Net Issuance of Debt,money,-64.836,7.972,112.296,mismatch,ours_derived_diff,,,,,,derived,CAD,
MFI,TSX,2024,2024,income_statement,NetIncome,Net Income,money,-11.867,96.599,112.285,mismatch,ours_derived_diff,,,,,,derived,CAD,
MFI,TSX,2024,2024,cash_flow,NetIncomeFromContinuingOperations,Net Income From Continuing Operations,money,-11.867,96.599,112.285,mismatch,ours_derived_diff,,,,,,derived,CAD,
MFI,TSX,2024,2024,income_statement,DilutedAverageShares,Shares Outstanding (Diluted Average),shares,-15.214103,124.3,112.24,mismatch,ours_derived_diff,,,,,,derived,CAD,
ADW.A,TSX,2023,2023,income_statement,EBITDA,EBITDA,money,-4.24,34.845,112.168,mismatch,ours_derived_diff,,,,,,derived,CAD,
MFI,TSX,2015,2015,cash_flow,ChangeInWorkingCapital,Change In Working Capital,money,-23.889,2.872,112.022,mismatch,ours_fuzzy_suspect,,Change in non-cash operating working capital,-23.889,2017,fuzzy,mapped,CAD,
ADW.A,TSX,2009,2009,income_statement,OtherIncomeExpense,Other Income (Expense),money,1.275,-10.771,111.837,mismatch,ours_fuzzy_suspect,,Other expenses (note 12),1.275,2010,fuzzy,mapped,CAD,
TXG,TSX,2014,2014,income_statement,EBITDA,EBITDA,money,3.005,-29.67,111.68,mismatch,ours_derived_diff,0.8672,,,,,derived,USD,CAD
AAB,TSX,2014,2014,cash_flow,ChangeInWorkingCapital,Change In Working Capital,money,0.519401,-4.526,111.476,mismatch,ours_derived_diff,,,,,,derived,CAD,
TXG,TSX,2014,2014,income_statement,DilutedAverageShares,Shares Outstanding (Diluted Average),shares,-657.4,73.478,111.177,mismatch,ours_derived_diff,0.8672,,,,,derived,USD,CAD
SFD,TSX,2024,2024,cash_flow,NetIssuancePaymentsOfDebt,Net Issuance of Debt,money,-0.475823,4.264,111.159,mismatch,ours_derived_diff,,,,,,derived,CAD,
HMM.A,TSX,2016,2016,cash_flow,NetIssuancePaymentsOfDebt,Net Issuance of Debt,money,-0.85,7.792,110.909,mismatch,ours_derived_diff,,,,,,derived,CAD,
SWP,TSX,2022,2022,balance_sheet,OtherCurrentAssets,Other Current Assets,money,26.194,-2.842,110.85,mismatch,ours_derived_diff,,,,,,derived,CAD,
ALA,TSX,2012,2012,cash_flow,NetIssuancePaymentsOfDebt,Net Issuance of Debt,money,-105.071,997.783,110.53,mismatch,ours_derived_diff,,,,,,derived,,
MRT.UN,TSX,2024,2024,income_statement,EBITDA,EBITDA,money,-58.745,6.086,110.36,mismatch,ours_derived_diff,,,,,,derived,CAD,
CHR,TSX,2021,2021,income_statement,EBITDA,EBITDA,money,-27.88,270.459,110.308,mismatch,ours_derived_diff,,,,,,derived,CAD,
ALA,TSX,2021,2021,cash_flow,FreeCashFlow,Free Cash Flow,money,738.0,-76.0,110.298,mismatch,ours_derived_diff,,,,,,derived,,
MRT.UN,TSX,2024,2024,income_statement,EBIT,EBIT,money,-58.823,6.008,110.214,mismatch,ours_derived_diff,,,,,,derived,CAD,
LAS.A,TSX,2025,2025,cash_flow,NetIssuancePaymentsOfDebt,Net Issuance of Debt,money,-3.947,38.987,110.124,mismatch,ours_derived_diff,,,,,,derived,CAD,
DII.A,TSX,2009,2009,income_statement,OperatingIncome,Operating Income,money,-1520.878,152.494,110.027,mismatch,ours_derived_diff,,,,,,derived,USD,
TXG,TSX,2013,2013,income_statement,DilutedAverageShares,Shares Outstanding (Diluted Average),shares,-608.827273,60.621,109.957,mismatch,ours_derived_diff,,,,,,derived,USD,
DII.A,TSX,2008,2008,income_statement,OperatingIncome,Operating Income,money,-1555.581,191.053,109.955,mismatch,ours_derived_diff,0.8106,,,,,derived,USD,CAD
BRY,TSX,2014,2014,cash_flow,NetIncomeFromContinuingOperations,Net Income From Continuing Operations,money,-11.301427,1.111,109.831,mismatch,ours_derived_diff,,,,,,derived,CAD,
DII.A,TSX,2010,2010,income_statement,OperatingIncome,Operating Income,money,-1651.079,161.869,109.804,mismatch,ours_derived_diff,,,,,,derived,USD,
FTS,TSX,2017,2017,cash_flow,FreeCashFlow,Free Cash Flow,money,2756.0,-268.0,109.724,mismatch,ours_derived_diff,,,,,,derived,CAD,
ALA,TSX,2018,2018,cash_flow,NetIssuancePaymentsOfDebt,Net Issuance of Debt,money,-278.8,2917.0,109.558,mismatch,ours_derived_diff,,,,,,derived,,
CPX,TSX,2021,2021,income_statement,EBIT,EBIT,money,-27.0,287.0,109.408,mismatch,ours_derived_diff,,,,,,derived,CAD,
BRY,TSX,2013,2013,cash_flow,NetIncomeFromContinuingOperations,Net Income From Continuing Operations,money,-0.400793,4.265,109.397,mismatch,ours_derived_diff,,,,,,derived,CAD,
FTS,TSX,2016,2016,cash_flow,FreeCashFlow,Free Cash Flow,money,1884.0,-177.0,109.395,mismatch,ours_derived_diff,,,,,,derived,CAD,
K,TSX,2020,2020,cash_flow,NetIssuancePaymentsOfDebt,Net Issuance of Debt,money,-850.0,101.575,109.329,mismatch,ours_derived_diff,0.7807,,,,,derived,FX x1.06,CAD
PDV,TSX,2012,2012,income_statement,PretaxIncome,Pretax Income,money,-0.11606,1.267,109.16,mismatch,ours_derived_diff,,,,,,derived,,
PDV,TSX,2012,2012,income_statement,NetIncomeFromContinuingAndDiscontinuedOperation,Net Income Including Noncontrolling Interests,money,-0.11606,1.267,109.16,mismatch,ours_derived_diff,,,,,,,,
PDV,TSX,2012,2012,income_statement,NetIncomeContinuousOperations,Net Income (Continuing Operations),money,-0.11606,1.267,109.16,mismatch,ours_derived_diff,,,,,,derived,,
ALA,TSX,2020,2020,cash_flow,FreeCashFlow,Free Cash Flow,money,771.0,-70.0,109.079,mismatch,ours_derived_diff,,,,,,derived,,
MRT.UN,TSX,2009,2009,cash_flow,FreeCashFlow,Free Cash Flow,money,75.318,-6.756,108.97,mismatch,ours_derived_diff,,,,,,derived,CAD,
ALA,TSX,2021,2021,cash_flow,NetIssuancePaymentsOfDebt,Net Issuance of Debt,money,-11.0,128.0,108.594,mismatch,ours_derived_diff,,,,,,derived,,
BRY,TSX,2024,2024,income_statement,OperatingIncome,Operating Income,money,9.56991,-0.816,108.527,mismatch,ours_derived_diff,,,,,,derived,CAD,
CPX,TSX,2011,2011,income_statement,EBITDA,EBITDA,money,-41.0,495.0,108.283,mismatch,ours_derived_diff,,,,,,derived,CAD,
GFP,TSX,2011,2011,balance_sheet,TotalLiabilities,Total Liabilities,money,-2.545258,0.205,108.054,mismatch,ours_derived_diff,,,,,,derived,CAD,
ADW.A,TSX,2024,2024,income_statement,EBITDA,EBITDA,money,-2.886,36.886,107.824,mismatch,ours_derived_diff,,,,,,derived,CAD,
CVVY,TSX,2021,2021,income_statement,OperatingIncome,Operating Income,money,-58.345,4.517,107.742,mismatch,ours_derived_diff,,,,,,derived,CAD,
TXG,TSX,2014,2014,income_statement,EBIT,EBIT,money,2.061,-30.758,107.727,mismatch,ours_derived_diff,0.8672,,,,,derived,USD,CAD
HMM.A,TSX,2010,2010,income_statement,OperatingIncome,Operating Income,money,-52.377,3.965,107.57,mismatch,ours_derived_diff,,,,,,derived,CAD,
ALA,TSX,2015,2015,income_statement,OtherIncomeExpense,Other Income (Expense),money,6.0,-81.9,107.326,mismatch,ours_fuzzy_suspect,,Foreign exchange gains,6.0,2017,fuzzy,mapped,,
TXG,TSX,2014,2014,income_statement,PretaxIncome,Pretax Income,money,2.061,-32.701,107.268,mismatch,ours_derived_diff,0.8672,,,,,derived,USD,CAD
VRTS,TSX,2022,2022,income_statement,OperatingIncome,Operating Income,money,0.72154,-10.08,107.158,mismatch,ours_derived_diff,,,,,,derived,CAD,
ADW.A,TSX,2018,2018,cash_flow,FreeCashFlow,Free Cash Flow,money,-19.996,1.373,106.866,mismatch,ours_derived_diff,,,,,,derived,CAD,
BRY,TSX,2016,2016,cash_flow,NetIssuancePaymentsOfDebt,Net Issuance of Debt,money,0.521434,-7.623,106.84,mismatch,ours_derived_diff,,,,,,derived,CAD,
ERD,TSX,2009,2009,income_statement,DilutedAverageShares,Shares Outstanding (Diluted Average),shares,-108.85285,7.436,106.831,mismatch,ours_derived_diff,,,,,,derived,CAD,
DII.A,TSX,2025,2025,cash_flow,NetIssuancePaymentsOfDebt,Net Issuance of Debt,money,-221.342,20.608,106.749,mismatch,ours_derived_diff,0.7249,,,,,derived,USD,CAD
GFP,TSX,2007,2007,income_statement,NetIncomeFromContinuingAndDiscontinuedOperation,Net Income Including Noncontrolling Interests,money,16.678832,-1.085,106.505,mismatch,ours_derived_diff,,,,,,,CAD,
GFP,TSX,2007,2007,income_statement,NetIncomeContinuousOperations,Net Income (Continuing Operations),money,16.678832,-1.085,106.505,mismatch,ours_derived_diff,,,,,,derived,CAD,
TPX.B,TSX,2010,2010,cash_flow,ChangeInWorkingCapital,Change In Working Capital,money,15.6,-241.037,106.472,mismatch,ours_derived_diff,,,,,,derived,CAD,
BRY,TSX,2009,2009,cash_flow,FreeCashFlow,Free Cash Flow,money,-0.679688,10.884,106.245,mismatch,ours_derived_diff,,,,,,derived,CAD,
ALA,TSX,2018,2018,cash_flow,OperatingCashFlow,Cash Flow from Operations,money,4.8,-78.6,106.107,mismatch,ours_derived_diff,,,,,,derived,,
ADW.A,TSX,2018,2018,cash_flow,NetIssuancePaymentsOfDebt,Net Issuance of Debt,money,-5.003,84.639,105.911,mismatch,ours_derived_diff,,,,,,derived,CAD,
MFI,TSX,2024,2024,income_statement,EBIT,EBIT,money,-8.297,142.317,105.83,mismatch,ours_derived_diff,,,,,,derived,CAD,
TPX.B,TSX,2022,2022,income_statement,EBITDA,EBITDA,money,-66.8,1185.835,105.633,mismatch,ours_derived_diff,,,,,,derived,CAD,
ADW.A,TSX,2011,2011,income_statement,NetIncomeFromContinuingAndDiscontinuedOperation,Net Income Including Noncontrolling Interests,money,-0.619,11.223,105.515,mismatch,ours_derived_diff,,,,,,,CAD,
ADW.A,TSX,2011,2011,income_statement,NetIncomeContinuousOperations,Net Income (Continuing Operations),money,-0.619,11.223,105.515,mismatch,ours_derived_diff,,,,,,derived,CAD,
ADW.A,TSX,2011,2011,cash_flow,NetIncomeFromContinuingOperations,Net Income From Continuing Operations,money,-0.619,11.223,105.515,mismatch,ours_derived_diff,,,,,,derived,CAD,
CPX,TSX,2022,2022,income_statement,EBIT,EBIT,money,-15.0,281.0,105.338,mismatch,ours_derived_diff,,,,,,derived,CAD,
CHR,TSX,2024,2024,income_statement,EBIT,EBIT,money,-2.611,49.145,105.313,mismatch,ours_derived_diff,,,,,,derived,CAD,
GFP,TSX,2025,2025,income_statement,GrossProfit,Gross Profit,money,3.563,-68.286,105.218,mismatch,ours_derived_diff,,,,,,derived,CAD,
K,TSX,2022,2022,income_statement,NetIncomeContinuousOperations,Net Income (Continuing Operations),money,-605.7,41.57,105.052,mismatch,ours_derived_diff,0.7361,,,,,derived,FX x1.06,CAD
K,TSX,2022,2022,cash_flow,NetIncomeFromContinuingOperations,Net Income From Continuing Operations,money,-605.7,41.57,105.052,mismatch,ours_derived_diff,0.7361,,,,,derived,FX x1.06,CAD
CPX,TSX,2014,2014,income_statement,EBITDA,EBITDA,money,-20.0,400.0,105.0,mismatch,ours_derived_diff,,,,,,derived,CAD,
K,TSX,2011,2011,balance_sheet,GainsLossesNotAffectingRetainedEarnings,Accumulated other comprehensive income (loss),money,4.9,-99.996,104.9,mismatch,ours_fuzzy_suspect,,Accumulated other comprehensive income (loss) Note,4.9,2013,fuzzy,mapped,USD,
GFP,TSX,2010,2010,balance_sheet,TotalLiabilities,Total Liabilities,money,-4.951327,0.222,104.484,mismatch,ours_derived_diff,,,,,,derived,CAD,
LAS.A,TSX,2024,2024,cash_flow,NetIssuancePaymentsOfDebt,Net Issuance of Debt,money,-9.688,229.375,104.224,mismatch,ours_derived_diff,,,,,,derived,CAD,
ELD,TSX,2012,2012,income_statement,NetIncomeFromContinuingAndDiscontinuedOperation,Net Income Including Noncontrolling Interests,money,-13.037,314.814,104.141,mismatch,ours_derived_diff,,,,,,,USD,
ELD,TSX,2012,2012,income_statement,NetIncomeContinuousOperations,Net Income (Continuing Operations),money,-13.037,314.814,104.141,mismatch,ours_derived_diff,,,,,,derived,USD,
ELD,TSX,2012,2012,cash_flow,NetIncomeFromContinuingOperations,Net Income From Continuing Operations,money,-13.037,314.814,104.141,mismatch,ours_derived_diff,,,,,,derived,USD,
SFD,TSX,2024,2024,balance_sheet,StockholdersEquity,Total Stockholders Equity,money,7.532044,-0.263,103.492,mismatch,ours_derived_diff,,,,,,derived,CAD,
SFD,TSX,2024,2024,balance_sheet,TotalEquityGrossMinorityInterest,Total Equity,money,7.532044,-0.263,103.492,mismatch,ours_derived_diff,,,,,,derived,CAD,
ELD,TSX,2022,2022,income_statement,PretaxIncome,Pretax Income,money,-365.629,16.106,103.243,mismatch,ours_derived_diff,0.7361,,,,,derived,USD,CAD
PDV,TSX,2013,2013,income_statement,PretaxIncome,Pretax Income,money,-0.175484,5.416,103.24,mismatch,ours_derived_diff,,,,,,derived,,
PDV,TSX,2013,2013,income_statement,NetIncomeFromContinuingAndDiscontinuedOperation,Net Income Including Noncontrolling Interests,money,-0.175484,5.416,103.24,mismatch,ours_derived_diff,,,,,,,,
PDV,TSX,2013,2013,income_statement,NetIncomeContinuousOperations,Net Income (Continuing Operations),money,-0.175484,5.416,103.24,mismatch,ours_derived_diff,,,,,,derived,,
CDR,TSX,2017,2017,cash_flow,NetOtherInvestingChanges,Cash From Other Investing Activities,money,56.615,-1.83,103.232,mismatch,ours_fuzzy_suspect,,Exploration and evaluation expense 2,56.615,2018,fuzzy,mapped,CAD,
HMM.A,TSX,2009,2009,income_statement,OperatingIncome,Operating Income,money,-48.271,1.525,103.159,mismatch,ours_derived_diff,,,,,,derived,CAD,
ELD,TSX,2012,2012,income_statement,PretaxIncome,Pretax Income,money,-13.037,441.781,102.951,mismatch,ours_derived_diff,,,,,,derived,USD,
ELD,TSX,2012,2012,income_statement,EBIT,EBIT,money,-13.037,445.942,102.923,mismatch,ours_derived_diff,,,,,,derived,USD,
VRTS,TSX,2025,2025,cash_flow,NetIssuancePaymentsOfDebt,Net Issuance of Debt,money,-0.10106,3.744,102.699,mismatch,ours_derived_diff,,,,,,derived,CAD,
ADW.A,TSX,2018,2018,cash_flow,ChangeInWorkingCapital,Change In Working Capital,money,0.384,-15.889,102.417,mismatch,ours_derived_diff,,,,,,derived,CAD,
CDR,TSX,2025,2025,cash_flow,NetIssuancePaymentsOfDebt,Net Issuance of Debt,money,-0.308,17.317,101.779,mismatch,ours_derived_diff,,,,,,derived,CAD,
CHR,TSX,2024,2024,income_statement,EBITDA,EBITDA,money,-2.611,165.536,101.577,mismatch,ours_derived_diff,,,,,,derived,CAD,
ADW.A,TSX,2023,2023,cash_flow,ChangeInWorkingCapital,Change In Working Capital,money,0.226,-14.488,101.56,mismatch,ours_derived_diff,,,,,,derived,CAD,
CDR,TSX,2024,2024,cash_flow,NetIssuancePaymentsOfDebt,Net Issuance of Debt,money,-0.087,5.888,101.478,mismatch,ours_derived_diff,,,,,,derived,CAD,
MFI,TSX,2023,2023,income_statement,EBIT,EBIT,money,-142.625,2.087,101.463,mismatch,ours_derived_diff,,,,,,derived,CAD,
CPX,TSX,2010,2010,balance_sheet,TotalNonCurrentLiabilities,Total Long-Term Liabilities,money,-28.0,2012.0,101.392,mismatch,ours_derived_diff,,,,,,derived,CAD,
CDR,TSX,2023,2023,cash_flow,NetIssuancePaymentsOfDebt,Net Issuance of Debt,money,-0.105,7.674,101.368,mismatch,ours_derived_diff,,,,,,derived,CAD,
ARX,TSX,2019,2019,cash_flow,FreeCashFlow,Free Cash Flow,money,0.6388,-46.9,101.362,mismatch,ours_derived_diff,,,,,,derived,CAD,
MFI,TSX,2013,2013,income_statement,OperatingIncome,Operating Income,money,1.604,-118.726,101.351,mismatch,ours_derived_diff,,,,,,derived,CAD,
HMM.A,TSX,2015,2015,cash_flow,NetIssuancePaymentsOfDebt,Net Issuance of Debt,money,-0.121,9.688,101.249,mismatch,ours_derived_diff,,,,,,derived,CAD,
ADW.A,TSX,2011,2011,cash_flow,ChangeInWorkingCapital,Change In Working Capital,money,23.019,-0.286,101.242,mismatch,ours_fuzzy_suspect,,Change in non-cash working capital items related total,23.019,2011,fuzzy,mapped,CAD,
BKI,TSX,2022,2022,balance_sheet,OtherCurrentAssets,Other Current Assets,money,0.064714,-0.001,101.137,mismatch,ours_derived_diff,0.7361,,,,,derived,USD,CAD
GFP,TSX,2019,2019,income_statement,PretaxIncome,Pretax Income,money,-6.25167,0.047,100.752,mismatch,ours_derived_diff,,,,,,derived,CAD,
GFP,TSX,2019,2019,income_statement,NetIncomeFromContinuingAndDiscontinuedOperation,Net Income Including Noncontrolling Interests,money,-6.25167,0.047,100.752,mismatch,ours_derived_diff,,,,,,,CAD,
GFP,TSX,2019,2019,income_statement,NetIncomeContinuousOperations,Net Income (Continuing Operations),money,-6.25167,0.047,100.752,mismatch,ours_derived_diff,,,,,,derived,CAD,
GFP,TSX,2019,2019,income_statement,EBIT,EBIT,money,-6.25167,0.047,100.752,mismatch,ours_derived_diff,,,,,,derived,CAD,
GFP,TSX,2019,2019,income_statement,EBITDA,EBITDA,money,-6.25167,0.047,100.752,mismatch,ours_derived_diff,,,,,,derived,CAD,
BKI,TSX,2019,2019,balance_sheet,OtherCurrentAssets,Other Current Assets,money,0.102641,-0.001,100.74,mismatch,ours_derived_diff,0.7594,,,,,derived,USD,CAD
DII.A,TSX,2017,2017,cash_flow,FreeCashFlow,Free Cash Flow,money,20.93,-0.159,100.595,mismatch,ours_derived_diff,0.7831,,,,,derived,USD,CAD
CVVY,TSX,2018,2018,income_statement,OperatingIncome,Operating Income,money,0.103,-18.392,100.56,mismatch,ours_derived_diff,,,,,,derived,CAD,
ALA,TSX,2011,2011,cash_flow,NetIssuancePaymentsOfDebt,Net Issuance of Debt,money,-1.787,322.905,100.553,mismatch,ours_derived_diff,,,,,,derived,,
IIP.UN,TSX,2010,2010,income_statement,DilutedAverageShares,Shares Outstanding (Diluted Average),shares,-0.160013,32.248,100.496,mismatch,ours_derived_diff,,,,,,derived,CAD,
WPK,TSX,2019,2019,income_statement,OtherIncomeExpense,Other Income (Expense),money,0.02,-5.46,100.482,mismatch,ours_fuzzy_suspect,0.7594,Other income (expenses) 11,0.02,2020,fuzzy,mapped,USD,CAD
IIP.UN,TSX,2008,2008,income_statement,EBITDA,EBITDA,money,-9086.303,13.476,100.148,mismatch,ours_derived_diff,,,,,,derived,CAD,
BKI,TSX,2021,2021,balance_sheet,OtherCurrentAssets,Other Current Assets,money,0.69209,-0.001,100.113,mismatch,ours_derived_diff,0.7812,,,,,derived,USD,CAD
ARX,TSX,2009,2009,income_statement,TaxProvision,Tax Provision,money,-0.0328,32.8,100.1,mismatch,scale_error,,Future income tax recovery $,-0.0328,2011,suffix,mapped,CAD,
ARX,TSX,2019,2019,income_statement,TaxProvision,Tax Provision,money,-0.1009,100.9,100.1,mismatch,scale_error,,,,,,derived,CAD,
MFI,TSX,2016,2016,income_statement,TaxProvision,Tax Provision,money,67891.0,-67.891,100.1,mismatch,scale_error,,Income taxes,135782.0,2018,exact,mapped,CAD,
MFI,TSX,2017,2017,income_statement,TaxProvision,Tax Provision,money,50192.0,-50.192,100.1,mismatch,scale_error,,Income taxes,100384.0,2019,exact,mapped,CAD,
MFI,TSX,2018,2018,income_statement,TaxProvision,Tax Provision,money,39755.0,-39.755,100.1,mismatch,scale_error,,Income taxes,79510.0,2019,exact,mapped,CAD,
CDR,TSX,2016,2016,income_statement,GrossProfit,Gross Profit,money,1.532,-0.001,100.065,mismatch,ours_derived_diff,,,,,,derived,CAD,
K,TSX,2008,2008,cash_flow,NetIssuancePaymentsOfDebt,Net Issuance of Debt,money,-0.3,554.672,100.054,mismatch,ours_derived_diff,,,,,,derived,USD,
IIP.UN,TSX,2008,2008,income_statement,EBIT,EBIT,money,-9086.303,4.303,100.047,mismatch,ours_derived_diff,,,,,,derived,CAD,
ARX,TSX,2019,2019,income_statement,EBITDA,EBITDA,money,-0.1333,459.0,100.029,mismatch,ours_derived_diff,,,,,,derived,CAD,
BKI,TSX,2017,2017,balance_sheet,OtherCurrentAssets,Other Current Assets,money,3.353155,-0.001,100.023,mismatch,ours_derived_diff,0.7833,,,,,derived,USD,CAD
ERD,TSX,2008,2008,income_statement,DilutedAverageShares,Shares Outstanding (Diluted Average),shares,-89809.775,6.703,100.007,mismatch,ours_derived_diff,,,,,,derived,CAD,
GFP,TSX,2011,2011,balance_sheet,GainsLossesNotAffectingRetainedEarnings,Accumulated other comprehensive income (loss),money,38.122628,-0.002,100.005,mismatch,ours_fuzzy_suspect,,Accumulated Other Comprehensive Income total,38.122628,2013,fuzzy,mapped,CAD,
MFI,TSX,2021,2021,balance_sheet,GainsLossesNotAffectingRetainedEarnings,Accumulated other comprehensive income (loss),money,-13414.0,0.286,100.002,mismatch,ours_fuzzy_suspect,,"Accumulated other comprehensive loss (2,459)",-13414.0,2022,fuzzy,mapped,CAD,
IIP.UN,TSX,2008,2008,cash_flow,BeginningCashPosition,Beginning Cash Position,money,-5109.584,0.041,100.001,mismatch,ours_derived_diff,,,,,,derived,CAD,
AAB,TSX,2012,2012,balance_sheet,CommonStock,Common Stock,money,43.311233,0.0,100.0,mismatch,ours_derived_diff,,,,,,,CAD,
AAB,TSX,2013,2013,balance_sheet,CommonStock,Common Stock,money,42.974278,0.0,100.0,mismatch,ours_derived_diff,,,,,,,CAD,
AAB,TSX,2013,2013,cash_flow,PurchaseOfInvestment,Purchase Of Investment,money,-21.146168,0.0,100.0,mismatch,ours_fuzzy_suspect,,Purchase of investments,-21.146168,2014,fuzzy,mapped,CAD,
AAB,TSX,2014,2014,balance_sheet,CommonStock,Common Stock,money,42.995464,0.0,100.0,mismatch,ours_derived_diff,,,,,,,CAD,
AAB,TSX,2014,2014,cash_flow,InvestingCashFlow,Cash Flow from Investing,money,10.141741,0.0,100.0,mismatch,ours_derived_diff,,,,,,derived,CAD,
AAB,TSX,2014,2014,cash_flow,PurchaseOfInvestment,Purchase Of Investment,money,-1.366958,0.0,100.0,mismatch,ours_fuzzy_suspect,,Purchase of investments,-1.366958,2015,fuzzy,mapped,CAD,
AAB,TSX,2015,2015,cash_flow,PurchaseOfInvestment,Purchase Of Investment,money,-8.569459,0.0,100.0,mismatch,ours_fuzzy_suspect,,Purchase of investments,-8.569459,2016,fuzzy,mapped,CAD,
AAB,TSX,2016,2016,cash_flow,PurchaseOfInvestment,Purchase Of Investment,money,-13.077692,0.0,100.0,mismatch,ours_fuzzy_suspect,,Purchase of investments,-13.077692,2017,fuzzy,mapped,CAD,
AAB,TSX,2017,2017,balance_sheet,CommonStock,Common Stock,money,40.717905,0.0,100.0,mismatch,ours_derived_diff,,,,,,,CAD,
AAB,TSX,2017,2017,cash_flow,InvestingCashFlow,Cash Flow from Investing,money,0.548706,0.0,100.0,mismatch,ours_derived_diff,,,,,,derived,CAD,
AAB,TSX,2017,2017,cash_flow,PurchaseOfInvestment,Purchase Of Investment,money,-3.790203,0.0,100.0,mismatch,ours_fuzzy_suspect,,Purchase of investments,-3.790203,2018,fuzzy,mapped,CAD,
AAB,TSX,2018,2018,cash_flow,PurchaseOfInvestment,Purchase Of Investment,money,-13.494553,0.0,100.0,mismatch,ours_fuzzy_suspect,,Purchase of investments,-13.494553,2019,fuzzy,mapped,CAD,
AAB,TSX,2019,2019,cash_flow,PurchaseOfInvestment,Purchase Of Investment,money,-3.413516,0.0,100.0,mismatch,ours_fuzzy_suspect,,Purchase of investments,-3.413516,2020,fuzzy,mapped,CAD,
AAB,TSX,2020,2020,balance_sheet,CurrentDebtAndCapitalLeaseObligation,Short-Term Debt & Capital Lease Obligation,money,0.496887,0.0,100.0,mismatch,ours_derived_diff,,,,,,derived,CAD,
AAB,TSX,2020,2020,cash_flow,InvestingCashFlow,Cash Flow from Investing,money,1.466154,0.0,100.0,mismatch,ours_derived_diff,,,,,,derived,CAD,
AAB,TSX,2020,2020,cash_flow,PurchaseOfInvestment,Purchase Of Investment,money,-3.155444,0.0,100.0,mismatch,ours_fuzzy_suspect,,Purchase of investments,-3.155444,2021,fuzzy,mapped,CAD,
AAB,TSX,2021,2021,cash_flow,InvestingCashFlow,Cash Flow from Investing,money,1.311248,0.0,100.0,mismatch,ours_derived_diff,,,,,,derived,CAD,
AAB,TSX,2021,2021,cash_flow,PurchaseOfInvestment,Purchase Of Investment,money,-4.39107,0.0,100.0,mismatch,ours_fuzzy_suspect,,Purchase of investments,-4.39107,2022,fuzzy,mapped,CAD,
AAB,TSX,2022,2022,balance_sheet,CurrentDebtAndCapitalLeaseObligation,Short-Term Debt & Capital Lease Obligation,money,0.667754,0.0,100.0,mismatch,ours_derived_diff,,,,,,derived,CAD,
AAB,TSX,2022,2022,cash_flow,InvestingCashFlow,Cash Flow from Investing,money,4.146688,0.0,100.0,mismatch,ours_derived_diff,,,,,,derived,CAD,
AAB,TSX,2022,2022,cash_flow,PurchaseOfInvestment,Purchase Of Investment,money,-2.847866,0.0,100.0,mismatch,ours_fuzzy_suspect,,"Purchase of investments 3,16",-2.847866,2023,fuzzy,mapped,CAD,
AAB,TSX,2023,2023,cash_flow,PurchaseOfInvestment,Purchase Of Investment,money,-0.75,0.0,100.0,mismatch,ours_fuzzy_suspect,,"Purchase of investments 3,14",-0.75,2024,fuzzy,mapped,CAD,
AAB,TSX,2025,2025,cash_flow,PurchaseOfInvestment,Purchase Of Investment,money,-4.527075,0.0,100.0,mismatch,ours_fuzzy_suspect,,"Purchase of investments 3,12",-4.527075,2026,fuzzy,mapped,CAD,
AAB,TSX,2026,2026,cash_flow,PurchaseOfInvestment,Purchase Of Investment,money,-0.728936,0.0,100.0,mismatch,ours_fuzzy_suspect,,"Purchase of investments 3,12",-0.728936,2026,fuzzy,mapped,CAD,
ADW.A,TSX,2009,2009,balance_sheet,CommonStock,Common Stock,money,7.375,0.0,100.0,mismatch,ours_derived_diff,,,,,,,CAD,
ADW.A,TSX,2010,2010,balance_sheet,CommonStock,Common Stock,money,7.375,0.0,100.0,mismatch,ours_derived_diff,,,,,,,CAD,
ADW.A,TSX,2011,2011,balance_sheet,CommonStock,Common Stock,money,7.026,0.0,100.0,mismatch,ours_derived_diff,,,,,,,CAD,
ADW.A,TSX,2021,2021,cash_flow,BeginningCashPosition,Beginning Cash Position,money,41.119,0.0,100.0,mismatch,ours_derived_diff,,,,,,derived,CAD,
ADW.A,TSX,2023,2023,cash_flow,EndCashPosition,Ending Cash Position,money,-13.754,0.0,100.0,mismatch,ours_derived_diff,,,,,,derived,CAD,
ARX,TSX,2011,2011,cash_flow,ChangeInWorkingCapital,Change In Working Capital,money,6.8e-05,58.4,100.0,mismatch,ours_fuzzy_suspect,,Change in non-cash working capital (Note 21),7.3e-05,2013,fuzzy,mapped,CAD,
ARX,TSX,2011,2011,cash_flow,CommonStockIssuance,Issuance of Stock,money,2e-06,1.6,100.0,mismatch,ours_fuzzy_suspect,,Issue of common shares (Note 17),2e-06,2013,fuzzy,mapped,CAD,
ARX,TSX,2012,2012,cash_flow,ChangeInWorkingCapital,Change In Working Capital,money,-6e-06,-16.3,100.0,mismatch,ours_fuzzy_suspect,,Change in non-cash working capital (Note 21),1e-06,2014,fuzzy,mapped,CAD,
ARX,TSX,2012,2012,cash_flow,CommonStockIssuance,Issuance of Stock,money,0.000346,346.2,100.0,mismatch,ours_fuzzy_suspect,,Issue of common shares,0.000346,2014,fuzzy,mapped,CAD,
ARX,TSX,2013,2013,cash_flow,ChangeInWorkingCapital,Change In Working Capital,money,-4.4e-05,-60.1,100.0,mismatch,ours_fuzzy_suspect,,Change in non-cash working capital (Note 21),-3.8e-05,2015,fuzzy,mapped,CAD,
ARX,TSX,2013,2013,cash_flow,CommonStockIssuance,Issuance of Stock,money,0.0,0.5,100.0,mismatch,ours_fuzzy_suspect,,Issue of common shares,0.0,2015,fuzzy,mapped,CAD,
ARX,TSX,2014,2014,income_statement,TaxProvision,Tax Provision,money,0.000129,-129.4,100.0,mismatch,ours_fuzzy_suspect,,Provision for (recovery of) income taxes total,0.000129,2016,fuzzy,mapped,CAD,
ARX,TSX,2014,2014,cash_flow,ChangeInWorkingCapital,Change In Working Capital,money,4.9e-05,29.0,100.0,mismatch,ours_fuzzy_suspect,,Change in non-cash working capital (Note 22),7.6e-05,2016,fuzzy,mapped,CAD,
ARX,TSX,2015,2015,income_statement,TaxProvision,Tax Provision,money,-1.6e-05,15.8,100.0,mismatch,ours_fuzzy_suspect,,Provision for (recovery of) income taxes total,-1.6e-05,2016,fuzzy,mapped,CAD,
ARX,TSX,2015,2015,cash_flow,ChangeInWorkingCapital,Change In Working Capital,money,-6.2e-05,-84.4,100.0,mismatch,ours_fuzzy_suspect,,Change in non-cash working capital (Note 22),-0.000155,2017,fuzzy,mapped,CAD,
ARX,TSX,2016,2016,cash_flow,ChangeInWorkingCapital,Change In Working Capital,money,2e-06,-2.6,100.0,mismatch,ours_fuzzy_suspect,,Change in non-cash working capital (Note 23),-2.1e-05,2018,fuzzy,mapped,CAD,
ARX,TSX,2016,2016,cash_flow,OperatingCashFlow,Cash Flow from Operations,money,0.000631,630.7,100.0,mismatch,ours_fuzzy_suspect,,Cash flow from operating activities,0.000631,2018,fuzzy,mapped,CAD,
ARX,TSX,2016,2016,cash_flow,InvestingCashFlow,Cash Flow from Investing,money,-0.000393,-393.3,100.0,mismatch,ours_fuzzy_suspect,,Cash flow used in investing activities,-0.000393,2018,fuzzy,mapped,CAD,
ARX,TSX,2016,2016,cash_flow,FinancingCashFlow,Cash Flow from Financing,money,-0.000182,-182.5,100.0,mismatch,ours_fuzzy_suspect,,Cash flow used in financing activities,-0.000182,2018,fuzzy,mapped,CAD,
ARX,TSX,2017,2017,cash_flow,ChangeInWorkingCapital,Change In Working Capital,money,-2.9e-05,-59.1,100.0,mismatch,ours_fuzzy_suspect,,Change in non-cash working capital (Note 24),3.2e-05,2019,fuzzy,mapped,CAD,
ARX,TSX,2017,2017,cash_flow,OperatingCashFlow,Cash Flow from Operations,money,0.000673,672.8,100.0,mismatch,ours_fuzzy_suspect,,Cash flow from operating activities,0.000673,2019,fuzzy,mapped,CAD,
ARX,TSX,2017,2017,cash_flow,InvestingCashFlow,Cash Flow from Investing,money,-0.000416,-416.4,100.0,mismatch,ours_fuzzy_suspect,,Cash flow used in investing activities,-0.000416,2019,fuzzy,mapped,CAD,
ARX,TSX,2017,2017,cash_flow,FinancingCashFlow,Cash Flow from Financing,money,-0.000258,-258.4,100.0,mismatch,ours_fuzzy_suspect,,Cash flow used in financing activities,-0.000258,2019,fuzzy,mapped,CAD,
ARX,TSX,2022,2022,cash_flow,ChangeInWorkingCapital,Change In Working Capital,money,0.00025,120.8,100.0,mismatch,ours_fuzzy_suspect,,Change in non-cash working capital (Note 23),0.000266,2024,fuzzy,mapped,CAD,
ARX,TSX,2022,2022,cash_flow,OperatingCashFlow,Cash Flow from Operations,money,0.003833,3833.3,100.0,mismatch,ours_fuzzy_suspect,,Cash flow from operating activities,0.003833,2024,fuzzy,mapped,CAD,
ARX,TSX,2022,2022,cash_flow,InvestingCashFlow,Cash Flow from Investing,money,-0.001413,-1413.2,100.0,mismatch,ours_fuzzy_suspect,,Cash flow used in investing activities,-0.001413,2024,fuzzy,mapped,CAD,
ARX,TSX,2022,2022,cash_flow,FinancingCashFlow,Cash Flow from Financing,money,-0.002363,-2363.0,100.0,mismatch,ours_fuzzy_suspect,,Cash flow used in financing activities,-0.002363,2024,fuzzy,mapped,CAD,
ARX,TSX,2022,2022,cash_flow,DeferredTax,Deferred Tax,money,0.000387,387.4,100.0,mismatch,ours_fuzzy_suspect,,Deferred taxes (Note 17),0.000387,2024,fuzzy,mapped,CAD,
ARX,TSX,2023,2023,cash_flow,ChangeInWorkingCapital,Change In Working Capital,money,-0.000236,-245.3,100.0,mismatch,ours_fuzzy_suspect,,Change in non-cash working capital (Note 23),-0.000201,2025,fuzzy,mapped,CAD,
ARX,TSX,2023,2023,cash_flow,OperatingCashFlow,Cash Flow from Operations,money,0.002394,2394.3,100.0,mismatch,ours_fuzzy_suspect,,Cash flow from operating activities,0.002394,2025,fuzzy,mapped,CAD,
ARX,TSX,2023,2023,cash_flow,InvestingCashFlow,Cash Flow from Investing,money,-0.001691,-1690.7,100.0,mismatch,ours_fuzzy_suspect,,Cash flow used in investing activities,-0.001691,2025,fuzzy,mapped,CAD,
ARX,TSX,2023,2023,cash_flow,FinancingCashFlow,Cash Flow from Financing,money,-0.00076,-759.6,100.0,mismatch,ours_fuzzy_suspect,,Cash flow used in financing activities,-0.00076,2025,fuzzy,mapped,CAD,
ARX,TSX,2023,2023,cash_flow,DeferredTax,Deferred Tax,money,0.000259,259.3,100.0,mismatch,ours_fuzzy_suspect,,Deferred taxes (Note 17),0.000259,2025,fuzzy,mapped,CAD,
ARX,TSX,2024,2024,cash_flow,ChangeInWorkingCapital,Change In Working Capital,money,-0.000104,-123.9,100.0,mismatch,ours_fuzzy_suspect,,Change in non-cash working capital (Note 24),-0.000246,2026,fuzzy,mapped,CAD,
ARX,TSX,2024,2024,cash_flow,OperatingCashFlow,Cash Flow from Operations,money,0.002349,2348.6,100.0,mismatch,ours_fuzzy_suspect,,Cash flow from operating activities,0.002349,2026,fuzzy,mapped,CAD,
ARX,TSX,2024,2024,cash_flow,InvestingCashFlow,Cash Flow from Investing,money,-0.001906,-1906.2,100.0,mismatch,ours_fuzzy_suspect,,Cash flow used in investing activities,-0.001906,2026,fuzzy,mapped,CAD,
ARX,TSX,2024,2024,cash_flow,FinancingCashFlow,Cash Flow from Financing,money,-0.000443,-443.5,100.0,mismatch,ours_fuzzy_suspect,,Cash flow from (used in) financing activities (Note 24),-0.000443,2026,fuzzy,mapped,CAD,
ARX,TSX,2024,2024,cash_flow,DeferredTax,Deferred Tax,money,0.000131,130.5,100.0,mismatch,ours_fuzzy_suspect,,Deferred taxes (Note 18),0.000131,2026,fuzzy,mapped,CAD,
ARX,TSX,2025,2025,cash_flow,ChangeInWorkingCapital,Change In Working Capital,money,-3e-06,-98.9,100.0,mismatch,ours_fuzzy_suspect,,Change in non-cash working capital (Note 24),2.8e-05,2026,fuzzy,mapped,CAD,
ARX,TSX,2025,2025,cash_flow,OperatingCashFlow,Cash Flow from Operations,money,0.003093,3093.5,100.0,mismatch,ours_fuzzy_suspect,,Cash flow from operating activities,0.003093,2026,fuzzy,mapped,CAD,
ARX,TSX,2025,2025,cash_flow,InvestingCashFlow,Cash Flow from Investing,money,-0.003536,-3536.0,100.0,mismatch,ours_fuzzy_suspect,,Cash flow used in investing activities,-0.003536,2026,fuzzy,mapped,CAD,
ARX,TSX,2025,2025,cash_flow,FinancingCashFlow,Cash Flow from Financing,money,0.000449,449.5,100.0,mismatch,ours_fuzzy_suspect,,Cash flow from (used in) financing activities (Note 24),0.000449,2026,fuzzy,mapped,CAD,
ARX,TSX,2025,2025,cash_flow,DeferredTax,Deferred Tax,money,9.9e-05,98.8,100.0,mismatch,ours_fuzzy_suspect,,Deferred taxes (Note 18),9.9e-05,2026,fuzzy,mapped,CAD,
BAMI,TSX,2024,2024,balance_sheet,AccumulatedDepreciation,Accumulated Depreciation,money,4.661,0.0,100.0,mismatch,ours_derived_diff,,,,,,from_notes,CAD,
BAMI,TSX,2025,2025,balance_sheet,AccumulatedDepreciation,Accumulated Depreciation,money,5.859,0.0,100.0,mismatch,ours_derived_diff,,,,,,from_notes,CAD,
BKI,TSX,2016,2016,balance_sheet,OtherCurrentAssets,Other Current Assets,money,2.300576,0.0,100.0,mismatch,ours_derived_diff,0.7497,,,,,derived,USD,CAD
BKI,TSX,2018,2018,balance_sheet,OtherCurrentAssets,Other Current Assets,money,0.561645,0.0,100.0,mismatch,ours_derived_diff,0.7443,,,,,derived,USD,CAD
BKI,TSX,2023,2023,balance_sheet,OtherCurrentAssets,Other Current Assets,money,0.066008,0.0,100.0,mismatch,ours_derived_diff,0.7454,,,,,derived,USD,CAD
BKI,TSX,2024,2024,balance_sheet,OtherCurrentAssets,Other Current Assets,money,0.05122,0.0,100.0,mismatch,ours_derived_diff,0.7019,,,,,derived,USD,CAD
BKI,TSX,2025,2025,balance_sheet,OtherCurrentAssets,Other Current Assets,money,0.057587,0.0,100.0,mismatch,ours_derived_diff,0.7248,,,,,derived,USD,CAD
BRY,TSX,2008,2008,balance_sheet,CommonStock,Common Stock,money,15.295274,0.0,100.0,mismatch,ours_derived_diff,,,,,,,CAD,
BRY,TSX,2009,2009,balance_sheet,CommonStock,Common Stock,money,15.156254,0.0,100.0,mismatch,ours_derived_diff,,,,,,,CAD,
BRY,TSX,2010,2010,balance_sheet,CommonStock,Common Stock,money,15.156254,0.0,100.0,mismatch,ours_derived_diff,,,,,,,CAD,
BRY,TSX,2011,2011,balance_sheet,OtherReceivables,Other Current Receivables,money,0.7585,0.0,100.0,mismatch,ours_derived_diff,,,,,,from_notes,CAD,
BRY,TSX,2012,2012,balance_sheet,OtherReceivables,Other Current Receivables,money,0.097273,0.0,100.0,mismatch,ours_derived_diff,,,,,,from_notes,CAD,
BRY,TSX,2012,2012,balance_sheet,CommonStock,Common Stock,money,24.396817,0.0,100.0,mismatch,ours_derived_diff,,,,,,,CAD,
BRY,TSX,2013,2013,balance_sheet,CommonStock,Common Stock,money,33.647907,0.0,100.0,mismatch,ours_derived_diff,,,,,,,CAD,
BRY,TSX,2021,2021,cash_flow,DepreciationAmortizationDepletion,"Cash Flow Depreciation, Depletion and Amortization",money,0.0,0.94,100.0,mismatch,ours_fuzzy_suspect,,Depreciation on property and equipment total,10.956288,2023,fuzzy,absent_on_face,CAD,
BRY,TSX,2022,2022,cash_flow,DepreciationAmortizationDepletion,"Cash Flow Depreciation, Depletion and Amortization",money,0.0,1.089,100.0,mismatch,ours_fuzzy_suspect,,Depreciation on property and equipment total,16.469127,2024,fuzzy,absent_on_face,CAD,
BRY,TSX,2023,2023,cash_flow,DepreciationAmortizationDepletion,"Cash Flow Depreciation, Depletion and Amortization",money,0.0,1.288,100.0,mismatch,ours_fuzzy_suspect,,Depreciation on property and equipment total,17.322954,2024,fuzzy,absent_on_face,CAD,
CDR,TSX,2015,2015,balance_sheet,CommonStock,Common Stock,money,263.035,0.0,100.0,mismatch,ours_derived_diff,,,,,,,CAD,
CDR,TSX,2015,2015,cash_flow,FinancingCashFlow,Cash Flow from Financing,money,-10.451,0.0,100.0,mismatch,ours_derived_diff,,,,,,derived,CAD,
CDR,TSX,2016,2016,balance_sheet,CommonStock,Common Stock,money,271.688,0.0,100.0,mismatch,ours_derived_diff,,,,,,,CAD,
CDR,TSX,2016,2016,cash_flow,FinancingCashFlow,Cash Flow from Financing,money,1.871,0.0,100.0,mismatch,ours_derived_diff,,,,,,derived,CAD,
CDR,TSX,2025,2025,cash_flow,CashDividendsPaid,Cash Flow for Dividends,money,-2.735,0.0,100.0,mismatch,ours_fuzzy_suspect,,Dividends paid to non-controlling interest 16a,-2.735,2026,fuzzy,mapped,CAD,
CPX,TSX,2009,2009,income_statement,OtherIncomeExpense,Other Income (Expense),money,4.0,0.0,100.0,mismatch,ours_fuzzy_suspect,,Foreign exchange losses,4.0,2010,fuzzy,mapped,CAD,
CPX,TSX,2009,2009,balance_sheet,CommonStock,Common Stock,money,820.0,0.0,100.0,mismatch,ours_derived_diff,,,,,,,CAD,
CPX,TSX,2010,2010,balance_sheet,CommonStock,Common Stock,money,477.0,0.0,100.0,mismatch,ours_derived_diff,,,,,,,CAD,
CPX,TSX,2019,2019,cash_flow,CommonStockIssuance,Issuance of Stock,money,300.0,0.0,100.0,mismatch,ours_fuzzy_suspect,,Issue of shares (note 25),300.0,2020,fuzzy,mapped,CAD,
DII.A,TSX,2008,2008,balance_sheet,CommonStock,Common Stock,money,177.422,0.0,100.0,mismatch,ours_derived_diff,0.8106,,,,,,USD,CAD
DII.A,TSX,2009,2009,balance_sheet,CommonStock,Common Stock,money,174.816,0.0,100.0,mismatch,ours_derived_diff,,,,,,,USD,
DII.A,TSX,2010,2010,balance_sheet,CommonStock,Common Stock,money,178.816,0.0,100.0,mismatch,ours_derived_diff,,,,,,,USD,
DII.A,TSX,2016,2016,cash_flow,PurchaseOfBusiness,Purchase Of Business,money,5.475,0.0,100.0,mismatch,ours_fuzzy_suspect,0.7497,Acquisition of businesses (Note 30),5.475,2018,fuzzy,mapped,USD,CAD
ELD,TSX,2009,2009,balance_sheet,CommonStock,Common Stock,money,2671.634,0.0,100.0,mismatch,ours_derived_diff,,,,,,,USD,
ELD,TSX,2010,2010,balance_sheet,CommonStock,Common Stock,money,2671.634,0.0,100.0,mismatch,ours_derived_diff,,,,,,,USD,
ERD,TSX,2008,2008,balance_sheet,CommonStock,Common Stock,money,78307.296,0.0,100.0,mismatch,ours_derived_diff,,,,,,,CAD,
ERD,TSX,2009,2009,balance_sheet,CommonStock,Common Stock,money,78.307296,0.0,100.0,mismatch,ours_derived_diff,,,,,,,CAD,
ERD,TSX,2010,2010,balance_sheet,CommonStock,Common Stock,money,71.965457,0.0,100.0,mismatch,ours_derived_diff,,,,,,,CAD,
GFP,TSX,2007,2007,balance_sheet,CommonStock,Common Stock,money,58.753501,0.0,100.0,mismatch,ours_derived_diff,,,,,,,CAD,
GFP,TSX,2008,2008,balance_sheet,OtherCurrentAssets,Other Current Assets,money,5.795195,-0.0,100.0,mismatch,ours_derived_diff,,,,,,derived,CAD,
GRN,TSX,2018,2018,income_statement,PretaxIncome,Pretax Income,money,-0.193,0.0,100.0,mismatch,ours_derived_diff,,,,,,derived,CAD,
GRN,TSX,2018,2018,income_statement,NetIncomeFromContinuingAndDiscontinuedOperation,Net Income Including Noncontrolling Interests,money,-0.193,0.0,100.0,mismatch,ours_derived_diff,,,,,,,CAD,
GRN,TSX,2018,2018,income_statement,NetIncomeContinuousOperations,Net Income (Continuing Operations),money,-0.193,0.0,100.0,mismatch,ours_derived_diff,,,,,,derived,CAD,
GRN,TSX,2018,2018,income_statement,EBIT,EBIT,money,-0.193,0.0,100.0,mismatch,ours_derived_diff,,,,,,derived,CAD,
GRN,TSX,2018,2018,income_statement,EBITDA,EBITDA,money,-0.193,0.0,100.0,mismatch,ours_derived_diff,,,,,,derived,CAD,
GRN,TSX,2019,2019,balance_sheet,OtherCurrentAssets,Other Current Assets,money,1.745,0.0,100.0,mismatch,ours_derived_diff,,,,,,derived,CAD,
HMM.A,TSX,2009,2009,balance_sheet,CommonStock,Common Stock,money,10.249,0.0,100.0,mismatch,ours_derived_diff,,,,,,,CAD,
HMM.A,TSX,2010,2010,balance_sheet,CommonStock,Common Stock,money,10.249,0.0,100.0,mismatch,ours_derived_diff,,,,,,,CAD,
IIP.UN,TSX,2008,2008,income_statement,PretaxIncome,Pretax Income,money,-9086.303,0.0,100.0,mismatch,ours_derived_diff,,,,,,derived,CAD,
IIP.UN,TSX,2009,2009,income_statement,PretaxIncome,Pretax Income,money,-10.077374,0.0,100.0,mismatch,ours_derived_diff,,,,,,derived,CAD,
K,TSX,2016,2016,balance_sheet,CurrentDebtAndCapitalLeaseObligation,Short-Term Debt & Capital Lease Obligation,money,637.7,0.0,100.0,mismatch,ours_derived_diff,0.7497,,,,,derived,FX x1.06,CAD
K,TSX,2017,2017,balance_sheet,CurrentDebtAndCapitalLeaseObligation,Short-Term Debt & Capital Lease Obligation,money,585.3,0.0,100.0,mismatch,ours_derived_diff,0.7831,,,,,derived,FX x1.06,CAD
K,TSX,2018,2018,cash_flow,NetIssuancePaymentsOfDebt,Net Issuance of Debt,money,-80.0,0.0,100.0,mismatch,ours_derived_diff,0.7443,,,,,derived,FX x1.06,CAD
K,TSX,2018,2018,cash_flow,CashDividendsPaid,Cash Flow for Dividends,money,-26.0,0.0,100.0,mismatch,ours_fuzzy_suspect,0.7443,Dividends paid to non-controlling interest,-26.0,2020,fuzzy,mapped,FX x1.06,CAD
K,TSX,2019,2019,cash_flow,CashDividendsPaid,Cash Flow for Dividends,money,-10.0,0.0,100.0,mismatch,ours_fuzzy_suspect,0.7594,Dividends paid to non-controlling interest,-10.0,2020,fuzzy,mapped,FX x1.06,CAD
LAS.A,TSX,2008,2008,balance_sheet,CommonStock,Common Stock,money,19.01,0.0,100.0,mismatch,ours_derived_diff,,,,,,,CAD,
LAS.A,TSX,2009,2009,balance_sheet,CommonStock,Common Stock,money,18.793,0.0,100.0,mismatch,ours_derived_diff,,,,,,,CAD,
LAS.A,TSX,2010,2010,balance_sheet,CommonStock,Common Stock,money,18.673,0.0,100.0,mismatch,ours_derived_diff,,,,,,,CAD,
MFI,TSX,2009,2009,cash_flow,IssuanceOfDebt,Issuance of Debt,money,-262.795,0.0,100.0,mismatch,ours_fuzzy_suspect,,Decrease in long-term debt,-262.795,2011,fuzzy,mapped,CAD,
MFI,TSX,2010,2010,balance_sheet,CashCashEquivalentsAndShortTermInvestments,"Cash, Cash Equivalents, Marketable Securities",money,29.316,0.0,100.0,mismatch,ours_derived_diff,,,,,,derived,CAD,
MFI,TSX,2010,2010,balance_sheet,CommonStock,Common Stock,money,869.353,0.0,100.0,mismatch,ours_derived_diff,,,,,,,CAD,
MRT.UN,TSX,2009,2009,income_statement,PretaxIncome,Pretax Income,money,84.222,0.0,100.0,mismatch,ours_derived_diff,,,,,,derived,CAD,
NFI,TSX,2017,2017,balance_sheet,CashCashEquivalentsAndShortTermInvestments,"Cash, Cash Equivalents, Marketable Securities",money,13.047,0.0,100.0,mismatch,ours_derived_diff,,,,,,derived,USD,
OGD,TSX,2017,2017,cash_flow,CommonStockIssuance,Issuance of Stock,money,0.051,0.0,100.0,mismatch,ours_fuzzy_suspect,,Proceeds from inssuance of shares,0.051,2018,fuzzy,mapped,CAD,
PDV,TSX,2010,2010,cash_flow,PurchaseOfInvestment,Purchase Of Investment,money,-4.189485,0.0,100.0,mismatch,ours_fuzzy_suspect,,Purchase of investments,-4.189485,2012,fuzzy,mapped,,
PDV,TSX,2011,2011,cash_flow,PurchaseOfInvestment,Purchase Of Investment,money,-4.41779,0.0,100.0,mismatch,ours_fuzzy_suspect,,Purchase of investments,-4.41779,2013,fuzzy,mapped,,
PDV,TSX,2012,2012,cash_flow,PurchaseOfInvestment,Purchase Of Investment,money,-9.323375,0.0,100.0,mismatch,ours_fuzzy_suspect,,Purchase of investments,-9.323375,2014,fuzzy,mapped,,
PDV,TSX,2013,2013,cash_flow,PurchaseOfInvestment,Purchase Of Investment,money,-11.339975,0.0,100.0,mismatch,ours_fuzzy_suspect,,Purchase of investments,-11.339975,2015,fuzzy,mapped,,
PDV,TSX,2014,2014,cash_flow,PurchaseOfInvestment,Purchase Of Investment,money,-7.957662,0.0,100.0,mismatch,ours_fuzzy_suspect,,Purchase of investments,-7.957662,2016,fuzzy,mapped,,
PDV,TSX,2015,2015,cash_flow,PurchaseOfInvestment,Purchase Of Investment,money,-0.443059,0.0,100.0,mismatch,ours_fuzzy_suspect,,Purchase of investments,-0.443059,2017,fuzzy,mapped,,
PDV,TSX,2016,2016,cash_flow,PurchaseOfInvestment,Purchase Of Investment,money,-0.2161,0.0,100.0,mismatch,ours_fuzzy_suspect,,Purchase of investments,-0.2161,2018,fuzzy,mapped,,
PDV,TSX,2017,2017,cash_flow,PurchaseOfInvestment,Purchase Of Investment,money,-3.710155,0.0,100.0,mismatch,ours_fuzzy_suspect,,Purchase of investments,-3.710155,2018,fuzzy,mapped,,
PDV,TSX,2018,2018,balance_sheet,PreferredStock,Preferred Stock,money,11.9326,0.0,100.0,mismatch,ours_fuzzy_suspect,,Preferred shares (note 1 and 6)(1),11.9326,2020,fuzzy,mapped,,
PDV,TSX,2019,2019,balance_sheet,PreferredStock,Preferred Stock,money,9.44954,0.0,100.0,mismatch,ours_fuzzy_suspect,,Preferred shares (note 1 and 6)(1),9.44954,2020,fuzzy,mapped,,
POW,TSX,2022,2021,income_statement,NetIncomeDiscontinuousOperations,Net Income (Discontinued Operations),money,-32.0,0.0,100.0,mismatch,ours_fuzzy_suspect,,Net loss from discontinued operations [Note 4],-32.0,2024,fuzzy,mapped,CAD,
PZA,TSX,2011,2011,balance_sheet,OtherCurrentAssets,Other Current Assets,money,8.032,0.0,100.0,mismatch,ours_derived_diff,,,,,,derived,CAD,
PZA,TSX,2012,2012,balance_sheet,OtherCurrentAssets,Other Current Assets,money,2.176,0.0,100.0,mismatch,ours_derived_diff,,,,,,derived,CAD,
PZA,TSX,2013,2013,balance_sheet,OtherCurrentAssets,Other Current Assets,money,2.945,0.0,100.0,mismatch,ours_derived_diff,,,,,,derived,CAD,
PZA,TSX,2014,2014,balance_sheet,OtherCurrentAssets,Other Current Assets,money,3.074,0.0,100.0,mismatch,ours_derived_diff,,,,,,derived,CAD,
PZA,TSX,2015,2015,balance_sheet,OtherCurrentAssets,Other Current Assets,money,3.381,0.0,100.0,mismatch,ours_derived_diff,,,,,,derived,CAD,
PZA,TSX,2016,2016,balance_sheet,OtherCurrentAssets,Other Current Assets,money,3.311,0.0,100.0,mismatch,ours_derived_diff,,,,,,derived,CAD,
PZA,TSX,2017,2017,balance_sheet,OtherCurrentAssets,Other Current Assets,money,3.288,0.0,100.0,mismatch,ours_derived_diff,,,,,,derived,CAD,
PZA,TSX,2018,2018,balance_sheet,OtherCurrentAssets,Other Current Assets,money,3.156,0.0,100.0,mismatch,ours_derived_diff,,,,,,derived,CAD,
PZA,TSX,2019,2019,balance_sheet,OtherCurrentAssets,Other Current Assets,money,3.304,0.0,100.0,mismatch,ours_derived_diff,,,,,,derived,CAD,
PZA,TSX,2021,2021,balance_sheet,OtherCurrentAssets,Other Current Assets,money,3.123,0.0,100.0,mismatch,ours_derived_diff,,,,,,derived,CAD,
PZA,TSX,2022,2022,balance_sheet,OtherCurrentAssets,Other Current Assets,money,3.363,0.0,100.0,mismatch,ours_derived_diff,,,,,,derived,CAD,
PZA,TSX,2023,2023,balance_sheet,OtherCurrentAssets,Other Current Assets,money,3.689,0.0,100.0,mismatch,ours_derived_diff,,,,,,derived,CAD,
PZA,TSX,2024,2024,balance_sheet,OtherCurrentAssets,Other Current Assets,money,3.707,0.0,100.0,mismatch,ours_derived_diff,,,,,,derived,CAD,
PZA,TSX,2025,2025,balance_sheet,OtherCurrentAssets,Other Current Assets,money,3.606,0.0,100.0,mismatch,ours_derived_diff,,,,,,derived,CAD,
SFD,TSX,2008,2008,income_statement,PretaxIncome,Pretax Income,money,-1.141291,0.0,100.0,mismatch,ours_derived_diff,,,,,,derived,CAD,
SFD,TSX,2009,2009,income_statement,PretaxIncome,Pretax Income,money,-2.405125,0.0,100.0,mismatch,ours_derived_diff,,,,,,derived,CAD,
SFD,TSX,2020,2020,cash_flow,SaleOfInvestment,Sale Of Investment,money,3.436691,0.0,100.0,mismatch,ours_fuzzy_suspect,,Proceeds from (used in) short-term investments,3.436691,2023,fuzzy,mapped,CAD,
SFD,TSX,2021,2021,cash_flow,SaleOfInvestment,Sale Of Investment,money,-0.208739,0.0,100.0,mismatch,ours_fuzzy_suspect,,Proceeds from (used in) short-term investments,-0.208739,2024,fuzzy,mapped,CAD,
SOBO,TSX,2024,2024,income_statement,TaxProvision,Tax Provision,money,0.000102,-145.319,100.0,mismatch,ours_fuzzy_suspect,,Income tax expense (recovery) total,0.000102,2026,fuzzy,mapped,,
SOBO,TSX,2025,2025,income_statement,TaxProvision,Tax Provision,money,6.4e-05,-88.288,100.0,mismatch,ours_fuzzy_suspect,,Income tax expense (recovery) total,6.4e-05,2026,fuzzy,mapped,,
SWP,TSX,2011,2011,balance_sheet,CommonStock,Common Stock,money,24.631,0.0,100.0,mismatch,ours_derived_diff,,,,,,,CAD,
SWP,TSX,2012,2012,balance_sheet,CommonStock,Common Stock,money,24.631,0.0,100.0,mismatch,ours_derived_diff,,,,,,,CAD,
SWP,TSX,2013,2013,balance_sheet,CommonStock,Common Stock,money,24.631,0.0,100.0,mismatch,ours_derived_diff,,,,,,,CAD,
SWP,TSX,2014,2014,balance_sheet,CommonStock,Common Stock,money,24.77,0.0,100.0,mismatch,ours_derived_diff,,,,,,,CAD,
SWP,TSX,2015,2015,balance_sheet,CommonStock,Common Stock,money,43.448,0.0,100.0,mismatch,ours_derived_diff,,,,,,,CAD,
SWP,TSX,2016,2016,balance_sheet,CommonStock,Common Stock,money,43.496,0.0,100.0,mismatch,ours_derived_diff,,,,,,,CAD,
TPX.B,TSX,2009,2009,cash_flow,SaleOfPPE,"Sale Of Property, Plant, Equipment",money,0.2,0.0,100.0,mismatch,ours_fuzzy_suspect,,"Proceeds from disposal of property, plant and equipment",0.2,2012,fuzzy,mapped,CAD,
TXG,TSX,2009,2009,balance_sheet,CommonStock,Common Stock,money,5.036219,0.0,100.0,mismatch,ours_derived_diff,,,,,,,USD,
TXG,TSX,2010,2010,balance_sheet,CommonStock,Common Stock,money,290.625,0.0,100.0,mismatch,ours_derived_diff,,,,,,,USD,
TXG,TSX,2011,2011,balance_sheet,CommonStock,Common Stock,money,301.087,0.0,100.0,mismatch,ours_derived_diff,,,,,,,USD,
TXG,TSX,2012,2012,balance_sheet,TotalNonCurrentLiabilities,Total Long-Term Liabilities,money,0.903,0.0,100.0,mismatch,ours_derived_diff,,,,,,derived,USD,
TXG,TSX,2012,2012,balance_sheet,CommonStock,Common Stock,money,739.891,0.0,100.0,mismatch,ours_derived_diff,,,,,,,USD,
TXG,TSX,2014,2014,balance_sheet,Receivables,Total Receivables,money,0.221,0.0,100.0,mismatch,ours_derived_diff,0.8672,,,,,derived,USD,CAD
VRTS,TSX,2021,2021,balance_sheet,AdditionalPaidInCapital,Additional Paid-In Capital,money,0.804722,0.0,100.0,mismatch,ours_fuzzy_suspect,,Warrant reserve (Note 16),0.804722,2023,fuzzy,mapped,CAD,
VRTS,TSX,2022,2022,balance_sheet,AdditionalPaidInCapital,Additional Paid-In Capital,money,2.517444,0.0,100.0,mismatch,ours_fuzzy_suspect,,Warrant reserve (Note 16),2.517444,2023,fuzzy,mapped,CAD,
VRTS,TSX,2024,2024,balance_sheet,AdditionalPaidInCapital,Additional Paid-In Capital,money,3.619338,0.0,100.0,mismatch,ours_fuzzy_suspect,,Warrant reserve 14,3.619338,2026,fuzzy,mapped,CAD,
VRTS,TSX,2025,2025,balance_sheet,AdditionalPaidInCapital,Additional Paid-In Capital,money,3.614338,0.0,100.0,mismatch,ours_fuzzy_suspect,,Warrant reserve 14,3.614338,2026,fuzzy,mapped,CAD,
WPK,TSX,2009,2009,balance_sheet,CommonStock,Common Stock,money,29.195,0.0,100.0,mismatch,ours_derived_diff,,,,,,,USD,
WPK,TSX,2010,2010,income_statement,OtherIncomeExpense,Other Income (Expense),money,-5.244,0.0,100.0,mismatch,ours_fuzzy_suspect,,Other income (expenses) 8,-5.244,2012,fuzzy,mapped,USD,
WPK,TSX,2010,2010,balance_sheet,CommonStock,Common Stock,money,29.195,0.0,100.0,mismatch,ours_derived_diff,,,,,,,USD,
CDR,TSX,2019,2019,income_statement,NetIncomeContinuousOperations,Net Income (Continuing Operations),money,-0.00026,-13.87,99.998,mismatch,ours_fuzzy_suspect,,"Net loss from continuing operations (13,870); Net loss from continuing operations (0.31)",-11.65826,2020,fuzzy,mapped,CAD,
OGD,TSX,2020,2020,balance_sheet,StockholdersEquity,Total Stockholders Equity,money,0.005,68.005,99.993,mismatch,ours_fuzzy_suspect,,Equity attributable to shareholders 70 348,0.005,2021,fuzzy,mapped,CAD,
MFI,TSX,2021,2021,balance_sheet,OtherCurrentAssets,Other Current Assets,money,192570.0,24.988,99.987,mismatch,ours_derived_diff,,,,,,derived,CAD,
GFP,TSX,2009,2009,balance_sheet,OtherCurrentAssets,Other Current Assets,money,5.320385,0.001,99.981,mismatch,ours_derived_diff,,,,,,derived,CAD,
MRT.UN,TSX,2023,2023,balance_sheet,CurrentDebtAndCapitalLeaseObligation,Short-Term Debt & Capital Lease Obligation,money,0.088,413.024,99.979,mismatch,ours_derived_diff,,,,,,derived,CAD,
ARX,TSX,2009,2009,income_statement,EBITDA,EBITDA,money,0.1923,604.4,99.968,mismatch,ours_derived_diff,,,,,,derived,CAD,
MRT.UN,TSX,2025,2025,balance_sheet,CurrentDebtAndCapitalLeaseObligation,Short-Term Debt & Capital Lease Obligation,money,0.172,540.503,99.968,mismatch,ours_derived_diff,,,,,,derived,CAD,
ARX,TSX,2018,2018,income_statement,EBITDA,EBITDA,money,0.3133,870.4,99.964,mismatch,ours_derived_diff,,,,,,derived,CAD,
MFI,TSX,2021,2021,balance_sheet,CurrentDebtAndCapitalLeaseObligation,Short-Term Debt & Capital Lease Obligation,money,100851.0,36.551,99.964,mismatch,ours_derived_diff,,,,,,derived,CAD,
ARX,TSX,2010,2010,income_statement,EBITDA,EBITDA,money,0.2552,696.6,99.963,mismatch,ours_derived_diff,,,,,,derived,CAD,
MRT.UN,TSX,2022,2022,balance_sheet,CurrentDebtAndCapitalLeaseObligation,Short-Term Debt & Capital Lease Obligation,money,0.167,367.788,99.955,mismatch,ours_derived_diff,,,,,,derived,CAD,
MRT.UN,TSX,2019,2019,balance_sheet,CurrentDebtAndCapitalLeaseObligation,Short-Term Debt & Capital Lease Obligation,money,0.123,263.421,99.953,mismatch,ours_derived_diff,,,,,,derived,CAD,
MFI,TSX,2016,2016,balance_sheet,TotalNonCurrentLiabilities,Total Long-Term Liabilities,money,347172.753,169.351,99.951,mismatch,ours_derived_diff,,,,,,derived,CAD,
MRT.UN,TSX,2024,2024,balance_sheet,CurrentDebtAndCapitalLeaseObligation,Short-Term Debt & Capital Lease Obligation,money,0.161,316.295,99.949,mismatch,ours_derived_diff,,,,,,derived,CAD,
ARX,TSX,2010,2010,cash_flow,ChangeInWorkingCapital,Change In Working Capital,money,0.0011,2.1,99.948,mismatch,ours_fuzzy_suspect,,Change in non-cash working capital,0.0206,2011,fuzzy,mapped,CAD,
IIP.UN,TSX,2023,2023,income_statement,EBIT,EBIT,money,0.09224,152.61,99.94,mismatch,ours_derived_diff,,,,,,derived,CAD,
IIP.UN,TSX,2023,2023,income_statement,EBITDA,EBITDA,money,0.09224,153.597,99.94,mismatch,ours_derived_diff,,,,,,derived,CAD,
CVVY,TSX,2017,2017,balance_sheet,GainsLossesNotAffectingRetainedEarnings,Accumulated other comprehensive income (loss),money,0.001,1.583,99.937,mismatch,ours_fuzzy_suspect,,Accumulated other comprenhensive income 1 583,0.001,2018,fuzzy,mapped,CAD,
IIP.UN,TSX,2022,2022,income_statement,EBITDA,EBITDA,money,0.103959,152.308,99.932,mismatch,ours_derived_diff,,,,,,derived,CAD,
IIP.UN,TSX,2022,2022,income_statement,EBIT,EBIT,money,0.103959,151.051,99.931,mismatch,ours_derived_diff,,,,,,derived,CAD,
TPX.B,TSX,2013,2013,balance_sheet,LongTermDebtAndCapitalLeaseObligation,Long-Term Debt & Capital Lease Obligation,money,2.6,3418.311,99.924,mismatch,ours_derived_diff,,,,,,derived,CAD,
ARX,TSX,2018,2018,income_statement,EBIT,EBIT,money,0.3133,375.7,99.917,mismatch,ours_derived_diff,,,,,,derived,CAD,
IIP.UN,TSX,2020,2020,income_statement,EBIT,EBIT,money,0.150648,179.039,99.916,mismatch,ours_derived_diff,,,,,,derived,CAD,
IIP.UN,TSX,2020,2020,income_statement,EBITDA,EBITDA,money,0.150648,179.681,99.916,mismatch,ours_derived_diff,,,,,,derived,CAD,
IIP.UN,TSX,2018,2018,income_statement,EBIT,EBIT,money,0.168297,195.127,99.914,mismatch,ours_derived_diff,,,,,,derived,CAD,
IIP.UN,TSX,2018,2018,income_statement,EBITDA,EBITDA,money,0.168297,195.586,99.914,mismatch,ours_derived_diff,,,,,,derived,CAD,
IIP.UN,TSX,2016,2016,balance_sheet,CurrentDebtAndCapitalLeaseObligation,Short-Term Debt & Capital Lease Obligation,money,0.638723,730.523,99.913,mismatch,ours_derived_diff,,,,,,derived,CAD,
ARX,TSX,2009,2009,income_statement,EBIT,EBIT,money,0.1923,218.0,99.912,mismatch,ours_derived_diff,,,,,,derived,CAD,
ARX,TSX,2010,2010,income_statement,EBIT,EBIT,money,0.2552,287.9,99.911,mismatch,ours_derived_diff,,,,,,derived,CAD,
IIP.UN,TSX,2012,2012,income_statement,EBIT,EBIT,money,0.082535,92.281,99.911,mismatch,ours_derived_diff,,,,,,derived,CAD,
IIP.UN,TSX,2012,2012,income_statement,EBITDA,EBITDA,money,0.082535,92.3,99.911,mismatch,ours_derived_diff,,,,,,derived,CAD,
IIP.UN,TSX,2017,2017,income_statement,EBIT,EBIT,money,0.20098,222.59,99.91,mismatch,scale_error,,,,,,derived,CAD,
IIP.UN,TSX,2017,2017,income_statement,EBITDA,EBITDA,money,0.20098,222.902,99.91,mismatch,scale_error,,,,,,derived,CAD,
IIP.UN,TSX,2021,2021,income_statement,EBIT,EBIT,money,0.369686,402.605,99.908,mismatch,scale_error,,,,,,derived,CAD,
IIP.UN,TSX,2021,2021,income_statement,EBITDA,EBITDA,money,0.369686,403.513,99.908,mismatch,scale_error,,,,,,derived,CAD,
MFI,TSX,2021,2021,balance_sheet,AdditionalPaidInCapital,Additional Paid-In Capital,money,5866.0,5.371,99.908,mismatch,scale_error,,"Contributed surplus 5,371",5866.0,2022,exact,mapped,CAD,
IIP.UN,TSX,2017,2017,balance_sheet,CurrentDebtAndCapitalLeaseObligation,Short-Term Debt & Capital Lease Obligation,money,0.733414,792.544,99.907,mismatch,scale_error,,,,,,derived,CAD,
IIP.UN,TSX,2019,2019,income_statement,EBIT,EBIT,money,0.384889,413.136,99.907,mismatch,scale_error,,,,,,derived,CAD,
IIP.UN,TSX,2019,2019,income_statement,EBITDA,EBITDA,money,0.384889,413.669,99.907,mismatch,scale_error,,,,,,derived,CAD,
MFI,TSX,2018,2018,income_statement,OperatingIncome,Operating Income,money,210305.0,195.347,99.907,mismatch,scale_error,,Earnings from operations $; Adjusted Operating Earnings $,425931.0,2019,exact,mapped,CAD,
IIP.UN,TSX,2010,2010,balance_sheet,TotalLiabilities,Total Liabilities,money,0.193942,206.719,99.906,mismatch,scale_error,,liabilities total,0.193942,2012,exact,mapped,CAD,
ARX,TSX,2019,2019,balance_sheet,LongTermDebtAndCapitalLeaseObligation,Long-Term Debt & Capital Lease Obligation,money,0.7287,758.6,99.904,mismatch,scale_error,,,,,,derived,CAD,
ARX,TSX,2009,2009,cash_flow,CapitalExpenditure,Capital Expenditure,money,-0.3594,-371.2,99.903,mismatch,scale_error,,Capital expenditures,-0.3594,2011,exact,mapped,CAD,
IIP.UN,TSX,2018,2018,balance_sheet,CurrentDebtAndCapitalLeaseObligation,Short-Term Debt & Capital Lease Obligation,money,0.799571,823.121,99.903,mismatch,scale_error,,,,,,derived,CAD,
ALA,TSX,2010,2010,income_statement,TaxProvision,Tax Provision,money,-0.0017,-1.727,99.902,mismatch,scale_error,,Income taxes (expense) recovery,-0.0034,2011,fuzzy,mapped,,
ARX,TSX,2010,2010,cash_flow,CapitalExpenditure,Capital Expenditure,money,-0.589,-598.3,99.902,mismatch,scale_error,,Capital expenditures,-0.589,2011,exact,mapped,CAD,
ARX,TSX,2019,2019,cash_flow,RepaymentOfDebt,Payments of Debt,money,-0.6068,-620.5,99.902,mismatch,scale_error,,Repayment of long-term debt,-0.6068,2020,exact,mapped,CAD,
IIP.UN,TSX,2012,2012,balance_sheet,CurrentDebtAndCapitalLeaseObligation,Short-Term Debt & Capital Lease Obligation,money,0.25682,261.93,99.902,mismatch,scale_error,,,,,,derived,CAD,
IIP.UN,TSX,2022,2022,income_statement,OperatingIncome,Operating Income,money,0.138423,141.933,99.902,mismatch,scale_error,,Net operating income,0.138423,2024,suffix,mapped,CAD,
ARX,TSX,2010,2010,cash_flow,FinancingCashFlow,Cash Flow from Financing,money,-0.1068,-107.6,99.901,mismatch,scale_error,,CASH FLOWS FROM FINANCING ACTIVITIES total,-0.1068,2011,suffix,mapped,CAD,
ARX,TSX,2019,2019,cash_flow,ChangeInWorkingCapital,Change In Working Capital,money,-0.0583,-58.6,99.901,mismatch,scale_error,,Change in non-cash working capital (Note 23),-0.0509,2020,fuzzy,mapped,CAD,
ALA,TSX,2008,2008,income_statement,TaxProvision,Tax Provision,money,0.0016,1.602,99.9,mismatch,scale_error,,Income taxes (expense) recovery,0.0032,2011,fuzzy,mapped,,
ARX,TSX,2009,2009,income_statement,PretaxIncome,Pretax Income,money,0.1923,192.3,99.9,mismatch,scale_error,,,,,,derived,CAD,
ARX,TSX,2009,2009,income_statement,NetIncomeFromContinuingAndDiscontinuedOperation,Net Income Including Noncontrolling Interests,money,0.2251,225.1,99.9,mismatch,scale_error,,,,,,,CAD,
ARX,TSX,2009,2009,income_statement,NetIncomeContinuousOperations,Net Income (Continuing Operations),money,0.2251,225.1,99.9,mismatch,scale_error,,,,,,derived,CAD,
ARX,TSX,2009,2009,income_statement,MinorityInterests,Other Income (Minority Interest),money,-0.0023,-2.3,99.9,mismatch,scale_error,,Non-controlling interest (Note 17); Income before future income tax recovery and non- controlling interest $; Current period net income attributable to non-controlling interest,-0.1969,2011,exact,mapped,CAD,
ARX,TSX,2009,2009,cash_flow,NetIncomeFromContinuingOperations,Net Income From Continuing Operations,money,0.2251,225.1,99.9,mismatch,scale_error,,Net income (loss) $,0.2251,2011,exact,mapped,CAD,
ARX,TSX,2009,2009,cash_flow,ChangeInWorkingCapital,Change In Working Capital,money,-0.0119,-11.9,99.9,mismatch,scale_error,,Change in non-cash working capital,-0.0391,2011,fuzzy,mapped,CAD,
ARX,TSX,2009,2009,cash_flow,OperatingCashFlow,Cash Flow from Operations,money,0.4974,497.4,99.9,mismatch,scale_error,,,,,,derived,CAD,
ARX,TSX,2009,2009,cash_flow,InvestingCashFlow,Cash Flow from Investing,money,-0.5512,-551.2,99.9,mismatch,scale_error,,CASH FLOWS FROM INVESTING ACTIVITIES total,-0.5512,2011,suffix,mapped,CAD,
ARX,TSX,2009,2009,cash_flow,FinancingCashFlow,Cash Flow from Financing,money,0.0138,13.8,99.9,mismatch,scale_error,,CASH FLOWS FROM FINANCING ACTIVITIES total,0.0138,2011,suffix,mapped,CAD,
ARX,TSX,2009,2009,cash_flow,BeginningCashPosition,Beginning Cash Position,money,0.04,40.0,99.9,mismatch,scale_error,,"CASH AND CASH EQUIVALENTS, BEGINNING OF YEAR",0.04,2011,exact,mapped,CAD,
ARX,TSX,2009,2009,cash_flow,DeferredTax,Deferred Tax,money,-0.0328,-32.8,99.9,mismatch,scale_error,,Future income tax recovery (Note 16),-0.0328,2011,exact,mapped,CAD,
ARX,TSX,2009,2009,cash_flow,ChangesInCash,Net Change in Cash,money,-0.04,-40.0,99.9,mismatch,scale_error,,INCREASE (DECREASE) IN CASH AND CASH EQUIVALENTS,-0.04,2011,exact,mapped,CAD,
ARX,TSX,2010,2010,cash_flow,OperatingCashFlow,Cash Flow from Operations,money,0.6739,677.0,99.9,mismatch,scale_error,,,,,,derived,CAD,
ARX,TSX,2010,2010,cash_flow,InvestingCashFlow,Cash Flow from Investing,money,-0.5668,-567.4,99.9,mismatch,scale_error,,CASH FLOWS FROM INVESTING ACTIVITIES total,-0.5668,2011,suffix,mapped,CAD,
ARX,TSX,2018,2018,income_statement,PretaxIncome,Pretax Income,money,0.3218,321.8,99.9,mismatch,scale_error,,Net income (loss) before income taxes,0.3218,2020,suffix,mapped,CAD,
ARX,TSX,2018,2018,income_statement,NetIncomeFromContinuingAndDiscontinuedOperation,Net Income Including Noncontrolling Interests,money,0.2138,213.8,99.9,mismatch,scale_error,,,,,,,CAD,
ARX,TSX,2018,2018,income_statement,NetIncomeContinuousOperations,Net Income (Continuing Operations),money,0.2138,213.8,99.9,mismatch,scale_error,,,,,,derived,CAD,
ARX,TSX,2018,2018,income_statement,NetIncome,Net Income,money,0.2138,213.8,99.9,mismatch,scale_error,,Net income (loss),0.2138,2020,exact,mapped,CAD,
ARX,TSX,2018,2018,balance_sheet,CashAndCashEquivalents,Cash and Cash Equivalents,money,0.2596,259.6,99.9,mismatch,scale_error,,Cash and cash equivalents,0.2596,2020,exact,mapped,CAD,
ARX,TSX,2018,2018,balance_sheet,CashCashEquivalentsAndShortTermInvestments,"Cash, Cash Equivalents, Marketable Securities",money,0.2596,259.6,99.9,mismatch,scale_error,,,,,,derived,CAD,
ARX,TSX,2018,2018,balance_sheet,AccountsReceivable,Accounts Receivable,money,0.1141,114.1,99.9,mismatch,scale_error,,Accounts receivable (Note 6),0.1141,2020,exact,mapped,CAD,
ARX,TSX,2018,2018,balance_sheet,Receivables,Total Receivables,money,0.1141,114.1,99.9,mismatch,scale_error,,,,,,derived,CAD,
ARX,TSX,2018,2018,balance_sheet,OtherCurrentAssets,Other Current Assets,money,0.1857,185.7,99.9,mismatch,scale_error,,,,,,derived,CAD,
ARX,TSX,2018,2018,balance_sheet,CurrentAssets,Total Current Assets,money,0.5594,559.4,99.9,mismatch,scale_error,,Current assets total,0.5594,2020,exact,mapped,CAD,
ARX,TSX,2018,2018,balance_sheet,NetPPE,"Property, Plant and Equipment",money,5.0665,5066.5,99.9,mismatch,scale_error,,"Exploration and evaluation assets (Note 7); Property, plant and equipment (Notes 8 and 10)",5.0665,2020,exact,mapped,CAD,
ARX,TSX,2018,2018,balance_sheet,Goodwill,Goodwill,money,0.2482,248.2,99.9,mismatch,scale_error,,Goodwill (Note 10),0.2482,2020,exact,mapped,CAD,
ARX,TSX,2018,2018,balance_sheet,TotalNonCurrentAssets,Total Long-Term Assets,money,5.4568,5456.8,99.9,mismatch,scale_error,,,,,,derived,CAD,
ARX,TSX,2018,2018,balance_sheet,TotalAssets,Total Assets,money,6.0162,6016.2,99.9,mismatch,scale_error,,Total assets,6.0162,2020,exact,mapped,CAD,
ARX,TSX,2018,2018,balance_sheet,CurrentDebtAndCapitalLeaseObligation,Short-Term Debt & Capital Lease Obligation,money,0.0805,80.5,99.9,mismatch,scale_error,,,,,,derived,CAD,
ARX,TSX,2018,2018,balance_sheet,CurrentLiabilities,Total Current Liabilities,money,0.2845,284.5,99.9,mismatch,scale_error,,Current liabilities total,0.2845,2020,exact,mapped,CAD,
ARX,TSX,2018,2018,balance_sheet,LongTermDebtAndCapitalLeaseObligation,Long-Term Debt & Capital Lease Obligation,money,0.8287,828.7,99.9,mismatch,scale_error,,,,,,derived,CAD,
ARX,TSX,2018,2018,balance_sheet,LongTermDebt,Long-Term Debt,money,0.8287,828.7,99.9,mismatch,scale_error,,Long-term debt (Note 13),0.8287,2020,exact,mapped,CAD,
ARX,TSX,2018,2018,balance_sheet,TotalNonCurrentLiabilities,Total Long-Term Liabilities,money,2.0559,2055.9,99.9,mismatch,scale_error,,,,,,derived,CAD,
ARX,TSX,2018,2018,balance_sheet,TotalLiabilities,Total Liabilities,money,2.3404,2340.4,99.9,mismatch,scale_error,,Total liabilities,2.3404,2020,exact,mapped,CAD,
ARX,TSX,2018,2018,balance_sheet,StockholdersEquity,Total Stockholders Equity,money,3.6758,3675.8,99.9,mismatch,scale_error,,Total shareholders’ equity,3.6758,2020,exact,mapped,CAD,
ARX,TSX,2018,2018,balance_sheet,TotalEquityGrossMinorityInterest,Total Equity,money,3.6758,3675.8,99.9,mismatch,scale_error,,,,,,derived,CAD,
ARX,TSX,2018,2018,balance_sheet,RetainedEarnings,Retained Earnings,money,-1.0099,-1009.9,99.9,mismatch,scale_error,,Deficit,-1.0099,2020,exact,mapped,CAD,
ARX,TSX,2018,2018,balance_sheet,AdditionalPaidInCapital,Additional Paid-In Capital,money,0.0272,27.2,99.9,mismatch,scale_error,,Contributed surplus,0.0272,2020,exact,mapped,CAD,
ARX,TSX,2018,2018,cash_flow,NetIncomeFromContinuingOperations,Net Income From Continuing Operations,money,0.2138,213.8,99.9,mismatch,scale_error,,Net income (loss),0.2138,2020,exact,mapped,CAD,
ARX,TSX,2018,2018,cash_flow,OperatingCashFlow,Cash Flow from Operations,money,0.8628,862.8,99.9,mismatch,scale_error,,Cash flow from operating activities,0.8628,2020,fuzzy,mapped,CAD,
ARX,TSX,2018,2018,cash_flow,InvestingCashFlow,Cash Flow from Investing,money,-0.5347,-534.7,99.9,mismatch,scale_error,,Cash flow used in investing activities,-0.5347,2020,fuzzy,mapped,CAD,
ARX,TSX,2018,2018,cash_flow,NetIssuancePaymentsOfDebt,Net Issuance of Debt,money,-0.0764,-76.4,99.9,mismatch,scale_error,,,,,,derived,CAD,
ARX,TSX,2018,2018,cash_flow,CashDividendsPaid,Cash Flow for Dividends,money,-0.2123,-212.3,99.9,mismatch,scale_error,,Cash dividends paid,-0.2123,2020,exact,mapped,CAD,
ARX,TSX,2018,2018,cash_flow,FinancingCashFlow,Cash Flow from Financing,money,-0.2887,-288.7,99.9,mismatch,scale_error,,Cash flow used in financing activities,-0.2887,2020,fuzzy,mapped,CAD,
ARX,TSX,2018,2018,cash_flow,BeginningCashPosition,Beginning Cash Position,money,0.2202,220.2,99.9,mismatch,scale_error,,"CASH AND CASH EQUIVALENTS, BEGINNING OF YEAR",0.2202,2020,exact,mapped,CAD,
ARX,TSX,2018,2018,cash_flow,EndCashPosition,Ending Cash Position,money,0.2596,259.6,99.9,mismatch,scale_error,,"CASH AND CASH EQUIVALENTS, END OF YEAR",0.2596,2020,exact,mapped,CAD,
ARX,TSX,2018,2018,cash_flow,DeferredTax,Deferred Tax,money,0.0596,59.6,99.9,mismatch,scale_error,,Deferred taxes (Note 17),0.0596,2020,fuzzy,mapped,CAD,
ARX,TSX,2018,2018,cash_flow,RepaymentOfDebt,Payments of Debt,money,-0.0764,-76.4,99.9,mismatch,scale_error,,Repayment of long-term debt,-0.0764,2020,exact,mapped,CAD,
ARX,TSX,2018,2018,cash_flow,ChangesInCash,Net Change in Cash,money,0.0394,39.4,99.9,mismatch,scale_error,,INCREASE (DECREASE) IN CASH AND CASH EQUIVALENTS,0.0394,2020,exact,mapped,CAD,
ARX,TSX,2019,2019,income_statement,PretaxIncome,Pretax Income,money,-0.1285,-128.5,99.9,mismatch,scale_error,,Net income (loss) before income taxes,-0.1285,2020,suffix,mapped,CAD,
ARX,TSX,2019,2019,income_statement,NetIncomeFromContinuingAndDiscontinuedOperation,Net Income Including Noncontrolling Interests,money,-0.0276,-27.6,99.9,mismatch,scale_error,,,,,,,CAD,
ARX,TSX,2019,2019,income_statement,NetIncomeContinuousOperations,Net Income (Continuing Operations),money,-0.0276,-27.6,99.9,mismatch,scale_error,,,,,,derived,CAD,
ARX,TSX,2019,2019,income_statement,NetIncome,Net Income,money,-0.0276,-27.6,99.9,mismatch,scale_error,,Net income (loss),-0.0276,2020,exact,mapped,CAD,
ARX,TSX,2019,2019,balance_sheet,CashAndCashEquivalents,Cash and Cash Equivalents,money,0.0085,8.5,99.9,mismatch,scale_error,,Cash and cash equivalents,0.0085,2020,exact,mapped,CAD,
ARX,TSX,2019,2019,balance_sheet,CashCashEquivalentsAndShortTermInvestments,"Cash, Cash Equivalents, Marketable Securities",money,0.0085,8.5,99.9,mismatch,scale_error,,,,,,derived,CAD,
ARX,TSX,2019,2019,balance_sheet,AccountsReceivable,Accounts Receivable,money,0.1344,134.4,99.9,mismatch,scale_error,,Accounts receivable (Note 6),0.1344,2020,exact,mapped,CAD,
ARX,TSX,2019,2019,balance_sheet,Receivables,Total Receivables,money,0.1344,134.4,99.9,mismatch,scale_error,,,,,,derived,CAD,
ARX,TSX,2019,2019,balance_sheet,OtherCurrentAssets,Other Current Assets,money,0.0503,50.3,99.9,mismatch,scale_error,,,,,,derived,CAD,
ARX,TSX,2019,2019,balance_sheet,CurrentAssets,Total Current Assets,money,0.1932,193.2,99.9,mismatch,scale_error,,Current assets total,0.1932,2020,exact,mapped,CAD,
ARX,TSX,2019,2019,balance_sheet,NetPPE,"Property, Plant and Equipment",money,5.3327,5332.7,99.9,mismatch,scale_error,,"Exploration and evaluation assets (Note 7); Property, plant and equipment (Notes 8 and 10); Right-of-use assets (Notes 4 and 9)",5.3327,2020,exact,mapped,CAD,
ARX,TSX,2019,2019,balance_sheet,Goodwill,Goodwill,money,0.2482,248.2,99.9,mismatch,scale_error,,Goodwill (Note 10),0.2482,2020,exact,mapped,CAD,
ARX,TSX,2019,2019,balance_sheet,TotalNonCurrentAssets,Total Long-Term Assets,money,5.5851,5585.1,99.9,mismatch,scale_error,,,,,,derived,CAD,
ARX,TSX,2019,2019,balance_sheet,TotalAssets,Total Assets,money,5.7783,5778.3,99.9,mismatch,scale_error,,Total assets,5.7783,2020,exact,mapped,CAD,
ARX,TSX,2019,2019,balance_sheet,CurrentDebtAndCapitalLeaseObligation,Short-Term Debt & Capital Lease Obligation,money,0.1652,165.2,99.9,mismatch,scale_error,,,,,,derived,CAD,
ARX,TSX,2019,2019,balance_sheet,CurrentLiabilities,Total Current Liabilities,money,0.365,365.0,99.9,mismatch,scale_error,,Current liabilities total,0.365,2020,exact,mapped,CAD,
ARX,TSX,2019,2019,balance_sheet,LongTermDebt,Long-Term Debt,money,0.7287,728.7,99.9,mismatch,scale_error,,Long-term debt (Note 13),0.7287,2020,exact,mapped,CAD,
ARX,TSX,2019,2019,balance_sheet,TotalNonCurrentLiabilities,Total Long-Term Liabilities,money,1.9734,1973.4,99.9,mismatch,scale_error,,,,,,derived,CAD,
ARX,TSX,2019,2019,balance_sheet,TotalLiabilities,Total Liabilities,money,2.3384,2338.4,99.9,mismatch,scale_error,,Total liabilities,2.3384,2020,exact,mapped,CAD,
ARX,TSX,2019,2019,balance_sheet,StockholdersEquity,Total Stockholders Equity,money,3.4399,3439.9,99.9,mismatch,scale_error,,Total shareholders’ equity,3.4399,2020,exact,mapped,CAD,
ARX,TSX,2019,2019,balance_sheet,TotalEquityGrossMinorityInterest,Total Equity,money,3.4399,3439.9,99.9,mismatch,scale_error,,,,,,derived,CAD,
ARX,TSX,2019,2019,balance_sheet,RetainedEarnings,Retained Earnings,money,-1.2506,-1250.6,99.9,mismatch,scale_error,,Deficit,-1.2506,2020,exact,mapped,CAD,
ARX,TSX,2019,2019,balance_sheet,AdditionalPaidInCapital,Additional Paid-In Capital,money,0.0322,32.2,99.9,mismatch,scale_error,,Contributed surplus,0.0322,2020,exact,mapped,CAD,
ARX,TSX,2019,2019,cash_flow,NetIncomeFromContinuingOperations,Net Income From Continuing Operations,money,-0.0276,-27.6,99.9,mismatch,scale_error,,Net income (loss),-0.0276,2020,exact,mapped,CAD,
ARX,TSX,2019,2019,cash_flow,OperatingCashFlow,Cash Flow from Operations,money,0.6388,638.8,99.9,mismatch,scale_error,,Cash flow from operating activities,0.6388,2020,fuzzy,mapped,CAD,
ARX,TSX,2019,2019,cash_flow,InvestingCashFlow,Cash Flow from Investing,money,-0.6733,-673.3,99.9,mismatch,scale_error,,Cash flow used in investing activities,-0.6733,2020,fuzzy,mapped,CAD,
ARX,TSX,2019,2019,cash_flow,CashDividendsPaid,Cash Flow for Dividends,money,-0.2124,-212.4,99.9,mismatch,scale_error,,Cash dividends paid,-0.2124,2020,exact,mapped,CAD,
ARX,TSX,2019,2019,cash_flow,FinancingCashFlow,Cash Flow from Financing,money,-0.2166,-216.6,99.9,mismatch,scale_error,,Cash flow used in financing activities,-0.2166,2020,fuzzy,mapped,CAD,
ARX,TSX,2019,2019,cash_flow,BeginningCashPosition,Beginning Cash Position,money,0.2596,259.6,99.9,mismatch,scale_error,,"CASH AND CASH EQUIVALENTS, BEGINNING OF YEAR",0.2596,2020,exact,mapped,CAD,
ARX,TSX,2019,2019,cash_flow,EndCashPosition,Ending Cash Position,money,0.0085,8.5,99.9,mismatch,scale_error,,"CASH AND CASH EQUIVALENTS, END OF YEAR",0.0085,2020,exact,mapped,CAD,
ARX,TSX,2019,2019,cash_flow,DeferredTax,Deferred Tax,money,-0.0869,-86.9,99.9,mismatch,scale_error,,Deferred taxes (Note 17),-0.0869,2020,fuzzy,mapped,CAD,
ARX,TSX,2019,2019,cash_flow,ChangesInCash,Net Change in Cash,money,-0.2511,-251.1,99.9,mismatch,scale_error,,INCREASE (DECREASE) IN CASH AND CASH EQUIVALENTS,-0.2511,2020,exact,mapped,CAD,
ERD,TSX,2008,2008,income_statement,InterestIncome,Interest Income,money,483.144,0.483,99.9,mismatch,scale_error,,Interest revenue,483.144,2010,exact,mapped,CAD,
ERD,TSX,2008,2008,income_statement,PretaxIncome,Pretax Income,money,-3592.391,-3.592,99.9,mismatch,scale_error,,,,,,derived,CAD,
ERD,TSX,2008,2008,income_statement,NetIncomeFromContinuingAndDiscontinuedOperation,Net Income Including Noncontrolling Interests,money,-3592.391,-3.592,99.9,mismatch,scale_error,,,,,,,CAD,
ERD,TSX,2008,2008,income_statement,NetIncomeContinuousOperations,Net Income (Continuing Operations),money,-3592.391,-3.592,99.9,mismatch,scale_error,,,,,,derived,CAD,
ERD,TSX,2008,2008,income_statement,NetIncome,Net Income,money,-3592.391,-3.592,99.9,mismatch,scale_error,,Loss for the year,-3592.391,2010,exact,mapped,CAD,
ERD,TSX,2008,2008,income_statement,EBIT,EBIT,money,-3592.391,-3.592,99.9,mismatch,scale_error,,,,,,derived,CAD,
ERD,TSX,2008,2008,income_statement,EBITDA,EBITDA,money,-3505.755,-3.506,99.9,mismatch,scale_error,,,,,,derived,CAD,
ERD,TSX,2008,2008,income_statement,DepreciationAmortizationDepletion,"Depreciation, Depletion and Amortization",money,86.636,0.087,99.9,mismatch,scale_error,,,,,,derived,CAD,
ERD,TSX,2008,2008,balance_sheet,CashAndCashEquivalents,Cash and Cash Equivalents,money,16195.175,16.195,99.9,mismatch,scale_error,,Cash and cash equivalents $,16195.175,2010,exact,mapped,CAD,
ERD,TSX,2008,2008,balance_sheet,CashCashEquivalentsAndShortTermInvestments,"Cash, Cash Equivalents, Marketable Securities",money,18179.249,18.179,99.9,mismatch,scale_error,,,,,,derived,CAD,
ERD,TSX,2008,2008,balance_sheet,AccountsReceivable,Accounts Receivable,money,140.336,0.14,99.9,mismatch,scale_error,,Amounts receivable (note 3),140.336,2010,exact,mapped,CAD,
ERD,TSX,2008,2008,balance_sheet,Receivables,Total Receivables,money,140.336,0.14,99.9,mismatch,scale_error,,,,,,derived,CAD,
ERD,TSX,2008,2008,balance_sheet,CurrentAssets,Total Current Assets,money,18380.587,18.381,99.9,mismatch,scale_error,,Current assets total,78878.044,2010,exact,mapped,CAD,
ERD,TSX,2008,2008,balance_sheet,Goodwill,Goodwill,money,5000.0,5.0,99.9,mismatch,scale_error,,Goodwill,5000.0,2010,exact,mapped,CAD,
ERD,TSX,2008,2008,balance_sheet,CurrentLiabilities,Total Current Liabilities,money,772.577,0.773,99.9,mismatch,scale_error,,Current liabilities total,772.577,2010,exact,mapped,CAD,
ERD,TSX,2008,2008,balance_sheet,StockholdersEquity,Total Stockholders Equity,money,53960.46,53.96,99.9,mismatch,scale_error,,Shareholders' equity total,53960.46,2010,exact,mapped,CAD,
ERD,TSX,2008,2008,balance_sheet,TotalEquityGrossMinorityInterest,Total Equity,money,53960.46,53.96,99.9,mismatch,scale_error,,,,,,derived,CAD,
ERD,TSX,2008,2008,balance_sheet,RetainedEarnings,Retained Earnings,money,-30160.422,-30.16,99.9,mismatch,scale_error,,Deficit,-30160.422,2010,exact,mapped,CAD,
ERD,TSX,2008,2008,balance_sheet,GainsLossesNotAffectingRetainedEarnings,Accumulated other comprehensive income (loss),money,-64.318,-0.064,99.9,mismatch,scale_error,,Accumulated other comprehensive income (loss),-64.318,2010,exact,mapped,CAD,
ERD,TSX,2008,2008,cash_flow,NetIncomeFromContinuingOperations,Net Income From Continuing Operations,money,-3592.391,-3.592,99.9,mismatch,scale_error,,Loss for the year $,-3592.391,2010,exact,mapped,CAD,
ERD,TSX,2008,2008,cash_flow,DepreciationAndAmortization,"Cash Flow Depreciation, Depletion and Amortization",money,86.636,0.087,99.9,mismatch,scale_error,,Depreciation and amortization,86.636,2010,exact,mapped,CAD,
ERD,TSX,2008,2008,cash_flow,ChangeInWorkingCapital,Change In Working Capital,money,-352.966,-0.353,99.9,mismatch,scale_error,,Change in non-cash working capital,-352.966,2010,fuzzy,mapped,CAD,
ERD,TSX,2008,2008,cash_flow,StockBasedCompensation,Stock Based Compensation,money,806.001,0.806,99.9,mismatch,scale_error,,Stock-based compensation,806.001,2010,exact,mapped,CAD,
ERD,TSX,2008,2008,cash_flow,BeginningCashPosition,Beginning Cash Position,money,11441.024,11.441,99.9,mismatch,scale_error,,"Cash and cash equivalents, beginning of year",11441.024,2010,exact,mapped,CAD,
ERD,TSX,2008,2008,cash_flow,EndCashPosition,Ending Cash Position,money,16195.175,16.195,99.9,mismatch,scale_error,,"Cash, and cash equivalents, end of year $",16195.175,2010,exact,mapped,CAD,
ERD,TSX,2008,2008,cash_flow,PurchaseOfInvestment,Purchase Of Investment,money,-2048.392,-2.048,99.9,mismatch,scale_error,,Purchase of marketable securities,-2048.392,2010,exact,mapped,CAD,
ERD,TSX,2008,2008,cash_flow,ChangesInCash,Net Change in Cash,money,4754.151,4.754,99.9,mismatch,scale_error,,Increase (decrease) in cash and cash equivalents,4754.151,2010,exact,mapped,CAD,
IIP.UN,TSX,2008,2008,income_statement,NetIncomeFromContinuingAndDiscontinuedOperation,Net Income Including Noncontrolling Interests,money,-9086.303,-9.086,99.9,mismatch,scale_error,,,,,,,CAD,
IIP.UN,TSX,2008,2008,income_statement,NetIncomeContinuousOperations,Net Income (Continuing Operations),money,-8165.757,-8.166,99.9,mismatch,scale_error,,Net loss from continuing operations,-8165.757,2010,exact,mapped,CAD,
IIP.UN,TSX,2008,2008,income_statement,NetIncome,Net Income,money,-9086.303,-9.086,99.9,mismatch,scale_error,,Net loss for the year,-9086.303,2010,exact,mapped,CAD,
IIP.UN,TSX,2008,2008,income_statement,DilutedAverageShares,Shares Outstanding (Diluted Average),shares,18100.205179,18.15,99.9,mismatch,scale_error,,,,,,derived,CAD,
IIP.UN,TSX,2008,2008,balance_sheet,CashAndCashEquivalents,Cash and Cash Equivalents,money,221.231,0.221,99.9,mismatch,scale_error,,Cash,221.231,2010,exact,mapped,CAD,
IIP.UN,TSX,2008,2008,balance_sheet,CashCashEquivalentsAndShortTermInvestments,"Cash, Cash Equivalents, Marketable Securities",money,221.231,0.221,99.9,mismatch,scale_error,,,,,,derived,CAD,
IIP.UN,TSX,2008,2008,balance_sheet,OtherIntangibleAssets,Intangible Assets,money,1096.569,1.097,99.9,mismatch,scale_error,,Intangible assets 6,1096.569,2010,exact,mapped,CAD,
IIP.UN,TSX,2008,2008,balance_sheet,TotalAssets,Total Assets,money,263830.726,263.831,99.9,mismatch,scale_error,,assets total,263830.726,2010,exact,mapped,CAD,
IIP.UN,TSX,2008,2008,balance_sheet,TotalLiabilities,Total Liabilities,money,190430.741,190.431,99.9,mismatch,scale_error,,liabilities total,190430.741,2010,exact,mapped,CAD,
IIP.UN,TSX,2008,2008,balance_sheet,StockholdersEquity,Total Stockholders Equity,money,73399.985,73.4,99.9,mismatch,scale_error,,Unitholders' Equity total,337230.711,2010,exact,mapped,CAD,
IIP.UN,TSX,2008,2008,balance_sheet,TotalEquityGrossMinorityInterest,Total Equity,money,73399.985,73.4,99.9,mismatch,scale_error,,,,,,derived,CAD,
IIP.UN,TSX,2008,2008,balance_sheet,RetainedEarnings,Retained Earnings,money,-25105.375,-25.105,99.9,mismatch,scale_error,,Deficit,-25105.375,2010,exact,mapped,CAD,
IIP.UN,TSX,2008,2008,cash_flow,NetIncomeFromContinuingOperations,Net Income From Continuing Operations,money,-8165.757,-8.166,99.9,mismatch,scale_error,,Net loss from continuing operations $,-8165.757,2010,exact,mapped,CAD,
IIP.UN,TSX,2008,2008,cash_flow,ChangeInPayablesAndAccruedExpense,Change In Payables And Accrued Expense,money,180.965,0.181,99.9,mismatch,scale_error,,Accounts payable and accrued liabilities,180.965,2010,exact,mapped,CAD,
IIP.UN,TSX,2008,2008,cash_flow,FinancingCashFlow,Cash Flow from Financing,money,5330.815,5.331,99.9,mismatch,scale_error,,Cash flows from financing activities total,5330.815,2010,suffix,mapped,CAD,
IIP.UN,TSX,2008,2008,cash_flow,EndCashPosition,Ending Cash Position,money,221.231,0.221,99.9,mismatch,scale_error,,Cash at end of year $,221.231,2010,exact,mapped,CAD,
IIP.UN,TSX,2008,2008,cash_flow,ChangeInPrepaidAssets,Change In Prepaid Assets,money,-274.069,-0.274,99.9,mismatch,scale_error,,Prepaids and deposits,-274.069,2010,exact,mapped,CAD,
IIP.UN,TSX,2010,2010,income_statement,NetIncomeFromContinuingAndDiscontinuedOperation,Net Income Including Noncontrolling Interests,money,0.037123,37.123,99.9,mismatch,scale_error,,,,,,,CAD,
IIP.UN,TSX,2010,2010,income_statement,NetIncome,Net Income,money,0.037123,37.123,99.9,mismatch,scale_error,,Net income for the year,0.037123,2012,exact,mapped,CAD,
IIP.UN,TSX,2010,2010,cash_flow,NetIncomeFromContinuingOperations,Net Income From Continuing Operations,money,0.037123,37.123,99.9,mismatch,scale_error,,Net income for the year,0.037123,2012,exact,mapped,CAD,
IIP.UN,TSX,2010,2010,cash_flow,ChangeInPayablesAndAccruedExpense,Change In Payables And Accrued Expense,money,0.004753,4.753,99.9,mismatch,scale_error,,Accounts payable and accrued liabilities,0.004753,2012,exact,mapped,CAD,
IIP.UN,TSX,2010,2010,cash_flow,OperatingCashFlow,Cash Flow from Operations,money,0.017828,17.828,99.9,mismatch,scale_error,,Cash from operating activities,0.017828,2012,exact,mapped,CAD,
IIP.UN,TSX,2010,2010,cash_flow,InvestingCashFlow,Cash Flow from Investing,money,-0.017346,-17.346,99.9,mismatch,scale_error,,Cash flows from (used in) investing activities total,-0.017346,2012,suffix,mapped,CAD,
IIP.UN,TSX,2010,2010,cash_flow,FinancingCashFlow,Cash Flow from Financing,money,-0.000733,-0.733,99.9,mismatch,scale_error,,Cash flows from (used in) financing activities total,-0.000733,2012,suffix,mapped,CAD,
IIP.UN,TSX,2010,2010,cash_flow,ChangeInPrepaidAssets,Change In Prepaid Assets,money,0.000205,0.205,99.9,mismatch,scale_error,,Prepaids and deposits,0.000205,2012,exact,mapped,CAD,
IIP.UN,TSX,2010,2010,cash_flow,ChangesInCash,Net Change in Cash,money,-0.000251,-0.251,99.9,mismatch,scale_error,,,,,,derived,CAD,
IIP.UN,TSX,2011,2011,income_statement,PretaxIncome,Pretax Income,money,0.03927,39.27,99.9,mismatch,scale_error,,,,,,derived,CAD,
IIP.UN,TSX,2011,2011,income_statement,NetIncomeFromContinuingAndDiscontinuedOperation,Net Income Including Noncontrolling Interests,money,0.03927,39.27,99.9,mismatch,scale_error,,,,,,,CAD,
IIP.UN,TSX,2011,2011,income_statement,NetIncomeContinuousOperations,Net Income (Continuing Operations),money,0.03927,39.27,99.9,mismatch,scale_error,,,,,,derived,CAD,
IIP.UN,TSX,2011,2011,income_statement,NetIncome,Net Income,money,0.03927,39.27,99.9,mismatch,scale_error,,Net income for the year,0.03927,2013,exact,mapped,CAD,
IIP.UN,TSX,2011,2011,balance_sheet,CashAndCashEquivalents,Cash and Cash Equivalents,money,0.024793,24.793,99.9,mismatch,scale_error,,Cash,0.024793,2013,exact,mapped,CAD,
IIP.UN,TSX,2011,2011,balance_sheet,CashCashEquivalentsAndShortTermInvestments,"Cash, Cash Equivalents, Marketable Securities",money,0.024793,24.793,99.9,mismatch,scale_error,,,,,,derived,CAD,
IIP.UN,TSX,2011,2011,balance_sheet,TotalAssets,Total Assets,money,0.406349,406.349,99.9,mismatch,scale_error,,assets total,0.406349,2013,exact,mapped,CAD,
IIP.UN,TSX,2011,2011,balance_sheet,CurrentDebtAndCapitalLeaseObligation,Short-Term Debt & Capital Lease Obligation,money,0.166753,166.753,99.9,mismatch,scale_error,,,,,,derived,CAD,
IIP.UN,TSX,2011,2011,balance_sheet,TotalLiabilities,Total Liabilities,money,0.210155,210.155,99.9,mismatch,scale_error,,liabilities total,0.210155,2013,exact,mapped,CAD,
IIP.UN,TSX,2011,2011,balance_sheet,StockholdersEquity,Total Stockholders Equity,money,0.196194,196.194,99.9,mismatch,scale_error,,Unitholders’ equity total,0.602543,2013,exact,mapped,CAD,
IIP.UN,TSX,2011,2011,balance_sheet,TotalEquityGrossMinorityInterest,Total Equity,money,0.196194,196.194,99.9,mismatch,scale_error,,,,,,derived,CAD,
IIP.UN,TSX,2011,2011,balance_sheet,RetainedEarnings,Retained Earnings,money,0.116735,116.735,99.9,mismatch,scale_error,,Retained earnings,0.116735,2013,exact,mapped,CAD,
IIP.UN,TSX,2011,2011,cash_flow,NetIncomeFromContinuingOperations,Net Income From Continuing Operations,money,0.03927,39.27,99.9,mismatch,scale_error,,Net income for the year,0.03927,2013,exact,mapped,CAD,
IIP.UN,TSX,2011,2011,cash_flow,ChangeInPayablesAndAccruedExpense,Change In Payables And Accrued Expense,money,-0.002529,-2.529,99.9,mismatch,scale_error,,Accounts payable and accrued liabilities,-0.002529,2013,exact,mapped,CAD,
IIP.UN,TSX,2011,2011,cash_flow,OperatingCashFlow,Cash Flow from Operations,money,0.011323,11.323,99.9,mismatch,scale_error,,Cash from operating activities,0.011323,2013,exact,mapped,CAD,
IIP.UN,TSX,2011,2011,cash_flow,InvestingCashFlow,Cash Flow from Investing,money,-0.003952,-3.952,99.9,mismatch,scale_error,,Cash flows from (used in) investing activities total,-0.003952,2013,suffix,mapped,CAD,
IIP.UN,TSX,2011,2011,cash_flow,FinancingCashFlow,Cash Flow from Financing,money,0.017661,17.661,99.9,mismatch,scale_error,,Cash flows from (used in) financing activities total,0.017661,2013,suffix,mapped,CAD,
IIP.UN,TSX,2011,2011,cash_flow,BeginningCashPosition,Beginning Cash Position,money,-0.000239,-0.239,99.9,mismatch,scale_error,,,,,,derived,CAD,
IIP.UN,TSX,2011,2011,cash_flow,EndCashPosition,Ending Cash Position,money,0.024793,24.793,99.9,mismatch,scale_error,,Cash at end of year,0.024793,2013,exact,mapped,CAD,
IIP.UN,TSX,2011,2011,cash_flow,ChangeInPrepaidAssets,Change In Prepaid Assets,money,-0.000723,-0.723,99.9,mismatch,scale_error,,Prepaids and deposits,-0.000723,2013,exact,mapped,CAD,
IIP.UN,TSX,2011,2011,cash_flow,ChangesInCash,Net Change in Cash,money,0.025032,25.032,99.9,mismatch,scale_error,,,,,,derived,CAD,
IIP.UN,TSX,2012,2012,income_statement,PretaxIncome,Pretax Income,money,0.082535,82.535,99.9,mismatch,scale_error,,,,,,derived,CAD,
IIP.UN,TSX,2012,2012,income_statement,NetIncomeFromContinuingAndDiscontinuedOperation,Net Income Including Noncontrolling Interests,money,0.082535,82.535,99.9,mismatch,scale_error,,,,,,,CAD,
IIP.UN,TSX,2012,2012,income_statement,NetIncomeContinuousOperations,Net Income (Continuing Operations),money,0.082535,82.535,99.9,mismatch,scale_error,,,,,,derived,CAD,
IIP.UN,TSX,2012,2012,income_statement,NetIncome,Net Income,money,0.082535,82.535,99.9,mismatch,scale_error,,Net income for the year,0.082535,2013,exact,mapped,CAD,
IIP.UN,TSX,2012,2012,balance_sheet,CashAndCashEquivalents,Cash and Cash Equivalents,money,0.000435,0.435,99.9,mismatch,scale_error,,Cash,0.000435,2013,exact,mapped,CAD,
IIP.UN,TSX,2012,2012,balance_sheet,CashCashEquivalentsAndShortTermInvestments,"Cash, Cash Equivalents, Marketable Securities",money,0.000435,0.435,99.9,mismatch,scale_error,,,,,,derived,CAD,
IIP.UN,TSX,2012,2012,balance_sheet,TotalAssets,Total Assets,money,0.559206,559.206,99.9,mismatch,scale_error,,assets total,0.559206,2013,exact,mapped,CAD,
IIP.UN,TSX,2012,2012,balance_sheet,TotalLiabilities,Total Liabilities,money,0.283282,283.282,99.9,mismatch,scale_error,,liabilities total,0.283282,2013,exact,mapped,CAD,
IIP.UN,TSX,2012,2012,balance_sheet,StockholdersEquity,Total Stockholders Equity,money,0.275924,275.924,99.9,mismatch,scale_error,,Unitholders’ equity total,0.83513,2013,exact,mapped,CAD,
IIP.UN,TSX,2012,2012,balance_sheet,TotalEquityGrossMinorityInterest,Total Equity,money,0.275924,275.924,99.9,mismatch,scale_error,,,,,,derived,CAD,
IIP.UN,TSX,2012,2012,balance_sheet,RetainedEarnings,Retained Earnings,money,0.193271,193.271,99.9,mismatch,scale_error,,Retained earnings,0.193271,2013,exact,mapped,CAD,
IIP.UN,TSX,2012,2012,cash_flow,NetIncomeFromContinuingOperations,Net Income From Continuing Operations,money,0.082535,82.535,99.9,mismatch,scale_error,,Net income for the year,0.082535,2014,exact,mapped,CAD,
IIP.UN,TSX,2012,2012,cash_flow,ChangeInPayablesAndAccruedExpense,Change In Payables And Accrued Expense,money,0.003062,3.062,99.9,mismatch,scale_error,,Accounts payable and accrued liabilities,0.003062,2014,exact,mapped,CAD,
IIP.UN,TSX,2012,2012,cash_flow,OperatingCashFlow,Cash Flow from Operations,money,0.030815,30.815,99.9,mismatch,scale_error,,Cash from operating activities,0.030815,2014,exact,mapped,CAD,
IIP.UN,TSX,2012,2012,cash_flow,InvestingCashFlow,Cash Flow from Investing,money,-0.090898,-90.898,99.9,mismatch,scale_error,,Cash flows from (used in) investing activities total,-0.090898,2014,suffix,mapped,CAD,
IIP.UN,TSX,2012,2012,cash_flow,FinancingCashFlow,Cash Flow from Financing,money,0.035725,35.725,99.9,mismatch,scale_error,,Cash flows from (used in) financing activities total,0.035725,2014,suffix,mapped,CAD,
IIP.UN,TSX,2012,2012,cash_flow,FreeCashFlow,Free Cash Flow,money,0.030815,30.815,99.9,mismatch,scale_error,,,,,,derived,CAD,
IIP.UN,TSX,2012,2012,cash_flow,BeginningCashPosition,Beginning Cash Position,money,0.024793,24.793,99.9,mismatch,scale_error,,,,,,derived,CAD,
IIP.UN,TSX,2012,2012,cash_flow,EndCashPosition,Ending Cash Position,money,0.000435,0.435,99.9,mismatch,scale_error,,Cash at end of year,0.000435,2014,exact,mapped,CAD,
IIP.UN,TSX,2012,2012,cash_flow,ChangeInPrepaidAssets,Change In Prepaid Assets,money,0.000204,0.204,99.9,mismatch,scale_error,,"Distributions declared to Unitholders - - (10,316) (10,316) (10,316) Prepaids and deposits",0.000204,2014,suffix,mapped,CAD,
IIP.UN,TSX,2012,2012,cash_flow,ChangesInCash,Net Change in Cash,money,-0.024358,-24.358,99.9,mismatch,scale_error,,,,,,derived,CAD,
IIP.UN,TSX,2013,2013,income_statement,PretaxIncome,Pretax Income,money,0.030259,30.259,99.9,mismatch,scale_error,,,,,,derived,CAD,
IIP.UN,TSX,2013,2013,income_statement,NetIncomeFromContinuingAndDiscontinuedOperation,Net Income Including Noncontrolling Interests,money,0.030259,30.259,99.9,mismatch,scale_error,,,,,,,CAD,
IIP.UN,TSX,2013,2013,income_statement,NetIncomeContinuousOperations,Net Income (Continuing Operations),money,0.030259,30.259,99.9,mismatch,scale_error,,,,,,derived,CAD,
IIP.UN,TSX,2013,2013,income_statement,NetIncome,Net Income,money,0.030259,30.259,99.9,mismatch,scale_error,,Net income for the year,0.030259,2015,exact,mapped,CAD,
IIP.UN,TSX,2013,2013,balance_sheet,CashAndCashEquivalents,Cash and Cash Equivalents,money,0.001234,1.234,99.9,mismatch,scale_error,,Cash,0.001234,2015,exact,mapped,CAD,
IIP.UN,TSX,2013,2013,balance_sheet,CashCashEquivalentsAndShortTermInvestments,"Cash, Cash Equivalents, Marketable Securities",money,0.001234,1.234,99.9,mismatch,scale_error,,,,,,derived,CAD,
IIP.UN,TSX,2013,2013,balance_sheet,TotalAssets,Total Assets,money,0.777062,777.062,99.9,mismatch,scale_error,,assets total,0.777062,2015,exact,mapped,CAD,
IIP.UN,TSX,2013,2013,balance_sheet,CurrentDebtAndCapitalLeaseObligation,Short-Term Debt & Capital Lease Obligation,money,0.36867,368.67,99.9,mismatch,scale_error,,,,,,derived,CAD,
IIP.UN,TSX,2013,2013,balance_sheet,TotalLiabilities,Total Liabilities,money,0.400556,400.556,99.9,mismatch,scale_error,,liabilities total,0.400556,2015,exact,mapped,CAD,
IIP.UN,TSX,2013,2013,balance_sheet,StockholdersEquity,Total Stockholders Equity,money,0.376506,376.506,99.9,mismatch,scale_error,,Unitholders’ equity total,1.153568,2015,exact,mapped,CAD,
IIP.UN,TSX,2013,2013,balance_sheet,TotalEquityGrossMinorityInterest,Total Equity,money,0.376506,376.506,99.9,mismatch,scale_error,,,,,,derived,CAD,
IIP.UN,TSX,2013,2013,balance_sheet,RetainedEarnings,Retained Earnings,money,0.213214,213.214,99.9,mismatch,scale_error,,Retained earnings,0.213214,2015,exact,mapped,CAD,
IIP.UN,TSX,2013,2013,cash_flow,NetIncomeFromContinuingOperations,Net Income From Continuing Operations,money,0.030259,30.259,99.9,mismatch,scale_error,,Net income for the year,0.030259,2015,exact,mapped,CAD,
IIP.UN,TSX,2013,2013,cash_flow,ChangeInPayablesAndAccruedExpense,Change In Payables And Accrued Expense,money,0.007324,7.324,99.9,mismatch,scale_error,,Accounts payable and accrued liabilities,0.007324,2015,exact,mapped,CAD,
IIP.UN,TSX,2013,2013,cash_flow,OperatingCashFlow,Cash Flow from Operations,money,0.029493,29.493,99.9,mismatch,scale_error,,Cash from operating activities,0.029493,2015,exact,mapped,CAD,
IIP.UN,TSX,2013,2013,cash_flow,InvestingCashFlow,Cash Flow from Investing,money,-0.155805,-155.805,99.9,mismatch,scale_error,,Cash flows used in investing activities total,-0.155805,2015,suffix,mapped,CAD,
IIP.UN,TSX,2013,2013,cash_flow,FinancingCashFlow,Cash Flow from Financing,money,0.127111,127.111,99.9,mismatch,scale_error,,Cash flows from (used in) financing activities total,0.127111,2015,suffix,mapped,CAD,
IIP.UN,TSX,2013,2013,cash_flow,FreeCashFlow,Free Cash Flow,money,0.029493,29.493,99.9,mismatch,scale_error,,,,,,derived,CAD,
IIP.UN,TSX,2013,2013,cash_flow,BeginningCashPosition,Beginning Cash Position,money,0.000435,0.435,99.9,mismatch,scale_error,,,,,,derived,CAD,
IIP.UN,TSX,2013,2013,cash_flow,EndCashPosition,Ending Cash Position,money,0.001234,1.234,99.9,mismatch,scale_error,,Cash at end of year,0.001234,2015,exact,mapped,CAD,
IIP.UN,TSX,2013,2013,cash_flow,ChangeInPrepaidAssets,Change In Prepaid Assets,money,0.000351,0.351,99.9,mismatch,scale_error,,Prepaids and deposits,0.000351,2015,exact,mapped,CAD,
IIP.UN,TSX,2013,2013,cash_flow,ChangesInCash,Net Change in Cash,money,0.000799,0.799,99.9,mismatch,scale_error,,,,,,derived,CAD,
IIP.UN,TSX,2014,2014,cash_flow,NetIncomeFromContinuingOperations,Net Income From Continuing Operations,money,0.023982,23.982,99.9,mismatch,scale_error,,Net income for the year,0.023982,2015,exact,mapped,CAD,
IIP.UN,TSX,2014,2014,cash_flow,FinancingCashFlow,Cash Flow from Financing,money,0.10766,107.66,99.9,mismatch,scale_error,,Cash flows from (used in) financing activities total,0.10766,2015,suffix,mapped,CAD,
IIP.UN,TSX,2014,2014,cash_flow,BeginningCashPosition,Beginning Cash Position,money,0.001234,1.234,99.9,mismatch,scale_error,,,,,,derived,CAD,
IIP.UN,TSX,2014,2014,cash_flow,EndCashPosition,Ending Cash Position,money,0.000666,0.666,99.9,mismatch,scale_error,,Cash at end of year,0.000666,2015,exact,mapped,CAD,
IIP.UN,TSX,2014,2014,cash_flow,ChangeInPrepaidAssets,Change In Prepaid Assets,money,-0.000974,-0.974,99.9,mismatch,scale_error,,Prepaids and deposits,-0.000974,2015,exact,mapped,CAD,
IIP.UN,TSX,2014,2014,cash_flow,ChangesInCash,Net Change in Cash,money,-0.000568,-0.568,99.9,mismatch,scale_error,,,,,,derived,CAD,
IIP.UN,TSX,2015,2015,income_statement,PretaxIncome,Pretax Income,money,0.049804,49.804,99.9,mismatch,scale_error,,,,,,derived,CAD,
IIP.UN,TSX,2015,2015,income_statement,NetIncomeFromContinuingAndDiscontinuedOperation,Net Income Including Noncontrolling Interests,money,0.049804,49.804,99.9,mismatch,scale_error,,,,,,,CAD,
IIP.UN,TSX,2015,2015,income_statement,NetIncomeContinuousOperations,Net Income (Continuing Operations),money,0.049804,49.804,99.9,mismatch,scale_error,,,,,,derived,CAD,
IIP.UN,TSX,2015,2015,income_statement,NetIncome,Net Income,money,0.049804,49.804,99.9,mismatch,scale_error,,Net income for the year,0.049804,2017,exact,mapped,CAD,
IIP.UN,TSX,2016,2016,income_statement,PretaxIncome,Pretax Income,money,0.038614,38.614,99.9,mismatch,scale_error,,,,,,derived,CAD,
IIP.UN,TSX,2016,2016,income_statement,NetIncomeFromContinuingAndDiscontinuedOperation,Net Income Including Noncontrolling Interests,money,0.038614,38.614,99.9,mismatch,scale_error,,,,,,,CAD,
IIP.UN,TSX,2016,2016,income_statement,NetIncomeContinuousOperations,Net Income (Continuing Operations),money,0.038614,38.614,99.9,mismatch,scale_error,,,,,,derived,CAD,
IIP.UN,TSX,2016,2016,income_statement,NetIncome,Net Income,money,0.038614,38.614,99.9,mismatch,scale_error,,Net income for the year $,0.038614,2018,exact,mapped,CAD,
IIP.UN,TSX,2016,2016,balance_sheet,CashAndCashEquivalents,Cash and Cash Equivalents,money,0.000491,0.491,99.9,mismatch,scale_error,,Cash,0.000491,2018,exact,mapped,CAD,
IIP.UN,TSX,2016,2016,balance_sheet,CashCashEquivalentsAndShortTermInvestments,"Cash, Cash Equivalents, Marketable Securities",money,0.000491,0.491,99.9,mismatch,scale_error,,,,,,derived,CAD,
IIP.UN,TSX,2016,2016,balance_sheet,TotalAssets,Total Assets,money,1.321524,1321.524,99.9,mismatch,scale_error,,Total assets $,1.321524,2018,exact,mapped,CAD,
IIP.UN,TSX,2016,2016,balance_sheet,TotalLiabilities,Total Liabilities,money,0.784973,784.973,99.9,mismatch,scale_error,,Total liabilities,0.784973,2018,exact,mapped,CAD,
IIP.UN,TSX,2016,2016,balance_sheet,StockholdersEquity,Total Stockholders Equity,money,0.536551,536.551,99.9,mismatch,scale_error,,Total unitholders’ equity,0.536551,2018,exact,mapped,CAD,
IIP.UN,TSX,2016,2016,balance_sheet,TotalEquityGrossMinorityInterest,Total Equity,money,0.536551,536.551,99.9,mismatch,scale_error,,,,,,derived,CAD,
IIP.UN,TSX,2016,2016,balance_sheet,RetainedEarnings,Retained Earnings,money,0.281774,281.774,99.9,mismatch,scale_error,,Retained earnings,0.281774,2018,exact,mapped,CAD,
IIP.UN,TSX,2016,2016,cash_flow,NetIncomeFromContinuingOperations,Net Income From Continuing Operations,money,0.038614,38.614,99.9,mismatch,scale_error,,Net income for the year $,0.038614,2018,exact,mapped,CAD,
IIP.UN,TSX,2016,2016,cash_flow,OperatingCashFlow,Cash Flow from Operations,money,0.034373,34.373,99.9,mismatch,scale_error,,Cash from operating activities,0.034373,2018,exact,mapped,CAD,
IIP.UN,TSX,2016,2016,cash_flow,InvestingCashFlow,Cash Flow from Investing,money,-0.081907,-81.907,99.9,mismatch,scale_error,,Cash used in investing activities,-0.081907,2018,exact,mapped,CAD,
IIP.UN,TSX,2016,2016,cash_flow,FinancingCashFlow,Cash Flow from Financing,money,0.047254,47.254,99.9,mismatch,scale_error,,Cash from financing activities,0.047254,2018,exact,mapped,CAD,
IIP.UN,TSX,2016,2016,cash_flow,FreeCashFlow,Free Cash Flow,money,0.034373,34.373,99.9,mismatch,scale_error,,,,,,derived,CAD,
IIP.UN,TSX,2016,2016,cash_flow,BeginningCashPosition,Beginning Cash Position,money,0.000771,0.771,99.9,mismatch,scale_error,,,,,,derived,CAD,
IIP.UN,TSX,2016,2016,cash_flow,EndCashPosition,Ending Cash Position,money,0.000491,0.491,99.9,mismatch,scale_error,,Cash at end of year $,0.000491,2018,exact,mapped,CAD,
IIP.UN,TSX,2016,2016,cash_flow,ChangesInCash,Net Change in Cash,money,-0.00028,-0.28,99.9,mismatch,scale_error,,,,,,derived,CAD,
IIP.UN,TSX,2017,2017,income_statement,PretaxIncome,Pretax Income,money,0.20098,200.98,99.9,mismatch,scale_error,,,,,,derived,CAD,
IIP.UN,TSX,2017,2017,income_statement,NetIncomeFromContinuingAndDiscontinuedOperation,Net Income Including Noncontrolling Interests,money,0.20098,200.98,99.9,mismatch,scale_error,,,,,,,CAD,
IIP.UN,TSX,2017,2017,income_statement,NetIncomeContinuousOperations,Net Income (Continuing Operations),money,0.20098,200.98,99.9,mismatch,scale_error,,,,,,derived,CAD,
IIP.UN,TSX,2017,2017,income_statement,NetIncome,Net Income,money,0.20098,200.98,99.9,mismatch,scale_error,,Net income for the year $,0.20098,2019,exact,mapped,CAD,
IIP.UN,TSX,2017,2017,balance_sheet,CashAndCashEquivalents,Cash and Cash Equivalents,money,0.000385,0.385,99.9,mismatch,scale_error,,Cash,0.000385,2019,exact,mapped,CAD,
IIP.UN,TSX,2017,2017,balance_sheet,CashCashEquivalentsAndShortTermInvestments,"Cash, Cash Equivalents, Marketable Securities",money,0.000385,0.385,99.9,mismatch,scale_error,,,,,,derived,CAD,
IIP.UN,TSX,2017,2017,balance_sheet,TotalAssets,Total Assets,money,1.658445,1658.445,99.9,mismatch,scale_error,,Total assets $,1.658445,2019,exact,mapped,CAD,
IIP.UN,TSX,2017,2017,balance_sheet,TotalLiabilities,Total Liabilities,money,0.854345,854.345,99.9,mismatch,scale_error,,Total liabilities,0.854345,2019,exact,mapped,CAD,
IIP.UN,TSX,2017,2017,balance_sheet,StockholdersEquity,Total Stockholders Equity,money,0.8041,804.1,99.9,mismatch,scale_error,,Total unitholders’ equity,0.8041,2019,exact,mapped,CAD,
IIP.UN,TSX,2017,2017,balance_sheet,TotalEquityGrossMinorityInterest,Total Equity,money,0.8041,804.1,99.9,mismatch,scale_error,,,,,,derived,CAD,
IIP.UN,TSX,2017,2017,balance_sheet,RetainedEarnings,Retained Earnings,money,0.462572,462.572,99.9,mismatch,scale_error,,Retained earnings,0.462572,2019,exact,mapped,CAD,
IIP.UN,TSX,2017,2017,cash_flow,NetIncomeFromContinuingOperations,Net Income From Continuing Operations,money,0.20098,200.98,99.9,mismatch,scale_error,,Net income for the year $,0.20098,2019,exact,mapped,CAD,
IIP.UN,TSX,2017,2017,cash_flow,OperatingCashFlow,Cash Flow from Operations,money,0.043332,43.332,99.9,mismatch,scale_error,,Cash from operating activities,0.043332,2019,exact,mapped,CAD,
IIP.UN,TSX,2017,2017,cash_flow,InvestingCashFlow,Cash Flow from Investing,money,-0.151962,-151.962,99.9,mismatch,scale_error,,Cash used in investing activities,-0.151962,2019,exact,mapped,CAD,
IIP.UN,TSX,2017,2017,cash_flow,FinancingCashFlow,Cash Flow from Financing,money,0.108524,108.524,99.9,mismatch,scale_error,,Cash from financing activities,0.108524,2019,exact,mapped,CAD,
IIP.UN,TSX,2017,2017,cash_flow,FreeCashFlow,Free Cash Flow,money,0.043332,43.332,99.9,mismatch,scale_error,,,,,,derived,CAD,
IIP.UN,TSX,2017,2017,cash_flow,BeginningCashPosition,Beginning Cash Position,money,0.000491,0.491,99.9,mismatch,scale_error,,,,,,derived,CAD,
IIP.UN,TSX,2017,2017,cash_flow,EndCashPosition,Ending Cash Position,money,0.000385,0.385,99.9,mismatch,scale_error,,Cash at end of year $,0.000385,2019,exact,mapped,CAD,
IIP.UN,TSX,2017,2017,cash_flow,ChangesInCash,Net Change in Cash,money,-0.000106,-0.106,99.9,mismatch,scale_error,,,,,,derived,CAD,
IIP.UN,TSX,2018,2018,income_statement,PretaxIncome,Pretax Income,money,0.168297,168.297,99.9,mismatch,scale_error,,,,,,derived,CAD,
IIP.UN,TSX,2018,2018,income_statement,NetIncomeFromContinuingAndDiscontinuedOperation,Net Income Including Noncontrolling Interests,money,0.168297,168.297,99.9,mismatch,scale_error,,,,,,,CAD,
IIP.UN,TSX,2018,2018,income_statement,NetIncomeContinuousOperations,Net Income (Continuing Operations),money,0.168297,168.297,99.9,mismatch,scale_error,,,,,,derived,CAD,
IIP.UN,TSX,2018,2018,income_statement,NetIncome,Net Income,money,0.168297,168.297,99.9,mismatch,scale_error,,Net income for the year $,0.168297,2020,exact,mapped,CAD,
IIP.UN,TSX,2018,2018,balance_sheet,CashAndCashEquivalents,Cash and Cash Equivalents,money,0.000523,0.523,99.9,mismatch,scale_error,,Cash,0.000523,2020,exact,mapped,CAD,
IIP.UN,TSX,2018,2018,balance_sheet,CashCashEquivalentsAndShortTermInvestments,"Cash, Cash Equivalents, Marketable Securities",money,0.000523,0.523,99.9,mismatch,scale_error,,,,,,derived,CAD,
IIP.UN,TSX,2018,2018,balance_sheet,TotalAssets,Total Assets,money,2.117992,2117.992,99.9,mismatch,scale_error,,Total assets $,2.117992,2020,exact,mapped,CAD,
IIP.UN,TSX,2018,2018,balance_sheet,TotalLiabilities,Total Liabilities,money,0.955204,955.204,99.9,mismatch,scale_error,,Total liabilities,0.955204,2020,exact,mapped,CAD,
IIP.UN,TSX,2018,2018,balance_sheet,StockholdersEquity,Total Stockholders Equity,money,1.162788,1162.788,99.9,mismatch,scale_error,,Total unitholders’ equity,1.162788,2020,exact,mapped,CAD,
IIP.UN,TSX,2018,2018,balance_sheet,TotalEquityGrossMinorityInterest,Total Equity,money,1.162788,1162.788,99.9,mismatch,scale_error,,,,,,derived,CAD,
IIP.UN,TSX,2018,2018,balance_sheet,RetainedEarnings,Retained Earnings,money,0.604173,604.173,99.9,mismatch,scale_error,,Retained earnings,0.604173,2020,exact,mapped,CAD,
IIP.UN,TSX,2018,2018,cash_flow,NetIncomeFromContinuingOperations,Net Income From Continuing Operations,money,0.168297,168.297,99.9,mismatch,scale_error,,Net income for the year $,0.168297,2020,exact,mapped,CAD,
IIP.UN,TSX,2018,2018,cash_flow,OperatingCashFlow,Cash Flow from Operations,money,0.040126,40.126,99.9,mismatch,scale_error,,Cash from operating activities,0.040126,2020,exact,mapped,CAD,
IIP.UN,TSX,2018,2018,cash_flow,InvestingCashFlow,Cash Flow from Investing,money,-0.247859,-247.859,99.9,mismatch,scale_error,,Cash used in investing activities,-0.247859,2020,exact,mapped,CAD,
IIP.UN,TSX,2018,2018,cash_flow,FinancingCashFlow,Cash Flow from Financing,money,0.207871,207.871,99.9,mismatch,scale_error,,Cash from financing activities,0.207871,2020,exact,mapped,CAD,
IIP.UN,TSX,2018,2018,cash_flow,FreeCashFlow,Free Cash Flow,money,0.040126,40.126,99.9,mismatch,scale_error,,,,,,derived,CAD,
IIP.UN,TSX,2018,2018,cash_flow,BeginningCashPosition,Beginning Cash Position,money,0.000385,0.385,99.9,mismatch,scale_error,,,,,,derived,CAD,
IIP.UN,TSX,2018,2018,cash_flow,EndCashPosition,Ending Cash Position,money,0.000523,0.523,99.9,mismatch,scale_error,,Cash at end of year $,0.000523,2020,exact,mapped,CAD,
IIP.UN,TSX,2018,2018,cash_flow,ChangesInCash,Net Change in Cash,money,0.000138,0.138,99.9,mismatch,scale_error,,,,,,derived,CAD,
IIP.UN,TSX,2019,2019,income_statement,PretaxIncome,Pretax Income,money,0.384889,384.889,99.9,mismatch,scale_error,,,,,,derived,CAD,
IIP.UN,TSX,2019,2019,income_statement,NetIncomeFromContinuingAndDiscontinuedOperation,Net Income Including Noncontrolling Interests,money,0.384889,384.889,99.9,mismatch,scale_error,,,,,,,CAD,
IIP.UN,TSX,2019,2019,income_statement,NetIncomeContinuousOperations,Net Income (Continuing Operations),money,0.384889,384.889,99.9,mismatch,scale_error,,,,,,derived,CAD,
IIP.UN,TSX,2019,2019,income_statement,NetIncome,Net Income,money,0.384889,384.889,99.9,mismatch,scale_error,,Net income for the year $,0.384889,2020,exact,mapped,CAD,
IIP.UN,TSX,2019,2019,balance_sheet,CashAndCashEquivalents,Cash and Cash Equivalents,money,0.000753,0.753,99.9,mismatch,scale_error,,Cash,0.000753,2020,exact,mapped,CAD,
IIP.UN,TSX,2019,2019,balance_sheet,CashCashEquivalentsAndShortTermInvestments,"Cash, Cash Equivalents, Marketable Securities",money,0.000753,0.753,99.9,mismatch,scale_error,,,,,,derived,CAD,
IIP.UN,TSX,2019,2019,balance_sheet,TotalAssets,Total Assets,money,2.791856,2791.856,99.9,mismatch,scale_error,,Total assets $,2.791856,2020,exact,mapped,CAD,
IIP.UN,TSX,2019,2019,balance_sheet,TotalLiabilities,Total Liabilities,money,1.06992,1069.92,99.9,mismatch,scale_error,,Total liabilities,1.06992,2020,exact,mapped,CAD,
IIP.UN,TSX,2019,2019,balance_sheet,StockholdersEquity,Total Stockholders Equity,money,1.721936,1721.936,99.9,mismatch,scale_error,,Total unitholders’ equity,1.721936,2020,exact,mapped,CAD,
IIP.UN,TSX,2019,2019,balance_sheet,TotalEquityGrossMinorityInterest,Total Equity,money,1.721936,1721.936,99.9,mismatch,scale_error,,,,,,derived,CAD,
IIP.UN,TSX,2019,2019,balance_sheet,RetainedEarnings,Retained Earnings,money,0.955654,955.654,99.9,mismatch,scale_error,,Retained earnings,0.955654,2020,exact,mapped,CAD,
IIP.UN,TSX,2019,2019,cash_flow,NetIncomeFromContinuingOperations,Net Income From Continuing Operations,money,0.384889,384.889,99.9,mismatch,scale_error,,Net income for the year $,0.384889,2020,exact,mapped,CAD,
IIP.UN,TSX,2019,2019,cash_flow,OperatingCashFlow,Cash Flow from Operations,money,0.072588,72.588,99.9,mismatch,scale_error,,Cash from operating activities,0.072588,2020,exact,mapped,CAD,
IIP.UN,TSX,2019,2019,cash_flow,InvestingCashFlow,Cash Flow from Investing,money,-0.25201,-252.01,99.9,mismatch,scale_error,,Cash used in investing activities,-0.25201,2020,exact,mapped,CAD,
IIP.UN,TSX,2019,2019,cash_flow,FinancingCashFlow,Cash Flow from Financing,money,0.179652,179.652,99.9,mismatch,scale_error,,Cash from financing activities,0.179652,2020,exact,mapped,CAD,
IIP.UN,TSX,2019,2019,cash_flow,FreeCashFlow,Free Cash Flow,money,0.072588,72.588,99.9,mismatch,scale_error,,,,,,derived,CAD,
IIP.UN,TSX,2019,2019,cash_flow,BeginningCashPosition,Beginning Cash Position,money,0.000523,0.523,99.9,mismatch,scale_error,,,,,,derived,CAD,
IIP.UN,TSX,2019,2019,cash_flow,EndCashPosition,Ending Cash Position,money,0.000753,0.753,99.9,mismatch,scale_error,,Cash at end of year $,0.000753,2020,exact,mapped,CAD,
IIP.UN,TSX,2019,2019,cash_flow,ChangesInCash,Net Change in Cash,money,0.00023,0.23,99.9,mismatch,scale_error,,,,,,derived,CAD,
IIP.UN,TSX,2020,2020,income_statement,PretaxIncome,Pretax Income,money,0.150648,150.648,99.9,mismatch,scale_error,,,,,,derived,CAD,
IIP.UN,TSX,2020,2020,income_statement,NetIncomeFromContinuingAndDiscontinuedOperation,Net Income Including Noncontrolling Interests,money,0.150648,150.648,99.9,mismatch,scale_error,,,,,,,CAD,
IIP.UN,TSX,2020,2020,income_statement,NetIncomeContinuousOperations,Net Income (Continuing Operations),money,0.150648,150.648,99.9,mismatch,scale_error,,,,,,derived,CAD,
IIP.UN,TSX,2020,2020,income_statement,NetIncome,Net Income,money,0.150648,150.648,99.9,mismatch,scale_error,,Net income for the year $,0.150648,2022,exact,mapped,CAD,
IIP.UN,TSX,2020,2020,balance_sheet,CashAndCashEquivalents,Cash and Cash Equivalents,money,0.051642,51.642,99.9,mismatch,scale_error,,Cash,0.051642,2022,exact,mapped,CAD,
IIP.UN,TSX,2020,2020,balance_sheet,CashCashEquivalentsAndShortTermInvestments,"Cash, Cash Equivalents, Marketable Securities",money,0.051642,51.642,99.9,mismatch,scale_error,,,,,,derived,CAD,
IIP.UN,TSX,2020,2020,balance_sheet,TotalAssets,Total Assets,money,3.214047,3214.047,99.9,mismatch,scale_error,,Total assets $,3.214047,2022,exact,mapped,CAD,
IIP.UN,TSX,2020,2020,balance_sheet,TotalLiabilities,Total Liabilities,money,1.145276,1145.276,99.9,mismatch,scale_error,,Total liabilities,1.145276,2022,exact,mapped,CAD,
IIP.UN,TSX,2020,2020,balance_sheet,StockholdersEquity,Total Stockholders Equity,money,2.068771,2068.771,99.9,mismatch,scale_error,,Total unitholders’ equity,2.068771,2022,exact,mapped,CAD,
IIP.UN,TSX,2020,2020,balance_sheet,TotalEquityGrossMinorityInterest,Total Equity,money,2.068771,2068.771,99.9,mismatch,scale_error,,,,,,derived,CAD,
IIP.UN,TSX,2020,2020,balance_sheet,RetainedEarnings,Retained Earnings,money,1.065245,1065.245,99.9,mismatch,scale_error,,Retained earnings,1.065245,2022,exact,mapped,CAD,
IIP.UN,TSX,2020,2020,cash_flow,NetIncomeFromContinuingOperations,Net Income From Continuing Operations,money,0.150648,150.648,99.9,mismatch,scale_error,,Net income for the period $,0.150648,2022,exact,mapped,CAD,
IIP.UN,TSX,2020,2020,cash_flow,OperatingCashFlow,Cash Flow from Operations,money,0.061943,61.943,99.9,mismatch,scale_error,,Cash from operating activities,0.061943,2022,exact,mapped,CAD,
IIP.UN,TSX,2020,2020,cash_flow,InvestingCashFlow,Cash Flow from Investing,money,-0.290708,-290.708,99.9,mismatch,scale_error,,Cash used in investing activities,-0.290708,2022,exact,mapped,CAD,
IIP.UN,TSX,2020,2020,cash_flow,FinancingCashFlow,Cash Flow from Financing,money,0.279654,279.654,99.9,mismatch,scale_error,,Cash from financing activities,0.279654,2022,exact,mapped,CAD,
IIP.UN,TSX,2020,2020,cash_flow,FreeCashFlow,Free Cash Flow,money,0.061943,61.943,99.9,mismatch,scale_error,,,,,,derived,CAD,
IIP.UN,TSX,2020,2020,cash_flow,BeginningCashPosition,Beginning Cash Position,money,0.000753,0.753,99.9,mismatch,scale_error,,Cash at the beginning of period,0.000753,2022,fuzzy,mapped,CAD,
IIP.UN,TSX,2020,2020,cash_flow,EndCashPosition,Ending Cash Position,money,0.051642,51.642,99.9,mismatch,scale_error,,Cash at end of period $,0.051642,2022,exact,mapped,CAD,
IIP.UN,TSX,2020,2020,cash_flow,ChangesInCash,Net Change in Cash,money,0.050889,50.889,99.9,mismatch,scale_error,,,,,,derived,CAD,
IIP.UN,TSX,2021,2021,income_statement,PretaxIncome,Pretax Income,money,0.369686,369.686,99.9,mismatch,scale_error,,,,,,derived,CAD,
IIP.UN,TSX,2021,2021,income_statement,NetIncomeFromContinuingAndDiscontinuedOperation,Net Income Including Noncontrolling Interests,money,0.369686,369.686,99.9,mismatch,scale_error,,,,,,,CAD,
IIP.UN,TSX,2021,2021,income_statement,NetIncomeContinuousOperations,Net Income (Continuing Operations),money,0.369686,369.686,99.9,mismatch,scale_error,,,,,,derived,CAD,
IIP.UN,TSX,2021,2021,income_statement,NetIncome,Net Income,money,0.369686,369.686,99.9,mismatch,scale_error,,Net income for the year $,0.369686,2023,exact,mapped,CAD,
IIP.UN,TSX,2021,2021,balance_sheet,CashAndCashEquivalents,Cash and Cash Equivalents,money,0.002064,2.064,99.9,mismatch,scale_error,,Cash,0.002064,2023,exact,mapped,CAD,
IIP.UN,TSX,2021,2021,balance_sheet,CashCashEquivalentsAndShortTermInvestments,"Cash, Cash Equivalents, Marketable Securities",money,0.002064,2.064,99.9,mismatch,scale_error,,,,,,derived,CAD,
IIP.UN,TSX,2021,2021,balance_sheet,TotalAssets,Total Assets,money,4.118699,4118.699,99.9,mismatch,scale_error,,Total assets $,4.118699,2023,exact,mapped,CAD,
IIP.UN,TSX,2021,2021,balance_sheet,TotalLiabilities,Total Liabilities,money,1.698696,1698.696,99.9,mismatch,scale_error,,Total liabilities,1.698696,2023,exact,mapped,CAD,
IIP.UN,TSX,2021,2021,balance_sheet,StockholdersEquity,Total Stockholders Equity,money,2.420003,2420.003,99.9,mismatch,scale_error,,Total unitholders’ equity,2.420003,2023,exact,mapped,CAD,
IIP.UN,TSX,2021,2021,balance_sheet,TotalEquityGrossMinorityInterest,Total Equity,money,2.420003,2420.003,99.9,mismatch,scale_error,,,,,,derived,CAD,
IIP.UN,TSX,2021,2021,balance_sheet,RetainedEarnings,Retained Earnings,money,1.389223,1389.223,99.9,mismatch,scale_error,,Retained earnings,1.389223,2023,exact,mapped,CAD,
IIP.UN,TSX,2021,2021,cash_flow,NetIncomeFromContinuingOperations,Net Income From Continuing Operations,money,0.369686,369.686,99.9,mismatch,scale_error,,Net income for the year $,0.369686,2023,exact,mapped,CAD,
IIP.UN,TSX,2021,2021,cash_flow,OperatingCashFlow,Cash Flow from Operations,money,0.09602,96.02,99.9,mismatch,scale_error,,Cash from operating activities,0.09602,2023,exact,mapped,CAD,
IIP.UN,TSX,2021,2021,cash_flow,InvestingCashFlow,Cash Flow from Investing,money,-0.60572,-605.72,99.9,mismatch,scale_error,,Cash used in investing activities,-0.60572,2023,exact,mapped,CAD,
IIP.UN,TSX,2021,2021,cash_flow,FinancingCashFlow,Cash Flow from Financing,money,0.460122,460.122,99.9,mismatch,scale_error,,Cash from financing activities,0.460122,2023,exact,mapped,CAD,
IIP.UN,TSX,2021,2021,cash_flow,FreeCashFlow,Free Cash Flow,money,0.09602,96.02,99.9,mismatch,scale_error,,,,,,derived,CAD,
IIP.UN,TSX,2021,2021,cash_flow,BeginningCashPosition,Beginning Cash Position,money,0.051642,51.642,99.9,mismatch,scale_error,,Cash at the beginning of period,0.051642,2022,fuzzy,mapped,CAD,
IIP.UN,TSX,2021,2021,cash_flow,EndCashPosition,Ending Cash Position,money,0.002064,2.064,99.9,mismatch,scale_error,,Cash at end of year $,0.002064,2023,exact,mapped,CAD,
IIP.UN,TSX,2021,2021,cash_flow,ChangesInCash,Net Change in Cash,money,-0.049578,-49.578,99.9,mismatch,scale_error,,,,,,derived,CAD,
IIP.UN,TSX,2022,2022,income_statement,PretaxIncome,Pretax Income,money,0.103959,103.959,99.9,mismatch,scale_error,,,,,,derived,CAD,
IIP.UN,TSX,2022,2022,income_statement,NetIncomeFromContinuingAndDiscontinuedOperation,Net Income Including Noncontrolling Interests,money,0.103959,103.959,99.9,mismatch,scale_error,,,,,,,CAD,
IIP.UN,TSX,2022,2022,income_statement,NetIncomeContinuousOperations,Net Income (Continuing Operations),money,0.103959,103.959,99.9,mismatch,scale_error,,,,,,derived,CAD,
IIP.UN,TSX,2022,2022,income_statement,NetIncome,Net Income,money,0.103959,103.959,99.9,mismatch,scale_error,,Net income for the year $,0.103959,2024,exact,mapped,CAD,
IIP.UN,TSX,2022,2022,balance_sheet,CashAndCashEquivalents,Cash and Cash Equivalents,money,0.004267,4.267,99.9,mismatch,scale_error,,Cash,0.004267,2024,exact,mapped,CAD,
IIP.UN,TSX,2022,2022,balance_sheet,CashCashEquivalentsAndShortTermInvestments,"Cash, Cash Equivalents, Marketable Securities",money,0.004267,4.267,99.9,mismatch,scale_error,,,,,,derived,CAD,
IIP.UN,TSX,2022,2022,balance_sheet,TotalAssets,Total Assets,money,4.315593,4315.593,99.9,mismatch,scale_error,,Total assets $,4.315593,2024,exact,mapped,CAD,
IIP.UN,TSX,2022,2022,balance_sheet,TotalLiabilities,Total Liabilities,money,1.818217,1818.217,99.9,mismatch,scale_error,,Total liabilities,1.818217,2024,exact,mapped,CAD,
IIP.UN,TSX,2022,2022,balance_sheet,StockholdersEquity,Total Stockholders Equity,money,2.497376,2497.376,99.9,mismatch,scale_error,,Total unitholders’ equity,2.497376,2024,exact,mapped,CAD,
IIP.UN,TSX,2022,2022,balance_sheet,TotalEquityGrossMinorityInterest,Total Equity,money,2.497376,2497.376,99.9,mismatch,scale_error,,,,,,derived,CAD,
IIP.UN,TSX,2022,2022,balance_sheet,RetainedEarnings,Retained Earnings,money,1.444518,1444.518,99.9,mismatch,scale_error,,Retained earnings,1.444518,2024,exact,mapped,CAD,
IIP.UN,TSX,2022,2022,cash_flow,NetIncomeFromContinuingOperations,Net Income From Continuing Operations,money,0.103959,103.959,99.9,mismatch,scale_error,,Net income for the year $,0.103959,2024,exact,mapped,CAD,
IIP.UN,TSX,2022,2022,cash_flow,OperatingCashFlow,Cash Flow from Operations,money,0.091181,91.181,99.9,mismatch,scale_error,,Cash from operating activities,0.091181,2024,exact,mapped,CAD,
IIP.UN,TSX,2022,2022,cash_flow,InvestingCashFlow,Cash Flow from Investing,money,-0.197548,-197.548,99.9,mismatch,scale_error,,Cash used in investing activities,-0.197548,2024,exact,mapped,CAD,
IIP.UN,TSX,2022,2022,cash_flow,FinancingCashFlow,Cash Flow from Financing,money,0.10857,108.57,99.9,mismatch,scale_error,,Cash from financing activities,0.10857,2024,exact,mapped,CAD,
IIP.UN,TSX,2022,2022,cash_flow,FreeCashFlow,Free Cash Flow,money,0.091181,91.181,99.9,mismatch,scale_error,,,,,,derived,CAD,
IIP.UN,TSX,2022,2022,cash_flow,BeginningCashPosition,Beginning Cash Position,money,0.002064,2.064,99.9,mismatch,scale_error,,,,,,derived,CAD,
IIP.UN,TSX,2022,2022,cash_flow,EndCashPosition,Ending Cash Position,money,0.004267,4.267,99.9,mismatch,scale_error,,Cash at end of year $,0.004267,2024,exact,mapped,CAD,
IIP.UN,TSX,2022,2022,cash_flow,ChangesInCash,Net Change in Cash,money,0.002203,2.203,99.9,mismatch,scale_error,,,,,,derived,CAD,
IIP.UN,TSX,2023,2023,income_statement,PretaxIncome,Pretax Income,money,0.09224,92.24,99.9,mismatch,scale_error,,,,,,derived,CAD,
IIP.UN,TSX,2023,2023,income_statement,NetIncomeFromContinuingAndDiscontinuedOperation,Net Income Including Noncontrolling Interests,money,0.09224,92.24,99.9,mismatch,scale_error,,,,,,,CAD,
IIP.UN,TSX,2023,2023,income_statement,NetIncomeContinuousOperations,Net Income (Continuing Operations),money,0.09224,92.24,99.9,mismatch,scale_error,,,,,,derived,CAD,
IIP.UN,TSX,2023,2023,income_statement,NetIncome,Net Income,money,0.09224,92.24,99.9,mismatch,scale_error,,Net income for the year $,0.09224,2024,exact,mapped,CAD,
IIP.UN,TSX,2023,2023,balance_sheet,CashAndCashEquivalents,Cash and Cash Equivalents,money,0.002547,2.547,99.9,mismatch,scale_error,,Cash,0.002547,2024,exact,mapped,CAD,
IIP.UN,TSX,2023,2023,balance_sheet,CashCashEquivalentsAndShortTermInvestments,"Cash, Cash Equivalents, Marketable Securities",money,0.002547,2.547,99.9,mismatch,scale_error,,,,,,derived,CAD,
IIP.UN,TSX,2023,2023,balance_sheet,TotalAssets,Total Assets,money,4.436338,4436.338,99.9,mismatch,scale_error,,Total assets $,4.436338,2024,exact,mapped,CAD,
IIP.UN,TSX,2023,2023,balance_sheet,TotalLiabilities,Total Liabilities,money,1.862957,1862.957,99.9,mismatch,scale_error,,Total liabilities,1.862957,2024,exact,mapped,CAD,
IIP.UN,TSX,2023,2023,balance_sheet,StockholdersEquity,Total Stockholders Equity,money,2.573381,2573.381,99.9,mismatch,scale_error,,Total unitholders’ equity,2.573381,2024,exact,mapped,CAD,
IIP.UN,TSX,2023,2023,balance_sheet,TotalEquityGrossMinorityInterest,Total Equity,money,2.573381,2573.381,99.9,mismatch,scale_error,,,,,,derived,CAD,
IIP.UN,TSX,2023,2023,balance_sheet,RetainedEarnings,Retained Earnings,money,1.484702,1484.702,99.9,mismatch,scale_error,,Retained earnings,1.484702,2024,exact,mapped,CAD,
IIP.UN,TSX,2023,2023,cash_flow,NetIncomeFromContinuingOperations,Net Income From Continuing Operations,money,0.09224,92.24,99.9,mismatch,scale_error,,Net income for the year $,0.09224,2024,exact,mapped,CAD,
IIP.UN,TSX,2023,2023,cash_flow,OperatingCashFlow,Cash Flow from Operations,money,0.089619,89.619,99.9,mismatch,scale_error,,Cash from operating activities,0.089619,2024,exact,mapped,CAD,
IIP.UN,TSX,2023,2023,cash_flow,InvestingCashFlow,Cash Flow from Investing,money,-0.11186,-111.86,99.9,mismatch,scale_error,,Cash used in investing activities,-0.11186,2024,exact,mapped,CAD,
IIP.UN,TSX,2023,2023,cash_flow,FinancingCashFlow,Cash Flow from Financing,money,0.020521,20.521,99.9,mismatch,scale_error,,Cash from financing activities,0.020521,2024,exact,mapped,CAD,
IIP.UN,TSX,2023,2023,cash_flow,FreeCashFlow,Free Cash Flow,money,0.089619,89.619,99.9,mismatch,scale_error,,,,,,derived,CAD,
IIP.UN,TSX,2023,2023,cash_flow,BeginningCashPosition,Beginning Cash Position,money,0.004267,4.267,99.9,mismatch,scale_error,,,,,,derived,CAD,
IIP.UN,TSX,2023,2023,cash_flow,EndCashPosition,Ending Cash Position,money,0.002547,2.547,99.9,mismatch,scale_error,,Cash at end of year $,0.002547,2024,exact,mapped,CAD,
IIP.UN,TSX,2023,2023,cash_flow,ChangesInCash,Net Change in Cash,money,-0.00172,-1.72,99.9,mismatch,scale_error,,,,,,derived,CAD,
IIP.UN,TSX,2024,2024,income_statement,PretaxIncome,Pretax Income,money,-0.155646,-155.646,99.9,mismatch,scale_error,,,,,,derived,CAD,
IIP.UN,TSX,2024,2024,income_statement,NetIncomeFromContinuingAndDiscontinuedOperation,Net Income Including Noncontrolling Interests,money,-0.155646,-155.646,99.9,mismatch,scale_error,,,,,,,CAD,
IIP.UN,TSX,2024,2024,income_statement,NetIncomeContinuousOperations,Net Income (Continuing Operations),money,-0.155646,-155.646,99.9,mismatch,scale_error,,,,,,derived,CAD,
IIP.UN,TSX,2024,2024,income_statement,NetIncome,Net Income,money,-0.155646,-155.646,99.9,mismatch,scale_error,,Net income/(loss) for the year $,-0.155646,2026,exact,mapped,CAD,
IIP.UN,TSX,2024,2024,balance_sheet,CashAndCashEquivalents,Cash and Cash Equivalents,money,0.004524,4.524,99.9,mismatch,scale_error,,Cash,0.004524,2026,exact,mapped,CAD,
IIP.UN,TSX,2024,2024,balance_sheet,CashCashEquivalentsAndShortTermInvestments,"Cash, Cash Equivalents, Marketable Securities",money,0.004524,4.524,99.9,mismatch,scale_error,,,,,,derived,CAD,
IIP.UN,TSX,2024,2024,balance_sheet,TotalAssets,Total Assets,money,4.195313,4195.313,99.9,mismatch,scale_error,,Total assets $,4.195313,2026,exact,mapped,CAD,
IIP.UN,TSX,2024,2024,balance_sheet,TotalLiabilities,Total Liabilities,money,1.800676,1800.676,99.9,mismatch,scale_error,,Total liabilities,1.800676,2026,exact,mapped,CAD,
IIP.UN,TSX,2024,2024,balance_sheet,StockholdersEquity,Total Stockholders Equity,money,2.394637,2394.637,99.9,mismatch,scale_error,,Total unitholders’ equity,2.394637,2026,exact,mapped,CAD,
IIP.UN,TSX,2024,2024,balance_sheet,TotalEquityGrossMinorityInterest,Total Equity,money,2.394637,2394.637,99.9,mismatch,scale_error,,,,,,derived,CAD,
IIP.UN,TSX,2024,2024,balance_sheet,RetainedEarnings,Retained Earnings,money,1.273143,1273.143,99.9,mismatch,scale_error,,Retained earnings,1.273143,2026,exact,mapped,CAD,
IIP.UN,TSX,2024,2024,cash_flow,NetIncomeFromContinuingOperations,Net Income From Continuing Operations,money,-0.155646,-155.646,99.9,mismatch,scale_error,,Net income/(loss) for the year $,-0.155646,2026,suffix,mapped,CAD,
IIP.UN,TSX,2024,2024,cash_flow,OperatingCashFlow,Cash Flow from Operations,money,0.067481,67.481,99.9,mismatch,scale_error,,Cash from operating activities,0.067481,2026,exact,mapped,CAD,
IIP.UN,TSX,2024,2024,cash_flow,InvestingCashFlow,Cash Flow from Investing,money,0.014454,14.454,99.9,mismatch,scale_error,,Cash from investing activities,0.014454,2026,exact,mapped,CAD,
IIP.UN,TSX,2024,2024,cash_flow,FinancingCashFlow,Cash Flow from Financing,money,-0.079958,-79.958,99.9,mismatch,scale_error,,Cash used in financing activities,-0.079958,2026,exact,mapped,CAD,
IIP.UN,TSX,2024,2024,cash_flow,FreeCashFlow,Free Cash Flow,money,0.067481,67.481,99.9,mismatch,scale_error,,,,,,derived,CAD,
IIP.UN,TSX,2024,2024,cash_flow,BeginningCashPosition,Beginning Cash Position,money,0.002547,2.547,99.9,mismatch,scale_error,,,,,,derived,CAD,
IIP.UN,TSX,2024,2024,cash_flow,EndCashPosition,Ending Cash Position,money,0.004524,4.524,99.9,mismatch,scale_error,,Cash at end of year $,0.004524,2026,exact,mapped,CAD,
IIP.UN,TSX,2024,2024,cash_flow,ChangesInCash,Net Change in Cash,money,0.001977,1.977,99.9,mismatch,scale_error,,,,,,derived,CAD,
IIP.UN,TSX,2025,2025,income_statement,PretaxIncome,Pretax Income,money,0.018495,18.495,99.9,mismatch,scale_error,,,,,,derived,CAD,
IIP.UN,TSX,2025,2025,income_statement,NetIncomeFromContinuingAndDiscontinuedOperation,Net Income Including Noncontrolling Interests,money,0.018495,18.495,99.9,mismatch,scale_error,,,,,,,CAD,
IIP.UN,TSX,2025,2025,income_statement,NetIncomeContinuousOperations,Net Income (Continuing Operations),money,0.018495,18.495,99.9,mismatch,scale_error,,,,,,derived,CAD,
IIP.UN,TSX,2025,2025,income_statement,NetIncome,Net Income,money,0.018495,18.495,99.9,mismatch,scale_error,,Net income/(loss) for the year $,0.018495,2026,exact,mapped,CAD,
IIP.UN,TSX,2025,2025,balance_sheet,CashAndCashEquivalents,Cash and Cash Equivalents,money,0.003679,3.679,99.9,mismatch,scale_error,,Cash,0.003679,2026,exact,mapped,CAD,
IIP.UN,TSX,2025,2025,balance_sheet,CashCashEquivalentsAndShortTermInvestments,"Cash, Cash Equivalents, Marketable Securities",money,0.003679,3.679,99.9,mismatch,scale_error,,,,,,derived,CAD,
IIP.UN,TSX,2025,2025,balance_sheet,TotalAssets,Total Assets,money,4.121282,4121.282,99.9,mismatch,scale_error,,Total assets $,4.121282,2026,exact,mapped,CAD,
IIP.UN,TSX,2025,2025,balance_sheet,TotalLiabilities,Total Liabilities,money,1.845331,1845.331,99.9,mismatch,scale_error,,Total liabilities,1.845331,2026,exact,mapped,CAD,
IIP.UN,TSX,2025,2025,balance_sheet,StockholdersEquity,Total Stockholders Equity,money,2.275951,2275.951,99.9,mismatch,scale_error,,Total unitholders’ equity,2.275951,2026,exact,mapped,CAD,
IIP.UN,TSX,2025,2025,balance_sheet,TotalEquityGrossMinorityInterest,Total Equity,money,2.275951,2275.951,99.9,mismatch,scale_error,,,,,,derived,CAD,
IIP.UN,TSX,2025,2025,balance_sheet,RetainedEarnings,Retained Earnings,money,1.235706,1235.706,99.9,mismatch,scale_error,,Retained earnings,1.235706,2026,exact,mapped,CAD,
IIP.UN,TSX,2025,2025,cash_flow,NetIncomeFromContinuingOperations,Net Income From Continuing Operations,money,0.018495,18.495,99.9,mismatch,scale_error,,Net income/(loss) for the year $,0.018495,2026,suffix,mapped,CAD,
IIP.UN,TSX,2025,2025,cash_flow,OperatingCashFlow,Cash Flow from Operations,money,0.083462,83.462,99.9,mismatch,scale_error,,Cash from operating activities,0.083462,2026,exact,mapped,CAD,
IIP.UN,TSX,2025,2025,cash_flow,InvestingCashFlow,Cash Flow from Investing,money,0.034354,34.354,99.9,mismatch,scale_error,,Cash from investing activities,0.034354,2026,exact,mapped,CAD,
IIP.UN,TSX,2025,2025,cash_flow,FinancingCashFlow,Cash Flow from Financing,money,-0.118661,-118.661,99.9,mismatch,scale_error,,Cash used in financing activities,-0.118661,2026,exact,mapped,CAD,
IIP.UN,TSX,2025,2025,cash_flow,FreeCashFlow,Free Cash Flow,money,0.083462,83.462,99.9,mismatch,scale_error,,,,,,derived,CAD,
IIP.UN,TSX,2025,2025,cash_flow,BeginningCashPosition,Beginning Cash Position,money,0.004524,4.524,99.9,mismatch,scale_error,,,,,,derived,CAD,
IIP.UN,TSX,2025,2025,cash_flow,EndCashPosition,Ending Cash Position,money,0.003679,3.679,99.9,mismatch,scale_error,,Cash at end of year $,0.003679,2026,exact,mapped,CAD,
IIP.UN,TSX,2025,2025,cash_flow,ChangesInCash,Net Change in Cash,money,-0.000845,-0.845,99.9,mismatch,scale_error,,,,,,derived,CAD,
MFI,TSX,2016,2016,income_statement,OperatingIncome,Operating Income,money,266126.0,266.126,99.9,mismatch,scale_error,,Earnings from operations $; Adjusted Operating Earnings $,505408.0,2018,exact,mapped,CAD,
MFI,TSX,2016,2016,income_statement,PretaxIncome,Pretax Income,money,249593.0,249.593,99.9,mismatch,scale_error,,Earnings before income taxes $,499186.0,2018,exact,mapped,CAD,
MFI,TSX,2016,2016,income_statement,NetIncomeFromContinuingAndDiscontinuedOperation,Net Income Including Noncontrolling Interests,money,181702.0,181.702,99.9,mismatch,scale_error,,,,,,,CAD,
MFI,TSX,2016,2016,income_statement,NetIncomeContinuousOperations,Net Income (Continuing Operations),money,181702.0,181.702,99.9,mismatch,scale_error,,,,,,derived,CAD,
MFI,TSX,2016,2016,income_statement,NetIncome,Net Income,money,181702.0,181.702,99.9,mismatch,scale_error,,Net earnings $,363404.0,2018,exact,mapped,CAD,
MFI,TSX,2017,2017,income_statement,OperatingIncome,Operating Income,money,238864.0,238.864,99.9,mismatch,scale_error,,Earnings from operations $; Adjusted Operating Earnings $,502704.0,2019,exact,mapped,CAD,
MFI,TSX,2017,2017,income_statement,PretaxIncome,Pretax Income,money,214281.0,214.281,99.9,mismatch,scale_error,,Earnings before income taxes $,428562.0,2019,exact,mapped,CAD,
MFI,TSX,2017,2017,income_statement,NetIncomeFromContinuingAndDiscontinuedOperation,Net Income Including Noncontrolling Interests,money,164089.0,164.089,99.9,mismatch,scale_error,,,,,,,CAD,
MFI,TSX,2017,2017,income_statement,NetIncomeContinuousOperations,Net Income (Continuing Operations),money,164089.0,164.089,99.9,mismatch,scale_error,,,,,,derived,CAD,
MFI,TSX,2017,2017,income_statement,NetIncome,Net Income,money,164089.0,164.089,99.9,mismatch,scale_error,,Net earnings $,328178.0,2019,exact,mapped,CAD,
MFI,TSX,2017,2017,income_statement,DepreciationAmortizationDepletion,"Depreciation, Depletion and Amortization",money,117190.0,117.227,99.9,mismatch,scale_error,,,,,,,CAD,
MFI,TSX,2018,2018,income_statement,PretaxIncome,Pretax Income,money,141103.0,141.103,99.9,mismatch,scale_error,,Earnings before income taxes $,282206.0,2019,exact,mapped,CAD,
MFI,TSX,2018,2018,income_statement,NetIncomeFromContinuingAndDiscontinuedOperation,Net Income Including Noncontrolling Interests,money,101348.0,101.348,99.9,mismatch,scale_error,,,,,,,CAD,
MFI,TSX,2018,2018,income_statement,NetIncomeContinuousOperations,Net Income (Continuing Operations),money,101348.0,101.348,99.9,mismatch,scale_error,,,,,,derived,CAD,
MFI,TSX,2018,2018,income_statement,NetIncome,Net Income,money,101348.0,101.348,99.9,mismatch,scale_error,,Net earnings $,202696.0,2019,exact,mapped,CAD,
MFI,TSX,2018,2018,income_statement,DepreciationAmortizationDepletion,"Depreciation, Depletion and Amortization",money,126035.0,126.066,99.9,mismatch,scale_error,,,,,,,CAD,
MFI,TSX,2021,2021,balance_sheet,CurrentLiabilities,Total Current Liabilities,money,667047.0,668.7,99.9,mismatch,scale_error,,"17 Other Current Liabilities; Total current liabilities $ 668,700 $",667079.0,2022,exact,mapped,CAD,
ALA,TSX,2008,2008,income_statement,EBITDA,EBITDA,money,0.2587,256.346,99.899,mismatch,scale_error,,EBITDA,0.5064,2011,exact,mapped,,
ALA,TSX,2009,2009,income_statement,EBITDA,EBITDA,money,0.2515,248.357,99.899,mismatch,scale_error,,EBITDA,0.4935,2011,exact,mapped,,
ALA,TSX,2010,2010,income_statement,EBITDA,EBITDA,money,0.2438,241.011,99.899,mismatch,scale_error,,EBITDA,0.4933,2011,exact,mapped,,
ARX,TSX,2009,2009,income_statement,NetIncome,Net Income,money,0.2251,222.8,99.899,mismatch,scale_error,,Net income $,0.2251,2011,exact,mapped,CAD,
ARX,TSX,2018,2018,income_statement,DilutedAverageShares,Shares Outstanding (Diluted Average),shares,0.356333,353.847,99.899,mismatch,scale_error,,,,,,derived,CAD,
IIP.UN,TSX,2010,2010,cash_flow,ChangeInWorkingCapital,Change In Working Capital,money,0.004958,4.886,99.899,mismatch,scale_error,,,,,,derived,CAD,
IIP.UN,TSX,2020,2020,income_statement,OperatingIncome,Operating Income,money,0.102139,101.305,99.899,mismatch,scale_error,,Net operating income,0.102139,2022,suffix,mapped,CAD,
IIP.UN,TSX,2024,2024,income_statement,OperatingIncome,Operating Income,money,0.164936,164.107,99.899,mismatch,scale_error,,Net operating income,0.164936,2026,suffix,mapped,CAD,
MFI,TSX,2016,2016,income_statement,DepreciationAmortizationDepletion,"Depreciation, Depletion and Amortization",money,110276.0,111.651,99.899,mismatch,scale_error,,,,,,,CAD,
MFI,TSX,2021,2021,balance_sheet,Goodwill,Goodwill,money,652501.0,658.673,99.899,mismatch,scale_error,,"Goodwill 12 658,673",652501.0,2022,exact,mapped,CAD,
MFI,TSX,2021,2021,balance_sheet,CommonStock,Common Stock,money,838969.0,847.0,99.899,mismatch,scale_error,,,,,,,CAD,
TPX.B,TSX,2013,2013,income_statement,OtherIncomeExpense,Other Income (Expense),money,0.4,394.813,99.899,mismatch,scale_error,,Total other income,0.4,2014,suffix,mapped,CAD,
ERD,TSX,2008,2008,balance_sheet,OtherCurrentAssets,Other Current Assets,money,61.002,0.062,99.898,mismatch,scale_error,,,,,,derived,CAD,
IIP.UN,TSX,2009,2009,cash_flow,EndCashPosition,Ending Cash Position,money,11.768,0.012,99.898,mismatch,scale_error,,Cash at end of year $,11.768,2010,exact,mapped,CAD,
MFI,TSX,2016,2016,income_statement,EBIT,EBIT,money,249593.0,253.824,99.898,mismatch,scale_error,,,,,,derived,CAD,
MFI,TSX,2016,2016,income_statement,DilutedAverageShares,Shares Outstanding (Diluted Average),shares,134594.074074,137.6,99.898,mismatch,scale_error,,,,,,derived,CAD,
MFI,TSX,2017,2017,income_statement,EBIT,EBIT,money,214281.0,218.252,99.898,mismatch,scale_error,,,,,,derived,CAD,
MFI,TSX,2018,2018,income_statement,DilutedAverageShares,Shares Outstanding (Diluted Average),shares,125120.987654,127.5,99.898,mismatch,scale_error,,,,,,derived,CAD,
ALA,TSX,2009,2009,income_statement,TaxProvision,Tax Provision,money,-0.0012,-1.168,99.897,mismatch,scale_error,,Income taxes (expense) recovery,-0.0024,2011,fuzzy,mapped,,
MFI,TSX,2017,2017,income_statement,DilutedAverageShares,Shares Outstanding (Diluted Average),shares,128194.53125,132.4,99.897,mismatch,scale_error,,,,,,derived,CAD,
ARX,TSX,2010,2010,income_statement,PretaxIncome,Pretax Income,money,0.2552,245.4,99.896,mismatch,scale_error,,,,,,derived,CAD,
IIP.UN,TSX,2014,2014,cash_flow,InvestingCashFlow,Cash Flow from Investing,money,-0.135931,-130.379,99.896,mismatch,scale_error,,Cash flows used in investing activities total,-0.135931,2015,suffix,mapped,CAD,
MFI,TSX,2021,2021,balance_sheet,AccountsReceivable,Accounts Receivable,money,159750.0,167.082,99.895,mismatch,scale_error,,"4 Accounts Receivable; Accounts receivable 4 167,082; Trade receivables $ 122,030 $; Net trade receivables $ 119,989 $",390284.0,2022,exact,mapped,CAD,
MFI,TSX,2021,2021,balance_sheet,StockholdersEquity,Total Stockholders Equity,money,1932464.0,2038.671,99.895,mismatch,scale_error,,"Total shareholders’ equity $ 2,035,926 $",1932464.0,2022,exact,mapped,CAD,
MFI,TSX,2016,2016,income_statement,EBITDA,EBITDA,money,343444.0,365.475,99.894,mismatch,scale_error,,Adjusted EBITDA $,343444.0,2018,exact,mapped,CAD,
MFI,TSX,2017,2017,cash_flow,DepreciationAndAmortization,"Cash Flow Depreciation, Depletion and Amortization",money,110276.0,117.227,99.894,mismatch,scale_error,,Depreciation and amortization(ii),117190.0,2019,fuzzy,mapped,CAD,
MFI,TSX,2018,2018,income_statement,EBIT,EBIT,money,141103.0,149.994,99.894,mismatch,scale_error,,,,,,derived,CAD,
MFI,TSX,2021,2021,balance_sheet,Receivables,Total Receivables,money,191300.0,202.206,99.894,mismatch,scale_error,,,,,,derived,CAD,
MFI,TSX,2021,2021,balance_sheet,NotesReceivable,Notes Receivable,money,31550.0,33.294,99.894,mismatch,scale_error,,"Notes receivable 26 33,294",31550.0,2022,exact,mapped,CAD,
MFI,TSX,2021,2021,balance_sheet,CurrentAssets,Total Current Assets,money,882768.0,937.111,99.894,mismatch,scale_error,,"Total current assets $ 937,111 $",882768.0,2022,exact,mapped,CAD,
ARX,TSX,2010,2010,cash_flow,FreeCashFlow,Free Cash Flow,money,0.0849,78.7,99.892,mismatch,scale_error,,,,,,derived,CAD,
IIP.UN,TSX,2008,2008,cash_flow,ChangeInWorkingCapital,Change In Working Capital,money,-93.104,-0.101,99.892,mismatch,scale_error,,,,,,derived,CAD,
MFI,TSX,2017,2017,cash_flow,OperatingCashFlow,Cash Flow from Operations,money,357157.0,386.695,99.892,mismatch,scale_error,,"Cash provided by operating activities $ 386,695 $",357157.0,2018,exact,mapped,CAD,
MFI,TSX,2021,2021,balance_sheet,RetainedEarnings,Retained Earnings,money,1124973.0,1212.244,99.892,mismatch,scale_error,,"Retained earnings 1,212,244",1124973.0,2022,exact,mapped,CAD,
ARX,TSX,2009,2009,cash_flow,FreeCashFlow,Free Cash Flow,money,0.138,126.2,99.891,mismatch,scale_error,,,,,,derived,CAD,
IIP.UN,TSX,2013,2013,cash_flow,ChangeInWorkingCapital,Change In Working Capital,money,0.007675,6.998,99.89,mismatch,scale_error,,,,,,derived,CAD,
ARX,TSX,2010,2010,income_statement,NetIncomeFromContinuingAndDiscontinuedOperation,Net Income Including Noncontrolling Interests,money,0.2608,212.2,99.877,mismatch,ours_derived_diff,,,,,,,CAD,
ARX,TSX,2010,2010,income_statement,NetIncomeContinuousOperations,Net Income (Continuing Operations),money,0.2608,212.2,99.877,mismatch,ours_derived_diff,,,,,,derived,CAD,
ARX,TSX,2018,2018,cash_flow,ChangeInWorkingCapital,Change In Working Capital,money,0.0647,43.8,99.852,mismatch,ours_fuzzy_suspect,,Change in non-cash working capital (Note 23),0.0165,2020,fuzzy,mapped,CAD,
IIP.UN,TSX,2024,2024,income_statement,EBIT,EBIT,money,-0.155646,-97.183,99.84,mismatch,ours_derived_diff,,,,,,derived,CAD,
IIP.UN,TSX,2024,2024,income_statement,EBITDA,EBITDA,money,-0.155646,-96.408,99.839,mismatch,ours_derived_diff,,,,,,derived,CAD,
MFI,TSX,2021,2021,balance_sheet,CashCashEquivalentsAndShortTermInvestments,"Cash, Cash Equivalents, Marketable Securities",money,100828.0,162.031,99.839,mismatch,ours_derived_diff,,,,,,derived,CAD,
ARX,TSX,2019,2019,income_statement,EBIT,EBIT,money,-0.1333,-80.2,99.834,mismatch,ours_derived_diff,,,,,,derived,CAD,
MFI,TSX,2016,2016,balance_sheet,LongTermDebtAndCapitalLeaseObligation,Long-Term Debt & Capital Lease Obligation,money,10193.0,18.12,99.822,mismatch,ours_derived_diff,,,,,,derived,CAD,
MFI,TSX,2021,2021,balance_sheet,LongTermDebtAndCapitalLeaseObligation,Long-Term Debt & Capital Lease Obligation,money,745078.0,1391.464,99.813,mismatch,ours_derived_diff,,,,,,derived,CAD,
BRY,TSX,2025,2025,cash_flow,RepaymentOfDebt,Payments of Debt,money,-0.250157,-89.895,99.722,mismatch,ours_fuzzy_suspect,,Repayment on long-term debt 9,-0.250157,2026,fuzzy,mapped,CAD,
BRY,TSX,2024,2024,cash_flow,RepaymentOfDebt,Payments of Debt,money,-0.217179,-77.556,99.72,mismatch,ours_fuzzy_suspect,,Repayment on long-term debt 9,-0.217179,2026,fuzzy,mapped,CAD,
CVVY,TSX,2025,2025,balance_sheet,GrossPPE,"Gross Property, Plant and Equipment",money,2.025,705.481,99.713,mismatch,ours_derived_diff,,,,,,from_notes,CAD,
MFI,TSX,2017,2017,balance_sheet,LongTermDebtAndCapitalLeaseObligation,Long-Term Debt & Capital Lease Obligation,money,6944.0,20.019,99.712,mismatch,ours_derived_diff,,,,,,derived,CAD,
CVVY,TSX,2024,2024,balance_sheet,GrossPPE,"Gross Property, Plant and Equipment",money,2.024,700.178,99.711,mismatch,ours_derived_diff,,,,,,from_notes,CAD,
CVVY,TSX,2021,2021,balance_sheet,GrossPPE,"Gross Property, Plant and Equipment",money,2.021,669.123,99.698,mismatch,ours_derived_diff,,,,,,from_notes,CAD,
CVVY,TSX,2023,2023,balance_sheet,GrossPPE,"Gross Property, Plant and Equipment",money,2.023,661.813,99.694,mismatch,ours_derived_diff,,,,,,from_notes,CAD,
CVVY,TSX,2020,2020,balance_sheet,GrossPPE,"Gross Property, Plant and Equipment",money,2.02,604.525,99.666,mismatch,ours_derived_diff,,,,,,from_notes,CAD,
CPX,TSX,2012,2012,balance_sheet,Receivables,Total Receivables,money,1.0,294.0,99.66,mismatch,ours_derived_diff,,,,,,derived,CAD,
CVVY,TSX,2022,2022,balance_sheet,GrossPPE,"Gross Property, Plant and Equipment",money,2.022,556.839,99.637,mismatch,ours_derived_diff,,,,,,from_notes,CAD,
CVVY,TSX,2019,2019,balance_sheet,GrossPPE,"Gross Property, Plant and Equipment",money,2.019,524.233,99.615,mismatch,ours_derived_diff,,,,,,from_notes,CAD,
BRY,TSX,2023,2023,cash_flow,RepaymentOfDebt,Payments of Debt,money,-0.206116,-51.482,99.6,mismatch,ours_fuzzy_suspect,,Repayment on long-term debt 9,-0.206116,2025,fuzzy,mapped,CAD,
ARX,TSX,2018,2018,cash_flow,FreeCashFlow,Free Cash Flow,money,0.8628,182.6,99.527,mismatch,ours_derived_diff,,,,,,derived,CAD,
OGD,TSX,2020,2020,balance_sheet,Receivables,Total Receivables,money,0.122,22.6,99.46,mismatch,ours_derived_diff,,,,,,derived,CAD,
TPX.B,TSX,2012,2012,balance_sheet,LongTermDebtAndCapitalLeaseObligation,Long-Term Debt & Capital Lease Obligation,money,19.1,3387.591,99.436,mismatch,ours_derived_diff,,,,,,derived,CAD,
TPX.B,TSX,2010,2010,balance_sheet,LongTermDebtAndCapitalLeaseObligation,Long-Term Debt & Capital Lease Obligation,money,12.3,1975.473,99.377,mismatch,ours_derived_diff,,,,,,derived,CAD,
OGD,TSX,2020,2020,balance_sheet,TotalNonCurrentAssets,Total Long-Term Assets,money,0.36,52.36,99.312,mismatch,ours_derived_diff,,,,,,derived,CAD,
ELD,TSX,2025,2025,balance_sheet,OtherCurrentAssets,Other Current Assets,money,281.263,2.829,99.271,mismatch,ours_derived_diff,0.7249,,,,,derived,USD,CAD
GFP,TSX,2015,2015,balance_sheet,OtherCurrentAssets,Other Current Assets,money,4.701306,0.035,99.256,mismatch,ours_derived_diff,,,,,,derived,CAD,
CPX,TSX,2018,2018,balance_sheet,LongTermDebtAndCapitalLeaseObligation,Long-Term Debt & Capital Lease Obligation,money,17.0,2208.0,99.23,mismatch,ours_derived_diff,,,,,,derived,CAD,
CPX,TSX,2012,2012,balance_sheet,AccountsReceivable,Accounts Receivable,money,1.0,127.0,99.213,mismatch,ours_fuzzy_suspect,,Trade and other receivables (b),8.0,2014,fuzzy,mapped,CAD,
DII.A,TSX,2018,2018,balance_sheet,LongTermDebtAndCapitalLeaseObligation,Long-Term Debt & Capital Lease Obligation,money,437.069,5.534,99.058,mismatch,ours_derived_diff,0.7443,,,,,derived,USD,CAD
GRN,TSX,2021,2021,balance_sheet,OtherReceivables,Other Current Receivables,money,0.093,9.837,99.055,mismatch,ours_derived_diff,,,,,,from_notes,CAD,
MRT.UN,TSX,2019,2019,balance_sheet,LongTermDebtAndCapitalLeaseObligation,Long-Term Debt & Capital Lease Obligation,money,10.993,1084.454,98.986,mismatch,ours_derived_diff,,,,,,derived,CAD,
ELD,TSX,2021,2021,income_statement,EBIT,EBIT,money,2.367,288.225,98.949,mismatch,ours_derived_diff,0.7812,,,,,derived,USD,CAD
GFP,TSX,2022,2022,cash_flow,ChangeInWorkingCapital,Change In Working Capital,money,-32.198,-0.347,98.922,mismatch,ours_derived_diff,,,,,,derived,CAD,
ALA,TSX,2014,2014,cash_flow,NetIssuancePaymentsOfDebt,Net Issuance of Debt,money,-1345.7,-15.2,98.87,mismatch,ours_derived_diff,,,,,,derived,,
TPX.B,TSX,2011,2011,balance_sheet,LongTermDebtAndCapitalLeaseObligation,Long-Term Debt & Capital Lease Obligation,money,23.6,1959.9,98.796,mismatch,ours_derived_diff,,,,,,derived,CAD,
BRY,TSX,2015,2015,balance_sheet,OtherReceivables,Other Current Receivables,money,0.050883,4.164,98.778,mismatch,ours_derived_diff,,,,,,from_notes,CAD,
WPK,TSX,2018,2018,income_statement,DepreciationAmortizationDepletion,"Depreciation, Depletion and Amortization",money,0.511,55.966,98.773,mismatch,ours_fuzzy_suspect,0.7443,Amortization - intangible assets 18,0.511,2020,fuzzy,derived,USD,CAD
WPK,TSX,2018,2018,cash_flow,DepreciationAndAmortization,"Cash Flow Depreciation, Depletion and Amortization",money,0.511,55.966,98.773,mismatch,ours_derived_diff,0.7443,,,,,,USD,CAD
ADW.A,TSX,2024,2024,cash_flow,ChangeInWorkingCapital,Change In Working Capital,money,0.142,10.535,98.652,mismatch,ours_derived_diff,,,,,,derived,CAD,
OGD,TSX,2020,2020,balance_sheet,CommonStock,Common Stock,money,0.857,59.0,98.547,mismatch,ours_derived_diff,,,,,,,CAD,
ELD,TSX,2021,2021,income_statement,PretaxIncome,Pretax Income,money,2.367,201.554,98.497,mismatch,ours_derived_diff,0.7812,,,,,derived,USD,CAD
WPK,TSX,2013,2013,income_statement,DepreciationAmortizationDepletion,"Depreciation, Depletion and Amortization",money,0.45,29.716,98.486,mismatch,ours_fuzzy_suspect,,Amortization - intangible assets 16,0.45,2014,fuzzy,derived,USD,
WPK,TSX,2013,2013,cash_flow,DepreciationAndAmortization,"Cash Flow Depreciation, Depletion and Amortization",money,0.45,29.716,98.486,mismatch,ours_derived_diff,,,,,,,USD,
CHR,TSX,2021,2021,cash_flow,EffectOfExchangeRateChanges,Effect of Exchange Rate Changes,money,-0.032,-2.013,98.41,mismatch,ours_fuzzy_suspect,,Effect of foreign exchange rate changes on cash,-2.045,2023,fuzzy,mapped,CAD,
GFP,TSX,2010,2010,balance_sheet,GainsLossesNotAffectingRetainedEarnings,Accumulated other comprehensive income (loss),money,40.872443,0.653,98.402,mismatch,ours_fuzzy_suspect,,Accumulated Other Comprehensive Income total,40.872443,2013,fuzzy,mapped,CAD,
TFPM,TSX,2024,2024,balance_sheet,Receivables,Total Receivables,money,0.284,25.13,98.39,mismatch,ours_derived_diff,0.7019,,,,,derived,USD,CAD
WPK,TSX,2017,2017,income_statement,DepreciationAmortizationDepletion,"Depreciation, Depletion and Amortization",money,0.632,50.051,98.388,mismatch,ours_fuzzy_suspect,0.7831,Amortization - intangible assets 17,0.632,2019,fuzzy,derived,USD,CAD
WPK,TSX,2017,2017,cash_flow,DepreciationAndAmortization,"Cash Flow Depreciation, Depletion and Amortization",money,0.632,50.051,98.388,mismatch,ours_derived_diff,0.7831,,,,,,USD,CAD
GFP,TSX,2007,2007,balance_sheet,OtherCurrentAssets,Other Current Assets,money,0.310876,18.5,98.32,mismatch,ours_derived_diff,,,,,,derived,CAD,
WPK,TSX,2014,2014,income_statement,DepreciationAmortizationDepletion,"Depreciation, Depletion and Amortization",money,0.549,37.14,98.295,mismatch,ours_fuzzy_suspect,0.8672,Amortization - intangible assets 15,0.549,2016,fuzzy,derived,USD,CAD
WPK,TSX,2014,2014,cash_flow,DepreciationAndAmortization,"Cash Flow Depreciation, Depletion and Amortization",money,0.549,37.14,98.295,mismatch,ours_derived_diff,0.8672,,,,,,USD,CAD
WPK,TSX,2019,2019,income_statement,DepreciationAmortizationDepletion,"Depreciation, Depletion and Amortization",money,0.777,59.375,98.277,mismatch,ours_fuzzy_suspect,0.7594,Amortization - intangible assets 18,0.777,2020,fuzzy,derived,USD,CAD
WPK,TSX,2019,2019,cash_flow,DepreciationAndAmortization,"Cash Flow Depreciation, Depletion and Amortization",money,0.777,59.375,98.277,mismatch,ours_derived_diff,0.7594,,,,,,USD,CAD
BRY,TSX,2011,2011,balance_sheet,CurrentDebtAndCapitalLeaseObligation,Short-Term Debt & Capital Lease Obligation,money,0.866913,49.457,98.247,mismatch,ours_derived_diff,,,,,,derived,CAD,
TPX.B,TSX,2013,2013,cash_flow,SaleOfPPE,"Sale Of Property, Plant, Equipment",money,1.0,57.025,98.246,mismatch,ours_fuzzy_suspect,,"Proceeds from disposal of property, plant and equipment",1.0,2014,fuzzy,mapped,CAD,
MRT.UN,TSX,2024,2024,balance_sheet,LongTermDebtAndCapitalLeaseObligation,Long-Term Debt & Capital Lease Obligation,money,16.426,916.762,98.208,mismatch,ours_derived_diff,,,,,,derived,CAD,
WPK,TSX,2015,2015,income_statement,DepreciationAmortizationDepletion,"Depreciation, Depletion and Amortization",money,0.602,45.854,98.2,mismatch,ours_fuzzy_suspect,0.7292,Amortization - intangible assets 16,0.602,2017,fuzzy,derived,USD,CAD
WPK,TSX,2015,2015,cash_flow,DepreciationAndAmortization,"Cash Flow Depreciation, Depletion and Amortization",money,0.602,45.854,98.2,mismatch,ours_derived_diff,0.7292,,,,,,USD,CAD
MRT.UN,TSX,2022,2022,balance_sheet,LongTermDebtAndCapitalLeaseObligation,Long-Term Debt & Capital Lease Obligation,money,16.384,905.722,98.191,mismatch,ours_derived_diff,,,,,,derived,CAD,
PZA,TSX,2025,2025,balance_sheet,Receivables,Total Receivables,money,0.068,3.674,98.149,mismatch,ours_derived_diff,,,,,,derived,CAD,
WPK,TSX,2016,2016,income_statement,DepreciationAmortizationDepletion,"Depreciation, Depletion and Amortization",money,0.666,47.647,98.136,mismatch,ours_fuzzy_suspect,0.7497,Amortization - intangible assets 16,0.666,2018,fuzzy,derived,USD,CAD
WPK,TSX,2016,2016,cash_flow,DepreciationAndAmortization,"Cash Flow Depreciation, Depletion and Amortization",money,0.666,47.647,98.136,mismatch,ours_derived_diff,0.7497,,,,,,USD,CAD
PZA,TSX,2021,2021,balance_sheet,Receivables,Total Receivables,money,0.061,3.184,98.084,mismatch,ours_derived_diff,,,,,,derived,CAD,
MRT.UN,TSX,2023,2023,balance_sheet,LongTermDebtAndCapitalLeaseObligation,Long-Term Debt & Capital Lease Obligation,money,16.295,848.98,98.081,mismatch,ours_derived_diff,,,,,,derived,CAD,
PZA,TSX,2017,2017,balance_sheet,Receivables,Total Receivables,money,0.065,3.353,98.061,mismatch,ours_derived_diff,,,,,,derived,CAD,
SWP,TSX,2010,2010,balance_sheet,CashCashEquivalentsAndShortTermInvestments,"Cash, Cash Equivalents, Marketable Securities",money,1.074,0.021,98.045,mismatch,ours_derived_diff,,,,,,derived,CAD,
MFI,TSX,2013,2013,income_statement,EBITDA,EBITDA,money,631.139,12.795,97.973,mismatch,ours_derived_diff,,,,,,derived,CAD,
OGD,TSX,2020,2020,balance_sheet,TotalLiabilities,Total Liabilities,money,1.258,61.833,97.965,mismatch,ours_derived_diff,,,,,,derived,CAD,
BRY,TSX,2010,2010,balance_sheet,CurrentDebtAndCapitalLeaseObligation,Short-Term Debt & Capital Lease Obligation,money,0.872045,42.838,97.964,mismatch,ours_derived_diff,,,,,,derived,CAD,
LAS.A,TSX,2008,2008,cash_flow,NetIssuancePaymentsOfDebt,Net Issuance of Debt,money,0.054,2.594,97.918,mismatch,ours_derived_diff,,,,,,derived,CAD,
BRY,TSX,2008,2008,balance_sheet,CurrentDebtAndCapitalLeaseObligation,Short-Term Debt & Capital Lease Obligation,money,0.853769,40.81,97.908,mismatch,ours_derived_diff,,,,,,derived,CAD,
HMM.A,TSX,2010,2010,cash_flow,DepreciationAndAmortization,"Cash Flow Depreciation, Depletion and Amortization",money,0.052,2.441,97.87,mismatch,ours_derived_diff,,,,,,,CAD,
AAB,TSX,2015,2015,balance_sheet,Receivables,Total Receivables,money,0.061849,2.897,97.865,mismatch,ours_derived_diff,,,,,,derived,CAD,
ELD,TSX,2016,2016,income_statement,NetIncomeContinuousOperations,Net Income (Continuing Operations),money,-346.876,-10.014,97.836,mismatch,ours_derived_diff,0.7497,,,,,derived,USD,CAD
ELD,TSX,2016,2016,cash_flow,NetIncomeFromContinuingOperations,Net Income From Continuing Operations,money,-346.876,-10.014,97.836,mismatch,ours_derived_diff,0.7497,,,,,derived,USD,CAD
GFP,TSX,2012,2012,balance_sheet,OtherCurrentAssets,Other Current Assets,money,5.5239,0.122,97.791,mismatch,ours_derived_diff,,,,,,derived,CAD,
BRY,TSX,2013,2013,balance_sheet,CurrentDebtAndCapitalLeaseObligation,Short-Term Debt & Capital Lease Obligation,money,1.250714,55.372,97.741,mismatch,ours_derived_diff,,,,,,derived,CAD,
MRT.UN,TSX,2025,2025,cash_flow,NetIssuancePaymentsOfDebt,Net Issuance of Debt,money,-18.106,-0.418,97.691,mismatch,ours_derived_diff,,,,,,derived,CAD,
PZA,TSX,2018,2018,balance_sheet,Receivables,Total Receivables,money,0.075,3.231,97.679,mismatch,ours_derived_diff,,,,,,derived,CAD,
BRY,TSX,2022,2022,balance_sheet,CurrentDebtAndCapitalLeaseObligation,Short-Term Debt & Capital Lease Obligation,money,0.732512,31.471,97.672,mismatch,ours_derived_diff,,,,,,derived,CAD,
MRT.UN,TSX,2025,2025,balance_sheet,LongTermDebtAndCapitalLeaseObligation,Long-Term Debt & Capital Lease Obligation,money,16.254,695.36,97.663,mismatch,ours_derived_diff,,,,,,derived,CAD,
CPX,TSX,2025,2025,balance_sheet,LongTermDebtAndCapitalLeaseObligation,Long-Term Debt & Capital Lease Obligation,money,154.0,6537.0,97.644,mismatch,ours_derived_diff,,,,,,derived,CAD,
BRY,TSX,2014,2014,balance_sheet,CurrentDebtAndCapitalLeaseObligation,Short-Term Debt & Capital Lease Obligation,money,1.257983,53.155,97.633,mismatch,ours_derived_diff,,,,,,derived,CAD,
PZA,TSX,2014,2014,balance_sheet,Receivables,Total Receivables,money,0.075,3.149,97.618,mismatch,ours_derived_diff,,,,,,derived,CAD,
PZA,TSX,2016,2016,balance_sheet,Receivables,Total Receivables,money,0.081,3.392,97.612,mismatch,ours_derived_diff,,,,,,derived,CAD,
WPK,TSX,2025,2025,income_statement,DepreciationAmortizationDepletion,"Depreciation, Depletion and Amortization",money,1.378,78.349,97.574,mismatch,ours_fuzzy_suspect,0.7249,Amortization - intangible assets 16,1.378,2026,fuzzy,derived,USD,CAD
WPK,TSX,2025,2025,cash_flow,DepreciationAndAmortization,"Cash Flow Depreciation, Depletion and Amortization",money,1.378,78.349,97.574,mismatch,ours_derived_diff,0.7249,,,,,,USD,CAD
K,TSX,2011,2011,balance_sheet,CurrentDebtAndCapitalLeaseObligation,Short-Term Debt & Capital Lease Obligation,money,1311.9,32.65,97.511,mismatch,ours_derived_diff,,,,,,derived,USD,
BRY,TSX,2023,2023,cash_flow,NetIssuancePaymentsOfDebt,Net Issuance of Debt,money,-0.206116,-8.131,97.465,mismatch,ours_derived_diff,,,,,,derived,CAD,
HMM.A,TSX,2025,2025,balance_sheet,LongTermDebtAndCapitalLeaseObligation,Long-Term Debt & Capital Lease Obligation,money,0.63,24.695,97.449,mismatch,ours_derived_diff,,,,,,derived,CAD,
BRY,TSX,2015,2015,balance_sheet,CurrentDebtAndCapitalLeaseObligation,Short-Term Debt & Capital Lease Obligation,money,0.618123,24.0,97.424,mismatch,ours_derived_diff,,,,,,derived,CAD,
ERD,TSX,2008,2008,cash_flow,CapitalExpenditure,Capital Expenditure,money,-309.738,-8.058,97.398,mismatch,ours_derived_diff,,,,,,derived,CAD,
TPX.B,TSX,2013,2013,balance_sheet,CashCashEquivalentsAndShortTermInvestments,"Cash, Cash Equivalents, Marketable Securities",money,12.3,470.563,97.386,mismatch,ours_derived_diff,,,,,,derived,CAD,
PZA,TSX,2019,2019,balance_sheet,Receivables,Total Receivables,money,0.091,3.395,97.32,mismatch,ours_derived_diff,,,,,,derived,CAD,
CPX,TSX,2024,2024,balance_sheet,LongTermDebtAndCapitalLeaseObligation,Long-Term Debt & Capital Lease Obligation,money,134.0,4953.0,97.295,mismatch,ours_derived_diff,,,,,,derived,CAD,
TPX.B,TSX,2011,2011,balance_sheet,CashCashEquivalentsAndShortTermInvestments,"Cash, Cash Equivalents, Marketable Securities",money,30.4,1104.254,97.247,mismatch,ours_derived_diff,,,,,,derived,CAD,
TPX.B,TSX,2012,2012,balance_sheet,CashCashEquivalentsAndShortTermInvestments,"Cash, Cash Equivalents, Marketable Securities",money,17.3,617.635,97.199,mismatch,ours_derived_diff,,,,,,derived,CAD,
WPK,TSX,2024,2024,income_statement,DepreciationAmortizationDepletion,"Depreciation, Depletion and Amortization",money,1.586,77.729,97.093,mismatch,ours_fuzzy_suspect,0.7019,Amortization - intangible assets 16,1.586,2026,fuzzy,derived,USD,CAD
WPK,TSX,2024,2024,cash_flow,DepreciationAndAmortization,"Cash Flow Depreciation, Depletion and Amortization",money,1.586,77.729,97.093,mismatch,ours_derived_diff,0.7019,,,,,,USD,CAD
AAB,TSX,2023,2023,cash_flow,ChangeInWorkingCapital,Change In Working Capital,money,1.570224,0.046,97.07,mismatch,ours_derived_diff,,,,,,derived,CAD,
BRY,TSX,2017,2017,balance_sheet,CurrentDebtAndCapitalLeaseObligation,Short-Term Debt & Capital Lease Obligation,money,0.8,26.789,97.014,mismatch,ours_derived_diff,,,,,,derived,CAD,
BRY,TSX,2009,2009,balance_sheet,CurrentDebtAndCapitalLeaseObligation,Short-Term Debt & Capital Lease Obligation,money,0.872045,29.028,96.996,mismatch,ours_derived_diff,,,,,,derived,CAD,
BRY,TSX,2018,2018,balance_sheet,CurrentDebtAndCapitalLeaseObligation,Short-Term Debt & Capital Lease Obligation,money,0.978422,31.812,96.924,mismatch,ours_derived_diff,,,,,,derived,CAD,
TFPM,TSX,2021,2021,balance_sheet,OtherCurrentAssets,Other Current Assets,money,20.696,0.816,96.92,mismatch,ours_derived_diff,0.7812,,,,,derived,USD,CAD
BRY,TSX,2025,2025,cash_flow,NetIssuancePaymentsOfDebt,Net Issuance of Debt,money,-0.250157,-8.074,96.902,mismatch,ours_derived_diff,,,,,,derived,CAD,
PZA,TSX,2012,2012,balance_sheet,Receivables,Total Receivables,money,0.07,2.246,96.883,mismatch,ours_derived_diff,,,,,,derived,CAD,
BRY,TSX,2024,2024,cash_flow,NetIssuancePaymentsOfDebt,Net Issuance of Debt,money,-0.217179,-6.868,96.838,mismatch,ours_derived_diff,,,,,,derived,CAD,
DII.A,TSX,2021,2021,balance_sheet,OtherCurrentAssets,Other Current Assets,money,34.532,1082.68,96.811,mismatch,ours_derived_diff,,,,,,derived,USD,
GFP,TSX,2016,2016,income_statement,OperatingIncome,Operating Income,money,-0.063944,-1.975,96.762,mismatch,ours_derived_diff,,,,,,derived,CAD,
CPX,TSX,2023,2023,balance_sheet,LongTermDebtAndCapitalLeaseObligation,Long-Term Debt & Capital Lease Obligation,money,140.0,4266.0,96.718,mismatch,ours_derived_diff,,,,,,derived,CAD,
PZA,TSX,2013,2013,balance_sheet,Receivables,Total Receivables,money,0.1,3.045,96.716,mismatch,ours_derived_diff,,,,,,derived,CAD,
LULU,TSX,2024,2024,income_statement,DilutedAverageShares,Shares Outstanding (Diluted Average),shares,127.064754,3849.015,96.699,mismatch,ours_derived_diff,0.745,,,,,derived,USD,CAD
LULU,TSX,2025,2025,income_statement,DilutedAverageShares,Shares Outstanding (Diluted Average),shares,123.94918,3754.35,96.699,mismatch,ours_derived_diff,0.695,,,,,derived,USD,CAD
CPX,TSX,2011,2011,balance_sheet,CurrentDebtAndCapitalLeaseObligation,Short-Term Debt & Capital Lease Obligation,money,848.0,28.0,96.698,mismatch,ours_derived_diff,,,,,,derived,CAD,
LULU,TSX,2026,2026,income_statement,DilutedAverageShares,Shares Outstanding (Diluted Average),shares,119.093741,3606.915,96.698,mismatch,ours_derived_diff,0.7262,,,,,derived,USD,CAD
WPK,TSX,2023,2023,income_statement,DepreciationAmortizationDepletion,"Depreciation, Depletion and Amortization",money,1.636,66.466,96.698,mismatch,ours_fuzzy_suspect,0.7454,Amortization - intangible assets 18,1.636,2025,fuzzy,derived,USD,CAD
WPK,TSX,2023,2023,cash_flow,DepreciationAndAmortization,"Cash Flow Depreciation, Depletion and Amortization",money,1.636,66.466,96.698,mismatch,ours_derived_diff,0.7454,,,,,,USD,CAD
DSG,TSX,2014,2014,cash_flow,ChangeInWorkingCapital,Change In Working Capital,money,0.23,7.364,96.583,mismatch,ours_derived_diff,0.9141,,,,,derived,USD,CAD
PZA,TSX,2015,2015,balance_sheet,Receivables,Total Receivables,money,0.12,3.501,96.572,mismatch,ours_derived_diff,,,,,,derived,CAD,
WPK,TSX,2022,2022,income_statement,DepreciationAmortizationDepletion,"Depreciation, Depletion and Amortization",money,1.698,67.091,96.562,mismatch,ours_fuzzy_suspect,0.7361,Amortization - intangible assets 18,1.698,2024,fuzzy,derived,USD,CAD
WPK,TSX,2022,2022,cash_flow,DepreciationAndAmortization,"Cash Flow Depreciation, Depletion and Amortization",money,1.698,67.091,96.562,mismatch,ours_derived_diff,0.7361,,,,,,USD,CAD
PZA,TSX,2024,2024,balance_sheet,Receivables,Total Receivables,money,0.133,3.84,96.536,mismatch,ours_derived_diff,,,,,,derived,CAD,
WPK,TSX,2021,2021,income_statement,DepreciationAmortizationDepletion,"Depreciation, Depletion and Amortization",money,1.66,60.498,96.488,mismatch,ours_fuzzy_suspect,0.7813,Amortization - intangible assets 18,1.66,2023,fuzzy,derived,USD,CAD
WPK,TSX,2021,2021,cash_flow,DepreciationAndAmortization,"Cash Flow Depreciation, Depletion and Amortization",money,1.66,60.498,96.488,mismatch,ours_derived_diff,0.7813,,,,,,USD,CAD
BRY,TSX,2023,2023,balance_sheet,CurrentDebtAndCapitalLeaseObligation,Short-Term Debt & Capital Lease Obligation,money,0.846998,24.113,96.487,mismatch,ours_derived_diff,,,,,,derived,CAD,
K,TSX,2008,2008,income_statement,OtherIncomeExpense,Other Income (Expense),money,-42.7,-1213.837,96.482,mismatch,ours_fuzzy_suspect,,Other income (expense) - net Note 5,-42.7,2011,fuzzy,mapped,USD,
OGD,TSX,2018,2018,cash_flow,NetIssuancePaymentsOfDebt,Net Issuance of Debt,money,88.057,3.109,96.469,mismatch,ours_derived_diff,,,,,,derived,CAD,
ADW.A,TSX,2019,2019,cash_flow,ChangeInWorkingCapital,Change In Working Capital,money,0.536,15.131,96.458,mismatch,ours_derived_diff,,,,,,derived,CAD,
SWP,TSX,2024,2024,balance_sheet,CurrentDebtAndCapitalLeaseObligation,Short-Term Debt & Capital Lease Obligation,money,1.781,49.097,96.372,mismatch,ours_derived_diff,,,,,,derived,CAD,
DII.A,TSX,2013,2013,balance_sheet,LongTermDebtAndCapitalLeaseObligation,Long-Term Debt & Capital Lease Obligation,money,357.557,14.025,96.313,mismatch,ours_derived_diff,0.9399,,,,,derived,USD,CAD
TPX.B,TSX,2010,2010,balance_sheet,CashCashEquivalentsAndShortTermInvestments,"Cash, Cash Equivalents, Marketable Securities",money,46.1,1227.463,96.244,mismatch,ours_derived_diff,,,,,,derived,CAD,
SWP,TSX,2022,2022,cash_flow,FreeCashFlow,Free Cash Flow,money,-1.042,-27.008,96.142,mismatch,ours_derived_diff,,,,,,derived,CAD,
OGD,TSX,2020,2020,balance_sheet,LongTermDebtAndCapitalLeaseObligation,Long-Term Debt & Capital Lease Obligation,money,1.408,36.408,96.133,mismatch,ours_derived_diff,,,,,,derived,CAD,
MRT.UN,TSX,2016,2016,balance_sheet,OtherCurrentAssets,Other Current Assets,money,52.023,2.023,96.111,mismatch,ours_derived_diff,,,,,,derived,CAD,
CPX,TSX,2022,2022,balance_sheet,LongTermDebtAndCapitalLeaseObligation,Long-Term Debt & Capital Lease Obligation,money,146.0,3739.0,96.095,mismatch,ours_derived_diff,,,,,,derived,CAD,
CPX,TSX,2019,2019,balance_sheet,LongTermDebtAndCapitalLeaseObligation,Long-Term Debt & Capital Lease Obligation,money,105.0,2661.0,96.054,mismatch,ours_derived_diff,,,,,,derived,CAD,
CPX,TSX,2021,2021,balance_sheet,LongTermDebtAndCapitalLeaseObligation,Long-Term Debt & Capital Lease Obligation,money,137.0,3371.0,95.936,mismatch,ours_derived_diff,,,,,,derived,CAD,
OGD,TSX,2015,2015,income_statement,TotalRevenue,Revenue,money,3.215,78.964,95.929,mismatch,ours_derived_diff,,,,,,derived,CAD,
ADW.A,TSX,2020,2020,balance_sheet,CurrentDebtAndCapitalLeaseObligation,Short-Term Debt & Capital Lease Obligation,money,3.018,72.747,95.851,mismatch,ours_derived_diff,,,,,,derived,CAD,
BRY,TSX,2008,2008,cash_flow,FreeCashFlow,Free Cash Flow,money,-0.590074,-14.136,95.826,mismatch,ours_derived_diff,,,,,,derived,CAD,
ALA,TSX,2018,2018,income_statement,EBITDA,EBITDA,money,-322.9,-13.9,95.695,mismatch,ours_derived_diff,,,,,,derived,,
CDR,TSX,2018,2018,income_statement,GrossProfit,Gross Profit,money,15.985,0.707,95.577,mismatch,ours_derived_diff,,,,,,derived,CAD,
K,TSX,2015,2015,balance_sheet,OtherCurrentAssets,Other Current Assets,money,1248.2,55.263,95.573,mismatch,ours_derived_diff,,,,,,derived,USD,
ELD,TSX,2014,2014,cash_flow,SaleOfInvestment,Sale Of Investment,money,1.521,38.543,95.449,mismatch,ours_fuzzy_suspect,0.8672,Proceeds from the sale of marketable securities,1.521,2016,fuzzy,mapped,USD,CAD
GFP,TSX,2018,2018,income_statement,EBIT,EBIT,money,-6.25167,-0.286,95.425,mismatch,ours_derived_diff,,,,,,derived,CAD,
GFP,TSX,2018,2018,income_statement,EBITDA,EBITDA,money,-6.25167,-0.286,95.425,mismatch,ours_derived_diff,,,,,,derived,CAD,
ERD,TSX,2010,2010,cash_flow,CapitalExpenditure,Capital Expenditure,money,-0.139216,-3.015,95.383,mismatch,ours_derived_diff,,,,,,derived,CAD,
IIP.UN,TSX,2009,2009,cash_flow,BeginningCashPosition,Beginning Cash Position,money,4.566473,0.212,95.357,mismatch,ours_derived_diff,,,,,,derived,CAD,
WPK,TSX,2012,2012,income_statement,DepreciationAmortizationDepletion,"Depreciation, Depletion and Amortization",money,1.261,27.132,95.352,mismatch,ours_fuzzy_suspect,,Amortization - intangible assets 16,1.261,2014,fuzzy,derived,USD,
WPK,TSX,2012,2012,cash_flow,DepreciationAndAmortization,"Cash Flow Depreciation, Depletion and Amortization",money,1.261,27.132,95.352,mismatch,ours_derived_diff,,,,,,,USD,
SFD,TSX,2007,2007,cash_flow,ChangeInWorkingCapital,Change In Working Capital,money,0.092506,1.984,95.337,mismatch,ours_derived_diff,,,,,,derived,CAD,
CVVY,TSX,2017,2017,cash_flow,PurchaseOfPPE,"Purchase Of Property, Plant, Equipment",money,-0.009,-0.192,95.312,mismatch,ours_fuzzy_suspect,,"Additions to property, plant and equipment (Note 10)",-0.009,2019,fuzzy,mapped,CAD,
K,TSX,2010,2010,balance_sheet,CurrentDebtAndCapitalLeaseObligation,Short-Term Debt & Capital Lease Obligation,money,1008.8,48.792,95.163,mismatch,ours_derived_diff,,,,,,derived,USD,
GRN,TSX,2022,2022,balance_sheet,OtherReceivables,Other Current Receivables,money,0.742,15.269,95.14,mismatch,ours_derived_diff,,,,,,from_notes,CAD,
K,TSX,2016,2016,balance_sheet,OtherCurrentAssets,Other Current Assets,money,1253.7,81.368,95.134,mismatch,ours_derived_diff,0.7497,,,,,derived,FX x1.06,CAD
BRY,TSX,2025,2025,income_statement,EBITDA,EBITDA,money,0.203839,4.185,95.129,mismatch,ours_derived_diff,,,,,,derived,CAD,
LAS.A,TSX,2011,2011,balance_sheet,CashCashEquivalentsAndShortTermInvestments,"Cash, Cash Equivalents, Marketable Securities",money,40.937,2.036,95.027,mismatch,ours_derived_diff,,,,,,derived,CAD,
SWP,TSX,2024,2024,income_statement,EBIT,EBIT,money,0.562,11.051,94.914,mismatch,ours_derived_diff,,,,,,derived,CAD,
AAB,TSX,2016,2016,balance_sheet,Receivables,Total Receivables,money,0.293447,5.75,94.897,mismatch,ours_derived_diff,,,,,,derived,CAD,
GRN,TSX,2023,2023,balance_sheet,OtherReceivables,Other Current Receivables,money,0.71,13.586,94.774,mismatch,ours_derived_diff,,,,,,from_notes,CAD,
OGD,TSX,2014,2014,income_statement,TotalRevenue,Revenue,money,3.754,71.549,94.753,mismatch,ours_derived_diff,,,,,,derived,CAD,
SWP,TSX,2025,2025,income_statement,EBIT,EBIT,money,0.456,8.683,94.748,mismatch,ours_derived_diff,,,,,,derived,CAD,
MRT.UN,TSX,2018,2018,balance_sheet,OtherCurrentAssets,Other Current Assets,money,10.567,0.567,94.634,mismatch,ours_derived_diff,,,,,,derived,CAD,
SWP,TSX,2018,2018,balance_sheet,OtherCurrentAssets,Other Current Assets,money,16.847,0.909,94.604,mismatch,ours_derived_diff,,,,,,derived,CAD,
CPX,TSX,2012,2012,balance_sheet,CurrentDebtAndCapitalLeaseObligation,Short-Term Debt & Capital Lease Obligation,money,352.0,19.0,94.602,mismatch,ours_derived_diff,,,,,,derived,CAD,
AAB,TSX,2021,2021,cash_flow,ChangeInWorkingCapital,Change In Working Capital,money,2.79929,0.152,94.57,mismatch,ours_derived_diff,,,,,,derived,CAD,
BRY,TSX,2010,2010,cash_flow,FreeCashFlow,Free Cash Flow,money,-0.508142,-9.21,94.483,mismatch,ours_derived_diff,,,,,,derived,CAD,
GRN,TSX,2024,2024,balance_sheet,OtherReceivables,Other Current Receivables,money,0.235,4.258,94.481,mismatch,ours_derived_diff,,,,,,from_notes,CAD,
K,TSX,2023,2023,cash_flow,ChangeInWorkingCapital,Change In Working Capital,money,4.1,97.668,94.368,mismatch,ours_derived_diff,0.7454,,,,,derived,FX x1.06,CAD
LAS.A,TSX,2016,2016,cash_flow,CashDividendsPaid,Cash Flow for Dividends,money,-0.776,-13.557,94.276,mismatch,ours_fuzzy_suspect,,Dividends paid to the non-controlling interest 22,-0.776,2018,fuzzy,mapped,CAD,
MRT.UN,TSX,2015,2015,cash_flow,RepaymentOfDebt,Payments of Debt,money,-4.927,-83.621,94.108,mismatch,ours_fuzzy_suspect,,Repayment of bank indebtedness 9,-4.927,2017,fuzzy,mapped,CAD,
CVVY,TSX,2023,2023,cash_flow,RepaymentOfDebt,Payments of Debt,money,-14.078,-238.475,94.097,mismatch,ours_fuzzy_suspect,,Repayment long-term debt (Note 11),-14.078,2025,fuzzy,mapped,CAD,
MRT.UN,TSX,2013,2013,balance_sheet,OtherCurrentAssets,Other Current Assets,money,15.415,0.91,94.097,mismatch,ours_derived_diff,,,,,,derived,CAD,
LAS.A,TSX,2013,2013,balance_sheet,TotalEquityGrossMinorityInterest,Total Equity,money,21.629,362.073,94.026,mismatch,ours_derived_diff,,,,,,derived,CAD,
MFI,TSX,2025,2025,balance_sheet,CurrentDebtAndCapitalLeaseObligation,Short-Term Debt & Capital Lease Obligation,money,341.378,20.553,93.979,mismatch,ours_derived_diff,,,,,,derived,CAD,
LAS.A,TSX,2017,2017,cash_flow,CashDividendsPaid,Cash Flow for Dividends,money,-1.008,-16.352,93.836,mismatch,ours_fuzzy_suspect,,Dividends paid to the non-controlling interest 23,-1.008,2019,fuzzy,mapped,CAD,
HMM.A,TSX,2012,2012,balance_sheet,CurrentDebtAndCapitalLeaseObligation,Short-Term Debt & Capital Lease Obligation,money,0.723,11.556,93.744,mismatch,ours_derived_diff,,,,,,derived,CAD,
LAS.A,TSX,2012,2012,balance_sheet,TotalEquityGrossMinorityInterest,Total Equity,money,19.326,308.205,93.729,mismatch,ours_derived_diff,,,,,,derived,CAD,
OGD,TSX,2017,2017,income_statement,TotalRevenue,Revenue,money,8.043,125.178,93.575,mismatch,ours_derived_diff,,,,,,derived,CAD,
CPX,TSX,2024,2024,cash_flow,FreeCashFlow,Free Cash Flow,money,1144.0,74.0,93.531,mismatch,ours_derived_diff,,,,,,derived,CAD,
K,TSX,2011,2011,balance_sheet,Receivables,Total Receivables,money,20.2,311.86,93.523,mismatch,ours_derived_diff,,,,,,derived,USD,
BRY,TSX,2024,2024,income_statement,EBITDA,EBITDA,money,-4.974881,-0.323,93.507,mismatch,ours_derived_diff,,,,,,derived,CAD,
BRY,TSX,2022,2022,income_statement,DepreciationAmortizationDepletion,"Depreciation, Depletion and Amortization",money,16.469127,1.089,93.388,mismatch,ours_fuzzy_suspect,,Depreciation on property and equipment total,16.469127,2024,fuzzy,mapped,CAD,
CVVY,TSX,2021,2021,balance_sheet,CurrentDebtAndCapitalLeaseObligation,Short-Term Debt & Capital Lease Obligation,money,1.549,23.203,93.324,mismatch,ours_derived_diff,,,,,,derived,CAD,
CDR,TSX,2018,2018,income_statement,EBITDA,EBITDA,money,-17.989,-1.207,93.29,mismatch,ours_derived_diff,,,,,,derived,CAD,
BRY,TSX,2025,2025,income_statement,EBIT,EBIT,money,0.203839,3.035,93.284,mismatch,ours_derived_diff,,,,,,derived,CAD,
BRY,TSX,2008,2008,cash_flow,NetIssuancePaymentsOfDebt,Net Issuance of Debt,money,-0.101669,-1.507,93.254,mismatch,ours_derived_diff,,,,,,derived,CAD,
MRT.UN,TSX,2015,2015,balance_sheet,OtherCurrentAssets,Other Current Assets,money,13.966,0.955,93.162,mismatch,ours_derived_diff,,,,,,derived,CAD,
K,TSX,2014,2014,balance_sheet,OtherCurrentAssets,Other Current Assets,money,1603.6,126.738,93.147,mismatch,ours_derived_diff,0.8672,,,,,derived,FX x1.06,CAD
SFD,TSX,2025,2025,balance_sheet,OtherReceivables,Other Current Receivables,money,0.09665,1.4,93.096,mismatch,ours_derived_diff,,,,,,from_notes,CAD,
WPK,TSX,2011,2011,income_statement,DepreciationAmortizationDepletion,"Depreciation, Depletion and Amortization",money,2.049,29.516,93.058,mismatch,ours_fuzzy_suspect,,Amortization - intangible assets 16,2.049,2013,fuzzy,derived,USD,
WPK,TSX,2011,2011,cash_flow,DepreciationAndAmortization,"Cash Flow Depreciation, Depletion and Amortization",money,2.049,29.516,93.058,mismatch,ours_derived_diff,,,,,,,USD,
K,TSX,2012,2012,balance_sheet,OtherCurrentAssets,Other Current Assets,money,1607.6,112.639,92.993,mismatch,ours_derived_diff,,,,,,derived,USD,
K,TSX,2014,2014,balance_sheet,CurrentDebtAndCapitalLeaseObligation,Short-Term Debt & Capital Lease Obligation,money,853.9,69.192,92.973,mismatch,ours_derived_diff,0.8672,,,,,derived,FX x1.06,CAD
GFP,TSX,2015,2015,income_statement,OperatingIncome,Operating Income,money,-0.1512,-2.144,92.948,mismatch,ours_derived_diff,,,,,,derived,CAD,
HMM.A,TSX,2016,2016,income_statement,EBIT,EBIT,money,0.148,2.088,92.912,mismatch,ours_derived_diff,,,,,,derived,CAD,
SWP,TSX,2021,2021,balance_sheet,CurrentDebtAndCapitalLeaseObligation,Short-Term Debt & Capital Lease Obligation,money,1.793,25.209,92.887,mismatch,ours_derived_diff,,,,,,derived,CAD,
CHR,TSX,2022,2022,income_statement,DilutedAverageShares,Shares Outstanding (Diluted Average),shares,399.361538,28.435,92.88,mismatch,ours_derived_diff,,,,,,derived,CAD,
HMM.A,TSX,2016,2016,income_statement,OperatingIncome,Operating Income,money,32.511,2.35,92.772,mismatch,ours_derived_diff,,,,,,derived,CAD,
BAMI,TSX,2024,2024,cash_flow,DepreciationAndAmortization,"Cash Flow Depreciation, Depletion and Amortization",money,5.097,70.296,92.749,mismatch,ours_derived_diff,,,,,,,CAD,
NFI,TSX,2010,2010,cash_flow,EffectOfExchangeRateChanges,Effect of Exchange Rate Changes,money,0.148,2.019,92.67,mismatch,ours_fuzzy_suspect,,Effect of foreign exchange rate on cash,0.148,2010,fuzzy,mapped,USD,
WPK,TSX,2010,2010,income_statement,DepreciationAmortizationDepletion,"Depreciation, Depletion and Amortization",money,2.091,28.262,92.601,mismatch,ours_fuzzy_suspect,,Amortization - intangible assets 15,2.091,2012,fuzzy,derived,USD,
WPK,TSX,2010,2010,cash_flow,DepreciationAndAmortization,"Cash Flow Depreciation, Depletion and Amortization",money,2.091,28.262,92.601,mismatch,ours_derived_diff,,,,,,,USD,
BRY,TSX,2023,2023,income_statement,DepreciationAmortizationDepletion,"Depreciation, Depletion and Amortization",money,17.322954,1.288,92.565,mismatch,ours_fuzzy_suspect,,Depreciation on property and equipment total,17.322954,2024,fuzzy,mapped,CAD,
OGD,TSX,2024,2024,income_statement,OperatingIncome,Operating Income,money,-6.105,-0.456,92.531,mismatch,ours_derived_diff,,,,,,derived,CAD,
BRY,TSX,2019,2019,cash_flow,NetIssuancePaymentsOfDebt,Net Issuance of Debt,money,-1.530014,-20.436,92.513,mismatch,ours_derived_diff,,,,,,derived,CAD,
HMM.A,TSX,2013,2013,balance_sheet,CurrentDebtAndCapitalLeaseObligation,Short-Term Debt & Capital Lease Obligation,money,0.796,10.612,92.499,mismatch,ours_derived_diff,,,,,,derived,CAD,
ADW.A,TSX,2025,2025,cash_flow,ChangeInWorkingCapital,Change In Working Capital,money,2.012,26.352,92.365,mismatch,ours_derived_diff,,,,,,derived,CAD,
GRN,TSX,2020,2020,balance_sheet,AccountsPayable,Accounts Payable & Accrued Expense,money,0.67,8.759,92.351,mismatch,ours_derived_diff,,,,,,from_notes,CAD,
MRT.UN,TSX,2010,2010,income_statement,NetIncomeDiscontinuousOperations,Net Income (Discontinued Operations),money,4.177,0.323,92.267,mismatch,ours_fuzzy_suspect,,Income from discontinued operations 20 323,4.177,2011,fuzzy,mapped,CAD,
PZA,TSX,2022,2022,balance_sheet,Receivables,Total Receivables,money,0.283,3.646,92.238,mismatch,ours_derived_diff,,,,,,derived,CAD,
K,TSX,2013,2013,balance_sheet,CurrentDebtAndCapitalLeaseObligation,Short-Term Debt & Capital Lease Obligation,money,772.9,63.834,92.237,mismatch,ours_derived_diff,0.9399,,,,,derived,FX x1.06,CAD
K,TSX,2013,2013,balance_sheet,OtherCurrentAssets,Other Current Assets,money,1671.3,140.116,92.12,mismatch,ours_derived_diff,0.9399,,,,,derived,FX x1.06,CAD
HMM.A,TSX,2025,2025,income_statement,OperatingIncome,Operating Income,money,281.406,22.339,92.062,mismatch,ours_derived_diff,,,,,,derived,CAD,
OGD,TSX,2017,2017,cash_flow,NetIssuancePaymentsOfDebt,Net Issuance of Debt,money,86.544,6.907,92.019,mismatch,ours_derived_diff,,,,,,derived,CAD,
CPX,TSX,2012,2012,balance_sheet,AccountsPayable,Accounts Payable & Accrued Expense,money,17.0,210.0,91.905,mismatch,ours_fuzzy_suspect,,Trade and other payables (b),17.0,2014,fuzzy,mapped,CAD,
MFI,TSX,2025,2025,income_statement,NetIncome,Net Income,money,43.945,541.63,91.887,mismatch,ours_derived_diff,,,,,,derived,CAD,
MFI,TSX,2025,2025,cash_flow,NetIncomeFromContinuingOperations,Net Income From Continuing Operations,money,43.945,541.63,91.887,mismatch,ours_derived_diff,,,,,,derived,CAD,
MFI,TSX,2025,2025,income_statement,DilutedAverageShares,Shares Outstanding (Diluted Average),shares,10.34,127.4,91.884,mismatch,ours_derived_diff,,,,,,derived,CAD,
PDV,TSX,2016,2016,balance_sheet,Receivables,Total Receivables,money,0.051946,0.635,91.82,mismatch,ours_derived_diff,,,,,,derived,,
MFI,TSX,2023,2023,balance_sheet,CurrentDebtAndCapitalLeaseObligation,Short-Term Debt & Capital Lease Obligation,money,36.551,438.766,91.67,mismatch,ours_derived_diff,,,,,,derived,CAD,
ERD,TSX,2010,2010,income_statement,DilutedAverageShares,Shares Outstanding (Diluted Average),shares,89.257772,7.438,91.667,mismatch,ours_derived_diff,,,,,,,CAD,
CVVY,TSX,2016,2016,balance_sheet,TotalAssets,Total Assets,money,0.841,10.028,91.613,mismatch,ours_derived_diff,,,,,,derived,CAD,
ADW.A,TSX,2012,2012,balance_sheet,CurrentDebtAndCapitalLeaseObligation,Short-Term Debt & Capital Lease Obligation,money,5.366,62.861,91.464,mismatch,ours_derived_diff,,,,,,derived,CAD,
CDR,TSX,2019,2019,balance_sheet,Receivables,Total Receivables,money,0.334,3.9,91.436,mismatch,ours_derived_diff,,,,,,derived,CAD,
BRY,TSX,2021,2021,income_statement,DepreciationAmortizationDepletion,"Depreciation, Depletion and Amortization",money,10.956288,0.94,91.42,mismatch,ours_fuzzy_suspect,,Depreciation on property and equipment total,10.956288,2023,fuzzy,mapped,CAD,
ADW.A,TSX,2009,2009,income_statement,NetIncomeContinuousOperations,Net Income (Continuing Operations),money,-0.125,-1.444,91.343,mismatch,ours_derived_diff,,,,,,derived,CAD,
K,TSX,2022,2022,income_statement,EBITDA,EBITDA,money,83.9,1302.666,91.25,mismatch,ours_derived_diff,0.7361,,,,,derived,FX x1.06,CAD
PZA,TSX,2023,2023,balance_sheet,Receivables,Total Receivables,money,0.355,4.044,91.222,mismatch,ours_derived_diff,,,,,,derived,CAD,
SWP,TSX,2023,2023,balance_sheet,CurrentDebtAndCapitalLeaseObligation,Short-Term Debt & Capital Lease Obligation,money,1.681,19.06,91.18,mismatch,ours_derived_diff,,,,,,derived,CAD,
SWP,TSX,2017,2017,balance_sheet,OtherCurrentAssets,Other Current Assets,money,14.172,1.267,91.06,mismatch,ours_derived_diff,,,,,,derived,CAD,
ALA,TSX,2015,2015,income_statement,DilutedAverageShares,Shares Outstanding (Diluted Average),shares,1542.857143,138.7,91.01,mismatch,ours_derived_diff,,,,,,derived,,
MRT.UN,TSX,2025,2025,cash_flow,RepaymentOfDebt,Payments of Debt,money,-18.106,-199.891,90.942,mismatch,ours_fuzzy_suspect,,Repayment of bank indebtedness 10,-18.106,2026,fuzzy,mapped,CAD,
CPX,TSX,2013,2013,income_statement,EBITDA,EBITDA,money,51.0,556.0,90.827,mismatch,ours_derived_diff,,,,,,derived,CAD,
SFD,TSX,2024,2024,balance_sheet,LongTermDebtAndCapitalLeaseObligation,Long-Term Debt & Capital Lease Obligation,money,0.601852,6.469,90.696,mismatch,ours_derived_diff,,,,,,derived,CAD,
OGD,TSX,2020,2020,income_statement,TotalRevenue,Revenue,money,12.944,137.81,90.607,mismatch,ours_derived_diff,,,,,,derived,CAD,
OGD,TSX,2016,2016,income_statement,TotalRevenue,Revenue,money,10.2,107.512,90.513,mismatch,ours_derived_diff,,,,,,derived,CAD,
TXG,TSX,2012,2012,income_statement,DilutedAverageShares,Shares Outstanding (Diluted Average),shares,448.452941,42.557,90.51,mismatch,ours_derived_diff,,,,,,derived,USD,
BRY,TSX,2014,2014,balance_sheet,OtherReceivables,Other Current Receivables,money,0.06579,0.688,90.438,mismatch,ours_derived_diff,,,,,,from_notes,CAD,
ALA,TSX,2024,2024,cash_flow,FreeCashFlow,Free Cash Flow,money,1538.0,149.0,90.312,mismatch,ours_derived_diff,,,,,,derived,,
ADW.A,TSX,2013,2013,balance_sheet,CurrentDebtAndCapitalLeaseObligation,Short-Term Debt & Capital Lease Obligation,money,6.45,66.549,90.308,mismatch,ours_derived_diff,,,,,,derived,CAD,
BAMI,TSX,2025,2025,cash_flow,DepreciationAndAmortization,"Cash Flow Depreciation, Depletion and Amortization",money,6.266,64.082,90.222,mismatch,ours_derived_diff,,,,,,,CAD,
FTS,TSX,2010,2010,income_statement,DepreciationAmortizationDepletion,"Depreciation, Depletion and Amortization",money,40.0,408.0,90.196,mismatch,ours_fuzzy_suspect,,Amortization – intangible assets,40.0,2012,fuzzy,derived,CAD,
FTS,TSX,2010,2010,cash_flow,DepreciationAndAmortization,"Cash Flow Depreciation, Depletion and Amortization",money,40.0,408.0,90.196,mismatch,ours_derived_diff,,,,,,,CAD,
TXG,TSX,2010,2010,income_statement,DilutedAverageShares,Shares Outstanding (Diluted Average),shares,273.4,26.844,90.181,mismatch,ours_derived_diff,,,,,,derived,USD,
CPX,TSX,2012,2012,cash_flow,FreeCashFlow,Free Cash Flow,money,-35.0,-356.0,90.169,mismatch,ours_derived_diff,,,,,,derived,CAD,
ADW.A,TSX,2011,2011,balance_sheet,CurrentDebtAndCapitalLeaseObligation,Short-Term Debt & Capital Lease Obligation,money,5.333,54.091,90.141,mismatch,ours_derived_diff,,,,,,derived,CAD,
SWP,TSX,2012,2012,income_statement,OperatingIncome,Operating Income,money,4.663,0.461,90.114,mismatch,ours_derived_diff,,,,,,derived,CAD,
GFP,TSX,2021,2021,income_statement,DilutedAverageShares,Shares Outstanding (Diluted Average),shares,81.62,8.082,90.098,mismatch,ours_derived_diff,,,,,,derived,CAD,
K,TSX,2021,2021,cash_flow,FreeCashFlow,Free Cash Flow,money,31.5,401.28,89.952,mismatch,ours_derived_diff,0.7812,,,,,derived,FX x1.06,CAD
MFI,TSX,2025,2025,balance_sheet,OtherCurrentAssets,Other Current Assets,money,242.061,24.386,89.926,mismatch,ours_derived_diff,,,,,,derived,CAD,
CHR,TSX,2024,2024,cash_flow,NetIncomeFromContinuingOperations,Net Income From Continuing Operations,money,-156.449,-15.763,89.925,mismatch,ours_derived_diff,,,,,,derived,CAD,
MRT.UN,TSX,2025,2025,cash_flow,FreeCashFlow,Free Cash Flow,money,40.408,4.076,89.913,mismatch,ours_derived_diff,,,,,,derived,CAD,
CPX,TSX,2025,2025,cash_flow,FreeCashFlow,Free Cash Flow,money,962.0,98.0,89.813,mismatch,ours_derived_diff,,,,,,derived,CAD,
CVVY,TSX,2025,2025,income_statement,EBIT,EBIT,money,2.328,22.834,89.805,mismatch,ours_derived_diff,,,,,,derived,CAD,
ELD,TSX,2012,2012,cash_flow,CashDividendsPaid,Cash Flow for Dividends,money,-9.399,-92.192,89.805,mismatch,ours_fuzzy_suspect,,Dividend paid to non-controlling interests,-9.399,2014,fuzzy,mapped,USD,
MFI,TSX,2012,2012,balance_sheet,CurrentDebtAndCapitalLeaseObligation,Short-Term Debt & Capital Lease Obligation,money,5.618,54.816,89.751,mismatch,ours_derived_diff,,,,,,derived,CAD,
TXG,TSX,2011,2011,income_statement,DilutedAverageShares,Shares Outstanding (Diluted Average),shares,339.46,34.824,89.741,mismatch,ours_derived_diff,,,,,,derived,USD,
SFD,TSX,2007,2007,income_statement,OperatingIncome,Operating Income,money,5.637939,0.591,89.517,mismatch,ours_derived_diff,,,,,,derived,CAD,
SWP,TSX,2021,2021,income_statement,EBIT,EBIT,money,0.563,5.369,89.514,mismatch,ours_derived_diff,,,,,,derived,CAD,
K,TSX,2023,2023,income_statement,EBIT,EBIT,money,81.7,1043.228,89.493,mismatch,ours_derived_diff,0.7454,,,,,derived,FX x1.06,CAD
OGD,TSX,2016,2016,income_statement,OperatingIncome,Operating Income,money,-0.429,-4.068,89.454,mismatch,ours_derived_diff,,,,,,derived,CAD,
ADW.A,TSX,2009,2009,balance_sheet,CurrentDebtAndCapitalLeaseObligation,Short-Term Debt & Capital Lease Obligation,money,6.158,58.35,89.446,mismatch,ours_derived_diff,,,,,,derived,CAD,
OGD,TSX,2019,2019,income_statement,TotalRevenue,Revenue,money,16.287,152.814,89.342,mismatch,ours_derived_diff,,,,,,derived,CAD,
AAB,TSX,2014,2014,balance_sheet,AccountsPayable,Accounts Payable & Accrued Expense,money,0.151673,1.42,89.319,mismatch,ours_derived_diff,,,,,,from_notes,CAD,
ADW.A,TSX,2017,2017,balance_sheet,CurrentDebtAndCapitalLeaseObligation,Short-Term Debt & Capital Lease Obligation,money,4.406,41.026,89.26,mismatch,ours_derived_diff,,,,,,derived,CAD,
CVVY,TSX,2016,2016,balance_sheet,NetPPE,"Property, Plant and Equipment",money,0.361,3.361,89.259,mismatch,ours_fuzzy_suspect,,"Property, plant and equipment [note 9] 3 802",0.361,2018,fuzzy,mapped,CAD,
CPX,TSX,2024,2024,income_statement,EBITDA,EBITDA,money,175.0,1625.0,89.231,mismatch,ours_derived_diff,,,,,,derived,CAD,
ADW.A,TSX,2016,2016,balance_sheet,CurrentDebtAndCapitalLeaseObligation,Short-Term Debt & Capital Lease Obligation,money,4.106,37.807,89.14,mismatch,ours_derived_diff,,,,,,derived,CAD,
NFI,TSX,2010,2010,income_statement,GrossProfit,Gross Profit,money,1099.866,119.454,89.139,mismatch,ours_derived_diff,,,,,,derived,USD,
MFI,TSX,2010,2010,income_statement,OperatingIncome,Operating Income,money,225.432,24.76,89.017,mismatch,ours_derived_diff,,,,,,derived,CAD,
LAS.A,TSX,2008,2008,income_statement,GrossProfit,Gross Profit,money,505.5,56.045,88.913,mismatch,ours_derived_diff,,,,,,derived,CAD,
K,TSX,2021,2021,cash_flow,ChangeInWorkingCapital,Change In Working Capital,money,-8.8,-100.992,88.847,mismatch,ours_derived_diff,0.7812,,,,,derived,FX x1.06,CAD
ELD,TSX,2025,2025,balance_sheet,CurrentDebtAndCapitalLeaseObligation,Short-Term Debt & Capital Lease Obligation,money,6.024,74.482,88.843,mismatch,ours_derived_diff,0.7249,,,,,derived,USD,CAD
HMM.A,TSX,2009,2009,income_statement,EBITDA,EBITDA,money,0.355,3.173,88.812,mismatch,ours_derived_diff,,,,,,derived,CAD,
ADW.A,TSX,2010,2010,balance_sheet,CurrentDebtAndCapitalLeaseObligation,Short-Term Debt & Capital Lease Obligation,money,6.158,55.035,88.811,mismatch,ours_derived_diff,,,,,,derived,CAD,
TXG,TSX,2009,2009,income_statement,DilutedAverageShares,Shares Outstanding (Diluted Average),shares,25.73215,2.881,88.804,mismatch,ours_derived_diff,,,,,,derived,USD,
ADW.A,TSX,2023,2023,income_statement,OperatingIncome,Operating Income,money,132.102,14.814,88.786,mismatch,ours_derived_diff,,,,,,derived,CAD,
HMM.A,TSX,2012,2012,income_statement,OperatingIncome,Operating Income,money,24.974,2.807,88.76,mismatch,ours_derived_diff,,,,,,derived,CAD,
PDV,TSX,2017,2017,balance_sheet,Receivables,Total Receivables,money,0.050178,0.446,88.749,mismatch,ours_derived_diff,,,,,,derived,,
HMM.A,TSX,2024,2024,income_statement,OperatingIncome,Operating Income,money,244.898,27.614,88.724,mismatch,ours_derived_diff,,,,,,derived,CAD,
OGD,TSX,2023,2023,income_statement,EBIT,EBIT,money,0.429,3.778,88.645,mismatch,ours_derived_diff,,,,,,derived,CAD,
ADW.A,TSX,2015,2015,balance_sheet,CurrentDebtAndCapitalLeaseObligation,Short-Term Debt & Capital Lease Obligation,money,4.194,36.716,88.577,mismatch,ours_derived_diff,,,,,,derived,CAD,
HMM.A,TSX,2011,2011,balance_sheet,CurrentDebtAndCapitalLeaseObligation,Short-Term Debt & Capital Lease Obligation,money,1.217,10.587,88.505,mismatch,ours_derived_diff,,,,,,derived,CAD,
ELD,TSX,2022,2022,cash_flow,NetIncomeFromContinuingOperations,Net Income From Continuing Operations,money,-426.853,-67.066,88.435,mismatch,ours_derived_diff,0.7361,,,,,derived,USD,CAD
LAS.A,TSX,2023,2023,cash_flow,NetIssuancePaymentsOfDebt,Net Issuance of Debt,money,-8.877,-76.666,88.421,mismatch,ours_derived_diff,,,,,,derived,CAD,
POW,TSX,2023,2022,cash_flow,PurchaseOfInvestment,Purchase Of Investment,money,-35176.0,-4100.0,88.344,mismatch,ours_fuzzy_suspect,,Purchases of investments; Purchases of investments [1],-38538.0,2024,fuzzy,mapped,CAD,
HMM.A,TSX,2023,2023,income_statement,OperatingIncome,Operating Income,money,238.285,27.958,88.267,mismatch,ours_derived_diff,,,,,,derived,CAD,
ADW.A,TSX,2010,2010,cash_flow,ChangeInWorkingCapital,Change In Working Capital,money,17.615,2.07,88.249,mismatch,ours_fuzzy_suspect,,Change in non-cash working capital items related total,17.615,2011,fuzzy,mapped,CAD,
CHR,TSX,2019,2019,balance_sheet,OtherCurrentAssets,Other Current Assets,money,94.477,11.15,88.198,mismatch,ours_derived_diff,,,,,,derived,CAD,
CPX,TSX,2019,2019,cash_flow,FreeCashFlow,Free Cash Flow,money,720.0,85.0,88.194,mismatch,ours_derived_diff,,,,,,derived,CAD,
SFD,TSX,2022,2022,cash_flow,NetIssuancePaymentsOfDebt,Net Issuance of Debt,money,-0.785124,-0.093,88.155,mismatch,ours_derived_diff,,,,,,derived,CAD,
NFI,TSX,2017,2017,cash_flow,InvestingCashFlow,Cash Flow from Investing,money,-24.916,-209.567,88.111,mismatch,ours_fuzzy_suspect,,"Net cash used in investing activities (164,122)",-24.916,2018,fuzzy,mapped,USD,
FTS,TSX,2009,2009,income_statement,DepreciationAmortizationDepletion,"Depreciation, Depletion and Amortization",money,43.0,360.0,88.056,mismatch,ours_fuzzy_suspect,,Amortization – intangible assets,43.0,2011,fuzzy,derived,CAD,
FTS,TSX,2009,2009,cash_flow,DepreciationAndAmortization,"Cash Flow Depreciation, Depletion and Amortization",money,43.0,360.0,88.056,mismatch,ours_derived_diff,,,,,,,CAD,
ADW.A,TSX,2014,2014,balance_sheet,CurrentDebtAndCapitalLeaseObligation,Short-Term Debt & Capital Lease Obligation,money,7.392,61.799,88.039,mismatch,ours_derived_diff,,,,,,derived,CAD,
MRT.UN,TSX,2023,2023,cash_flow,RepaymentOfDebt,Payments of Debt,money,-43.885,-366.554,88.028,mismatch,ours_fuzzy_suspect,,Repayment of bank indebtedness 10,-43.885,2025,fuzzy,mapped,CAD,
CPX,TSX,2023,2023,income_statement,EBITDA,EBITDA,money,201.0,1678.0,88.021,mismatch,ours_derived_diff,,,,,,derived,CAD,
CHR,TSX,2018,2018,balance_sheet,OtherCurrentAssets,Other Current Assets,money,95.51,11.486,87.974,mismatch,ours_derived_diff,,,,,,derived,CAD,
CPX,TSX,2023,2023,cash_flow,FreeCashFlow,Free Cash Flow,money,822.0,99.0,87.956,mismatch,ours_derived_diff,,,,,,derived,CAD,
K,TSX,2009,2009,balance_sheet,Receivables,Total Receivables,money,9.9,81.24,87.814,mismatch,ours_derived_diff,,,,,,derived,USD,
TFPM,TSX,2023,2023,income_statement,OtherIncomeExpense,Other Income (Expense),money,-4.543,-49.976,87.804,mismatch,ours_fuzzy_suspect,0.7454,Other income (expenses),-4.543,2025,fuzzy,mapped,USD,CAD
GFP,TSX,2020,2020,cash_flow,FreeCashFlow,Free Cash Flow,money,-1.6,-13.116,87.801,mismatch,ours_derived_diff,,,,,,derived,CAD,
CHR,TSX,2017,2017,balance_sheet,OtherCurrentAssets,Other Current Assets,money,92.585,11.334,87.758,mismatch,ours_derived_diff,,,,,,derived,CAD,
LAS.A,TSX,2009,2009,income_statement,GrossProfit,Gross Profit,money,524.179,64.222,87.748,mismatch,ours_derived_diff,,,,,,derived,CAD,
TFPM,TSX,2025,2025,balance_sheet,Receivables,Total Receivables,money,3.118,34.965,87.698,mismatch,ours_derived_diff,0.7249,,,,,derived,USD,CAD
ALA,TSX,2023,2023,balance_sheet,OtherCurrentAssets,Other Current Assets,money,2103.0,259.0,87.684,mismatch,ours_derived_diff,,,,,,derived,,
BRY,TSX,2010,2010,balance_sheet,TotalNonCurrentAssets,Total Long-Term Assets,money,37.169582,4.598,87.63,mismatch,ours_derived_diff,,,,,,derived,CAD,
OGD,TSX,2018,2018,income_statement,TotalRevenue,Revenue,money,21.481,173.084,87.589,mismatch,ours_derived_diff,,,,,,derived,CAD,
OGD,TSX,2021,2021,income_statement,TotalRevenue,Revenue,money,20.29,163.294,87.575,mismatch,ours_derived_diff,,,,,,derived,CAD,
HMM.A,TSX,2014,2014,balance_sheet,CurrentDebtAndCapitalLeaseObligation,Short-Term Debt & Capital Lease Obligation,money,0.926,7.345,87.393,mismatch,ours_derived_diff,,,,,,derived,CAD,
HMM.A,TSX,2011,2011,income_statement,OperatingIncome,Operating Income,money,22.813,2.88,87.376,mismatch,ours_derived_diff,,,,,,derived,CAD,
MFI,TSX,2015,2015,balance_sheet,OtherCurrentAssets,Other Current Assets,money,118.953,15.076,87.326,mismatch,ours_derived_diff,,,,,,derived,CAD,
NFI,TSX,2019,2019,cash_flow,NetIssuancePaymentsOfDebt,Net Issuance of Debt,money,57.6,454.41,87.324,mismatch,ours_derived_diff,,,,,,derived,USD,
VRTS,TSX,2021,2021,income_statement,OperatingIncome,Operating Income,money,-1.180659,-9.196,87.161,mismatch,ours_derived_diff,,,,,,derived,CAD,
ELD,TSX,2011,2011,cash_flow,CashDividendsPaid,Cash Flow for Dividends,money,-8.095,-62.604,87.07,mismatch,ours_fuzzy_suspect,,Dividend paid to non-controlling interests,-8.095,2013,fuzzy,mapped,USD,
ELD,TSX,2019,2019,balance_sheet,CurrentDebtAndCapitalLeaseObligation,Short-Term Debt & Capital Lease Obligation,money,9.913,100.848,87.055,mismatch,ours_derived_diff,0.7594,,,,,derived,USD,CAD
ELD,TSX,2017,2017,balance_sheet,Receivables,Total Receivables,money,7.746,76.099,87.003,mismatch,ours_derived_diff,0.7831,,,,,derived,USD,CAD
ADW.A,TSX,2024,2024,income_statement,OperatingIncome,Operating Income,money,140.27,18.421,86.867,mismatch,ours_derived_diff,,,,,,derived,CAD,
ADW.A,TSX,2022,2022,income_statement,OperatingIncome,Operating Income,money,129.876,17.229,86.734,mismatch,ours_derived_diff,,,,,,derived,CAD,
BRY,TSX,2019,2019,balance_sheet,CurrentDebtAndCapitalLeaseObligation,Short-Term Debt & Capital Lease Obligation,money,1.658692,12.479,86.708,mismatch,ours_derived_diff,,,,,,derived,CAD,
MRT.UN,TSX,2009,2009,income_statement,DilutedAverageShares,Shares Outstanding (Diluted Average),shares,7.656545,57.577,86.702,mismatch,ours_derived_diff,,,,,,derived,CAD,
MFI,TSX,2011,2011,balance_sheet,CurrentDebtAndCapitalLeaseObligation,Short-Term Debt & Capital Lease Obligation,money,5.618,42.022,86.631,mismatch,ours_derived_diff,,,,,,derived,CAD,
SWP,TSX,2025,2025,balance_sheet,LongTermDebtAndCapitalLeaseObligation,Long-Term Debt & Capital Lease Obligation,money,13.048,97.029,86.552,mismatch,ours_derived_diff,,,,,,derived,CAD,
SWP,TSX,2025,2025,balance_sheet,CurrentDebtAndCapitalLeaseObligation,Short-Term Debt & Capital Lease Obligation,money,1.903,13.915,86.324,mismatch,ours_derived_diff,,,,,,derived,CAD,
HMM.A,TSX,2013,2013,income_statement,OperatingIncome,Operating Income,money,27.239,3.752,86.226,mismatch,ours_derived_diff,,,,,,derived,CAD,
DII.A,TSX,2024,2024,balance_sheet,CurrentDebtAndCapitalLeaseObligation,Short-Term Debt & Capital Lease Obligation,money,36.012,367.949,86.056,mismatch,ours_derived_diff,0.7019,,,,,derived,USD,CAD
CHR,TSX,2015,2015,income_statement,DilutedAverageShares,Shares Outstanding (Diluted Average),shares,127.435,17.856,85.988,mismatch,ours_derived_diff,,,,,,derived,CAD,
SFD,TSX,2024,2024,balance_sheet,CurrentDebtAndCapitalLeaseObligation,Short-Term Debt & Capital Lease Obligation,money,0.804718,5.72,85.932,mismatch,ours_derived_diff,,,,,,derived,CAD,
NFI,TSX,2011,2011,balance_sheet,CashCashEquivalentsAndShortTermInvestments,"Cash, Cash Equivalents, Marketable Securities",money,73.463,10.371,85.883,mismatch,ours_derived_diff,,,,,,derived,USD,
DII.A,TSX,2021,2021,balance_sheet,TotalNonCurrentLiabilities,Total Long-Term Liabilities,money,99.0,700.275,85.863,mismatch,ours_derived_diff,,,,,,derived,USD,
CHR,TSX,2018,2018,income_statement,DilutedAverageShares,Shares Outstanding (Diluted Average),shares,140.479167,19.893,85.839,mismatch,ours_derived_diff,,,,,,derived,CAD,
NFI,TSX,2019,2019,cash_flow,InvestingCashFlow,Cash Flow from Investing,money,-70.806,-499.486,85.824,mismatch,ours_fuzzy_suspect,,"Net cash used in investing activities (379,289)",-70.806,2020,fuzzy,mapped,USD,
CHR,TSX,2014,2014,income_statement,DilutedAverageShares,Shares Outstanding (Diluted Average),shares,124.442308,17.653,85.814,mismatch,ours_derived_diff,,,,,,derived,CAD,
ALA,TSX,2024,2024,balance_sheet,OtherCurrentAssets,Other Current Assets,money,2058.0,292.0,85.811,mismatch,ours_derived_diff,,,,,,derived,,
MFI,TSX,2013,2013,balance_sheet,OtherCurrentAssets,Other Current Assets,money,162.167,23.127,85.739,mismatch,ours_derived_diff,,,,,,derived,CAD,
CHR,TSX,2016,2016,income_statement,DilutedAverageShares,Shares Outstanding (Diluted Average),shares,125.579775,17.93,85.722,mismatch,ours_derived_diff,,,,,,derived,CAD,
ALA,TSX,2025,2025,balance_sheet,OtherCurrentAssets,Other Current Assets,money,2175.0,311.0,85.701,mismatch,ours_derived_diff,,,,,,derived,,
CHR,TSX,2017,2017,income_statement,DilutedAverageShares,Shares Outstanding (Diluted Average),shares,125.806767,17.999,85.693,mismatch,ours_derived_diff,,,,,,derived,CAD,
CHR,TSX,2019,2019,income_statement,DilutedAverageShares,Shares Outstanding (Diluted Average),shares,158.52381,22.701,85.68,mismatch,ours_derived_diff,,,,,,derived,CAD,
ARX,TSX,2019,2019,cash_flow,NetIssuancePaymentsOfDebt,Net Issuance of Debt,money,-0.6068,-4.2,85.552,mismatch,ours_derived_diff,,,,,,derived,CAD,
RM,TSX,2024,2024,cash_flow,CapitalExpenditure,Capital Expenditure,money,-0.191807,-1.316,85.425,mismatch,ours_derived_diff,,,,,,derived,,
CVVY,TSX,2024,2024,income_statement,EBITDA,EBITDA,money,4.287,29.403,85.42,mismatch,ours_derived_diff,,,,,,derived,CAD,
NFI,TSX,2008,2008,income_statement,GrossProfit,Gross Profit,money,961.301,173.276,85.389,mismatch,ours_derived_diff,0.8106,,,,,derived,USD,CAD
LAS.A,TSX,2008,2008,balance_sheet,CurrentDebtAndCapitalLeaseObligation,Short-Term Debt & Capital Lease Obligation,money,2.79,19.058,85.36,mismatch,ours_derived_diff,,,,,,derived,CAD,
ADW.A,TSX,2018,2018,balance_sheet,CurrentDebtAndCapitalLeaseObligation,Short-Term Debt & Capital Lease Obligation,money,8.135,55.459,85.332,mismatch,ours_derived_diff,,,,,,derived,CAD,
CHR,TSX,2013,2013,income_statement,GrossProfit,Gross Profit,money,1672.06,245.714,85.305,mismatch,ours_derived_diff,,,,,,derived,CAD,
CHR,TSX,2021,2021,income_statement,DilutedAverageShares,Shares Outstanding (Diluted Average),shares,170.708333,25.16,85.261,mismatch,ours_derived_diff,,,,,,derived,CAD,
HMM.A,TSX,2016,2016,cash_flow,RepaymentOfDebt,Payments of Debt,money,-0.85,-5.744,85.202,mismatch,ours_fuzzy_suspect,,Payment of long-term debt,-0.85,2018,fuzzy,mapped,CAD,
OGD,TSX,2025,2025,income_statement,TotalRevenue,Revenue,money,28.283,189.052,85.04,mismatch,ours_derived_diff,,,,,,derived,CAD,
CVVY,TSX,2016,2016,cash_flow,ChangeInWorkingCapital,Change In Working Capital,money,0.715,4.715,84.836,mismatch,ours_fuzzy_suspect,,Net change in non-cash operating items total,0.715,2018,fuzzy,mapped,CAD,
SFD,TSX,2025,2025,balance_sheet,OtherCurrentAssets,Other Current Assets,money,1.423643,0.217,84.757,mismatch,ours_derived_diff,,,,,,derived,CAD,
SWP,TSX,2016,2016,balance_sheet,OtherCurrentAssets,Other Current Assets,money,0.095,0.619,84.653,mismatch,ours_derived_diff,,,,,,derived,CAD,
TFPM,TSX,2022,2022,balance_sheet,OtherCurrentAssets,Other Current Assets,money,8.413,1.775,84.469,mismatch,ours_derived_diff,0.7361,,,,,derived,USD,CAD
CHR,TSX,2014,2014,income_statement,GrossProfit,Gross Profit,money,1666.291,259.424,84.431,mismatch,ours_derived_diff,,,,,,derived,CAD,
HMM.A,TSX,2017,2017,income_statement,OperatingIncome,Operating Income,money,37.722,5.886,84.396,mismatch,ours_derived_diff,,,,,,derived,CAD,
ELD,TSX,2013,2013,cash_flow,CashDividendsPaid,Cash Flow for Dividends,money,-13.281,-90.376,84.366,mismatch,ours_fuzzy_suspect,0.9399,Dividend paid to non-controlling interests,-13.281,2015,fuzzy,mapped,USD,CAD
SWP,TSX,2022,2022,balance_sheet,LongTermDebtAndCapitalLeaseObligation,Long-Term Debt & Capital Lease Obligation,money,18.256,115.248,84.159,mismatch,ours_derived_diff,,,,,,derived,CAD,
CPX,TSX,2010,2010,cash_flow,FreeCashFlow,Free Cash Flow,money,391.0,62.0,84.143,mismatch,ours_derived_diff,,,,,,derived,CAD,
ALA,TSX,2023,2023,cash_flow,FreeCashFlow,Free Cash Flow,money,1121.0,178.0,84.121,mismatch,ours_derived_diff,,,,,,derived,,
CVVY,TSX,2021,2021,income_statement,EBIT,EBIT,money,-39.79,-6.337,84.074,mismatch,ours_derived_diff,,,,,,derived,CAD,
CHR,TSX,2013,2013,income_statement,DilutedAverageShares,Shares Outstanding (Diluted Average),shares,123.732,19.81,83.99,mismatch,ours_derived_diff,,,,,,derived,CAD,
BRY,TSX,2014,2014,income_statement,OperatingIncome,Operating Income,money,1.802831,11.198,83.9,mismatch,ours_derived_diff,,,,,,derived,CAD,
CPX,TSX,2009,2009,income_statement,OperatingIncome,Operating Income,money,1008.0,163.0,83.829,mismatch,ours_derived_diff,,,,,,derived,CAD,
TXG,TSX,2018,2018,balance_sheet,OtherCurrentAssets,Other Current Assets,money,55.6,12.092,83.813,mismatch,ours_derived_diff,0.7443,,,,,derived,USD,CAD
DII.A,TSX,2013,2013,cash_flow,NetIssuancePaymentsOfDebt,Net Issuance of Debt,money,3.952,25.953,83.799,mismatch,ours_derived_diff,0.9399,,,,,derived,USD,CAD
CHR,TSX,2024,2024,balance_sheet,OtherCurrentAssets,Other Current Assets,money,169.587,27.477,83.798,mismatch,ours_derived_diff,,,,,,derived,CAD,
HMM.A,TSX,2019,2019,cash_flow,RepaymentOfDebt,Payments of Debt,money,-1.276,-7.862,83.77,mismatch,ours_fuzzy_suspect,,Payment of long-term debt,-1.276,2020,fuzzy,mapped,CAD,
SWP,TSX,2019,2019,balance_sheet,OtherCurrentAssets,Other Current Assets,money,16.479,2.719,83.5,mismatch,ours_derived_diff,,,,,,derived,CAD,
ELD,TSX,2014,2014,income_statement,EBITDA,EBITDA,money,70.683,493.661,83.488,mismatch,ours_derived_diff,0.8672,,,,,derived,USD,CAD
HMM.A,TSX,2019,2019,income_statement,OperatingIncome,Operating Income,money,45.234,7.489,83.444,mismatch,ours_derived_diff,,,,,,derived,CAD,
ADW.A,TSX,2009,2009,income_statement,OperatingIncome,Operating Income,money,93.691,15.512,83.443,mismatch,ours_derived_diff,,,,,,derived,CAD,
ERD,TSX,2016,2016,income_statement,DilutedAverageShares,Shares Outstanding (Diluted Average),shares,117.127676,19.521,83.334,mismatch,ours_derived_diff,,,,,,,CAD,
ERD,TSX,2017,2017,income_statement,DilutedAverageShares,Shares Outstanding (Diluted Average),shares,142.916756,23.819,83.334,mismatch,ours_derived_diff,,,,,,,CAD,
ERD,TSX,2012,2012,income_statement,DilutedAverageShares,Shares Outstanding (Diluted Average),shares,48.094528,8.016,83.333,mismatch,ours_derived_diff,,,,,,,CAD,
ERD,TSX,2013,2013,income_statement,DilutedAverageShares,Shares Outstanding (Diluted Average),shares,58.704258,9.784,83.333,mismatch,ours_derived_diff,,,,,,,CAD,
ERD,TSX,2014,2014,income_statement,DilutedAverageShares,Shares Outstanding (Diluted Average),shares,74.255417,12.376,83.333,mismatch,ours_derived_diff,,,,,,,CAD,
ERD,TSX,2015,2015,income_statement,DilutedAverageShares,Shares Outstanding (Diluted Average),shares,92.590453,15.432,83.333,mismatch,ours_derived_diff,,,,,,,CAD,
ERD,TSX,2011,2011,income_statement,DilutedAverageShares,Shares Outstanding (Diluted Average),shares,45.363318,7.561,83.332,mismatch,ours_derived_diff,,,,,,,CAD,
MFI,TSX,2014,2014,balance_sheet,OtherCurrentAssets,Other Current Assets,money,127.007,21.264,83.258,mismatch,ours_derived_diff,,,,,,derived,CAD,
HMM.A,TSX,2014,2014,cash_flow,NetIssuancePaymentsOfDebt,Net Issuance of Debt,money,-0.685,-4.074,83.186,mismatch,ours_derived_diff,,,,,,derived,CAD,
HMM.A,TSX,2014,2014,cash_flow,RepaymentOfDebt,Payments of Debt,money,-0.685,-4.074,83.186,mismatch,ours_fuzzy_suspect,,Payment of long-term debt,-0.685,2016,fuzzy,mapped,CAD,
ERD,TSX,2010,2010,balance_sheet,GainsLossesNotAffectingRetainedEarnings,Accumulated other comprehensive income (loss),money,0.136603,0.023,83.163,mismatch,ours_fuzzy_suspect,,"Accumulated other comprehensive income (loss) (360,078)",0.136603,2012,fuzzy,mapped,CAD,
AAB,TSX,2022,2022,cash_flow,ChangeInWorkingCapital,Change In Working Capital,money,3.469734,0.586,83.111,mismatch,ours_derived_diff,,,,,,derived,CAD,
SWP,TSX,2023,2023,balance_sheet,LongTermDebtAndCapitalLeaseObligation,Long-Term Debt & Capital Lease Obligation,money,16.712,98.869,83.097,mismatch,ours_derived_diff,,,,,,derived,CAD,
CHR,TSX,2016,2016,balance_sheet,OtherCurrentAssets,Other Current Assets,money,95.922,16.262,83.047,mismatch,ours_derived_diff,,,,,,derived,CAD,
HMM.A,TSX,2019,2019,cash_flow,NetIssuancePaymentsOfDebt,Net Issuance of Debt,money,-1.276,-7.516,83.023,mismatch,ours_derived_diff,,,,,,derived,CAD,
GRN,TSX,2025,2025,balance_sheet,OtherReceivables,Other Current Receivables,money,0.563,3.314,83.011,mismatch,ours_derived_diff,,,,,,from_notes,CAD,
TPX.B,TSX,2010,2010,cash_flow,SaleOfPPE,"Sale Of Property, Plant, Equipment",money,0.9,5.242,82.831,mismatch,ours_fuzzy_suspect,,"Proceeds from disposal of property, plant and equipment",0.9,2012,fuzzy,mapped,CAD,
CDR,TSX,2017,2017,income_statement,GrossProfit,Gross Profit,money,5.484,0.942,82.823,mismatch,ours_derived_diff,,,,,,derived,CAD,
CVVY,TSX,2023,2023,income_statement,EBIT,EBIT,money,5.128,29.847,82.819,mismatch,ours_derived_diff,,,,,,derived,CAD,
K,TSX,2023,2023,income_statement,PretaxIncome,Pretax Income,money,122.2,950.658,82.755,mismatch,ours_derived_diff,0.7454,,,,,derived,FX x1.06,CAD
TXG,TSX,2017,2017,income_statement,GrossProfit,Gross Profit,money,314.9,69.846,82.63,mismatch,ours_derived_diff,0.7831,,,,,derived,USD,CAD
TXG,TSX,2024,2024,balance_sheet,Receivables,Total Receivables,money,14.7,120.387,82.604,mismatch,ours_derived_diff,0.7019,,,,,derived,USD,CAD
CHR,TSX,2025,2025,balance_sheet,OtherCurrentAssets,Other Current Assets,money,148.891,25.934,82.582,mismatch,ours_derived_diff,,,,,,derived,CAD,
WPK,TSX,2011,2011,cash_flow,ChangeInWorkingCapital,Change In Working Capital,money,-9.104,-1.589,82.546,mismatch,ours_derived_diff,,,,,,derived,USD,
OGD,TSX,2016,2016,cash_flow,NetIssuancePaymentsOfDebt,Net Issuance of Debt,money,-0.4,-2.274,82.41,mismatch,ours_derived_diff,,,,,,derived,CAD,
CPX,TSX,2009,2009,income_statement,NetIncomeFromContinuingAndDiscontinuedOperation,Net Income Including Noncontrolling Interests,money,21.0,119.0,82.353,mismatch,ours_derived_diff,,,,,,,CAD,
CPX,TSX,2009,2009,income_statement,NetIncomeContinuousOperations,Net Income (Continuing Operations),money,21.0,119.0,82.353,mismatch,ours_derived_diff,,,,,,derived,CAD,
ERD,TSX,2015,2015,income_statement,NetIncomeContinuousOperations,Net Income (Continuing Operations),money,-2.236342,-12.608,82.263,mismatch,ours_fuzzy_suspect,,Loss from continuing operations,-2.236342,2016,fuzzy,mapped,CAD,
CHR,TSX,2015,2015,balance_sheet,OtherCurrentAssets,Other Current Assets,money,98.904,17.547,82.259,mismatch,ours_derived_diff,,,,,,derived,CAD,
MRT.UN,TSX,2023,2023,income_statement,EBITDA,EBITDA,money,-74.369,-13.221,82.222,mismatch,ours_derived_diff,,,,,,derived,CAD,
HMM.A,TSX,2018,2018,income_statement,OperatingIncome,Operating Income,money,43.055,7.684,82.153,mismatch,ours_derived_diff,,,,,,derived,CAD,
MRT.UN,TSX,2023,2023,income_statement,EBIT,EBIT,money,-74.445,-13.297,82.138,mismatch,ours_derived_diff,,,,,,derived,CAD,
CHR,TSX,2015,2015,income_statement,GrossProfit,Gross Profit,money,1544.681,276.821,82.079,mismatch,ours_derived_diff,,,,,,derived,CAD,
MRT.UN,TSX,2015,2015,cash_flow,NetIssuancePaymentsOfDebt,Net Issuance of Debt,money,-4.927,-27.466,82.061,mismatch,ours_derived_diff,,,,,,derived,CAD,
K,TSX,2021,2021,income_statement,PretaxIncome,Pretax Income,money,469.4,107.904,82.041,mismatch,ours_fuzzy_suspect,0.7812,Earnings before tax,469.4,2022,fuzzy,mapped,FX x1.06,CAD
HMM.A,TSX,2015,2015,income_statement,OperatingIncome,Operating Income,money,36.851,6.625,82.022,mismatch,ours_derived_diff,,,,,,derived,CAD,
ELD,TSX,2012,2012,income_statement,EBITDA,EBITDA,money,100.492,558.313,82.001,mismatch,ours_derived_diff,,,,,,derived,USD,
BKI,TSX,2018,2018,balance_sheet,CashCashEquivalentsAndShortTermInvestments,"Cash, Cash Equivalents, Marketable Securities",money,0.112205,0.832,81.88,mismatch,ours_derived_diff,0.7443,,,,,derived,USD,CAD
ELD,TSX,2018,2018,income_statement,GrossProfit,Gross Profit,money,459.016,112.119,81.821,mismatch,ours_derived_diff,0.7443,,,,,derived,USD,CAD
ELD,TSX,2018,2018,balance_sheet,OtherCurrentAssets,Other Current Assets,money,87.929,21.554,81.756,mismatch,ours_derived_diff,0.7443,,,,,derived,USD,CAD
HMM.A,TSX,2010,2010,balance_sheet,CurrentDebtAndCapitalLeaseObligation,Short-Term Debt & Capital Lease Obligation,money,1.417,7.762,81.744,mismatch,ours_derived_diff,,,,,,derived,CAD,
LULU,TSX,2025,2025,cash_flow,ChangeInWorkingCapital,Change In Working Capital,money,-283.292,-74.672,81.681,mismatch,ours_derived_diff,0.695,,,,,derived,USD,CAD
HMM.A,TSX,2014,2014,income_statement,OperatingIncome,Operating Income,money,32.157,5.926,81.572,mismatch,ours_derived_diff,,,,,,derived,CAD,
SWP,TSX,2015,2015,cash_flow,FreeCashFlow,Free Cash Flow,money,2.683,0.496,81.513,mismatch,ours_derived_diff,,,,,,derived,CAD,
PDV,TSX,2011,2011,income_statement,PretaxIncome,Pretax Income,money,-0.17121,-0.912,81.227,mismatch,ours_derived_diff,,,,,,derived,,
PDV,TSX,2011,2011,income_statement,NetIncomeFromContinuingAndDiscontinuedOperation,Net Income Including Noncontrolling Interests,money,-0.17121,-0.912,81.227,mismatch,ours_derived_diff,,,,,,,,
PDV,TSX,2011,2011,income_statement,NetIncomeContinuousOperations,Net Income (Continuing Operations),money,-0.17121,-0.912,81.227,mismatch,ours_derived_diff,,,,,,derived,,
HMM.A,TSX,2009,2009,balance_sheet,CurrentDebtAndCapitalLeaseObligation,Short-Term Debt & Capital Lease Obligation,money,1.417,7.529,81.179,mismatch,ours_derived_diff,,,,,,derived,CAD,
TXG,TSX,2021,2021,balance_sheet,OtherCurrentAssets,Other Current Assets,money,74.9,18.048,81.175,mismatch,ours_derived_diff,0.7812,,,,,derived,USD,CAD
WPK,TSX,2025,2025,balance_sheet,OtherCurrentAssets,Other Current Assets,money,1.776,13.011,81.17,mismatch,ours_derived_diff,0.7249,,,,,derived,USD,CAD
ERD,TSX,2019,2019,cash_flow,FreeCashFlow,Free Cash Flow,money,-1.58277,-8.398,81.153,mismatch,ours_derived_diff,,,,,,derived,CAD,
BRY,TSX,2015,2015,balance_sheet,OtherCurrentAssets,Other Current Assets,money,5.01043,0.949,81.06,mismatch,ours_derived_diff,,,,,,derived,CAD,
BRY,TSX,2018,2018,income_statement,OperatingIncome,Operating Income,money,-7.139648,-1.357,80.993,mismatch,ours_derived_diff,,,,,,derived,CAD,
ADW.A,TSX,2009,2009,cash_flow,FreeCashFlow,Free Cash Flow,money,-10.002,-1.911,80.894,mismatch,ours_derived_diff,,,,,,derived,CAD,
MRT.UN,TSX,2024,2024,cash_flow,RepaymentOfDebt,Payments of Debt,money,-90.0,-470.762,80.882,mismatch,ours_fuzzy_suspect,,Repayment of bank indebtedness 10,-90.0,2026,fuzzy,mapped,CAD,
ALA,TSX,2017,2017,balance_sheet,OtherCurrentAssets,Other Current Assets,money,473.5,90.6,80.866,mismatch,ours_derived_diff,,,,,,derived,,
ERD,TSX,2020,2020,cash_flow,FreeCashFlow,Free Cash Flow,money,-2.156959,-11.206,80.752,mismatch,ours_derived_diff,,,,,,derived,CAD,
HMM.A,TSX,2024,2024,income_statement,DepreciationAmortizationDepletion,"Depreciation, Depletion and Amortization",money,1.893,9.818,80.719,mismatch,ours_derived_diff,,,,,,,CAD,
CHR,TSX,2022,2022,income_statement,EBITDA,EBITDA,money,73.85,381.353,80.635,mismatch,ours_derived_diff,,,,,,derived,CAD,
TPX.B,TSX,2013,2013,cash_flow,ChangeInWorkingCapital,Change In Working Capital,money,34.4,175.437,80.392,mismatch,ours_derived_diff,,,,,,derived,CAD,
K,TSX,2017,2017,cash_flow,ChangeInWorkingCapital,Change In Working Capital,money,-135.2,-33.966,80.325,mismatch,ours_derived_diff,0.7831,,,,,derived,FX x1.06,CAD
ELD,TSX,2022,2022,income_statement,GrossProfit,Gross Profit,money,871.984,233.241,80.31,mismatch,ours_derived_diff,0.7361,,,,,derived,USD,CAD
MFI,TSX,2019,2019,balance_sheet,CurrentDebtAndCapitalLeaseObligation,Short-Term Debt & Capital Lease Obligation,money,204.912,40.404,80.282,mismatch,ours_derived_diff,,,,,,derived,CAD,
GRN,TSX,2022,2022,balance_sheet,OtherCurrentAssets,Other Current Assets,money,14.993,2.96,80.257,mismatch,ours_derived_diff,,,,,,derived,CAD,
ALA,TSX,2021,2021,balance_sheet,OtherCurrentAssets,Other Current Assets,money,1779.0,352.0,80.214,mismatch,ours_derived_diff,,,,,,derived,,
SFD,TSX,2023,2023,balance_sheet,CurrentDebtAndCapitalLeaseObligation,Short-Term Debt & Capital Lease Obligation,money,0.454624,2.297,80.208,mismatch,ours_derived_diff,,,,,,derived,CAD,
OGD,TSX,2020,2020,balance_sheet,CashCashEquivalentsAndShortTermInvestments,"Cash, Cash Equivalents, Marketable Securities",money,0.996,4.996,80.064,mismatch,ours_derived_diff,,,,,,derived,CAD,
BAMI,TSX,2024,2024,income_statement,EBITDA,EBITDA,money,17.508,87.761,80.05,mismatch,ours_derived_diff,,,,,,derived,CAD,
CPX,TSX,2009,2009,cash_flow,ChangeInWorkingCapital,Change In Working Capital,money,2.0,10.0,80.0,mismatch,ours_fuzzy_suspect,,Change in non-cash working capital (note 18),5.0,2011,fuzzy,mapped,CAD,
ADW.A,TSX,2010,2010,income_statement,OperatingIncome,Operating Income,money,96.324,19.363,79.898,mismatch,ours_derived_diff,,,,,,derived,CAD,
ADW.A,TSX,2026,2026,cash_flow,ChangeInWorkingCapital,Change In Working Capital,money,2.398,11.921,79.884,mismatch,ours_derived_diff,,,,,,derived,CAD,
CVVY,TSX,2021,2021,income_statement,EBITDA,EBITDA,money,8.652,42.105,79.451,mismatch,ours_derived_diff,,,,,,derived,CAD,
BKI,TSX,2017,2017,balance_sheet,CashCashEquivalentsAndShortTermInvestments,"Cash, Cash Equivalents, Marketable Securities",money,0.838278,5.192,79.387,mismatch,ours_derived_diff,0.7833,,,,,derived,USD,CAD
ALA,TSX,2017,2017,cash_flow,NetIssuancePaymentsOfDebt,Net Issuance of Debt,money,-861.6,-177.7,79.376,mismatch,ours_derived_diff,,,,,,derived,,
ELD,TSX,2019,2019,income_statement,GrossProfit,Gross Profit,money,617.823,168.516,79.288,mismatch,ours_derived_diff,0.7594,,,,,derived,USD,CAD
TXG,TSX,2019,2019,balance_sheet,OtherCurrentAssets,Other Current Assets,money,48.1,13.17,79.208,mismatch,ours_derived_diff,0.7594,,,,,derived,USD,CAD
GFP,TSX,2012,2012,income_statement,DilutedAverageShares,Shares Outstanding (Diluted Average),shares,51.5926,10.728,79.206,mismatch,ours_derived_diff,,,,,,derived,CAD,
MRT.UN,TSX,2019,2019,income_statement,EBIT,EBIT,money,14.84,71.193,79.155,mismatch,ours_derived_diff,,,,,,derived,CAD,
ALA,TSX,2022,2022,income_statement,GrossProfit,Gross Profit,money,14087.0,2949.0,79.066,mismatch,ours_derived_diff,,,,,,derived,,
MRT.UN,TSX,2019,2019,income_statement,EBITDA,EBITDA,money,14.923,71.276,79.063,mismatch,ours_derived_diff,,,,,,derived,CAD,
MFI,TSX,2011,2011,balance_sheet,OtherCurrentAssets,Other Current Assets,money,117.742,24.688,79.032,mismatch,ours_derived_diff,,,,,,derived,CAD,
HMM.A,TSX,2021,2021,income_statement,OperatingIncome,Operating Income,money,56.001,11.758,79.004,mismatch,ours_derived_diff,,,,,,derived,CAD,
ALA,TSX,2020,2020,balance_sheet,OtherCurrentAssets,Other Current Assets,money,1829.0,385.0,78.95,mismatch,ours_derived_diff,,,,,,derived,,
ALA,TSX,2010,2010,cash_flow,NetIssuancePaymentsOfDebt,Net Issuance of Debt,money,-101.733,-483.23,78.947,mismatch,ours_derived_diff,,,,,,derived,,
CPX,TSX,2018,2018,cash_flow,FreeCashFlow,Free Cash Flow,money,450.0,95.0,78.889,mismatch,ours_derived_diff,,,,,,derived,CAD,
GRN,TSX,2023,2023,balance_sheet,OtherCurrentAssets,Other Current Assets,money,15.434,3.268,78.826,mismatch,ours_derived_diff,,,,,,derived,CAD,
GRN,TSX,2021,2021,balance_sheet,OtherCurrentAssets,Other Current Assets,money,12.369,2.625,78.778,mismatch,ours_derived_diff,,,,,,derived,CAD,
TXG,TSX,2024,2024,balance_sheet,OtherCurrentAssets,Other Current Assets,money,88.7,26.927,78.692,mismatch,ours_derived_diff,0.7019,,,,,derived,USD,CAD
BRY,TSX,2013,2013,balance_sheet,OtherReceivables,Other Current Receivables,money,0.487457,2.285,78.667,mismatch,ours_derived_diff,,,,,,from_notes,CAD,
GFP,TSX,2021,2021,income_statement,EBITDA,EBITDA,money,-6.011,-1.288,78.573,mismatch,ours_derived_diff,,,,,,derived,CAD,
NFI,TSX,2024,2024,balance_sheet,OtherCurrentAssets,Other Current Assets,money,6.937,45.988,78.509,mismatch,ours_fuzzy_suspect,0.7019,"Other current asset (note 5, 27a)",6.937,2026,fuzzy,mapped,USD,CAD
BAMI,TSX,2025,2025,income_statement,EBITDA,EBITDA,money,20.547,95.262,78.431,mismatch,ours_derived_diff,,,,,,derived,CAD,
NFI,TSX,2012,2012,balance_sheet,CurrentDebtAndCapitalLeaseObligation,Short-Term Debt & Capital Lease Obligation,money,9.0,41.465,78.295,mismatch,ours_derived_diff,,,,,,derived,USD,
NFI,TSX,2025,2025,balance_sheet,LongTermDebtAndCapitalLeaseObligation,Long-Term Debt & Capital Lease Obligation,money,268.419,1701.649,78.24,mismatch,ours_derived_diff,0.7249,,,,,derived,USD,CAD
SWP,TSX,2024,2024,balance_sheet,LongTermDebtAndCapitalLeaseObligation,Long-Term Debt & Capital Lease Obligation,money,14.948,68.505,78.18,mismatch,ours_derived_diff,,,,,,derived,CAD,
GFP,TSX,2024,2024,cash_flow,ChangeInWorkingCapital,Change In Working Capital,money,3.214,14.722,78.169,mismatch,ours_derived_diff,,,,,,derived,CAD,
TPX.B,TSX,2010,2010,balance_sheet,OtherCurrentAssets,Other Current Assets,money,363.6,79.437,78.153,mismatch,ours_derived_diff,,,,,,derived,CAD,
BRY,TSX,2010,2010,balance_sheet,OtherCurrentAssets,Other Current Assets,money,22.968359,5.026,78.118,mismatch,ours_derived_diff,,,,,,derived,CAD,
GRN,TSX,2019,2019,balance_sheet,AccountsPayable,Accounts Payable & Accrued Expense,money,0.978,4.456,78.052,mismatch,ours_derived_diff,,,,,,from_notes,CAD,
MRT.UN,TSX,2024,2024,cash_flow,FreeCashFlow,Free Cash Flow,money,55.189,12.124,78.032,mismatch,ours_derived_diff,,,,,,derived,CAD,
GFP,TSX,2010,2010,income_statement,DilutedAverageShares,Shares Outstanding (Diluted Average),shares,48.56085,10.702,77.962,mismatch,ours_derived_diff,,,,,,derived,CAD,
DII.A,TSX,2021,2021,income_statement,NetIncomeContinuousOperations,Net Income (Continuing Operations),money,-31.624,-143.149,77.908,mismatch,ours_derived_diff,,,,,,derived,USD,
ELD,TSX,2024,2024,balance_sheet,OtherCurrentAssets,Other Current Assets,money,346.346,109.329,77.843,mismatch,ours_derived_diff,0.7019,,,,,derived,USD,CAD
ALA,TSX,2023,2023,income_statement,GrossProfit,Gross Profit,money,12997.0,2885.0,77.803,mismatch,ours_derived_diff,,,,,,derived,,
AAB,TSX,2020,2020,cash_flow,FreeCashFlow,Free Cash Flow,money,-1.885517,-0.419,77.778,mismatch,ours_derived_diff,,,,,,derived,CAD,
CDR,TSX,2017,2017,balance_sheet,Receivables,Total Receivables,money,0.976,4.391,77.773,mismatch,ours_derived_diff,,,,,,derived,CAD,
K,TSX,2017,2017,cash_flow,FreeCashFlow,Free Cash Flow,money,242.5,68.953,77.732,mismatch,ours_derived_diff,0.7831,,,,,derived,FX x1.06,CAD
CVVY,TSX,2016,2016,balance_sheet,GainsLossesNotAffectingRetainedEarnings,Accumulated other comprehensive income (loss),money,0.287,1.287,77.7,mismatch,ours_fuzzy_suspect,,Accumulated other comprenhensive income 1 583,0.287,2018,fuzzy,mapped,CAD,
DII.A,TSX,2024,2024,income_statement,EBITDA,EBITDA,money,-104.758,-33.341,77.661,mismatch,ours_derived_diff,0.7019,,,,,derived,USD,CAD
ERD,TSX,2010,2010,balance_sheet,OtherCurrentAssets,Other Current Assets,money,0.313165,0.07,77.648,mismatch,ours_derived_diff,,,,,,derived,CAD,
MFI,TSX,2010,2010,balance_sheet,GainsLossesNotAffectingRetainedEarnings,Accumulated other comprehensive income (loss),money,-5.055,-22.585,77.618,mismatch,ours_fuzzy_suspect,,"Accumulated other comprehensive loss (Note 15) (17,042)",-5.055,2012,fuzzy,mapped,CAD,
LAS.A,TSX,2011,2011,balance_sheet,CurrentDebtAndCapitalLeaseObligation,Short-Term Debt & Capital Lease Obligation,money,6.835,30.532,77.614,mismatch,ours_derived_diff,,,,,,derived,CAD,
CHR,TSX,2016,2016,income_statement,GrossProfit,Gross Profit,money,1276.854,287.877,77.454,mismatch,ours_derived_diff,,,,,,derived,CAD,
GFP,TSX,2009,2009,income_statement,DilutedAverageShares,Shares Outstanding (Diluted Average),shares,28.762845,6.509,77.37,mismatch,ours_derived_diff,,,,,,derived,CAD,
GFP,TSX,2011,2011,income_statement,DilutedAverageShares,Shares Outstanding (Diluted Average),shares,47.12696,10.719,77.255,mismatch,ours_derived_diff,,,,,,derived,CAD,
OGD,TSX,2023,2023,income_statement,OperatingIncome,Operating Income,money,0.429,1.886,77.253,mismatch,ours_derived_diff,,,,,,derived,CAD,
DII.A,TSX,2019,2019,cash_flow,NetIssuancePaymentsOfDebt,Net Issuance of Debt,money,-162.361,-48.653,77.245,mismatch,ours_derived_diff,0.7594,,,,,derived,USD,CAD
ERD,TSX,2017,2017,cash_flow,FreeCashFlow,Free Cash Flow,money,-2.578572,-11.269,77.118,mismatch,ours_derived_diff,,,,,,derived,CAD,
K,TSX,2012,2012,cash_flow,FreeCashFlow,Free Cash Flow,money,-124.3,-542.608,77.092,mismatch,ours_derived_diff,,,,,,derived,USD,
LAS.A,TSX,2008,2008,cash_flow,FreeCashFlow,Free Cash Flow,money,31.873,7.31,77.065,mismatch,ours_derived_diff,,,,,,derived,CAD,
OGD,TSX,2022,2022,income_statement,OperatingIncome,Operating Income,money,-3.409,-0.782,77.061,mismatch,ours_derived_diff,,,,,,derived,CAD,
GFP,TSX,2020,2020,income_statement,DilutedAverageShares,Shares Outstanding (Diluted Average),shares,22.5,5.167,77.036,mismatch,ours_derived_diff,,,,,,derived,CAD,
OGD,TSX,2025,2025,balance_sheet,OtherCurrentAssets,Other Current Assets,money,2.78,0.644,76.835,mismatch,ours_derived_diff,,,,,,derived,CAD,
CHR,TSX,2014,2014,balance_sheet,OtherCurrentAssets,Other Current Assets,money,86.263,20.037,76.772,mismatch,ours_derived_diff,,,,,,derived,CAD,
MRT.UN,TSX,2016,2016,balance_sheet,Receivables,Total Receivables,money,15.172,65.172,76.72,mismatch,ours_derived_diff,,,,,,derived,CAD,
CHR,TSX,2017,2017,income_statement,GrossProfit,Gross Profit,money,1355.141,316.88,76.616,mismatch,ours_derived_diff,,,,,,derived,CAD,
NFI,TSX,2018,2018,balance_sheet,OtherCurrentAssets,Other Current Assets,money,44.549,14.019,76.579,mismatch,ours_derived_diff,0.7443,,,,,derived,USD,CAD
GFP,TSX,2008,2008,income_statement,DilutedAverageShares,Shares Outstanding (Diluted Average),shares,21.50955,5.057,76.49,mismatch,ours_derived_diff,,,,,,derived,CAD,
K,TSX,2018,2018,balance_sheet,OtherCurrentAssets,Other Current Assets,money,196.9,62.209,76.485,mismatch,ours_derived_diff,0.7443,,,,,derived,FX x1.06,CAD
ALA,TSX,2016,2016,cash_flow,NetIssuancePaymentsOfDebt,Net Issuance of Debt,money,-884.3,-208.4,76.433,mismatch,ours_derived_diff,,,,,,derived,,
SFD,TSX,2021,2021,cash_flow,NetIssuancePaymentsOfDebt,Net Issuance of Debt,money,0.201891,0.849,76.22,mismatch,ours_derived_diff,,,,,,derived,CAD,
MFI,TSX,2016,2016,balance_sheet,OtherCurrentAssets,Other Current Assets,money,146.654,35.209,75.992,mismatch,ours_derived_diff,,,,,,derived,CAD,
CPX,TSX,2009,2009,income_statement,PretaxIncome,Pretax Income,money,31.0,129.0,75.969,mismatch,ours_derived_diff,,,,,,derived,CAD,
NFI,TSX,2017,2017,balance_sheet,GainsLossesNotAffectingRetainedEarnings,Accumulated other comprehensive income (loss),money,-3.034,-12.611,75.942,mismatch,ours_fuzzy_suspect,,"Accumulated other comprehensive loss (9,876)",-3.034,2018,fuzzy,mapped,USD,
TXG,TSX,2017,2017,balance_sheet,OtherCurrentAssets,Other Current Assets,money,43.6,13.408,75.916,mismatch,ours_derived_diff,0.7831,,,,,derived,USD,CAD
CVVY,TSX,2018,2018,income_statement,EBITDA,EBITDA,money,-8.192,-33.879,75.82,mismatch,ours_derived_diff,,,,,,derived,CAD,
MRT.UN,TSX,2018,2018,cash_flow,FreeCashFlow,Free Cash Flow,money,93.474,22.654,75.764,mismatch,ours_derived_diff,,,,,,derived,CAD,
NFI,TSX,2017,2017,balance_sheet,CurrentDebtAndCapitalLeaseObligation,Short-Term Debt & Capital Lease Obligation,money,77.0,18.672,75.751,mismatch,ours_derived_diff,,,,,,derived,USD,
CVVY,TSX,2017,2017,income_statement,OperatingIncome,Operating Income,money,-1.459,-5.992,75.651,mismatch,ours_derived_diff,,,,,,derived,CAD,
TXG,TSX,2018,2018,income_statement,GrossProfit,Gross Profit,money,442.9,145.378,75.57,mismatch,ours_derived_diff,0.7443,,,,,derived,USD,CAD
AAB,TSX,2009,2009,balance_sheet,Receivables,Total Receivables,money,5.321143,21.683,75.459,mismatch,ours_derived_diff,,,,,,derived,CAD,
BRY,TSX,2025,2025,income_statement,OperatingIncome,Operating Income,money,10.297386,2.535,75.382,mismatch,ours_derived_diff,,,,,,derived,CAD,
ERD,TSX,2011,2011,income_statement,GrossProfit,Gross Profit,money,-4.283816,-1.059,75.279,mismatch,ours_derived_diff,,,,,,derived,CAD,
BAMI,TSX,2024,2024,balance_sheet,AccountsPayable,Accounts Payable & Accrued Expense,money,10.144,40.893,75.194,mismatch,ours_derived_diff,,,,,,from_notes,CAD,
BRY,TSX,2015,2015,income_statement,OperatingIncome,Operating Income,money,-14.323331,-3.554,75.187,mismatch,ours_derived_diff,,,,,,derived,CAD,
ELD,TSX,2017,2017,balance_sheet,OtherCurrentAssets,Other Current Assets,money,76.416,24.334,75.061,mismatch,ours_derived_diff,0.7831,,,,,derived,USD,CAD
TXG,TSX,2019,2019,income_statement,GrossProfit,Gross Profit,money,640.8,211.889,74.891,mismatch,ours_derived_diff,0.7594,,,,,derived,USD,CAD
ELD,TSX,2014,2014,balance_sheet,Receivables,Total Receivables,money,19.771,90.781,74.885,mismatch,ours_derived_diff,0.8672,,,,,derived,USD,CAD
ALA,TSX,2019,2019,balance_sheet,OtherCurrentAssets,Other Current Assets,money,1633.5,411.0,74.839,mismatch,ours_derived_diff,,,,,,derived,,
ADW.A,TSX,2025,2025,income_statement,OperatingIncome,Operating Income,money,155.571,39.186,74.812,mismatch,ours_derived_diff,,,,,,derived,CAD,
CPX,TSX,2009,2009,income_statement,EBITDA,EBITDA,money,65.0,258.0,74.806,mismatch,ours_derived_diff,,,,,,derived,CAD,
NFI,TSX,2019,2019,cash_flow,DepreciationAndAmortization,"Cash Flow Depreciation, Depletion and Amortization",money,34.956,137.708,74.616,mismatch,ours_derived_diff,,,,,,,USD,
CVVY,TSX,2018,2018,income_statement,NetIncomeFromContinuingAndDiscontinuedOperation,Net Income Including Noncontrolling Interests,money,-8.871,-34.915,74.593,mismatch,ours_derived_diff,,,,,,,CAD,
CVVY,TSX,2018,2018,income_statement,NetIncomeContinuousOperations,Net Income (Continuing Operations),money,-8.871,-34.915,74.593,mismatch,ours_derived_diff,,,,,,derived,CAD,
CHR,TSX,2013,2013,balance_sheet,OtherCurrentAssets,Other Current Assets,money,103.107,26.216,74.574,mismatch,ours_derived_diff,,,,,,derived,CAD,
CVVY,TSX,2018,2018,income_statement,PretaxIncome,Pretax Income,money,-8.892,-34.936,74.548,mismatch,ours_derived_diff,,,,,,derived,CAD,
CDR,TSX,2015,2015,income_statement,EBITDA,EBITDA,money,-2.48,-9.741,74.541,mismatch,ours_derived_diff,,,,,,derived,CAD,
MFI,TSX,2018,2018,balance_sheet,OtherCurrentAssets,Other Current Assets,money,149.715,38.222,74.47,mismatch,ours_derived_diff,,,,,,derived,CAD,
DII.A,TSX,2010,2010,balance_sheet,CurrentDebtAndCapitalLeaseObligation,Short-Term Debt & Capital Lease Obligation,money,10.667,41.516,74.306,mismatch,ours_derived_diff,,,,,,derived,USD,
CVVY,TSX,2018,2018,income_statement,EBIT,EBIT,money,-8.892,-34.579,74.285,mismatch,ours_derived_diff,,,,,,derived,CAD,
ELD,TSX,2021,2021,balance_sheet,OtherCurrentAssets,Other Current Assets,money,68.745,22.828,74.057,mismatch,ours_derived_diff,0.7812,,,,,derived,USD,CAD
CDR,TSX,2019,2019,cash_flow,FreeCashFlow,Free Cash Flow,money,7.472,1.941,74.023,mismatch,ours_derived_diff,,,,,,derived,CAD,
OGD,TSX,2019,2019,income_statement,OperatingIncome,Operating Income,money,-3.816,-0.992,74.004,mismatch,ours_derived_diff,,,,,,derived,CAD,
BRY,TSX,2011,2011,balance_sheet,LongTermDebtAndCapitalLeaseObligation,Long-Term Debt & Capital Lease Obligation,money,2.151281,0.56,73.969,mismatch,ours_derived_diff,,,,,,derived,CAD,
ALA,TSX,2024,2024,income_statement,GrossProfit,Gross Profit,money,12448.0,3247.0,73.915,mismatch,ours_derived_diff,,,,,,derived,,
ADW.A,TSX,2019,2019,income_statement,OperatingIncome,Operating Income,money,151.259,39.48,73.899,mismatch,ours_derived_diff,,,,,,derived,CAD,
TXG,TSX,2017,2017,income_statement,OperatingIncome,Operating Income,money,54.7,18.26,73.857,mismatch,ours_fuzzy_suspect,0.7831,Earnings from mine operations $,54.7,2019,fuzzy,mapped,USD,CAD
MFI,TSX,2024,2024,balance_sheet,OtherCurrentAssets,Other Current Assets,money,248.678,65.111,73.817,mismatch,ours_derived_diff,,,,,,derived,CAD,
TPX.B,TSX,2013,2013,balance_sheet,TotalNonCurrentLiabilities,Total Long-Term Liabilities,money,1346.2,5094.592,73.576,mismatch,ours_derived_diff,,,,,,derived,CAD,
GFP,TSX,2023,2023,income_statement,TaxProvision,Tax Provision,money,5.995,1.586,73.545,mismatch,ours_derived_diff,,,,,,derived,CAD,
HMM.A,TSX,2015,2015,balance_sheet,CurrentDebtAndCapitalLeaseObligation,Short-Term Debt & Capital Lease Obligation,money,4.452,16.713,73.362,mismatch,ours_derived_diff,,,,,,derived,CAD,
ELD,TSX,2019,2019,balance_sheet,OtherCurrentAssets,Other Current Assets,money,91.056,31.948,73.357,mismatch,ours_derived_diff,0.7594,,,,,derived,USD,CAD
ALA,TSX,2016,2016,income_statement,GrossProfit,Gross Profit,money,315.6,1184.2,73.349,mismatch,ours_derived_diff,,,,,,derived,,
ELD,TSX,2016,2016,balance_sheet,Receivables,Total Receivables,money,11.053,55.246,73.313,mismatch,ours_derived_diff,0.7497,,,,,derived,USD,CAD
TXG,TSX,2022,2022,cash_flow,ChangeInWorkingCapital,Change In Working Capital,money,6.9,35.049,73.256,mismatch,ours_derived_diff,0.7361,,,,,derived,USD,CAD
ELD,TSX,2023,2023,income_statement,GrossProfit,Gross Profit,money,1008.501,362.319,73.221,mismatch,ours_derived_diff,0.7454,,,,,derived,USD,CAD
BRY,TSX,2019,2019,income_statement,EBIT,EBIT,money,-3.640607,-0.978,73.136,mismatch,ours_derived_diff,,,,,,derived,CAD,
ELD,TSX,2016,2016,balance_sheet,OtherCurrentAssets,Other Current Assets,money,48.794,17.525,73.074,mismatch,ours_derived_diff,0.7497,,,,,derived,USD,CAD
ADW.A,TSX,2026,2026,income_statement,OperatingIncome,Operating Income,money,166.471,44.918,73.018,mismatch,ours_derived_diff,,,,,,derived,CAD,
CPX,TSX,2022,2022,cash_flow,FreeCashFlow,Free Cash Flow,money,935.0,253.0,72.941,mismatch,ours_derived_diff,,,,,,derived,CAD,
ALA,TSX,2021,2021,income_statement,GrossProfit,Gross Profit,money,10573.0,2865.0,72.903,mismatch,ours_derived_diff,,,,,,derived,,
TPX.B,TSX,2012,2012,balance_sheet,OtherCurrentAssets,Other Current Assets,money,572.1,155.102,72.889,mismatch,ours_derived_diff,,,,,,derived,CAD,
MRT.UN,TSX,2010,2010,income_statement,DilutedAverageShares,Shares Outstanding (Diluted Average),shares,17.4364,64.257,72.865,mismatch,ours_derived_diff,,,,,,derived,CAD,
HMM.A,TSX,2022,2022,income_statement,OperatingIncome,Operating Income,money,71.631,19.457,72.837,mismatch,ours_derived_diff,,,,,,derived,CAD,
MFI,TSX,2023,2023,balance_sheet,OtherCurrentAssets,Other Current Assets,money,165.027,44.865,72.814,mismatch,ours_derived_diff,,,,,,derived,CAD,
HMM.A,TSX,2011,2011,cash_flow,IssuanceOfDebt,Issuance of Debt,money,1.303,4.775,72.712,mismatch,ours_fuzzy_suspect,,Increase of long-term debt,1.303,2012,fuzzy,mapped,CAD,
GFP,TSX,2012,2012,balance_sheet,GainsLossesNotAffectingRetainedEarnings,Accumulated other comprehensive income (loss),money,36.071952,9.879,72.613,mismatch,ours_fuzzy_suspect,,Accumulated Other Comprehensive Income total,36.071952,2013,fuzzy,mapped,CAD,
BKI,TSX,2024,2024,income_statement,OperatingIncome,Operating Income,money,-0.589983,-3.069,72.612,mismatch,ours_derived_diff,0.7019,,,,,derived,USD,CAD
SWP,TSX,2013,2013,income_statement,OperatingIncome,Operating Income,money,6.211,1.712,72.436,mismatch,ours_derived_diff,,,,,,derived,CAD,
TPX.B,TSX,2012,2012,balance_sheet,TotalNonCurrentLiabilities,Total Long-Term Liabilities,money,1537.5,5564.557,72.37,mismatch,ours_derived_diff,,,,,,derived,CAD,
CHR,TSX,2013,2013,balance_sheet,CurrentDebtAndCapitalLeaseObligation,Short-Term Debt & Capital Lease Obligation,money,31.354,113.245,72.313,mismatch,ours_derived_diff,,,,,,derived,CAD,
ADW.A,TSX,2020,2020,income_statement,OperatingIncome,Operating Income,money,156.193,43.326,72.261,mismatch,ours_derived_diff,,,,,,derived,CAD,
ADW.A,TSX,2017,2017,income_statement,OperatingIncome,Operating Income,money,124.606,34.687,72.163,mismatch,ours_derived_diff,,,,,,derived,CAD,
GFP,TSX,2011,2011,balance_sheet,OtherCurrentAssets,Other Current Assets,money,0.418214,0.117,72.024,mismatch,ours_derived_diff,,,,,,derived,CAD,
ALA,TSX,2017,2017,income_statement,EBIT,EBIT,money,66.4,236.7,71.948,mismatch,ours_derived_diff,,,,,,derived,,
SWP,TSX,2011,2011,income_statement,OperatingIncome,Operating Income,money,6.615,1.867,71.776,mismatch,ours_derived_diff,,,,,,derived,CAD,
CPX,TSX,2021,2021,cash_flow,FreeCashFlow,Free Cash Flow,money,867.0,245.0,71.742,mismatch,ours_derived_diff,,,,,,derived,CAD,
TXG,TSX,2013,2013,income_statement,EBITDA,EBITDA,money,-17.507,-61.797,71.67,mismatch,ours_derived_diff,,,,,,derived,USD,
ADW.A,TSX,2018,2018,income_statement,OperatingIncome,Operating Income,money,143.434,40.686,71.634,mismatch,ours_derived_diff,,,,,,derived,CAD,
ELD,TSX,2010,2010,cash_flow,CashDividendsPaid,Cash Flow for Dividends,money,-7.58,-26.57,71.472,mismatch,ours_fuzzy_suspect,,Dividend paid to non-controlling interests,-7.58,2012,fuzzy,mapped,USD,
OGD,TSX,2021,2021,income_statement,OperatingIncome,Operating Income,money,20.29,5.793,71.449,mismatch,ours_derived_diff,,,,,,derived,CAD,
SFD,TSX,2023,2023,balance_sheet,LongTermDebtAndCapitalLeaseObligation,Long-Term Debt & Capital Lease Obligation,money,0.712963,2.478,71.228,mismatch,ours_derived_diff,,,,,,derived,CAD,
GRN,TSX,2024,2024,income_statement,EBIT,EBIT,money,-0.131,-0.455,71.209,mismatch,ours_derived_diff,,,,,,derived,CAD,
K,TSX,2009,2009,income_statement,OperatingIncome,Operating Income,money,2349.8,680.585,71.036,mismatch,ours_derived_diff,,,,,,derived,USD,
ALA,TSX,2025,2025,income_statement,GrossProfit,Gross Profit,money,12705.0,3687.0,70.98,mismatch,ours_derived_diff,,,,,,derived,,
TXG,TSX,2013,2013,income_statement,EBIT,EBIT,money,-18.302,-62.642,70.783,mismatch,ours_derived_diff,,,,,,derived,USD,
NFI,TSX,2017,2017,cash_flow,FinancingCashFlow,Cash Flow from Financing,money,-136.968,-40.072,70.744,mismatch,ours_derived_diff,,,,,,derived,USD,
K,TSX,2008,2008,income_statement,OperatingIncome,Operating Income,money,1609.6,471.89,70.683,mismatch,ours_derived_diff,,,,,,derived,USD,
BRY,TSX,2025,2025,balance_sheet,OtherCurrentAssets,Other Current Assets,money,0.147453,0.502,70.627,mismatch,ours_derived_diff,,,,,,derived,CAD,
CDR,TSX,2025,2025,income_statement,GrossProfit,Gross Profit,money,69.538,20.427,70.625,mismatch,ours_derived_diff,,,,,,derived,CAD,
HMM.A,TSX,2021,2021,cash_flow,RepaymentOfDebt,Payments of Debt,money,-1.919,-6.505,70.5,mismatch,ours_fuzzy_suspect,,Payment of long-term debt,-1.919,2023,fuzzy,mapped,CAD,
BAMI,TSX,2024,2024,cash_flow,CapitalExpenditure,Capital Expenditure,money,-0.853,-2.89,70.484,mismatch,ours_derived_diff,,,,,,derived,CAD,
TXG,TSX,2022,2022,balance_sheet,OtherCurrentAssets,Other Current Assets,money,65.7,26.354,70.473,mismatch,ours_derived_diff,0.7361,,,,,derived,USD,CAD
TPX.B,TSX,2013,2013,balance_sheet,Receivables,Total Receivables,money,229.4,774.519,70.382,mismatch,ours_derived_diff,,,,,,derived,CAD,
TXG,TSX,2025,2025,balance_sheet,OtherCurrentAssets,Other Current Assets,money,88.4,36.142,70.363,mismatch,ours_derived_diff,0.7249,,,,,derived,USD,CAD
TPX.B,TSX,2011,2011,balance_sheet,OtherCurrentAssets,Other Current Assets,money,365.6,108.389,70.353,mismatch,ours_derived_diff,,,,,,derived,CAD,
HMM.A,TSX,2023,2023,income_statement,DepreciationAmortizationDepletion,"Depreciation, Depletion and Amortization",money,2.506,8.449,70.34,mismatch,ours_derived_diff,,,,,,,CAD,
MRT.UN,TSX,2023,2023,cash_flow,NetIssuancePaymentsOfDebt,Net Issuance of Debt,money,-43.885,-13.02,70.332,mismatch,ours_derived_diff,,,,,,derived,CAD,
CHR,TSX,2022,2022,balance_sheet,OtherCurrentAssets,Other Current Assets,money,289.901,86.097,70.301,mismatch,ours_derived_diff,,,,,,derived,CAD,
CDR,TSX,2017,2017,cash_flow,FreeCashFlow,Free Cash Flow,money,-8.176,-27.448,70.213,mismatch,ours_derived_diff,,,,,,derived,CAD,
BRY,TSX,2021,2021,balance_sheet,CurrentDebtAndCapitalLeaseObligation,Short-Term Debt & Capital Lease Obligation,money,7.040192,23.45,69.978,mismatch,ours_derived_diff,,,,,,derived,CAD,
HMM.A,TSX,2018,2018,cash_flow,OperatingCashFlow,Cash Flow from Operations,money,4.505,1.354,69.945,mismatch,ours_fuzzy_suspect,,Cash generated from operating activities; Net cash generated (used) from operating activities,5.859,2020,fuzzy,mapped,CAD,
TFPM,TSX,2025,2025,cash_flow,FreeCashFlow,Free Cash Flow,money,312.832,129.967,69.884,mismatch,ours_derived_diff,0.7249,,,,,derived,USD,CAD
LAS.A,TSX,2014,2014,balance_sheet,CurrentDebtAndCapitalLeaseObligation,Short-Term Debt & Capital Lease Obligation,money,10.862,35.971,69.803,mismatch,ours_derived_diff,,,,,,derived,CAD,
BRY,TSX,2024,2024,balance_sheet,CurrentDebtAndCapitalLeaseObligation,Short-Term Debt & Capital Lease Obligation,money,7.295455,24.12,69.754,mismatch,ours_derived_diff,,,,,,derived,CAD,
CVVY,TSX,2017,2017,balance_sheet,TotalAssets,Total Assets,money,22.462,74.045,69.664,mismatch,ours_derived_diff,,,,,,derived,CAD,
TFPM,TSX,2023,2023,balance_sheet,OtherCurrentAssets,Other Current Assets,money,29.277,11.925,69.64,mismatch,ours_derived_diff,0.7454,,,,,derived,USD,CAD
ELD,TSX,2015,2015,cash_flow,ChangeInWorkingCapital,Change In Working Capital,money,29.393,132.751,69.637,mismatch,ours_fuzzy_suspect,0.7292,Changes in non-cash working capital 20,29.393,2016,fuzzy,mapped,USD,CAD
AAB,TSX,2025,2025,balance_sheet,Receivables,Total Receivables,money,0.135556,0.446,69.606,mismatch,ours_derived_diff,,,,,,derived,CAD,
ADW.A,TSX,2021,2021,income_statement,OperatingIncome,Operating Income,money,146.38,44.606,69.527,mismatch,ours_derived_diff,,,,,,derived,CAD,
CVVY,TSX,2022,2022,income_statement,OperatingIncome,Operating Income,money,36.247,118.65,69.45,mismatch,ours_derived_diff,,,,,,derived,CAD,
BRY,TSX,2011,2011,income_statement,DepreciationAmortizationDepletion,"Depreciation, Depletion and Amortization",money,0.44256,1.448,69.436,mismatch,ours_fuzzy_suspect,,Amortization on intangible assets,0.88512,2013,fuzzy,mapped,CAD,
BRY,TSX,2011,2011,cash_flow,DepreciationAndAmortization,"Cash Flow Depreciation, Depletion and Amortization",money,0.44256,1.448,69.436,mismatch,ours_derived_diff,,,,,,,CAD,
ADW.A,TSX,2025,2025,income_statement,EBITDA,EBITDA,money,17.627,57.569,69.381,mismatch,ours_derived_diff,,,,,,derived,CAD,
SWP,TSX,2022,2022,income_statement,EBIT,EBIT,money,2.697,8.773,69.258,mismatch,ours_derived_diff,,,,,,derived,CAD,
MFI,TSX,2022,2022,balance_sheet,OtherCurrentAssets,Other Current Assets,money,165.027,50.87,69.175,mismatch,ours_derived_diff,,,,,,derived,CAD,
TPX.B,TSX,2013,2013,balance_sheet,OtherCurrentAssets,Other Current Assets,money,556.7,172.458,69.021,mismatch,ours_derived_diff,,,,,,derived,CAD,
TFPM,TSX,2020,2020,balance_sheet,OtherCurrentAssets,Other Current Assets,money,32.121,12.749,69.014,mismatch,ours_derived_diff,0.7807,,,,,derived,USD,CAD
FTS,TSX,2016,2016,balance_sheet,OtherCurrentAssets,Other Current Assets,money,1525.0,474.0,68.918,mismatch,ours_derived_diff,,,,,,derived,CAD,
ELD,TSX,2021,2021,income_statement,GrossProfit,Gross Profit,money,940.914,374.743,68.885,mismatch,ours_derived_diff,0.7812,,,,,derived,USD,CAD
FTS,TSX,2010,2010,income_statement,EBITDA,EBITDA,money,363.0,1162.0,68.761,mismatch,ours_derived_diff,,,,,,derived,CAD,
GFP,TSX,2010,2010,balance_sheet,OtherCurrentAssets,Other Current Assets,money,0.415742,0.13,68.731,mismatch,ours_derived_diff,,,,,,derived,CAD,
SWP,TSX,2021,2021,balance_sheet,LongTermDebtAndCapitalLeaseObligation,Long-Term Debt & Capital Lease Obligation,money,19.926,63.362,68.552,mismatch,ours_derived_diff,,,,,,derived,CAD,
FTS,TSX,2009,2009,income_statement,EBITDA,EBITDA,money,335.0,1065.0,68.545,mismatch,ours_derived_diff,,,,,,derived,CAD,
CHR,TSX,2021,2021,balance_sheet,OtherCurrentAssets,Other Current Assets,money,209.765,66.276,68.405,mismatch,ours_derived_diff,,,,,,derived,CAD,
CHR,TSX,2023,2023,balance_sheet,OtherCurrentAssets,Other Current Assets,money,338.293,106.947,68.386,mismatch,ours_derived_diff,,,,,,derived,CAD,
SWP,TSX,2021,2021,cash_flow,FreeCashFlow,Free Cash Flow,money,-6.377,-20.093,68.263,mismatch,ours_derived_diff,,,,,,derived,CAD,
DII.A,TSX,2021,2021,balance_sheet,TotalLiabilities,Total Liabilities,money,564.172,1769.047,68.109,mismatch,ours_derived_diff,,,,,,derived,USD,
K,TSX,2021,2021,income_statement,MinorityInterests,Other Income (Minority Interest),money,0.8,3.2,68.0,mismatch,ours_fuzzy_suspect,0.7812,Non‐controlling interests $,5.0,2023,fuzzy,mapped,FX x1.06,CAD
GFP,TSX,2023,2023,income_statement,GrossProfit,Gross Profit,money,-6.32,-19.746,67.994,mismatch,ours_derived_diff,,,,,,derived,CAD,
ALA,TSX,2016,2016,balance_sheet,OtherCurrentAssets,Other Current Assets,money,498.6,159.8,67.95,mismatch,ours_derived_diff,,,,,,derived,,
MRT.UN,TSX,2015,2015,income_statement,EBIT,EBIT,money,26.617,83.021,67.939,mismatch,ours_derived_diff,,,,,,derived,CAD,
MRT.UN,TSX,2015,2015,income_statement,EBITDA,EBITDA,money,26.617,83.021,67.939,mismatch,ours_derived_diff,,,,,,derived,CAD,
BAMI,TSX,2025,2025,balance_sheet,AccountsPayable,Accounts Payable & Accrued Expense,money,20.799,64.785,67.895,mismatch,ours_derived_diff,,,,,,from_notes,CAD,
LAS.A,TSX,2012,2012,cash_flow,NetIssuancePaymentsOfDebt,Net Issuance of Debt,money,-12.212,-37.96,67.829,mismatch,ours_derived_diff,,,,,,derived,CAD,
BRY,TSX,2024,2024,income_statement,EBIT,EBIT,money,-4.974881,-1.601,67.818,mismatch,ours_derived_diff,,,,,,derived,CAD,
FTS,TSX,2014,2014,balance_sheet,OtherCurrentAssets,Other Current Assets,money,1236.0,398.0,67.799,mismatch,ours_derived_diff,,,,,,derived,CAD,
ELD,TSX,2017,2017,income_statement,GrossProfit,Gross Profit,money,391.406,161.007,67.785,mismatch,ours_derived_diff,0.7831,,,,,derived,USD,CAD
BRY,TSX,2021,2021,income_statement,OperatingIncome,Operating Income,money,8.808955,2.847,67.681,mismatch,ours_derived_diff,,,,,,derived,CAD,
GFP,TSX,2017,2017,income_statement,EBIT,EBIT,money,-0.992731,-0.321,67.665,mismatch,ours_derived_diff,,,,,,derived,CAD,
GFP,TSX,2017,2017,income_statement,EBITDA,EBITDA,money,-0.992731,-0.321,67.665,mismatch,ours_derived_diff,,,,,,derived,CAD,
CVVY,TSX,2016,2016,balance_sheet,OtherCurrentAssets,Other Current Assets,money,0.813,2.502,67.506,mismatch,ours_derived_diff,,,,,,derived,CAD,
ELD,TSX,2023,2023,balance_sheet,OtherCurrentAssets,Other Current Assets,money,154.043,67.249,67.46,mismatch,ours_derived_diff,0.7454,,,,,derived,USD,CAD
DII.A,TSX,2019,2019,balance_sheet,CurrentDebtAndCapitalLeaseObligation,Short-Term Debt & Capital Lease Obligation,money,40.58,163.969,67.408,mismatch,ours_derived_diff,0.7594,,,,,derived,USD,CAD
GFP,TSX,2007,2007,balance_sheet,CashCashEquivalentsAndShortTermInvestments,"Cash, Cash Equivalents, Marketable Securities",money,21.450475,6.997,67.381,mismatch,ours_derived_diff,,,,,,derived,CAD,
BRY,TSX,2011,2011,cash_flow,NetIssuancePaymentsOfDebt,Net Issuance of Debt,money,-3.1547,-9.654,67.322,mismatch,ours_derived_diff,,,,,,derived,CAD,
AAB,TSX,2026,2026,balance_sheet,Receivables,Total Receivables,money,0.151084,0.461,67.227,mismatch,ours_derived_diff,,,,,,derived,CAD,
TXG,TSX,2025,2025,cash_flow,NetIssuancePaymentsOfDebt,Net Issuance of Debt,money,-17.1,-71.872,67.179,mismatch,ours_derived_diff,0.7249,,,,,derived,USD,CAD
CPX,TSX,2012,2012,income_statement,NetIncome,Net Income,money,188.0,62.0,67.021,mismatch,ours_derived_diff,,,,,,derived,CAD,
FTS,TSX,2015,2015,balance_sheet,OtherCurrentAssets,Other Current Assets,money,1278.0,423.0,66.901,mismatch,ours_derived_diff,,,,,,derived,CAD,
LAS.A,TSX,2009,2009,cash_flow,NetIssuancePaymentsOfDebt,Net Issuance of Debt,money,23.741,7.861,66.889,mismatch,ours_derived_diff,,,,,,derived,CAD,
ALA,TSX,2015,2015,income_statement,GrossProfit,Gross Profit,money,357.2,1078.5,66.88,mismatch,ours_derived_diff,,,,,,derived,,
BAMI,TSX,2024,2024,balance_sheet,OtherCurrentAssets,Other Current Assets,money,10.548,3.51,66.724,mismatch,ours_derived_diff,,,,,,derived,CAD,
TFPM,TSX,2023,2023,income_statement,EBITDA,EBITDA,money,36.389,146.487,66.673,mismatch,ours_derived_diff,0.7454,,,,,derived,USD,CAD
ELD,TSX,2015,2015,balance_sheet,Receivables,Total Receivables,money,16.137,66.145,66.545,mismatch,ours_derived_diff,0.7292,,,,,derived,USD,CAD
MRT.UN,TSX,2009,2009,income_statement,NetIncomeContinuousOperations,Net Income (Continuing Operations),money,84.222,28.177,66.544,mismatch,ours_derived_diff,,,,,,derived,CAD,
MRT.UN,TSX,2009,2009,cash_flow,NetIncomeFromContinuingOperations,Net Income From Continuing Operations,money,84.222,28.177,66.544,mismatch,ours_derived_diff,,,,,,derived,CAD,
DII.A,TSX,2024,2024,balance_sheet,LongTermDebtAndCapitalLeaseObligation,Long-Term Debt & Capital Lease Obligation,money,324.355,154.62,66.54,mismatch,ours_derived_diff,0.7019,,,,,derived,USD,CAD
ALA,TSX,2019,2019,cash_flow,NetIssuancePaymentsOfDebt,Net Issuance of Debt,money,-873.3,-2606.0,66.489,mismatch,ours_derived_diff,,,,,,derived,,
ELD,TSX,2022,2022,balance_sheet,OtherCurrentAssets,Other Current Assets,money,153.851,70.204,66.411,mismatch,ours_derived_diff,0.7361,,,,,derived,USD,CAD
BRY,TSX,2023,2023,balance_sheet,OtherCurrentAssets,Other Current Assets,money,0.147523,0.439,66.396,mismatch,ours_derived_diff,,,,,,derived,CAD,
HMM.A,TSX,2025,2025,income_statement,GrossProfit,Gross Profit,money,281.406,94.587,66.388,mismatch,ours_derived_diff,,,,,,derived,CAD,
WPK,TSX,2022,2022,income_statement,OtherIncomeExpense,Other Income (Expense),money,-3.669,-14.825,66.379,mismatch,ours_fuzzy_suspect,0.7361,Other income (expenses) 11,-3.669,2024,fuzzy,mapped,USD,CAD
K,TSX,2021,2021,balance_sheet,OtherCurrentAssets,Other Current Assets,money,266.1,115.072,66.216,mismatch,ours_derived_diff,0.7812,,,,,derived,FX x1.06,CAD
TPX.B,TSX,2012,2012,balance_sheet,Receivables,Total Receivables,money,252.0,745.715,66.207,mismatch,ours_derived_diff,,,,,,derived,CAD,
BRY,TSX,2016,2016,income_statement,EBITDA,EBITDA,money,-4.478162,-1.518,66.102,mismatch,ours_derived_diff,,,,,,derived,CAD,
MRT.UN,TSX,2024,2024,cash_flow,NetIssuancePaymentsOfDebt,Net Issuance of Debt,money,-90.0,-30.524,66.084,mismatch,ours_derived_diff,,,,,,derived,CAD,
ELD,TSX,2011,2011,balance_sheet,Receivables,Total Receivables,money,7.037,20.72,66.038,mismatch,ours_derived_diff,,,,,,derived,USD,
FTS,TSX,2017,2017,balance_sheet,OtherCurrentAssets,Other Current Assets,money,1513.0,514.0,66.028,mismatch,ours_derived_diff,,,,,,derived,CAD,
NFI,TSX,2011,2011,balance_sheet,TotalEquityGrossMinorityInterest,Total Equity,money,127.113,374.162,66.027,mismatch,ours_derived_diff,,,,,,derived,USD,
K,TSX,2021,2021,income_statement,EBIT,EBIT,money,458.6,199.552,66.005,mismatch,ours_derived_diff,0.7812,,,,,derived,FX x1.06,CAD
WPK,TSX,2018,2018,income_statement,OtherIncomeExpense,Other Income (Expense),money,-1.84,-7.27,65.994,mismatch,ours_fuzzy_suspect,0.7443,Other income (expenses) 11,-1.84,2020,fuzzy,mapped,USD,CAD
SWP,TSX,2019,2019,balance_sheet,CurrentDebtAndCapitalLeaseObligation,Short-Term Debt & Capital Lease Obligation,money,4.707,1.609,65.817,mismatch,ours_derived_diff,,,,,,derived,CAD,
BKI,TSX,2025,2025,income_statement,OperatingIncome,Operating Income,money,-0.519997,-2.09,65.674,mismatch,ours_derived_diff,0.7248,,,,,derived,USD,CAD
OGD,TSX,2020,2020,income_statement,OperatingIncome,Operating Income,money,-7.118,-2.444,65.665,mismatch,ours_derived_diff,,,,,,derived,CAD,
BRY,TSX,2023,2023,income_statement,OperatingIncome,Operating Income,money,13.776397,4.731,65.659,mismatch,ours_derived_diff,,,,,,derived,CAD,
ALA,TSX,2011,2011,cash_flow,ChangeInWorkingCapital,Change In Working Capital,money,-9.271,-26.951,65.601,mismatch,ours_fuzzy_suspect,,Net change in non-cash working capital (note 19),-9.271,2012,fuzzy,mapped,,
OGD,TSX,2022,2022,income_statement,EBIT,EBIT,money,-3.409,-1.174,65.562,mismatch,ours_derived_diff,,,,,,derived,CAD,
CDR,TSX,2018,2018,balance_sheet,Receivables,Total Receivables,money,0.843,2.431,65.323,mismatch,ours_derived_diff,,,,,,derived,CAD,
SWP,TSX,2023,2023,cash_flow,FreeCashFlow,Free Cash Flow,money,30.545,10.625,65.215,mismatch,ours_derived_diff,,,,,,derived,CAD,
BAMI,TSX,2025,2025,cash_flow,CapitalExpenditure,Capital Expenditure,money,-2.074,-5.961,65.207,mismatch,ours_derived_diff,,,,,,derived,CAD,
OGD,TSX,2016,2016,balance_sheet,OtherCurrentAssets,Other Current Assets,money,1.626,0.568,65.068,mismatch,ours_derived_diff,,,,,,derived,CAD,
TXG,TSX,2022,2022,income_statement,GrossProfit,Gross Profit,money,868.5,412.848,65.009,mismatch,ours_derived_diff,0.7361,,,,,derived,USD,CAD
LULU,TSX,2026,2026,balance_sheet,Receivables,Total Receivables,money,190.657,747.939,64.896,mismatch,ours_derived_diff,0.7262,,,,,derived,USD,CAD
DSG,TSX,2009,2009,cash_flow,ChangeInWorkingCapital,Change In Working Capital,money,0.893,3.096,64.672,mismatch,ours_derived_diff,0.8165,,,,,derived,USD,CAD
ADW.A,TSX,2015,2015,cash_flow,NetIssuancePaymentsOfDebt,Net Issuance of Debt,money,-3.76,-10.625,64.612,mismatch,ours_derived_diff,,,,,,derived,CAD,
CDR,TSX,2016,2016,cash_flow,FreeCashFlow,Free Cash Flow,money,-9.191,-25.873,64.476,mismatch,ours_derived_diff,,,,,,derived,CAD,
AAB,TSX,2015,2015,balance_sheet,AccountsPayable,Accounts Payable & Accrued Expense,money,1.45448,4.089,64.429,mismatch,ours_derived_diff,,,,,,from_notes,CAD,
CDR,TSX,2015,2015,income_statement,EBIT,EBIT,money,-4.024,-11.285,64.342,mismatch,ours_derived_diff,,,,,,derived,CAD,
NFI,TSX,2022,2022,balance_sheet,LongTermDebtAndCapitalLeaseObligation,Long-Term Debt & Capital Lease Obligation,money,586.411,1642.81,64.304,mismatch,ours_derived_diff,,,,,,derived,USD,
NFI,TSX,2023,2023,balance_sheet,LongTermDebtAndCapitalLeaseObligation,Long-Term Debt & Capital Lease Obligation,money,536.037,1501.597,64.302,mismatch,ours_derived_diff,,,,,,derived,USD,
BRY,TSX,2016,2016,balance_sheet,OtherCurrentAssets,Other Current Assets,money,3.365631,1.202,64.286,mismatch,ours_derived_diff,,,,,,derived,CAD,
BRY,TSX,2014,2014,income_statement,EBIT,EBIT,money,1.802831,5.045,64.265,mismatch,ours_derived_diff,,,,,,derived,CAD,
ERD,TSX,2018,2018,cash_flow,FreeCashFlow,Free Cash Flow,money,-2.435033,-6.814,64.264,mismatch,ours_derived_diff,,,,,,derived,CAD,
ADW.A,TSX,2022,2022,income_statement,EBITDA,EBITDA,money,17.075,47.765,64.252,mismatch,ours_derived_diff,,,,,,derived,CAD,
TPX.B,TSX,2010,2010,balance_sheet,TotalNonCurrentLiabilities,Total Long-Term Liabilities,money,1273.4,3549.621,64.126,mismatch,ours_derived_diff,,,,,,derived,CAD,
TPX.B,TSX,2012,2012,income_statement,NetIncomeContinuousOperations,Net Income (Continuing Operations),money,1205.9,433.136,64.082,mismatch,ours_derived_diff,,,,,,derived,CAD,
BRY,TSX,2009,2009,balance_sheet,LongTermDebtAndCapitalLeaseObligation,Long-Term Debt & Capital Lease Obligation,money,2.922439,8.134,64.071,mismatch,ours_derived_diff,,,,,,derived,CAD,
TPX.B,TSX,2012,2012,income_statement,NetIncomeFromContinuingAndDiscontinuedOperation,Net Income Including Noncontrolling Interests,money,1205.9,434.621,63.959,mismatch,ours_derived_diff,,,,,,,CAD,
CVVY,TSX,2019,2019,income_statement,PretaxIncome,Pretax Income,money,-25.877,-71.583,63.85,mismatch,ours_derived_diff,,,,,,derived,CAD,
CVVY,TSX,2019,2019,income_statement,NetIncomeFromContinuingAndDiscontinuedOperation,Net Income Including Noncontrolling Interests,money,-25.877,-71.583,63.85,mismatch,ours_derived_diff,,,,,,,CAD,
CVVY,TSX,2019,2019,income_statement,NetIncomeContinuousOperations,Net Income (Continuing Operations),money,-25.877,-71.583,63.85,mismatch,ours_derived_diff,,,,,,derived,CAD,
HMM.A,TSX,2023,2023,income_statement,GrossProfit,Gross Profit,money,238.285,86.206,63.822,mismatch,ours_derived_diff,,,,,,derived,CAD,
NFI,TSX,2017,2017,cash_flow,CapitalExpenditure,Capital Expenditure,money,-24.696,-67.683,63.512,mismatch,ours_derived_diff,,,,,,derived,USD,
K,TSX,2017,2017,balance_sheet,OtherCurrentAssets,Other Current Assets,money,164.3,76.613,63.482,mismatch,ours_derived_diff,0.7831,,,,,derived,FX x1.06,CAD
K,TSX,2015,2015,cash_flow,ChangeInWorkingCapital,Change In Working Capital,money,91.4,250.125,63.458,mismatch,ours_derived_diff,,,,,,derived,USD,
NFI,TSX,2017,2017,cash_flow,PurchaseOfPPE,"Purchase Of Property, Plant, Equipment",money,-24.696,-67.437,63.379,mismatch,ours_fuzzy_suspect,,"Acquisition of property, plant and equipment (52,813)",-24.696,2018,fuzzy,mapped,USD,
GRN,TSX,2021,2021,income_statement,EBITDA,EBITDA,money,-2.364,-0.868,63.283,mismatch,ours_derived_diff,,,,,,derived,CAD,
K,TSX,2013,2013,cash_flow,FreeCashFlow,Free Cash Flow,money,-180.4,-518.864,63.01,mismatch,ours_derived_diff,0.9399,,,,,derived,FX x1.06,CAD
CPX,TSX,2015,2015,income_statement,EBIT,EBIT,money,86.0,232.0,62.931,mismatch,ours_derived_diff,,,,,,derived,CAD,
HMM.A,TSX,2024,2024,income_statement,GrossProfit,Gross Profit,money,244.898,90.901,62.882,mismatch,ours_derived_diff,,,,,,derived,CAD,
AAB,TSX,2022,2022,balance_sheet,Receivables,Total Receivables,money,3.770224,1.402,62.814,mismatch,ours_derived_diff,,,,,,derived,CAD,
ERD,TSX,2021,2021,cash_flow,FreeCashFlow,Free Cash Flow,money,-5.24453,-14.07,62.725,mismatch,ours_derived_diff,,,,,,derived,CAD,
K,TSX,2012,2012,balance_sheet,CurrentDebtAndCapitalLeaseObligation,Short-Term Debt & Capital Lease Obligation,money,1369.6,510.935,62.695,mismatch,ours_derived_diff,,,,,,derived,USD,
HMM.A,TSX,2013,2013,cash_flow,NetIssuancePaymentsOfDebt,Net Issuance of Debt,money,-0.622,-1.664,62.62,mismatch,ours_derived_diff,,,,,,derived,CAD,
HMM.A,TSX,2013,2013,cash_flow,RepaymentOfDebt,Payments of Debt,money,-0.622,-1.664,62.62,mismatch,ours_fuzzy_suspect,,Payment of long-term debt,-0.622,2015,fuzzy,mapped,CAD,
SFD,TSX,2025,2025,balance_sheet,LongTermDebtAndCapitalLeaseObligation,Long-Term Debt & Capital Lease Obligation,money,0.490741,1.312,62.596,mismatch,ours_derived_diff,,,,,,derived,CAD,
K,TSX,2016,2016,income_statement,PretaxIncome,Pretax Income,money,-158.7,-79.367,62.508,mismatch,ours_derived_diff,0.7497,,,,,derived,FX x1.06,CAD
TXG,TSX,2013,2013,cash_flow,FreeCashFlow,Free Cash Flow,money,-70.622,-188.365,62.508,mismatch,ours_derived_diff,,,,,,derived,USD,
LULU,TSX,2026,2026,balance_sheet,OtherCurrentAssets,Other Current Assets,money,564.089,291.422,62.485,mismatch,ours_derived_diff,0.7262,,,,,derived,USD,CAD
NFI,TSX,2025,2025,cash_flow,DepreciationAndAmortization,"Cash Flow Depreciation, Depletion and Amortization",money,29.185,106.989,62.369,mismatch,ours_derived_diff,0.7249,,,,,,USD,CAD
TPX.B,TSX,2013,2013,balance_sheet,AccountsReceivable,Accounts Receivable,money,229.4,609.402,62.357,mismatch,ours_fuzzy_suspect,,"Accounts receivable, net",229.4,2014,fuzzy,mapped,CAD,
BRY,TSX,2016,2016,balance_sheet,CurrentDebtAndCapitalLeaseObligation,Short-Term Debt & Capital Lease Obligation,money,8.993854,23.843,62.279,mismatch,ours_derived_diff,,,,,,derived,CAD,
CVVY,TSX,2023,2023,cash_flow,NetIssuancePaymentsOfDebt,Net Issuance of Debt,money,-14.078,-37.056,62.009,mismatch,ours_derived_diff,,,,,,derived,CAD,
DSG,TSX,2010,2010,cash_flow,ChangeInWorkingCapital,Change In Working Capital,money,-4.776,-1.816,61.977,mismatch,ours_derived_diff,,,,,,derived,USD,
ADW.A,TSX,2023,2023,cash_flow,FreeCashFlow,Free Cash Flow,money,-17.301,-6.58,61.968,mismatch,ours_derived_diff,,,,,,derived,CAD,
TXG,TSX,2021,2021,income_statement,GrossProfit,Gross Profit,money,855.8,417.92,61.849,mismatch,ours_derived_diff,0.7812,,,,,derived,USD,CAD
ADW.A,TSX,2025,2025,balance_sheet,CurrentDebtAndCapitalLeaseObligation,Short-Term Debt & Capital Lease Obligation,money,16.56,6.322,61.824,mismatch,ours_derived_diff,,,,,,derived,CAD,
ALA,TSX,2022,2022,balance_sheet,OtherCurrentAssets,Other Current Assets,money,3525.0,1348.0,61.759,mismatch,ours_derived_diff,,,,,,derived,,
ERD,TSX,2022,2022,cash_flow,FreeCashFlow,Free Cash Flow,money,-5.137363,-13.406,61.679,mismatch,ours_derived_diff,,,,,,derived,CAD,
ALA,TSX,2015,2015,balance_sheet,OtherCurrentAssets,Other Current Assets,money,540.4,207.1,61.677,mismatch,ours_derived_diff,,,,,,derived,,
ADW.A,TSX,2023,2023,balance_sheet,OtherCurrentAssets,Other Current Assets,money,11.717,4.493,61.654,mismatch,ours_derived_diff,,,,,,derived,CAD,
TXG,TSX,2016,2016,income_statement,GrossProfit,Gross Profit,money,312.5,159.935,61.632,mismatch,ours_derived_diff,0.7497,,,,,derived,USD,CAD
ELD,TSX,2024,2024,income_statement,GrossProfit,Gross Profit,money,1322.581,723.646,61.596,mismatch,ours_derived_diff,0.7019,,,,,derived,USD,CAD
MRT.UN,TSX,2009,2009,income_statement,NetIncomeFromContinuingAndDiscontinuedOperation,Net Income Including Noncontrolling Interests,money,84.222,32.354,61.585,mismatch,ours_derived_diff,,,,,,,CAD,
K,TSX,2022,2022,income_statement,MinorityInterests,Other Income (Minority Interest),money,1.3,0.679,61.553,mismatch,ours_fuzzy_suspect,0.7361,Non-controlling interests $,1.0,2024,fuzzy,mapped,FX x1.06,CAD
TPX.B,TSX,2025,2025,income_statement,OperatingIncome,Operating Income,money,4274.6,2269.415,61.515,mismatch,ours_derived_diff,0.7249,,,,,derived,USD,CAD
LAS.A,TSX,2025,2025,cash_flow,FreeCashFlow,Free Cash Flow,money,-4.259,-11.042,61.429,mismatch,ours_derived_diff,,,,,,derived,CAD,
MRT.UN,TSX,2017,2017,cash_flow,FreeCashFlow,Free Cash Flow,money,100.817,38.986,61.33,mismatch,ours_derived_diff,,,,,,derived,CAD,
GRN,TSX,2025,2025,balance_sheet,OtherCurrentAssets,Other Current Assets,money,3.569,1.381,61.306,mismatch,ours_derived_diff,,,,,,derived,CAD,
DII.A,TSX,2017,2017,income_statement,EBIT,EBIT,money,29.39,96.808,61.235,mismatch,ours_derived_diff,0.7831,,,,,derived,USD,CAD
TFPM,TSX,2023,2023,balance_sheet,Receivables,Total Receivables,money,8.99,31.031,61.132,mismatch,ours_derived_diff,0.7454,,,,,derived,USD,CAD
ELD,TSX,2009,2009,income_statement,EBIT,EBIT,money,60.514,155.679,61.129,mismatch,ours_derived_diff,,,,,,derived,USD,
ELD,TSX,2011,2011,balance_sheet,AccountsPayable,Accounts Payable & Accrued Expense,money,67.056,172.324,61.087,mismatch,ours_derived_diff,,,,,,from_notes,USD,
FTS,TSX,2019,2019,balance_sheet,OtherCurrentAssets,Other Current Assets,money,1810.0,705.0,61.05,mismatch,ours_derived_diff,,,,,,derived,CAD,
OGD,TSX,2024,2024,cash_flow,NetIncomeFromContinuingOperations,Net Income From Continuing Operations,money,-2.382,-6.105,60.983,mismatch,ours_derived_diff,,,,,,derived,CAD,
ELD,TSX,2014,2014,balance_sheet,OtherCurrentAssets,Other Current Assets,money,101.286,45.592,60.967,mismatch,ours_derived_diff,0.8672,,,,,derived,USD,CAD
ELD,TSX,2009,2009,income_statement,PretaxIncome,Pretax Income,money,60.514,154.811,60.911,mismatch,ours_derived_diff,,,,,,derived,USD,
SWP,TSX,2013,2013,balance_sheet,OtherCurrentAssets,Other Current Assets,money,0.152,0.388,60.825,mismatch,ours_derived_diff,,,,,,derived,CAD,
OGD,TSX,2020,2020,balance_sheet,CurrentDebtAndCapitalLeaseObligation,Short-Term Debt & Capital Lease Obligation,money,1.933,4.933,60.815,mismatch,ours_derived_diff,,,,,,derived,CAD,
SWP,TSX,2009,2009,income_statement,EBITDA,EBITDA,money,2.076,5.296,60.801,mismatch,ours_derived_diff,,,,,,derived,CAD,
ELD,TSX,2013,2013,balance_sheet,OtherCurrentAssets,Other Current Assets,money,102.685,42.87,60.758,mismatch,ours_derived_diff,0.9399,,,,,derived,USD,CAD
K,TSX,2009,2009,income_statement,GrossProfit,Gross Profit,money,2412.1,946.644,60.754,mismatch,ours_derived_diff,,,,,,derived,USD,
LULU,TSX,2026,2026,cash_flow,ChangeInWorkingCapital,Change In Working Capital,money,-160.83,-563.84,60.72,mismatch,ours_derived_diff,0.7262,,,,,derived,USD,CAD
BAMI,TSX,2025,2025,balance_sheet,GrossPPE,"Gross Property, Plant and Equipment",money,10.977,27.926,60.693,mismatch,ours_derived_diff,,,,,,from_notes,CAD,
BRY,TSX,2017,2017,income_statement,EBIT,EBIT,money,2.157,5.458,60.48,mismatch,ours_derived_diff,,,,,,derived,CAD,
SWP,TSX,2019,2019,balance_sheet,LongTermDebtAndCapitalLeaseObligation,Long-Term Debt & Capital Lease Obligation,money,23.385,59.127,60.45,mismatch,ours_derived_diff,,,,,,derived,CAD,
MRT.UN,TSX,2022,2022,income_statement,EBITDA,EBITDA,money,-86.014,-34.047,60.417,mismatch,ours_derived_diff,,,,,,derived,CAD,
BRY,TSX,2022,2022,income_statement,SellingGeneralAndAdministration,"Selling, General, & Admin. Expense",money,4.607053,11.632,60.393,mismatch,ours_fuzzy_suspect,,"Selling, general and administration 17 & 19",4.607053,2024,fuzzy,mapped,CAD,
MRT.UN,TSX,2022,2022,income_statement,EBIT,EBIT,money,-86.097,-34.13,60.359,mismatch,ours_derived_diff,,,,,,derived,CAD,
DII.A,TSX,2015,2015,income_statement,EBIT,EBIT,money,25.856,89.329,60.308,mismatch,ours_derived_diff,0.7292,,,,,derived,USD,CAD
LULU,TSX,2025,2025,balance_sheet,Receivables,Total Receivables,money,120.173,435.161,60.264,mismatch,ours_derived_diff,0.695,,,,,derived,USD,CAD
SWP,TSX,2025,2025,balance_sheet,OtherCurrentAssets,Other Current Assets,money,1.93,0.767,60.259,mismatch,ours_derived_diff,,,,,,derived,CAD,
DII.A,TSX,2024,2024,balance_sheet,OtherCurrentAssets,Other Current Assets,money,39.019,139.692,60.205,mismatch,ours_derived_diff,0.7019,,,,,derived,USD,CAD
CVVY,TSX,2025,2025,income_statement,OperatingIncome,Operating Income,money,-113.784,-45.302,60.186,mismatch,ours_derived_diff,,,,,,derived,CAD,
CPX,TSX,2009,2009,income_statement,EBIT,EBIT,money,65.0,163.0,60.123,mismatch,ours_derived_diff,,,,,,derived,CAD,
TXG,TSX,2015,2015,income_statement,EBITDA,EBITDA,money,-42.762,-23.389,60.114,mismatch,ours_derived_diff,0.7292,,,,,derived,USD,CAD
TXG,TSX,2013,2013,income_statement,PretaxIncome,Pretax Income,money,-19.991,-49.982,60.004,mismatch,ours_derived_diff,,,,,,derived,USD,
CPX,TSX,2019,2019,income_statement,CostOfRevenue,Cost of Goods Sold,money,168.0,418.0,59.809,mismatch,ours_derived_diff,,,,,,derived,CAD,
WPK,TSX,2017,2017,cash_flow,ChangeInWorkingCapital,Change In Working Capital,money,-5.307,-16.855,59.795,mismatch,ours_derived_diff,0.7831,,,,,derived,USD,CAD
MFI,TSX,2010,2010,balance_sheet,CurrentDebtAndCapitalLeaseObligation,Short-Term Debt & Capital Lease Obligation,money,206.147,512.693,59.791,mismatch,ours_derived_diff,,,,,,derived,CAD,
OGD,TSX,2024,2024,balance_sheet,OtherCurrentAssets,Other Current Assets,money,1.823,0.734,59.737,mismatch,ours_derived_diff,,,,,,derived,CAD,
NFI,TSX,2017,2017,cash_flow,ChangeInWorkingCapital,Change In Working Capital,money,-22.357,-9.016,59.673,mismatch,ours_fuzzy_suspect,,Changes in non-cash working capital items (note 16),-22.357,2017,fuzzy,mapped,USD,
TPX.B,TSX,2011,2011,cash_flow,SaleOfPPE,"Sale Of Property, Plant, Equipment",money,1.9,4.708,59.643,mismatch,ours_fuzzy_suspect,,"Proceeds from disposal of property, plant and equipment",1.9,2014,fuzzy,mapped,CAD,
NFI,TSX,2024,2024,cash_flow,DepreciationAndAmortization,"Cash Flow Depreciation, Depletion and Amortization",money,32.348,114.161,59.63,mismatch,ours_derived_diff,0.7019,,,,,,USD,CAD
SFD,TSX,2020,2020,balance_sheet,TotalNonCurrentLiabilities,Total Long-Term Liabilities,money,0.577508,1.425,59.473,mismatch,ours_derived_diff,,,,,,derived,CAD,
SFD,TSX,2021,2021,balance_sheet,LongTermDebtAndCapitalLeaseObligation,Long-Term Debt & Capital Lease Obligation,money,0.935185,2.305,59.428,mismatch,ours_derived_diff,,,,,,derived,CAD,
DII.A,TSX,2008,2008,cash_flow,FreeCashFlow,Free Cash Flow,money,79.883,40.017,59.395,mismatch,ours_derived_diff,0.8106,,,,,derived,USD,CAD
OGD,TSX,2014,2014,balance_sheet,OtherCurrentAssets,Other Current Assets,money,3.149,1.28,59.352,mismatch,ours_derived_diff,,,,,,derived,CAD,
BRY,TSX,2010,2010,income_statement,DepreciationAmortizationDepletion,"Depreciation, Depletion and Amortization",money,0.326865,0.803,59.295,mismatch,ours_fuzzy_suspect,,Amortization on intangible assets,0.65373,2012,fuzzy,mapped,CAD,
BRY,TSX,2010,2010,cash_flow,DepreciationAndAmortization,"Cash Flow Depreciation, Depletion and Amortization",money,0.326865,0.803,59.295,mismatch,ours_derived_diff,,,,,,,CAD,
DSG,TSX,2018,2018,cash_flow,ChangeInWorkingCapital,Change In Working Capital,money,1.79,5.465,59.29,mismatch,ours_derived_diff,0.8046,,,,,derived,USD,CAD
K,TSX,2010,2010,balance_sheet,Receivables,Total Receivables,money,94.3,230.452,59.08,mismatch,ours_derived_diff,,,,,,derived,USD,
LAS.A,TSX,2014,2014,balance_sheet,TotalEquityGrossMinorityInterest,Total Equity,money,1048.774,430.757,58.928,mismatch,ours_derived_diff,,,,,,derived,CAD,
ELD,TSX,2015,2015,balance_sheet,AccountsPayable,Accounts Payable & Accrued Expense,money,97.345,324.75,58.895,mismatch,ours_derived_diff,0.7292,,,,,from_notes,USD,CAD
MRT.UN,TSX,2023,2023,cash_flow,FreeCashFlow,Free Cash Flow,money,66.319,27.281,58.864,mismatch,ours_derived_diff,,,,,,derived,CAD,
SWP,TSX,2024,2024,income_statement,EBITDA,EBITDA,money,7.339,17.828,58.834,mismatch,ours_derived_diff,,,,,,derived,CAD,
ADW.A,TSX,2021,2021,balance_sheet,OtherCurrentAssets,Other Current Assets,money,14.942,6.154,58.814,mismatch,ours_derived_diff,,,,,,derived,CAD,
ALA,TSX,2019,2019,income_statement,GrossProfit,Gross Profit,money,5495.0,2268.0,58.726,mismatch,ours_derived_diff,,,,,,derived,,
CHR,TSX,2022,2022,income_statement,EBIT,EBIT,money,73.85,178.74,58.683,mismatch,ours_derived_diff,,,,,,derived,CAD,
MRT.UN,TSX,2019,2019,cash_flow,FreeCashFlow,Free Cash Flow,money,89.358,37.025,58.566,mismatch,ours_derived_diff,,,,,,derived,CAD,
NFI,TSX,2010,2010,balance_sheet,CashCashEquivalentsAndShortTermInvestments,"Cash, Cash Equivalents, Marketable Securities",money,30.696,74.066,58.556,mismatch,ours_derived_diff,,,,,,derived,USD,
SWP,TSX,2023,2023,income_statement,EBITDA,EBITDA,money,7.027,16.921,58.472,mismatch,ours_derived_diff,,,,,,derived,CAD,
TPX.B,TSX,2011,2011,balance_sheet,TotalNonCurrentLiabilities,Total Long-Term Liabilities,money,1471.3,3537.626,58.41,mismatch,ours_derived_diff,,,,,,derived,CAD,
FTS,TSX,2009,2009,income_statement,EBIT,EBIT,money,292.0,701.0,58.345,mismatch,ours_derived_diff,,,,,,derived,CAD,
OGD,TSX,2021,2021,balance_sheet,OtherCurrentAssets,Other Current Assets,money,1.908,0.796,58.281,mismatch,ours_derived_diff,,,,,,derived,CAD,
TXG,TSX,2015,2015,income_statement,EBIT,EBIT,money,-43.675,-25.013,58.236,mismatch,ours_derived_diff,0.7292,,,,,derived,USD,CAD
TPX.B,TSX,2011,2011,cash_flow,ChangeInWorkingCapital,Change In Working Capital,money,-56.0,-133.874,58.17,mismatch,ours_derived_diff,,,,,,derived,CAD,
TPX.B,TSX,2012,2012,balance_sheet,AccountsReceivable,Accounts Receivable,money,252.0,602.095,58.146,mismatch,ours_fuzzy_suspect,,"Accounts receivable, net",252.0,2014,fuzzy,mapped,CAD,
TXG,TSX,2012,2012,cash_flow,ChangeInWorkingCapital,Change In Working Capital,money,0.855,0.358,58.129,mismatch,ours_derived_diff,,,,,,derived,USD,
K,TSX,2023,2023,cash_flow,NetIssuancePaymentsOfDebt,Net Issuance of Debt,money,-960.0,-539.457,58.115,mismatch,ours_derived_diff,0.7454,,,,,derived,FX x1.06,CAD
MFI,TSX,2019,2019,balance_sheet,OtherCurrentAssets,Other Current Assets,money,204.803,85.787,58.112,mismatch,ours_derived_diff,,,,,,derived,CAD,
ERD,TSX,2009,2009,cash_flow,CapitalExpenditure,Capital Expenditure,money,-1.439625,-3.436,58.102,mismatch,ours_derived_diff,,,,,,derived,CAD,
SFD,TSX,2021,2021,income_statement,EBITDA,EBITDA,money,-3.123799,-1.309,58.096,mismatch,ours_derived_diff,,,,,,derived,CAD,
TPX.B,TSX,2009,2009,cash_flow,PurchaseOfPPE,"Purchase Of Property, Plant, Equipment",money,-399.2,-167.328,58.084,mismatch,ours_fuzzy_suspect,,"Additions to property, plant and equipment",-399.2,2012,fuzzy,mapped,CAD,
TPX.B,TSX,2009,2009,cash_flow,CapitalExpenditure,Capital Expenditure,money,-399.2,-167.328,58.084,mismatch,ours_derived_diff,,,,,,derived,CAD,
K,TSX,2008,2008,income_statement,GrossProfit,Gross Profit,money,1617.0,678.165,58.06,mismatch,ours_derived_diff,,,,,,derived,USD,
TXG,TSX,2024,2024,income_statement,GrossProfit,Gross Profit,money,1115.5,667.045,58.028,mismatch,ours_derived_diff,0.7019,,,,,derived,USD,CAD
CDR,TSX,2019,2019,income_statement,EBITDA,EBITDA,money,-12.124,-5.089,58.025,mismatch,ours_derived_diff,,,,,,derived,CAD,
DII.A,TSX,2021,2021,cash_flow,FreeCashFlow,Free Cash Flow,money,-8.864,-21.056,57.903,mismatch,ours_derived_diff,,,,,,derived,USD,
SWP,TSX,2016,2016,cash_flow,FreeCashFlow,Free Cash Flow,money,9.154,3.861,57.822,mismatch,ours_derived_diff,,,,,,derived,CAD,
K,TSX,2010,2010,income_statement,EBIT,EBIT,money,533.5,1263.553,57.778,mismatch,ours_derived_diff,,,,,,derived,USD,
TFPM,TSX,2024,2024,balance_sheet,OtherCurrentAssets,Other Current Assets,money,35.281,21.25,57.724,mismatch,ours_derived_diff,0.7019,,,,,derived,USD,CAD
ALA,TSX,2018,2018,income_statement,GrossProfit,Gross Profit,money,4256.7,1801.4,57.681,mismatch,ours_derived_diff,,,,,,derived,,
ELD,TSX,2012,2012,balance_sheet,OtherCurrentAssets,Other Current Assets,money,59.418,25.261,57.486,mismatch,ours_derived_diff,,,,,,derived,USD,
K,TSX,2020,2020,balance_sheet,OtherCurrentAssets,Other Current Assets,money,165.9,90.559,57.384,mismatch,ours_derived_diff,0.7807,,,,,derived,FX x1.06,CAD
NFI,TSX,2011,2011,balance_sheet,LongTermDebtAndCapitalLeaseObligation,Long-Term Debt & Capital Lease Obligation,money,404.929,172.907,57.299,mismatch,ours_derived_diff,,,,,,derived,USD,
CDR,TSX,2015,2015,cash_flow,FreeCashFlow,Free Cash Flow,money,-9.045,-21.165,57.264,mismatch,ours_derived_diff,,,,,,derived,CAD,
NFI,TSX,2017,2017,cash_flow,DepreciationAndAmortization,"Cash Flow Depreciation, Depletion and Amortization",money,31.553,73.552,57.101,mismatch,ours_derived_diff,,,,,,,USD,
LAS.A,TSX,2013,2013,balance_sheet,CurrentDebtAndCapitalLeaseObligation,Short-Term Debt & Capital Lease Obligation,money,4.627,10.782,57.086,mismatch,ours_derived_diff,,,,,,derived,CAD,
FTS,TSX,2010,2010,income_statement,EBIT,EBIT,money,323.0,752.0,57.048,mismatch,ours_derived_diff,,,,,,derived,CAD,
DII.A,TSX,2025,2025,income_statement,EBITDA,EBITDA,money,-81.015,-48.018,57.035,mismatch,ours_derived_diff,0.7249,,,,,derived,USD,CAD
CPX,TSX,2009,2009,income_statement,GrossProfit,Gross Profit,money,1008.0,434.0,56.944,mismatch,ours_derived_diff,,,,,,derived,CAD,
ADW.A,TSX,2026,2026,balance_sheet,CurrentDebtAndCapitalLeaseObligation,Short-Term Debt & Capital Lease Obligation,money,13.411,5.779,56.909,mismatch,ours_derived_diff,,,,,,derived,CAD,
OGD,TSX,2024,2024,income_statement,EBIT,EBIT,money,-6.105,-2.631,56.904,mismatch,ours_derived_diff,,,,,,derived,CAD,
K,TSX,2015,2015,income_statement,OperatingIncome,Operating Income,money,-455.5,-1056.861,56.901,mismatch,ours_derived_diff,,,,,,derived,USD,
ALA,TSX,2020,2020,income_statement,GrossProfit,Gross Profit,money,5587.0,2409.0,56.882,mismatch,ours_derived_diff,,,,,,derived,,
BRY,TSX,2010,2010,cash_flow,NetIssuancePaymentsOfDebt,Net Issuance of Debt,money,-0.866802,-2.007,56.811,mismatch,ours_derived_diff,,,,,,derived,CAD,
SWP,TSX,2015,2015,balance_sheet,OtherCurrentAssets,Other Current Assets,money,0.354,0.816,56.618,mismatch,ours_derived_diff,,,,,,derived,CAD,
BRY,TSX,2016,2016,income_statement,OperatingIncome,Operating Income,money,-5.542078,-2.406,56.587,mismatch,ours_derived_diff,,,,,,derived,CAD,
MFI,TSX,2012,2012,income_statement,NetIncomeContinuousOperations,Net Income (Continuing Operations),money,96.562,41.967,56.539,mismatch,ours_derived_diff,,,,,,derived,CAD,
SWP,TSX,2015,2015,income_statement,EBIT,EBIT,money,1.689,3.874,56.402,mismatch,ours_derived_diff,,,,,,derived,CAD,
DII.A,TSX,2021,2021,balance_sheet,TotalAssets,Total Assets,money,1033.172,2369.367,56.395,mismatch,ours_derived_diff,,,,,,derived,USD,
CVVY,TSX,2019,2019,income_statement,EBIT,EBIT,money,-25.877,-59.278,56.346,mismatch,ours_derived_diff,,,,,,derived,CAD,
ELD,TSX,2013,2013,balance_sheet,Receivables,Total Receivables,money,21.51,52.342,56.279,mismatch,ours_derived_diff,0.9399,,,,,derived,USD,CAD
CPX,TSX,2014,2014,cash_flow,FreeCashFlow,Free Cash Flow,money,391.0,171.0,56.266,mismatch,ours_derived_diff,,,,,,derived,CAD,
TXG,TSX,2015,2015,income_statement,PretaxIncome,Pretax Income,money,-43.675,-26.193,56.266,mismatch,ours_derived_diff,0.7292,,,,,derived,USD,CAD
ADW.A,TSX,2010,2010,income_statement,NetIncomeContinuousOperations,Net Income (Continuing Operations),money,21.661,9.526,56.022,mismatch,ours_derived_diff,,,,,,derived,CAD,
ADW.A,TSX,2024,2024,balance_sheet,AccountsPayable,Accounts Payable & Accrued Expense,money,22.615,51.421,56.02,mismatch,ours_derived_diff,,,,,,from_notes,CAD,
HMM.A,TSX,2021,2021,cash_flow,NetIssuancePaymentsOfDebt,Net Issuance of Debt,money,-1.919,-0.845,55.967,mismatch,ours_derived_diff,,,,,,derived,CAD,
MFI,TSX,2010,2010,balance_sheet,Receivables,Total Receivables,money,562.441,247.708,55.958,mismatch,ours_derived_diff,,,,,,derived,CAD,
BRY,TSX,2021,2021,income_statement,SellingGeneralAndAdministration,"Selling, General, & Admin. Expense",money,3.434687,7.798,55.954,mismatch,ours_fuzzy_suspect,,"Selling, general and administration 17 & 19",3.434687,2023,fuzzy,mapped,CAD,
CHR,TSX,2025,2025,income_statement,EBITDA,EBITDA,money,98.64,223.534,55.872,mismatch,ours_derived_diff,,,,,,derived,CAD,
CDR,TSX,2024,2024,income_statement,GrossProfit,Gross Profit,money,57.408,25.341,55.858,mismatch,ours_derived_diff,,,,,,derived,CAD,
ELD,TSX,2010,2010,income_statement,EBIT,EBIT,money,148.688,336.187,55.772,mismatch,ours_derived_diff,,,,,,derived,USD,
LAS.A,TSX,2015,2015,balance_sheet,CurrentDebtAndCapitalLeaseObligation,Short-Term Debt & Capital Lease Obligation,money,14.828,33.499,55.736,mismatch,ours_derived_diff,,,,,,derived,CAD,
DII.A,TSX,2015,2015,cash_flow,IssuanceOfDebt,Issuance of Debt,money,32.107,99.308,55.665,mismatch,ours_fuzzy_suspect,0.7292,Increase of long-term debt,32.107,2017,fuzzy,mapped,USD,CAD
K,TSX,2010,2010,income_statement,PretaxIncome,Pretax Income,money,539.3,1214.66,55.601,mismatch,ours_derived_diff,,,,,,derived,USD,
CPX,TSX,2011,2011,balance_sheet,CashCashEquivalentsAndShortTermInvestments,"Cash, Cash Equivalents, Marketable Securities",money,56.0,126.0,55.556,mismatch,ours_derived_diff,,,,,,derived,CAD,
OGD,TSX,2019,2019,income_statement,EBIT,EBIT,money,-3.816,-1.699,55.477,mismatch,ours_derived_diff,,,,,,derived,CAD,
TXG,TSX,2016,2016,balance_sheet,OtherCurrentAssets,Other Current Assets,money,39.5,23.477,55.442,mismatch,ours_derived_diff,0.7497,,,,,derived,USD,CAD
GRN,TSX,2024,2024,balance_sheet,OtherCurrentAssets,Other Current Assets,money,6.833,3.045,55.437,mismatch,ours_derived_diff,,,,,,derived,CAD,
BKI,TSX,2019,2019,income_statement,OperatingIncome,Operating Income,money,-1.057642,-3.111,55.235,mismatch,ours_derived_diff,0.7594,,,,,derived,USD,CAD
HMM.A,TSX,2017,2017,cash_flow,RepaymentOfDebt,Payments of Debt,money,-1.326,-2.961,55.218,mismatch,ours_fuzzy_suspect,,Payment of long-term debt,-1.326,2019,fuzzy,mapped,CAD,
IIP.UN,TSX,2009,2009,cash_flow,ChangeInWorkingCapital,Change In Working Capital,money,1.041903,0.467,55.178,mismatch,ours_derived_diff,,,,,,derived,CAD,
BRY,TSX,2017,2017,income_statement,OperatingIncome,Operating Income,money,2.157,4.788,54.95,mismatch,ours_derived_diff,,,,,,derived,CAD,
DII.A,TSX,2011,2011,balance_sheet,OtherCurrentAssets,Other Current Assets,money,49.536,22.371,54.839,mismatch,ours_derived_diff,,,,,,derived,USD,
ADW.A,TSX,2010,2010,income_statement,EBITDA,EBITDA,money,13.087,28.951,54.796,mismatch,ours_derived_diff,,,,,,derived,CAD,
HMM.A,TSX,2009,2009,income_statement,EBIT,EBIT,money,0.355,0.785,54.777,mismatch,ours_derived_diff,,,,,,derived,CAD,
CPX,TSX,2010,2010,income_statement,GrossProfit,Gross Profit,money,1707.0,772.0,54.774,mismatch,ours_derived_diff,,,,,,derived,CAD,
ELD,TSX,2014,2014,balance_sheet,AccountsPayable,Accounts Payable & Accrued Expense,money,83.566,213.01,54.759,mismatch,ours_derived_diff,0.8672,,,,,from_notes,USD,CAD
ELD,TSX,2010,2010,income_statement,PretaxIncome,Pretax Income,money,148.688,328.033,54.673,mismatch,ours_derived_diff,,,,,,derived,USD,
CPX,TSX,2013,2013,balance_sheet,OtherCurrentAssets,Other Current Assets,money,31.0,68.0,54.412,mismatch,ours_derived_diff,,,,,,derived,CAD,
CDR,TSX,2015,2015,income_statement,PretaxIncome,Pretax Income,money,-3.318,-1.515,54.34,mismatch,ours_derived_diff,,,,,,derived,CAD,
ELD,TSX,2012,2012,balance_sheet,AccountsPayable,Accounts Payable & Accrued Expense,money,101.505,222.276,54.334,mismatch,ours_derived_diff,,,,,,from_notes,USD,
SWP,TSX,2010,2010,income_statement,OperatingIncome,Operating Income,money,1.029,0.47,54.325,mismatch,ours_derived_diff,,,,,,derived,CAD,
FTS,TSX,2014,2014,income_statement,EBIT,EBIT,money,456.0,998.0,54.309,mismatch,ours_derived_diff,,,,,,derived,CAD,
AAB,TSX,2010,2010,balance_sheet,Receivables,Total Receivables,money,10.45334,22.874,54.3,mismatch,ours_derived_diff,,,,,,derived,CAD,
DII.A,TSX,2012,2012,cash_flow,NetIssuancePaymentsOfDebt,Net Issuance of Debt,money,16.116,7.37,54.269,mismatch,ours_derived_diff,,,,,,derived,USD,
MFI,TSX,2010,2010,income_statement,EBIT,EBIT,money,54.69,119.564,54.259,mismatch,ours_derived_diff,,,,,,derived,CAD,
LAS.A,TSX,2015,2015,balance_sheet,TotalEquityGrossMinorityInterest,Total Equity,money,1185.615,542.8,54.218,mismatch,ours_derived_diff,,,,,,derived,CAD,
BAMI,TSX,2025,2025,income_statement,EBIT,EBIT,money,14.281,31.18,54.198,mismatch,ours_derived_diff,,,,,,derived,CAD,
BRY,TSX,2009,2009,balance_sheet,OtherCurrentAssets,Other Current Assets,money,2.548653,1.168,54.172,mismatch,ours_derived_diff,,,,,,derived,CAD,
BRY,TSX,2025,2025,balance_sheet,CurrentDebtAndCapitalLeaseObligation,Short-Term Debt & Capital Lease Obligation,money,6.819115,14.852,54.086,mismatch,ours_derived_diff,,,,,,derived,CAD,
NFI,TSX,2024,2024,cash_flow,FreeCashFlow,Free Cash Flow,money,-14.974,-46.404,54.027,mismatch,ours_derived_diff,0.7019,,,,,derived,USD,CAD
WPK,TSX,2025,2025,cash_flow,ChangeInWorkingCapital,Change In Working Capital,money,-2.108,-6.313,53.937,mismatch,ours_derived_diff,0.7249,,,,,derived,USD,CAD
TFPM,TSX,2021,2021,income_statement,EBITDA,EBITDA,money,51.963,143.945,53.793,mismatch,ours_derived_diff,0.7812,,,,,derived,USD,CAD
TFPM,TSX,2025,2025,balance_sheet,OtherCurrentAssets,Other Current Assets,money,73.73,47.014,53.777,mismatch,ours_derived_diff,0.7249,,,,,derived,USD,CAD
ALA,TSX,2015,2015,income_statement,EBIT,EBIT,money,108.0,233.5,53.747,mismatch,ours_derived_diff,,,,,,derived,,
SWP,TSX,2021,2021,balance_sheet,OtherCurrentAssets,Other Current Assets,money,20.355,9.424,53.702,mismatch,ours_derived_diff,,,,,,derived,CAD,
NFI,TSX,2011,2011,balance_sheet,CommonStock,Common Stock,money,226.338,488.0,53.619,mismatch,ours_derived_diff,,,,,,,USD,
ALA,TSX,2017,2017,income_statement,DilutedAverageShares,Shares Outstanding (Diluted Average),shares,368.888889,171.3,53.563,mismatch,ours_derived_diff,,,,,,derived,,
AAB,TSX,2021,2021,cash_flow,FreeCashFlow,Free Cash Flow,money,-2.450275,-1.139,53.515,mismatch,ours_derived_diff,,,,,,derived,CAD,
DSG,TSX,2013,2013,cash_flow,ChangeInWorkingCapital,Change In Working Capital,money,-1.548,-3.329,53.5,mismatch,ours_derived_diff,,,,,,derived,USD,
ADW.A,TSX,2025,2025,balance_sheet,AccountsPayable,Accounts Payable & Accrued Expense,money,26.151,56.185,53.456,mismatch,ours_derived_diff,,,,,,from_notes,CAD,
BRY,TSX,2016,2016,income_statement,EBIT,EBIT,money,-5.542078,-2.582,53.411,mismatch,ours_derived_diff,,,,,,derived,CAD,
MFI,TSX,2010,2010,balance_sheet,LongTermDebtAndCapitalLeaseObligation,Long-Term Debt & Capital Lease Obligation,money,834.557,389.078,53.379,mismatch,ours_derived_diff,,,,,,derived,CAD,
ADW.A,TSX,2019,2019,cash_flow,NetIssuancePaymentsOfDebt,Net Issuance of Debt,money,-8.029,-17.178,53.26,mismatch,ours_derived_diff,,,,,,derived,CAD,
ALA,TSX,2017,2017,income_statement,GrossProfit,Gross Profit,money,2556.2,1199.1,53.091,mismatch,ours_derived_diff,,,,,,derived,,
CDR,TSX,2022,2022,income_statement,GrossProfit,Gross Profit,money,3.119,1.467,52.966,mismatch,ours_derived_diff,,,,,,derived,CAD,
MRT.UN,TSX,2010,2010,balance_sheet,StockholdersEquity,Total Stockholders Equity,money,495.839,1053.966,52.955,mismatch,ours_derived_diff,,,,,,derived,CAD,
MRT.UN,TSX,2010,2010,balance_sheet,TotalEquityGrossMinorityInterest,Total Equity,money,495.839,1053.966,52.955,mismatch,ours_derived_diff,,,,,,derived,CAD,
MFI,TSX,2023,2023,income_statement,EBITDA,EBITDA,money,128.769,273.481,52.915,mismatch,ours_derived_diff,,,,,,derived,CAD,
DII.A,TSX,2013,2013,cash_flow,IssuanceOfDebt,Issuance of Debt,money,18.195,41.106,52.908,mismatch,ours_fuzzy_suspect,0.9399,Increase of long-term debt,18.195,2015,fuzzy,mapped,USD,CAD
DII.A,TSX,2021,2021,income_statement,PretaxIncome,Pretax Income,money,-32.288,-68.531,52.886,mismatch,ours_derived_diff,,,,,,derived,USD,
MFI,TSX,2009,2009,income_statement,EBIT,EBIT,money,79.443,168.579,52.875,mismatch,ours_derived_diff,,,,,,derived,CAD,
CDR,TSX,2019,2019,cash_flow,ChangeInWorkingCapital,Change In Working Capital,money,1.686,0.797,52.728,mismatch,ours_fuzzy_suspect,,Changes in non-cash working capital 797; Changes in non-cash working capital (37),0.257,2020,fuzzy,mapped,CAD,
TPX.B,TSX,2013,2013,income_statement,NetIncomeContinuousOperations,Net Income (Continuing Operations),money,1283.9,606.955,52.726,mismatch,ours_derived_diff,,,,,,derived,CAD,
ALA,TSX,2015,2015,income_statement,NetIncome,Net Income,money,108.0,51.1,52.685,mismatch,ours_derived_diff,,,,,,derived,,
TPX.B,TSX,2013,2013,income_statement,NetIncomeFromContinuingAndDiscontinuedOperation,Net Income Including Noncontrolling Interests,money,1283.9,609.082,52.56,mismatch,ours_derived_diff,,,,,,,CAD,
K,TSX,2010,2010,income_statement,OtherIncomeExpense,Other Income (Expense),money,293.0,617.361,52.54,mismatch,ours_fuzzy_suspect,,Other income (expense) - net Note 5,293.0,2011,fuzzy,mapped,USD,
BRY,TSX,2022,2022,income_statement,OperatingIncome,Operating Income,money,16.482145,7.824,52.53,mismatch,ours_derived_diff,,,,,,derived,CAD,
ELD,TSX,2021,2021,income_statement,EBITDA,EBITDA,money,203.325,546.711,52.396,mismatch,ours_derived_diff,0.7812,,,,,derived,USD,CAD
ELD,TSX,2025,2025,income_statement,GrossProfit,Gross Profit,money,1818.856,1196.367,52.319,mismatch,ours_derived_diff,0.7249,,,,,derived,USD,CAD
ADW.A,TSX,2025,2025,cash_flow,NetIssuancePaymentsOfDebt,Net Issuance of Debt,money,-66.0,-31.503,52.268,mismatch,ours_derived_diff,,,,,,derived,CAD,
LAS.A,TSX,2010,2010,balance_sheet,CashCashEquivalentsAndShortTermInvestments,"Cash, Cash Equivalents, Marketable Securities",money,20.512,42.937,52.228,mismatch,ours_derived_diff,,,,,,derived,CAD,
ADW.A,TSX,2023,2023,balance_sheet,CurrentDebtAndCapitalLeaseObligation,Short-Term Debt & Capital Lease Obligation,money,4.523,9.465,52.213,mismatch,ours_derived_diff,,,,,,derived,CAD,
SWP,TSX,2025,2025,income_statement,EBITDA,EBITDA,money,7.587,15.814,52.024,mismatch,ours_derived_diff,,,,,,derived,CAD,
CVVY,TSX,2025,2025,cash_flow,NetIssuancePaymentsOfDebt,Net Issuance of Debt,money,-34.979,-16.788,52.005,mismatch,ours_derived_diff,,,,,,derived,CAD,
BRY,TSX,2019,2019,balance_sheet,OtherCurrentAssets,Other Current Assets,money,0.24002,0.5,51.996,mismatch,ours_derived_diff,,,,,,derived,CAD,
ELD,TSX,2016,2016,balance_sheet,AccountsPayable,Accounts Payable & Accrued Expense,money,43.712,120.991,51.808,mismatch,ours_derived_diff,0.7497,,,,,from_notes,USD,CAD
OGD,TSX,2021,2021,cash_flow,NetIncomeFromContinuingOperations,Net Income From Continuing Operations,money,2.294,4.753,51.736,mismatch,ours_derived_diff,,,,,,derived,CAD,
ADW.A,TSX,2021,2021,cash_flow,CapitalExpenditure,Capital Expenditure,money,-17.651,-36.539,51.693,mismatch,ours_derived_diff,,,,,,derived,CAD,
ADW.A,TSX,2010,2010,balance_sheet,OtherCurrentAssets,Other Current Assets,money,3.76,1.818,51.649,mismatch,ours_derived_diff,,,,,,derived,CAD,
NFI,TSX,2019,2019,balance_sheet,OtherCurrentAssets,Other Current Assets,money,27.469,13.293,51.607,mismatch,ours_derived_diff,,,,,,derived,USD,
GFP,TSX,2022,2022,income_statement,GrossProfit,Gross Profit,money,88.925,43.075,51.56,mismatch,ours_derived_diff,,,,,,derived,CAD,
SWP,TSX,2013,2013,cash_flow,ChangeInWorkingCapital,Change In Working Capital,money,1.346,0.652,51.56,mismatch,ours_derived_diff,,,,,,derived,CAD,
BRY,TSX,2017,2017,income_statement,EBITDA,EBITDA,money,3.111453,6.412,51.475,mismatch,ours_derived_diff,,,,,,derived,CAD,
HMM.A,TSX,2010,2010,balance_sheet,CashCashEquivalentsAndShortTermInvestments,"Cash, Cash Equivalents, Marketable Securities",money,0.869,0.422,51.438,mismatch,ours_derived_diff,,,,,,derived,CAD,
TXG,TSX,2013,2013,balance_sheet,TotalNonCurrentLiabilities,Total Long-Term Liabilities,money,44.967,21.854,51.4,mismatch,ours_derived_diff,,,,,,derived,USD,
K,TSX,2011,2011,income_statement,EBITDA,EBITDA,money,-1951.9,-949.194,51.371,mismatch,ours_derived_diff,,,,,,derived,USD,
NFI,TSX,2020,2020,balance_sheet,OtherCurrentAssets,Other Current Assets,money,36.557,22.798,51.313,mismatch,ours_derived_diff,0.7807,,,,,derived,USD,CAD
ELD,TSX,2010,2010,income_statement,GrossProfit,Gross Profit,money,791.175,385.304,51.3,mismatch,ours_derived_diff,,,,,,derived,USD,
HMM.A,TSX,2022,2022,cash_flow,RepaymentOfDebt,Payments of Debt,money,-2.935,-6.026,51.294,mismatch,ours_fuzzy_suspect,,Payment of long-term debt,-2.935,2023,fuzzy,mapped,CAD,
K,TSX,2015,2015,balance_sheet,CurrentDebtAndCapitalLeaseObligation,Short-Term Debt & Capital Lease Obligation,money,701.8,342.139,51.248,mismatch,ours_derived_diff,,,,,,derived,USD,
TXG,TSX,2025,2025,income_statement,GrossProfit,Gross Profit,money,1305.6,878.604,51.218,mismatch,ours_derived_diff,0.7249,,,,,derived,USD,CAD
CPX,TSX,2018,2018,income_statement,EBIT,EBIT,money,225.0,459.0,50.98,mismatch,ours_derived_diff,,,,,,derived,CAD,
VRTS,TSX,2025,2025,cash_flow,FreeCashFlow,Free Cash Flow,money,-5.522428,-2.714,50.855,mismatch,ours_derived_diff,,,,,,derived,CAD,
CDR,TSX,2025,2025,income_statement,EBIT,EBIT,money,2.959,6.02,50.847,mismatch,ours_derived_diff,,,,,,derived,CAD,
AAB,TSX,2011,2011,balance_sheet,Receivables,Total Receivables,money,9.719177,19.734,50.749,mismatch,ours_derived_diff,,,,,,derived,CAD,
TFPM,TSX,2020,2020,income_statement,EBITDA,EBITDA,money,62.16,161.624,50.737,mismatch,ours_derived_diff,0.7807,,,,,derived,USD,CAD
LAS.A,TSX,2009,2009,cash_flow,FreeCashFlow,Free Cash Flow,money,47.27,23.312,50.683,mismatch,ours_derived_diff,,,,,,derived,CAD,
DII.A,TSX,2016,2016,income_statement,PretaxIncome,Pretax Income,money,-10.646,-28.792,50.678,mismatch,ours_derived_diff,0.7497,,,,,derived,USD,CAD
OGD,TSX,2021,2021,cash_flow,FreeCashFlow,Free Cash Flow,money,3.906,1.933,50.512,mismatch,ours_derived_diff,,,,,,derived,CAD,
K,TSX,2014,2014,cash_flow,ChangeInWorkingCapital,Change In Working Capital,money,39.6,22.603,50.504,mismatch,ours_derived_diff,0.8672,,,,,derived,FX x1.06,CAD
CPX,TSX,2016,2016,income_statement,EBIT,EBIT,money,102.0,206.0,50.485,mismatch,ours_derived_diff,,,,,,derived,CAD,
TPX.B,TSX,2010,2010,balance_sheet,GrossPPE,"Gross Property, Plant and Equipment",money,4706.3,2333.953,50.408,mismatch,ours_derived_diff,,,,,,derived,CAD,
OGD,TSX,2016,2016,income_statement,NetIncome,Net Income,money,-0.429,-0.213,50.35,mismatch,ours_derived_diff,,,,,,derived,CAD,
SFD,TSX,2018,2018,balance_sheet,Receivables,Total Receivables,money,0.122558,0.061,50.228,mismatch,ours_derived_diff,,,,,,derived,CAD,
K,TSX,2009,2009,income_statement,EBIT,EBIT,money,309.9,622.421,50.211,mismatch,ours_derived_diff,,,,,,derived,USD,
ADW.A,TSX,2026,2026,income_statement,EBITDA,EBITDA,money,36.139,72.578,50.207,mismatch,ours_derived_diff,,,,,,derived,CAD,
NFI,TSX,2022,2022,cash_flow,CapitalExpenditure,Capital Expenditure,money,-21.371,-42.906,50.191,mismatch,ours_derived_diff,,,,,,derived,USD,
GRN,TSX,2023,2023,balance_sheet,Receivables,Total Receivables,money,12.083,24.249,50.171,mismatch,ours_derived_diff,,,,,,derived,CAD,
ELD,TSX,2015,2015,income_statement,DepreciationAmortizationDepletion,"Depreciation, Depletion and Amortization",money,178.978,122.485,50.094,mismatch,ours_derived_diff,0.7292,,,,,derived,USD,CAD
NFI,TSX,2011,2011,balance_sheet,Receivables,Total Receivables,money,59.204,118.572,50.069,mismatch,ours_derived_diff,,,,,,derived,USD,
SFD,TSX,2022,2022,balance_sheet,Receivables,Total Receivables,money,0.11413,0.057,50.057,mismatch,ours_derived_diff,,,,,,derived,CAD,
WPK,TSX,2014,2014,cash_flow,FreeCashFlow,Free Cash Flow,money,97.445,56.154,50.029,mismatch,ours_derived_diff,0.8672,,,,,derived,USD,CAD
CDR,TSX,2021,2021,balance_sheet,Receivables,Total Receivables,money,0.119,0.238,50.0,mismatch,ours_derived_diff,,,,,,derived,CAD,
CPX,TSX,2016,2016,cash_flow,ChangeInWorkingCapital,Change In Working Capital,money,40.0,20.0,50.0,mismatch,ours_fuzzy_suspect,,Change in non-cash operating working capital 40,40.0,2018,fuzzy,mapped,CAD,
CPX,TSX,2017,2017,cash_flow,ChangeInWorkingCapital,Change In Working Capital,money,-20.0,-40.0,50.0,mismatch,ours_fuzzy_suspect,,Change in non-cash operating working capital 40,-20.0,2018,fuzzy,mapped,CAD,
OGD,TSX,2014,2014,balance_sheet,TotalLiabilities,Total Liabilities,money,36.7,18.384,49.907,mismatch,ours_derived_diff,,,,,,derived,CAD,
BRY,TSX,2016,2016,balance_sheet,TotalLiabilities,Total Liabilities,money,74.363754,37.305,49.834,mismatch,ours_derived_diff,,,,,,derived,CAD,
K,TSX,2018,2018,cash_flow,FreeCashFlow,Free Cash Flow,money,-127.8,-342.215,49.823,mismatch,ours_derived_diff,0.7443,,,,,derived,FX x1.06,CAD
ELD,TSX,2013,2013,balance_sheet,AccountsPayable,Accounts Payable & Accrued Expense,money,106.098,224.915,49.813,mismatch,ours_derived_diff,0.9399,,,,,from_notes,USD,CAD
BRY,TSX,2024,2024,balance_sheet,TotalLiabilities,Total Liabilities,money,76.797113,38.557,49.794,mismatch,ours_derived_diff,,,,,,derived,CAD,
BRY,TSX,2025,2025,balance_sheet,TotalLiabilities,Total Liabilities,money,45.903955,23.075,49.732,mismatch,ours_derived_diff,,,,,,derived,CAD,
BRY,TSX,2021,2021,balance_sheet,TotalLiabilities,Total Liabilities,money,63.723045,32.08,49.657,mismatch,ours_derived_diff,,,,,,derived,CAD,
BRY,TSX,2011,2011,balance_sheet,TotalLiabilities,Total Liabilities,money,162.302083,81.721,49.649,mismatch,ours_derived_diff,,,,,,derived,CAD,
ERD,TSX,2010,2010,balance_sheet,Receivables,Total Receivables,money,0.403027,0.8,49.622,mismatch,ours_derived_diff,,,,,,derived,CAD,
TPX.B,TSX,2011,2011,balance_sheet,GrossPPE,"Gross Property, Plant and Equipment",money,4972.6,2507.78,49.568,mismatch,ours_derived_diff,,,,,,derived,CAD,
ELD,TSX,2009,2009,income_statement,EBITDA,EBITDA,money,99.172,196.413,49.508,mismatch,ours_derived_diff,,,,,,derived,USD,
NFI,TSX,2017,2017,balance_sheet,OtherCurrentAssets,Other Current Assets,money,15.153,29.968,49.436,mismatch,ours_derived_diff,,,,,,derived,USD,
SWP,TSX,2014,2014,income_statement,OperatingIncome,Operating Income,money,11.361,5.75,49.388,mismatch,ours_derived_diff,,,,,,derived,CAD,
FTS,TSX,2009,2009,income_statement,GrossProfit,Gross Profit,money,3643.0,1844.0,49.382,mismatch,ours_derived_diff,,,,,,derived,CAD,
ELD,TSX,2015,2015,balance_sheet,OtherCurrentAssets,Other Current Assets,money,73.961,51.397,49.324,mismatch,ours_derived_diff,0.7292,,,,,derived,USD,CAD
HMM.A,TSX,2010,2010,income_statement,EBITDA,EBITDA,money,3.219,6.351,49.315,mismatch,ours_derived_diff,,,,,,derived,CAD,
WPK,TSX,2015,2015,cash_flow,ChangeInWorkingCapital,Change In Working Capital,money,9.67,6.732,49.233,mismatch,ours_derived_diff,0.7292,,,,,derived,USD,CAD
MFI,TSX,2015,2015,balance_sheet,LongTermDebtAndCapitalLeaseObligation,Long-Term Debt & Capital Lease Obligation,money,9.843,19.388,49.231,mismatch,ours_derived_diff,,,,,,derived,CAD,
BAMI,TSX,2024,2024,balance_sheet,GrossPPE,"Gross Property, Plant and Equipment",money,7.893,15.544,49.222,mismatch,ours_derived_diff,,,,,,from_notes,CAD,
ADW.A,TSX,2024,2024,cash_flow,NetIssuancePaymentsOfDebt,Net Issuance of Debt,money,-23.043,-11.721,49.134,mismatch,ours_derived_diff,,,,,,derived,CAD,
ADW.A,TSX,2009,2009,balance_sheet,OtherCurrentAssets,Other Current Assets,money,12.891,6.573,49.011,mismatch,ours_derived_diff,,,,,,derived,CAD,
SFD,TSX,2019,2019,balance_sheet,TotalNonCurrentLiabilities,Total Long-Term Liabilities,money,1.374495,2.691,48.923,mismatch,ours_derived_diff,,,,,,derived,CAD,
CVVY,TSX,2018,2018,cash_flow,PurchaseOfPPE,"Purchase Of Property, Plant, Equipment",money,-0.503,-0.981,48.726,mismatch,ours_fuzzy_suspect,,"Additions to property, plant and equipment (Note 10)",-0.503,2019,fuzzy,mapped,CAD,
CVVY,TSX,2018,2018,cash_flow,CapitalExpenditure,Capital Expenditure,money,-0.503,-0.981,48.726,mismatch,ours_derived_diff,,,,,,derived,CAD,
OGD,TSX,2022,2022,cash_flow,NetIncomeFromContinuingOperations,Net Income From Continuing Operations,money,-6.647,-3.409,48.714,mismatch,ours_derived_diff,,,,,,derived,CAD,
TXG,TSX,2011,2011,income_statement,PretaxIncome,Pretax Income,money,-67.892,-34.822,48.71,mismatch,ours_derived_diff,,,,,,derived,USD,
VRTS,TSX,2024,2024,income_statement,EBITDA,EBITDA,money,-1.575788,-0.809,48.661,mismatch,ours_derived_diff,,,,,,derived,CAD,
TXG,TSX,2017,2017,income_statement,PretaxIncome,Pretax Income,money,-25.9,-16.983,48.648,mismatch,ours_derived_diff,0.7831,,,,,derived,USD,CAD
MRT.UN,TSX,2016,2016,income_statement,EBIT,EBIT,money,57.207,111.322,48.611,mismatch,ours_derived_diff,,,,,,derived,CAD,
MRT.UN,TSX,2016,2016,income_statement,EBITDA,EBITDA,money,57.207,111.322,48.611,mismatch,ours_derived_diff,,,,,,derived,CAD,
BAMI,TSX,2025,2025,income_statement,PretaxIncome,Pretax Income,money,14.281,27.78,48.593,mismatch,ours_derived_diff,,,,,,derived,CAD,
K,TSX,2009,2009,income_statement,PretaxIncome,Pretax Income,money,309.9,602.295,48.547,mismatch,ours_derived_diff,,,,,,derived,USD,
ADW.A,TSX,2014,2014,balance_sheet,OtherCurrentAssets,Other Current Assets,money,2.683,1.381,48.528,mismatch,ours_derived_diff,,,,,,derived,CAD,
OGD,TSX,2017,2017,balance_sheet,TotalLiabilities,Total Liabilities,money,72.153,37.184,48.465,mismatch,ours_derived_diff,,,,,,derived,CAD,
CDR,TSX,2018,2018,income_statement,EBIT,EBIT,money,-17.989,-9.277,48.43,mismatch,ours_derived_diff,,,,,,derived,CAD,
SFD,TSX,2015,2015,cash_flow,FreeCashFlow,Free Cash Flow,money,6.984922,3.604,48.403,mismatch,ours_derived_diff,,,,,,derived,CAD,
ALA,TSX,2021,2021,income_statement,DilutedAverageShares,Shares Outstanding (Diluted Average),shares,543.902439,281.7,48.208,mismatch,ours_derived_diff,,,,,,derived,,
K,TSX,2011,2011,balance_sheet,CashCashEquivalentsAndShortTermInvestments,"Cash, Cash Equivalents, Marketable Securities",money,3400.2,1766.663,48.042,mismatch,ours_derived_diff,,,,,,derived,USD,
SFD,TSX,2025,2025,cash_flow,NetIssuancePaymentsOfDebt,Net Issuance of Debt,money,-0.351787,-0.677,48.037,mismatch,ours_derived_diff,,,,,,derived,CAD,
MFI,TSX,2008,2008,income_statement,EBITDA,EBITDA,money,103.824,199.686,48.006,mismatch,ours_derived_diff,,,,,,derived,CAD,
CPX,TSX,2018,2018,balance_sheet,OtherCurrentAssets,Other Current Assets,money,77.0,148.0,47.973,mismatch,ours_derived_diff,,,,,,derived,CAD,
ADW.A,TSX,2021,2021,balance_sheet,AccountsPayable,Accounts Payable & Accrued Expense,money,24.796,47.644,47.956,mismatch,ours_derived_diff,,,,,,from_notes,CAD,
ADW.A,TSX,2025,2025,income_statement,EBIT,EBIT,money,17.627,33.843,47.915,mismatch,ours_derived_diff,,,,,,derived,CAD,
TXG,TSX,2011,2011,income_statement,EBITDA,EBITDA,money,-66.915,-34.96,47.755,mismatch,ours_derived_diff,,,,,,derived,USD,
ALA,TSX,2011,2011,income_statement,GrossProfit,Gross Profit,money,233.495,446.752,47.735,mismatch,ours_derived_diff,,,,,,derived,,
DII.A,TSX,2012,2012,balance_sheet,OtherCurrentAssets,Other Current Assets,money,37.373,19.611,47.526,mismatch,ours_derived_diff,,,,,,derived,USD,
TXG,TSX,2011,2011,income_statement,EBIT,EBIT,money,-67.254,-35.308,47.501,mismatch,ours_derived_diff,,,,,,derived,USD,
ADW.A,TSX,2026,2026,balance_sheet,AccountsPayable,Accounts Payable & Accrued Expense,money,30.133,57.337,47.446,mismatch,ours_derived_diff,,,,,,from_notes,CAD,
BRY,TSX,2018,2018,income_statement,EBITDA,EBITDA,money,-6.073615,-3.193,47.428,mismatch,ours_derived_diff,,,,,,derived,CAD,
BRY,TSX,2008,2008,balance_sheet,LongTermDebtAndCapitalLeaseObligation,Long-Term Debt & Capital Lease Obligation,money,3.745498,7.121,47.402,mismatch,ours_derived_diff,,,,,,derived,CAD,
BRY,TSX,2013,2013,balance_sheet,TotalLiabilities,Total Liabilities,money,176.747278,93.034,47.363,mismatch,ours_derived_diff,,,,,,derived,CAD,
BRY,TSX,2011,2011,balance_sheet,TotalAssets,Total Assets,money,238.691265,125.67,47.35,mismatch,ours_derived_diff,,,,,,derived,CAD,
TFPM,TSX,2022,2022,income_statement,EBITDA,EBITDA,money,59.875,154.388,47.314,mismatch,ours_derived_diff,0.7361,,,,,derived,USD,CAD
BRY,TSX,2014,2014,balance_sheet,TotalLiabilities,Total Liabilities,money,160.385494,84.606,47.248,mismatch,ours_derived_diff,,,,,,derived,CAD,
SFD,TSX,2021,2021,balance_sheet,TotalNonCurrentLiabilities,Total Long-Term Liabilities,money,1.228814,2.328,47.216,mismatch,ours_derived_diff,,,,,,derived,CAD,
DII.A,TSX,2009,2009,income_statement,DepreciationAmortizationDepletion,"Depreciation, Depletion and Amortization",money,27.366,51.833,47.204,mismatch,ours_derived_diff,,,,,,,USD,
DII.A,TSX,2024,2024,income_statement,EBIT,EBIT,money,-172.387,-129.692,47.194,mismatch,ours_derived_diff,0.7019,,,,,derived,USD,CAD
K,TSX,2014,2014,cash_flow,FreeCashFlow,Free Cash Flow,money,411.6,250.821,47.157,mismatch,ours_derived_diff,0.8672,,,,,derived,FX x1.06,CAD
K,TSX,2012,2012,income_statement,OtherIncomeExpense,Other Income (Expense),money,-6.8,-12.868,47.156,mismatch,ours_fuzzy_suspect,,Other income (expense) -­‐ net Note 7,-6.8,2014,fuzzy,mapped,USD,
ERD,TSX,2011,2011,income_statement,EBITDA,EBITDA,money,-13.525094,-7.148,47.15,mismatch,ours_derived_diff,,,,,,derived,CAD,
BKI,TSX,2017,2017,income_statement,OperatingIncome,Operating Income,money,-1.413623,-3.412,47.105,mismatch,ours_derived_diff,0.7833,,,,,derived,USD,CAD
OGD,TSX,2015,2015,balance_sheet,OtherCurrentAssets,Other Current Assets,money,2.656,1.412,46.837,mismatch,ours_derived_diff,,,,,,derived,CAD,
NFI,TSX,2024,2024,balance_sheet,LongTermDebtAndCapitalLeaseObligation,Long-Term Debt & Capital Lease Obligation,money,610.237,1631.464,46.71,mismatch,ours_derived_diff,0.7019,,,,,derived,USD,CAD
GFP,TSX,2008,2008,balance_sheet,CashCashEquivalentsAndShortTermInvestments,"Cash, Cash Equivalents, Marketable Securities",money,40.436478,21.571,46.655,mismatch,ours_derived_diff,,,,,,derived,CAD,
HMM.A,TSX,2022,2022,balance_sheet,CurrentDebtAndCapitalLeaseObligation,Short-Term Debt & Capital Lease Obligation,money,16.547,30.993,46.611,mismatch,ours_derived_diff,,,,,,derived,CAD,
DSG,TSX,2008,2008,cash_flow,ChangeInWorkingCapital,Change In Working Capital,money,-1.97,-1.053,46.548,mismatch,ours_derived_diff,,,,,,derived,USD,
OGD,TSX,2024,2024,cash_flow,NetIssuancePaymentsOfDebt,Net Issuance of Debt,money,-2.856,-5.341,46.527,mismatch,ours_derived_diff,,,,,,derived,CAD,
TXG,TSX,2013,2013,balance_sheet,CashCashEquivalentsAndShortTermInvestments,"Cash, Cash Equivalents, Marketable Securities",money,402.365,215.412,46.464,mismatch,ours_derived_diff,,,,,,derived,USD,
GRN,TSX,2019,2019,balance_sheet,Receivables,Total Receivables,money,2.012,3.757,46.447,mismatch,ours_derived_diff,,,,,,derived,CAD,
TFPM,TSX,2020,2020,balance_sheet,CashCashEquivalentsAndShortTermInvestments,"Cash, Cash Equivalents, Marketable Securities",money,20.637,49.316,46.399,mismatch,ours_derived_diff,0.7807,,,,,derived,USD,CAD
WPK,TSX,2016,2016,income_statement,OtherIncomeExpense,Other Income (Expense),money,-1.669,-4.145,46.29,mismatch,ours_fuzzy_suspect,0.7497,Other income (expenses) 9,-1.669,2018,fuzzy,mapped,USD,CAD
MFI,TSX,2025,2025,income_statement,EBIT,EBIT,money,103.579,192.778,46.27,mismatch,ours_derived_diff,,,,,,derived,CAD,
FTS,TSX,2018,2018,balance_sheet,OtherCurrentAssets,Other Current Assets,money,2531.0,1360.0,46.266,mismatch,ours_derived_diff,,,,,,derived,CAD,
BRY,TSX,2012,2012,balance_sheet,TotalLiabilities,Total Liabilities,money,144.272547,77.526,46.264,mismatch,ours_derived_diff,,,,,,derived,CAD,
ADW.A,TSX,2011,2011,income_statement,EBITDA,EBITDA,money,16.605,30.87,46.21,mismatch,ours_derived_diff,,,,,,derived,CAD,
NFI,TSX,2023,2023,cash_flow,CapitalExpenditure,Capital Expenditure,money,-26.714,-49.623,46.166,mismatch,ours_derived_diff,,,,,,derived,USD,
BRY,TSX,2012,2012,balance_sheet,TotalAssets,Total Assets,money,239.848137,129.255,46.11,mismatch,ours_derived_diff,,,,,,derived,CAD,
FTS,TSX,2010,2010,income_statement,GrossProfit,Gross Profit,money,3657.0,1971.0,46.103,mismatch,ours_derived_diff,,,,,,derived,CAD,
BRY,TSX,2022,2022,balance_sheet,TotalLiabilities,Total Liabilities,money,104.066149,56.094,46.098,mismatch,ours_derived_diff,,,,,,derived,CAD,
TXG,TSX,2025,2025,balance_sheet,Receivables,Total Receivables,money,72.8,186.233,46.074,mismatch,ours_derived_diff,0.7249,,,,,derived,USD,CAD
ERD,TSX,2011,2011,income_statement,EBIT,EBIT,money,-13.843796,-7.467,46.062,mismatch,ours_derived_diff,,,,,,derived,CAD,
K,TSX,2016,2016,balance_sheet,GainsLossesNotAffectingRetainedEarnings,Accumulated other comprehensive income (loss),money,21.1,52.155,46.035,mismatch,ours_fuzzy_suspect,0.7497,Accumulated other comprehensive income Note,21.1,2018,fuzzy,mapped,FX x1.06,CAD
BRY,TSX,2018,2018,balance_sheet,TotalAssets,Total Assets,money,132.58812,71.616,45.986,mismatch,ours_derived_diff,,,,,,derived,CAD,
MFI,TSX,2014,2014,balance_sheet,LongTermDebtAndCapitalLeaseObligation,Long-Term Debt & Capital Lease Obligation,money,10.017,18.538,45.965,mismatch,ours_derived_diff,,,,,,derived,CAD,
K,TSX,2010,2010,balance_sheet,GainsLossesNotAffectingRetainedEarnings,Accumulated other comprehensive income (loss),money,-97.7,-180.752,45.948,mismatch,ours_fuzzy_suspect,,Accumulated other comprehensive income (loss) Note,-97.7,2013,fuzzy,mapped,USD,
FTS,TSX,2012,2012,income_statement,EBIT,EBIT,money,432.0,798.0,45.865,mismatch,ours_derived_diff,,,,,,derived,CAD,
GFP,TSX,2021,2021,income_statement,GrossProfit,Gross Profit,money,23.407,12.699,45.747,mismatch,ours_derived_diff,,,,,,derived,CAD,
TXG,TSX,2017,2017,income_statement,EBITDA,EBITDA,money,55.3,130.116,45.731,mismatch,ours_derived_diff,0.7831,,,,,derived,USD,CAD
ERD,TSX,2011,2011,income_statement,PretaxIncome,Pretax Income,money,-13.761548,-7.47,45.718,mismatch,ours_derived_diff,,,,,,derived,CAD,
BRY,TSX,2021,2021,balance_sheet,TotalAssets,Total Assets,money,80.589048,43.796,45.655,mismatch,ours_derived_diff,,,,,,derived,CAD,
ERD,TSX,2016,2016,cash_flow,FreeCashFlow,Free Cash Flow,money,-3.052731,-5.617,45.652,mismatch,ours_derived_diff,,,,,,derived,CAD,
ELD,TSX,2017,2017,balance_sheet,AccountsPayable,Accounts Payable & Accrued Expense,money,60.081,141.15,45.648,mismatch,ours_derived_diff,0.7831,,,,,from_notes,USD,CAD
MFI,TSX,2019,2019,cash_flow,ChangeInWorkingCapital,Change In Working Capital,money,5.633,10.363,45.643,mismatch,ours_fuzzy_suspect,,Change in non-cash operating working capital,5.633,2020,fuzzy,mapped,CAD,
NFI,TSX,2015,2015,cash_flow,DepreciationAndAmortization,"Cash Flow Depreciation, Depletion and Amortization",money,20.724,52.189,45.546,mismatch,ours_derived_diff,0.7292,,,,,,USD,CAD
BRY,TSX,2023,2023,balance_sheet,TotalLiabilities,Total Liabilities,money,84.133801,45.829,45.528,mismatch,ours_derived_diff,,,,,,derived,CAD,
BRY,TSX,2018,2018,balance_sheet,TotalLiabilities,Total Liabilities,money,94.458173,51.463,45.518,mismatch,ours_derived_diff,,,,,,derived,CAD,
BRY,TSX,2017,2017,balance_sheet,TotalAssets,Total Assets,money,149.049745,81.232,45.5,mismatch,ours_derived_diff,,,,,,derived,CAD,
CVVY,TSX,2024,2024,income_statement,EBIT,EBIT,money,-55.272,-30.156,45.441,mismatch,ours_derived_diff,,,,,,derived,CAD,
FTS,TSX,2011,2011,income_statement,GrossProfit,Gross Profit,money,3738.0,2041.0,45.399,mismatch,ours_derived_diff,,,,,,derived,CAD,
DII.A,TSX,2025,2025,cash_flow,CapitalExpenditure,Capital Expenditure,money,-13.778,-34.799,45.381,mismatch,ours_derived_diff,0.7249,,,,,derived,USD,CAD
BRY,TSX,2017,2017,balance_sheet,TotalLiabilities,Total Liabilities,money,95.957653,52.476,45.313,mismatch,ours_derived_diff,,,,,,derived,CAD,
ALA,TSX,2018,2018,balance_sheet,OtherCurrentAssets,Other Current Assets,money,3415.5,1868.0,45.308,mismatch,ours_derived_diff,,,,,,derived,,
CPX,TSX,2011,2011,balance_sheet,StockholdersEquity,Total Stockholders Equity,money,833.0,1523.0,45.305,mismatch,ours_derived_diff,,,,,,derived,CAD,
TPX.B,TSX,2012,2012,cash_flow,SaleOfPPE,"Sale Of Property, Plant, Equipment",money,8.5,15.54,45.302,mismatch,ours_fuzzy_suspect,,"Proceeds from disposal of property, plant and equipment",8.5,2014,fuzzy,mapped,CAD,
CPX,TSX,2011,2011,balance_sheet,CommonStock,Common Stock,money,820.0,1499.0,45.297,mismatch,ours_derived_diff,,,,,,,CAD,
MFI,TSX,2009,2009,balance_sheet,OtherReceivables,Other Current Receivables,money,33.003,18.067,45.256,mismatch,ours_derived_diff,,,,,,from_notes,CAD,
K,TSX,2010,2010,income_statement,OperatingIncome,Operating Income,money,1193.5,654.156,45.19,mismatch,ours_derived_diff,,,,,,derived,USD,
WPK,TSX,2021,2021,balance_sheet,OtherReceivables,Other Current Receivables,money,11.922,27.836,45.178,mismatch,ours_derived_diff,0.7813,,,,,from_notes,USD,CAD
GRN,TSX,2018,2018,balance_sheet,CommonStock,Common Stock,money,0.549,1.0,45.1,mismatch,ours_derived_diff,,,,,,,CAD,
BRY,TSX,2013,2013,balance_sheet,TotalAssets,Total Assets,money,278.856352,153.212,45.057,mismatch,ours_derived_diff,,,,,,derived,CAD,
MFI,TSX,2012,2012,balance_sheet,OtherCurrentAssets,Other Current Assets,money,27.328,49.677,44.989,mismatch,ours_derived_diff,,,,,,derived,CAD,
SWP,TSX,2024,2024,cash_flow,FreeCashFlow,Free Cash Flow,money,2.141,1.178,44.979,mismatch,ours_derived_diff,,,,,,derived,CAD,
BRY,TSX,2014,2014,income_statement,EBITDA,EBITDA,money,3.970321,7.212,44.948,mismatch,ours_derived_diff,,,,,,derived,CAD,
FTS,TSX,2013,2013,income_statement,EBIT,EBIT,money,452.0,821.0,44.945,mismatch,ours_derived_diff,,,,,,derived,CAD,
K,TSX,2018,2018,income_statement,EBIT,EBIT,money,102.2,248.969,44.846,mismatch,ours_derived_diff,0.7443,,,,,derived,FX x1.06,CAD
AAB,TSX,2017,2017,cash_flow,FreeCashFlow,Free Cash Flow,money,0.678237,1.227,44.724,mismatch,ours_derived_diff,,,,,,derived,CAD,
ALA,TSX,2015,2015,cash_flow,NetIncomeFromContinuingOperations,Net Income From Continuing Operations,money,108.0,59.7,44.722,mismatch,ours_derived_diff,,,,,,derived,,
ADW.A,TSX,2023,2023,balance_sheet,AccountsPayable,Accounts Payable & Accrued Expense,money,26.964,48.769,44.711,mismatch,ours_derived_diff,,,,,,from_notes,CAD,
BRY,TSX,2022,2022,balance_sheet,TotalAssets,Total Assets,money,141.906509,78.5,44.682,mismatch,ours_derived_diff,,,,,,derived,CAD,
FTS,TSX,2011,2011,income_statement,EBIT,EBIT,money,450.0,813.0,44.649,mismatch,ours_derived_diff,,,,,,derived,CAD,
BRY,TSX,2019,2019,balance_sheet,TotalAssets,Total Assets,money,81.569009,45.198,44.589,mismatch,ours_derived_diff,,,,,,derived,CAD,
LULU,TSX,2026,2026,balance_sheet,NetPPE,"Property, Plant and Equipment",money,2033.72,5045.558,44.493,mismatch,ours_fuzzy_suspect,0.7262,"Property and equipment, net",2033.72,2026,fuzzy,mapped,USD,CAD
SWP,TSX,2024,2024,balance_sheet,OtherCurrentAssets,Other Current Assets,money,10.079,18.135,44.422,mismatch,ours_derived_diff,,,,,,derived,CAD,
K,TSX,2020,2020,cash_flow,ChangeInWorkingCapital,Change In Working Capital,money,272.2,193.8,44.416,mismatch,ours_derived_diff,0.7807,,,,,derived,FX x1.06,CAD
BRY,TSX,2014,2014,balance_sheet,TotalAssets,Total Assets,money,237.006623,131.779,44.399,mismatch,ours_derived_diff,,,,,,derived,CAD,
ADW.A,TSX,2020,2020,income_statement,EBITDA,EBITDA,money,32.465,58.326,44.339,mismatch,ours_derived_diff,,,,,,derived,CAD,
ERD,TSX,2010,2010,cash_flow,FreeCashFlow,Free Cash Flow,money,-3.609625,-6.485,44.339,mismatch,ours_derived_diff,,,,,,derived,CAD,
BRY,TSX,2012,2012,income_statement,DepreciationAmortizationDepletion,"Depreciation, Depletion and Amortization",money,1.013097,1.82,44.335,mismatch,ours_fuzzy_suspect,,Depreciation on property and equipment; Amortization on intangible assets,2.833194,2014,fuzzy,mapped,CAD,
DII.A,TSX,2019,2019,cash_flow,FreeCashFlow,Free Cash Flow,money,85.786,62.91,44.314,mismatch,ours_derived_diff,0.7594,,,,,derived,USD,CAD
LULU,TSX,2025,2025,balance_sheet,NetPPE,"Property, Plant and Equipment",money,1780.617,4599.981,44.301,mismatch,ours_fuzzy_suspect,0.695,"Property and equipment, net",1780.617,2026,fuzzy,mapped,USD,CAD
MRT.UN,TSX,2017,2017,income_statement,EBIT,EBIT,money,67.306,120.83,44.297,mismatch,ours_derived_diff,,,,,,derived,CAD,
MRT.UN,TSX,2017,2017,income_statement,EBITDA,EBITDA,money,67.306,120.83,44.297,mismatch,ours_derived_diff,,,,,,derived,CAD,
BRY,TSX,2023,2023,balance_sheet,TotalAssets,Total Assets,money,122.603512,68.372,44.233,mismatch,ours_derived_diff,,,,,,derived,CAD,
ALA,TSX,2022,2022,income_statement,DilutedAverageShares,Shares Outstanding (Diluted Average),shares,507.801418,283.3,44.21,mismatch,ours_derived_diff,,,,,,derived,,
CVVY,TSX,2024,2024,cash_flow,NetIssuancePaymentsOfDebt,Net Issuance of Debt,money,-51.446,-28.716,44.182,mismatch,ours_derived_diff,,,,,,derived,CAD,
TFPM,TSX,2022,2022,cash_flow,FreeCashFlow,Free Cash Flow,money,118.376,89.792,44.164,mismatch,ours_derived_diff,0.7361,,,,,derived,USD,CAD
FTS,TSX,2016,2016,income_statement,EBIT,EBIT,money,858.0,1536.0,44.141,mismatch,ours_derived_diff,,,,,,derived,CAD,
SFD,TSX,2024,2024,balance_sheet,Receivables,Total Receivables,money,0.189506,0.106,44.065,mismatch,ours_derived_diff,,,,,,derived,CAD,
TFPM,TSX,2024,2024,income_statement,EBIT,EBIT,money,-12.77,-10.189,43.996,mismatch,ours_derived_diff,0.7019,,,,,derived,USD,CAD
DII.A,TSX,2011,2011,cash_flow,CapitalExpenditure,Capital Expenditure,money,-27.975,-49.947,43.991,mismatch,ours_derived_diff,,,,,,derived,USD,
MFI,TSX,2010,2010,balance_sheet,OtherReceivables,Other Current Receivables,money,53.448,29.957,43.951,mismatch,ours_derived_diff,,,,,,from_notes,CAD,
K,TSX,2022,2022,balance_sheet,OtherCurrentAssets,Other Current Assets,money,362.3,275.911,43.942,mismatch,ours_derived_diff,0.7361,,,,,derived,FX x1.06,CAD
BRY,TSX,2015,2015,balance_sheet,TotalLiabilities,Total Liabilities,money,69.151282,38.78,43.92,mismatch,ours_derived_diff,,,,,,derived,CAD,
ADW.A,TSX,2022,2022,balance_sheet,OtherCurrentAssets,Other Current Assets,money,10.498,5.893,43.865,mismatch,ours_derived_diff,,,,,,derived,CAD,
MRT.UN,TSX,2022,2022,cash_flow,FreeCashFlow,Free Cash Flow,money,73.968,41.55,43.827,mismatch,ours_derived_diff,,,,,,derived,CAD,
NFI,TSX,2019,2019,cash_flow,EffectOfExchangeRateChanges,Effect of Exchange Rate Changes,money,0.194,0.109,43.814,mismatch,ours_fuzzy_suspect,,Effect of foreign exchange rate on cash 83,0.194,2020,fuzzy,mapped,USD,
MFI,TSX,2022,2022,balance_sheet,CashCashEquivalentsAndShortTermInvestments,"Cash, Cash Equivalents, Marketable Securities",money,162.031,91.076,43.791,mismatch,ours_derived_diff,,,,,,derived,CAD,
NFI,TSX,2023,2023,balance_sheet,OtherCurrentAssets,Other Current Assets,money,45.302,25.475,43.766,mismatch,ours_derived_diff,,,,,,derived,USD,
BRY,TSX,2016,2016,balance_sheet,TotalAssets,Total Assets,money,116.430446,65.578,43.676,mismatch,ours_derived_diff,,,,,,derived,CAD,
GRN,TSX,2022,2022,balance_sheet,Receivables,Total Receivables,money,15.521,27.554,43.671,mismatch,ours_derived_diff,,,,,,derived,CAD,
TPX.B,TSX,2023,2023,income_statement,EBITDA,EBITDA,money,1227.1,2920.932,43.639,mismatch,ours_derived_diff,0.7454,,,,,derived,USD,CAD
CPX,TSX,2015,2015,income_statement,PretaxIncome,Pretax Income,money,86.0,152.0,43.421,mismatch,ours_derived_diff,,,,,,derived,CAD,
LAS.A,TSX,2019,2019,balance_sheet,CurrentDebtAndCapitalLeaseObligation,Short-Term Debt & Capital Lease Obligation,money,16.158,28.515,43.335,mismatch,ours_derived_diff,,,,,,derived,CAD,
DII.A,TSX,2025,2025,balance_sheet,CurrentDebtAndCapitalLeaseObligation,Short-Term Debt & Capital Lease Obligation,money,30.226,73.583,43.334,mismatch,ours_derived_diff,0.7249,,,,,derived,USD,CAD
MRT.UN,TSX,2015,2015,cash_flow,FreeCashFlow,Free Cash Flow,money,97.947,55.62,43.214,mismatch,ours_derived_diff,,,,,,derived,CAD,
ERD,TSX,2011,2011,income_statement,OperatingIncome,Operating Income,money,-4.283816,-7.533,43.133,mismatch,ours_derived_diff,,,,,,derived,CAD,
ELD,TSX,2010,2010,balance_sheet,CurrentDebtAndCapitalLeaseObligation,Short-Term Debt & Capital Lease Obligation,money,56.499,99.321,43.115,mismatch,ours_derived_diff,,,,,,derived,USD,
SFD,TSX,2009,2009,income_statement,GrossProfit,Gross Profit,money,3.684323,2.096,43.11,mismatch,ours_derived_diff,,,,,,derived,CAD,
ALA,TSX,2018,2018,income_statement,EBIT,EBIT,money,-716.9,-407.9,43.102,mismatch,ours_derived_diff,,,,,,derived,,
K,TSX,2010,2010,cash_flow,FreeCashFlow,Free Cash Flow,money,661.2,376.929,42.993,mismatch,ours_derived_diff,,,,,,derived,USD,
NFI,TSX,2014,2014,cash_flow,DepreciationAndAmortization,"Cash Flow Depreciation, Depletion and Amortization",money,20.465,41.327,42.894,mismatch,ours_derived_diff,0.8672,,,,,,USD,CAD
OGD,TSX,2024,2024,income_statement,EBITDA,EBITDA,money,4.626,8.1,42.889,mismatch,ours_derived_diff,,,,,,derived,CAD,
HMM.A,TSX,2010,2010,balance_sheet,LongTermDebtAndCapitalLeaseObligation,Long-Term Debt & Capital Lease Obligation,money,3.536,2.024,42.76,mismatch,ours_derived_diff,,,,,,derived,CAD,
TFPM,TSX,2021,2021,cash_flow,FreeCashFlow,Free Cash Flow,money,120.015,88.002,42.714,mismatch,ours_derived_diff,0.7812,,,,,derived,USD,CAD
DII.A,TSX,2023,2023,balance_sheet,CurrentDebtAndCapitalLeaseObligation,Short-Term Debt & Capital Lease Obligation,money,37.064,86.8,42.713,mismatch,ours_derived_diff,0.7454,,,,,derived,USD,CAD
SWP,TSX,2012,2012,balance_sheet,OtherCurrentAssets,Other Current Assets,money,0.227,0.396,42.677,mismatch,ours_derived_diff,,,,,,derived,CAD,
LAS.A,TSX,2015,2015,cash_flow,NetIssuancePaymentsOfDebt,Net Issuance of Debt,money,-44.117,-76.928,42.652,mismatch,ours_derived_diff,,,,,,derived,CAD,
TPX.B,TSX,2024,2024,income_statement,EBITDA,EBITDA,money,1467.6,3642.103,42.591,mismatch,ours_derived_diff,0.7019,,,,,derived,USD,CAD
BRY,TSX,2015,2015,balance_sheet,TotalAssets,Total Assets,money,128.891327,74.02,42.572,mismatch,ours_derived_diff,,,,,,derived,CAD,
TFPM,TSX,2020,2020,balance_sheet,Receivables,Total Receivables,money,5.814,12.96,42.537,mismatch,ours_derived_diff,0.7807,,,,,derived,USD,CAD
MRT.UN,TSX,2018,2018,income_statement,EBIT,EBIT,money,73.015,127.026,42.52,mismatch,ours_derived_diff,,,,,,derived,CAD,
MRT.UN,TSX,2018,2018,income_statement,EBITDA,EBITDA,money,73.015,127.026,42.52,mismatch,ours_derived_diff,,,,,,derived,CAD,
ELD,TSX,2010,2010,income_statement,EBITDA,EBITDA,money,255.479,444.212,42.487,mismatch,ours_derived_diff,,,,,,derived,USD,
BRY,TSX,2024,2024,balance_sheet,TotalAssets,Total Assets,money,100.865904,58.166,42.333,mismatch,ours_derived_diff,,,,,,derived,CAD,
DII.A,TSX,2008,2008,income_statement,DepreciationAmortizationDepletion,"Depreciation, Depletion and Amortization",money,26.51,56.57,42.186,mismatch,ours_derived_diff,0.8106,,,,,,USD,CAD
TPX.B,TSX,2010,2010,cash_flow,FreeCashFlow,Free Cash Flow,money,996.7,576.432,42.166,mismatch,ours_derived_diff,,,,,,derived,CAD,
TXG,TSX,2013,2013,balance_sheet,TotalNonCurrentAssets,Total Long-Term Assets,money,221.815,382.784,42.052,mismatch,ours_derived_diff,,,,,,derived,USD,
AAB,TSX,2019,2019,cash_flow,ChangeInWorkingCapital,Change In Working Capital,money,-2.90696,-5.014,42.023,mismatch,ours_derived_diff,,,,,,derived,CAD,
LULU,TSX,2025,2025,balance_sheet,OtherCurrentAssets,Other Current Assets,money,433.712,361.825,42.022,mismatch,ours_derived_diff,0.695,,,,,derived,USD,CAD
SFD,TSX,2022,2022,balance_sheet,LongTermDebtAndCapitalLeaseObligation,Long-Term Debt & Capital Lease Obligation,money,0.824074,1.42,41.967,mismatch,ours_derived_diff,,,,,,derived,CAD,
OGD,TSX,2022,2022,cash_flow,NetIssuancePaymentsOfDebt,Net Issuance of Debt,money,4.669,2.711,41.936,mismatch,ours_derived_diff,,,,,,derived,CAD,
NFI,TSX,2015,2015,balance_sheet,OtherCurrentAssets,Other Current Assets,money,11.283,8.996,41.858,mismatch,ours_derived_diff,0.7292,,,,,derived,USD,CAD
HMM.A,TSX,2019,2019,cash_flow,DepreciationAndAmortization,"Cash Flow Depreciation, Depletion and Amortization",money,3.533,6.07,41.796,mismatch,ours_derived_diff,,,,,,,CAD,
K,TSX,2010,2010,income_statement,EBITDA,EBITDA,money,1085.0,1862.868,41.756,mismatch,ours_derived_diff,,,,,,derived,USD,
BRY,TSX,2019,2019,balance_sheet,TotalLiabilities,Total Liabilities,money,50.101034,29.2,41.718,mismatch,ours_derived_diff,,,,,,derived,CAD,
FTS,TSX,2012,2012,income_statement,GrossProfit,Gross Profit,money,3654.0,2132.0,41.653,mismatch,ours_derived_diff,,,,,,derived,CAD,
OGD,TSX,2019,2019,balance_sheet,OtherCurrentAssets,Other Current Assets,money,1.977,1.154,41.629,mismatch,ours_derived_diff,,,,,,derived,CAD,
ADW.A,TSX,2012,2012,income_statement,EBITDA,EBITDA,money,18.539,31.745,41.6,mismatch,ours_derived_diff,,,,,,derived,CAD,
ADW.A,TSX,2014,2014,income_statement,EBITDA,EBITDA,money,19.244,32.925,41.552,mismatch,ours_derived_diff,,,,,,derived,CAD,
SWP,TSX,2021,2021,income_statement,EBITDA,EBITDA,money,6.771,11.577,41.513,mismatch,ours_derived_diff,,,,,,derived,CAD,
BKI,TSX,2018,2018,income_statement,OperatingIncome,Operating Income,money,-1.232145,-2.83,41.501,mismatch,ours_derived_diff,0.7443,,,,,derived,USD,CAD
ALA,TSX,2014,2014,income_statement,EBIT,EBIT,money,157.2,268.6,41.474,mismatch,ours_derived_diff,,,,,,derived,,
DII.A,TSX,2019,2019,income_statement,EBITDA,EBITDA,money,85.729,192.382,41.316,mismatch,ours_derived_diff,0.7594,,,,,derived,USD,CAD
DII.A,TSX,2012,2012,cash_flow,CapitalExpenditure,Capital Expenditure,money,-27.02,-46.037,41.308,mismatch,ours_derived_diff,,,,,,derived,USD,
CPX,TSX,2010,2010,balance_sheet,StockholdersEquity,Total Stockholders Equity,money,489.0,833.0,41.297,mismatch,ours_fuzzy_suspect,,Equity attributable to common shareholders total,3024.0,2011,fuzzy,mapped,CAD,
DII.A,TSX,2014,2014,balance_sheet,OtherCurrentAssets,Other Current Assets,money,45.373,30.734,41.262,mismatch,ours_derived_diff,0.8672,,,,,derived,USD,CAD
ADW.A,TSX,2021,2021,income_statement,EBITDA,EBITDA,money,37.453,63.723,41.225,mismatch,ours_derived_diff,,,,,,derived,CAD,
WPK,TSX,2024,2024,cash_flow,ChangeInWorkingCapital,Change In Working Capital,money,-39.289,-32.921,41.186,mismatch,ours_derived_diff,0.7019,,,,,derived,USD,CAD
MRT.UN,TSX,2016,2016,cash_flow,FreeCashFlow,Free Cash Flow,money,115.148,67.733,41.177,mismatch,ours_derived_diff,,,,,,derived,CAD,
DII.A,TSX,2021,2021,income_statement,EBITDA,EBITDA,money,51.9,88.212,41.164,mismatch,ours_derived_diff,,,,,,derived,USD,
CDR,TSX,2025,2025,cash_flow,ChangeInWorkingCapital,Change In Working Capital,money,4.408,7.491,41.156,mismatch,ours_fuzzy_suspect,,Changes in non-cash working capital,12.715,2026,fuzzy,mapped,CAD,
DII.A,TSX,2011,2011,cash_flow,NetIssuancePaymentsOfDebt,Net Issuance of Debt,money,-14.855,-25.211,41.077,mismatch,ours_derived_diff,,,,,,derived,USD,
CHR,TSX,2023,2023,income_statement,EBITDA,EBITDA,money,159.927,271.359,41.064,mismatch,ours_derived_diff,,,,,,derived,CAD,
BKI,TSX,2016,2016,balance_sheet,CashCashEquivalentsAndShortTermInvestments,"Cash, Cash Equivalents, Marketable Securities",money,3.244395,7.339,41.035,mismatch,ours_derived_diff,0.7497,,,,,derived,USD,CAD
K,TSX,2013,2013,cash_flow,ChangeInWorkingCapital,Change In Working Capital,money,-39.9,-71.92,40.977,mismatch,ours_derived_diff,0.9399,,,,,derived,FX x1.06,CAD
SWP,TSX,2019,2019,income_statement,EBIT,EBIT,money,3.492,5.914,40.954,mismatch,ours_derived_diff,,,,,,derived,CAD,
SWP,TSX,2015,2015,income_statement,EBITDA,EBITDA,money,3.153,5.338,40.933,mismatch,ours_derived_diff,,,,,,derived,CAD,
FTS,TSX,2012,2012,cash_flow,ChangeInWorkingCapital,Change In Working Capital,money,78.0,132.0,40.909,mismatch,ours_fuzzy_suspect,,Change in non-cash operating working capital (Note 31),78.0,2014,fuzzy,mapped,CAD,
NFI,TSX,2017,2017,cash_flow,EffectOfExchangeRateChanges,Effect of Exchange Rate Changes,money,0.347,0.587,40.886,mismatch,ours_fuzzy_suspect,,Effect of foreign exchange rate on cash 460,0.347,2018,fuzzy,mapped,USD,
NFI,TSX,2010,2010,balance_sheet,Receivables,Total Receivables,money,103.52,61.201,40.88,mismatch,ours_derived_diff,,,,,,derived,USD,
AAB,TSX,2024,2024,cash_flow,ChangeInWorkingCapital,Change In Working Capital,money,1.885709,1.116,40.818,mismatch,ours_derived_diff,,,,,,derived,CAD,
FTS,TSX,2014,2014,income_statement,GrossProfit,Gross Profit,money,5401.0,3204.0,40.678,mismatch,ours_derived_diff,,,,,,derived,CAD,
CPX,TSX,2009,2009,balance_sheet,StockholdersEquity,Total Stockholders Equity,money,824.0,489.0,40.655,mismatch,ours_fuzzy_suspect,,Equity attributable to common shareholders total,3402.0,2011,fuzzy,mapped,CAD,
DII.A,TSX,2014,2014,income_statement,EBITDA,EBITDA,money,38.058,73.949,40.65,mismatch,ours_derived_diff,0.8672,,,,,derived,USD,CAD
SWP,TSX,2010,2010,balance_sheet,Receivables,Total Receivables,money,3.706,6.244,40.647,mismatch,ours_derived_diff,,,,,,derived,CAD,
CVVY,TSX,2018,2018,income_statement,GrossProfit,Gross Profit,money,2.73,1.621,40.623,mismatch,ours_derived_diff,,,,,,derived,CAD,
GRN,TSX,2022,2022,income_statement,EBITDA,EBITDA,money,-5.13,-3.048,40.585,mismatch,ours_derived_diff,,,,,,derived,CAD,
DSG,TSX,2008,2008,cash_flow,DepreciationAndAmortization,"Cash Flow Depreciation, Depletion and Amortization",money,3.644,6.132,40.574,mismatch,ours_derived_diff,,,,,,,USD,
ADW.A,TSX,2022,2022,cash_flow,CapitalExpenditure,Capital Expenditure,money,-13.612,-22.901,40.562,mismatch,ours_derived_diff,,,,,,derived,CAD,
K,TSX,2024,2024,cash_flow,ChangeInWorkingCapital,Change In Working Capital,money,40.3,96.595,40.561,mismatch,ours_derived_diff,0.7019,,,,,derived,FX x1.06,CAD
ADW.A,TSX,2015,2015,income_statement,EBITDA,EBITDA,money,20.772,34.913,40.504,mismatch,ours_derived_diff,,,,,,derived,CAD,
ADW.A,TSX,2018,2018,balance_sheet,AccountsPayable,Accounts Payable & Accrued Expense,money,22.211,37.301,40.455,mismatch,ours_derived_diff,,,,,,from_notes,CAD,
DII.A,TSX,2010,2010,balance_sheet,OtherCurrentAssets,Other Current Assets,money,34.473,20.541,40.414,mismatch,ours_derived_diff,,,,,,derived,USD,
SFD,TSX,2007,2007,income_statement,DepreciationAmortizationDepletion,"Depreciation, Depletion and Amortization",money,0.128179,0.215,40.382,mismatch,ours_derived_diff,,,,,,derived,CAD,
BRY,TSX,2018,2018,income_statement,EBIT,EBIT,money,-7.139648,-4.259,40.347,mismatch,ours_derived_diff,,,,,,derived,CAD,
OGD,TSX,2016,2016,balance_sheet,TotalLiabilities,Total Liabilities,money,43.739,26.093,40.344,mismatch,ours_derived_diff,,,,,,derived,CAD,
TXG,TSX,2021,2021,cash_flow,ChangeInWorkingCapital,Change In Working Capital,money,-21.0,-45.056,40.341,mismatch,ours_derived_diff,0.7812,,,,,derived,USD,CAD
GFP,TSX,2022,2022,income_statement,EBITDA,EBITDA,money,15.597,26.14,40.333,mismatch,ours_derived_diff,,,,,,derived,CAD,
CDR,TSX,2024,2024,cash_flow,ChangeInWorkingCapital,Change In Working Capital,money,-11.047,-6.592,40.328,mismatch,ours_fuzzy_suspect,,Changes in non-cash working capital,-10.026,2026,fuzzy,mapped,CAD,
FTS,TSX,2018,2018,income_statement,EBIT,EBIT,money,1451.0,2425.0,40.165,mismatch,ours_derived_diff,,,,,,derived,CAD,
ADW.A,TSX,2016,2016,balance_sheet,OtherCurrentAssets,Other Current Assets,money,2.978,1.782,40.161,mismatch,ours_derived_diff,,,,,,derived,CAD,
HMM.A,TSX,2018,2018,cash_flow,FinancingCashFlow,Cash Flow from Financing,money,4.7,7.851,40.135,mismatch,ours_derived_diff,,,,,,derived,CAD,
CDR,TSX,2016,2016,balance_sheet,Receivables,Total Receivables,money,1.061,1.771,40.09,mismatch,ours_derived_diff,,,,,,derived,CAD,
DII.A,TSX,2024,2024,cash_flow,CapitalExpenditure,Capital Expenditure,money,-14.157,-33.617,40.002,mismatch,ours_derived_diff,0.7019,,,,,derived,USD,CAD
CPX,TSX,2010,2010,balance_sheet,GainsLossesNotAffectingRetainedEarnings,Accumulated other comprehensive income (loss),money,3.0,5.0,40.0,mismatch,ours_fuzzy_suspect,,Accumulated other comprehensive (loss) income (note 17),3.0,2011,fuzzy,mapped,CAD,
DII.A,TSX,2009,2009,balance_sheet,OtherCurrentAssets,Other Current Assets,money,35.033,58.374,39.985,mismatch,ours_derived_diff,,,,,,derived,USD,
GRN,TSX,2025,2025,income_statement,EBITDA,EBITDA,money,1.467,2.444,39.975,mismatch,ours_derived_diff,,,,,,derived,CAD,
DII.A,TSX,2015,2015,cash_flow,FreeCashFlow,Free Cash Flow,money,44.407,36.563,39.958,mismatch,ours_derived_diff,0.7292,,,,,derived,USD,CAD
FTS,TSX,2013,2013,income_statement,GrossProfit,Gross Profit,money,4047.0,2430.0,39.956,mismatch,ours_derived_diff,,,,,,derived,CAD,
DII.A,TSX,2010,2010,cash_flow,FreeCashFlow,Free Cash Flow,money,43.434,26.101,39.907,mismatch,ours_derived_diff,,,,,,derived,USD,
TPX.B,TSX,2013,2013,balance_sheet,TotalNonCurrentAssets,Total Long-Term Assets,money,8989.3,14939.709,39.829,mismatch,ours_derived_diff,,,,,,derived,CAD,
WPK,TSX,2014,2014,balance_sheet,OtherCurrentAssets,Other Current Assets,money,7.217,5.01,39.803,mismatch,ours_derived_diff,0.8672,,,,,derived,USD,CAD
TFPM,TSX,2021,2021,balance_sheet,Receivables,Total Receivables,money,9.688,20.576,39.732,mismatch,ours_derived_diff,0.7812,,,,,derived,USD,CAD
ADW.A,TSX,2012,2012,balance_sheet,OtherCurrentAssets,Other Current Assets,money,2.219,1.338,39.703,mismatch,ours_derived_diff,,,,,,derived,CAD,
WPK,TSX,2024,2024,income_statement,OtherIncomeExpense,Other Income (Expense),money,-5.622,-13.264,39.614,mismatch,ours_fuzzy_suspect,0.7019,Other income (expenses) 9,-5.622,2026,fuzzy,mapped,USD,CAD
CPX,TSX,2024,2024,income_statement,EBIT,EBIT,money,678.0,1122.0,39.572,mismatch,ours_derived_diff,,,,,,derived,CAD,
SWP,TSX,2011,2011,balance_sheet,OtherCurrentAssets,Other Current Assets,money,0.248,0.41,39.512,mismatch,ours_derived_diff,,,,,,derived,CAD,
OGD,TSX,2020,2020,income_statement,EBITDA,EBITDA,money,4.122,6.814,39.507,mismatch,ours_derived_diff,,,,,,derived,CAD,
ALA,TSX,2014,2014,income_statement,DilutedAverageShares,Shares Outstanding (Diluted Average),shares,212.432432,128.6,39.463,mismatch,ours_derived_diff,,,,,,derived,,
DII.A,TSX,2021,2021,income_statement,EBIT,EBIT,money,-32.288,-19.548,39.457,mismatch,ours_derived_diff,,,,,,derived,USD,
K,TSX,2023,2023,income_statement,EBITDA,EBITDA,money,1068.5,2367.119,39.441,mismatch,ours_derived_diff,0.7454,,,,,derived,FX x1.06,CAD
K,TSX,2009,2009,income_statement,EBITDA,EBITDA,money,1804.3,1093.741,39.381,mismatch,ours_derived_diff,,,,,,derived,USD,
K,TSX,2011,2011,income_statement,EBIT,EBIT,money,-2516.0,-1526.55,39.326,mismatch,ours_derived_diff,,,,,,derived,USD,
ALA,TSX,2018,2018,income_statement,NetIncome,Net Income,money,-716.9,-435.1,39.308,mismatch,ours_derived_diff,,,,,,derived,,
FTS,TSX,2014,2014,cash_flow,ChangeInWorkingCapital,Change In Working Capital,money,-124.0,-204.0,39.216,mismatch,ours_fuzzy_suspect,,Change in non-cash operating working capital (Note 30),-124.0,2016,fuzzy,mapped,CAD,
TPX.B,TSX,2012,2012,balance_sheet,GrossPPE,"Gross Property, Plant and Equipment",money,5243.8,3187.651,39.211,mismatch,ours_derived_diff,,,,,,derived,CAD,
BRY,TSX,2024,2024,balance_sheet,OtherCurrentAssets,Other Current Assets,money,0.280856,0.462,39.209,mismatch,ours_derived_diff,,,,,,derived,CAD,
DII.A,TSX,2010,2010,income_statement,DepreciationAmortizationDepletion,"Depreciation, Depletion and Amortization",money,31.373,51.601,39.201,mismatch,ours_derived_diff,,,,,,,USD,
GFP,TSX,2021,2021,income_statement,EBIT,EBIT,money,-12.054,-7.331,39.182,mismatch,ours_derived_diff,,,,,,derived,CAD,
ADW.A,TSX,2019,2019,income_statement,EBITDA,EBITDA,money,30.491,50.133,39.18,mismatch,ours_derived_diff,,,,,,derived,CAD,
BRY,TSX,2025,2025,balance_sheet,TotalAssets,Total Assets,money,71.24579,43.356,39.146,mismatch,ours_derived_diff,,,,,,derived,CAD,
ERD,TSX,2010,2010,balance_sheet,CashCashEquivalentsAndShortTermInvestments,"Cash, Cash Equivalents, Marketable Securities",money,13.764186,8.379,39.125,mismatch,ours_derived_diff,,,,,,derived,CAD,
TXG,TSX,2013,2013,balance_sheet,TotalLiabilities,Total Liabilities,money,59.283,36.09,39.123,mismatch,ours_derived_diff,,,,,,derived,USD,
DII.A,TSX,2021,2021,balance_sheet,CurrentDebtAndCapitalLeaseObligation,Short-Term Debt & Capital Lease Obligation,money,29.546,48.422,38.982,mismatch,ours_derived_diff,,,,,,derived,USD,
ADW.A,TSX,2022,2022,balance_sheet,AccountsPayable,Accounts Payable & Accrued Expense,money,29.667,48.548,38.891,mismatch,ours_derived_diff,,,,,,from_notes,CAD,
MRT.UN,TSX,2014,2014,cash_flow,FreeCashFlow,Free Cash Flow,money,104.617,63.946,38.876,mismatch,ours_derived_diff,,,,,,derived,CAD,
LAS.A,TSX,2016,2016,balance_sheet,CurrentDebtAndCapitalLeaseObligation,Short-Term Debt & Capital Lease Obligation,money,10.033,16.395,38.805,mismatch,ours_derived_diff,,,,,,derived,CAD,
ALA,TSX,2012,2012,income_statement,DilutedAverageShares,Shares Outstanding (Diluted Average),shares,156.89434,96.311,38.614,mismatch,ours_derived_diff,,,,,,derived,,
WPK,TSX,2017,2017,balance_sheet,OtherCurrentAssets,Other Current Assets,money,5.177,4.065,38.507,mismatch,ours_derived_diff,0.7831,,,,,derived,USD,CAD
TPX.B,TSX,2011,2011,cash_flow,FreeCashFlow,Free Cash Flow,money,1052.6,647.568,38.479,mismatch,ours_derived_diff,,,,,,derived,CAD,
SWP,TSX,2022,2022,income_statement,EBITDA,EBITDA,money,9.715,15.791,38.478,mismatch,ours_derived_diff,,,,,,derived,CAD,
DII.A,TSX,2018,2018,cash_flow,CapitalExpenditure,Capital Expenditure,money,-33.578,-73.289,38.442,mismatch,ours_derived_diff,0.7443,,,,,derived,USD,CAD
HMM.A,TSX,2016,2016,balance_sheet,CurrentDebtAndCapitalLeaseObligation,Short-Term Debt & Capital Lease Obligation,money,11.787,19.13,38.385,mismatch,ours_derived_diff,,,,,,derived,CAD,
OGD,TSX,2015,2015,balance_sheet,TotalLiabilities,Total Liabilities,money,32.044,19.746,38.378,mismatch,ours_derived_diff,,,,,,derived,CAD,
FTS,TSX,2015,2015,income_statement,GrossProfit,Gross Profit,money,6757.0,4166.0,38.345,mismatch,ours_derived_diff,,,,,,derived,CAD,
DSG,TSX,2017,2017,cash_flow,ChangeInWorkingCapital,Change In Working Capital,money,6.242,13.346,38.342,mismatch,ours_derived_diff,0.7586,,,,,derived,USD,CAD
DII.A,TSX,2016,2016,income_statement,EBITDA,EBITDA,money,42.54,92.011,38.329,mismatch,ours_derived_diff,0.7497,,,,,derived,USD,CAD
ELD,TSX,2012,2012,balance_sheet,Receivables,Total Receivables,money,53.147,86.156,38.313,mismatch,ours_derived_diff,,,,,,derived,USD,
TXG,TSX,2016,2016,income_statement,EBIT,EBIT,money,29.0,62.693,38.298,mismatch,ours_derived_diff,0.7497,,,,,derived,USD,CAD
K,TSX,2008,2008,cash_flow,ChangeInWorkingCapital,Change In Working Capital,money,-145.4,-235.637,38.295,mismatch,ours_derived_diff,,,,,,derived,USD,
BRY,TSX,2011,2011,balance_sheet,OtherCurrentAssets,Other Current Assets,money,1.222523,1.981,38.288,mismatch,ours_derived_diff,,,,,,derived,CAD,
DII.A,TSX,2014,2014,cash_flow,CapitalExpenditure,Capital Expenditure,money,-35.745,-66.717,38.215,mismatch,ours_derived_diff,0.8672,,,,,derived,USD,CAD
DII.A,TSX,2021,2021,cash_flow,CapitalExpenditure,Capital Expenditure,money,-28.683,-46.424,38.215,mismatch,ours_derived_diff,,,,,,derived,USD,
ALA,TSX,2021,2021,income_statement,EBIT,EBIT,money,446.0,721.0,38.141,mismatch,ours_derived_diff,,,,,,derived,,
NFI,TSX,2008,2008,cash_flow,DepreciationAndAmortization,"Cash Flow Depreciation, Depletion and Amortization",money,15.572,31.056,38.14,mismatch,ours_derived_diff,0.8106,,,,,,USD,CAD
OGD,TSX,2022,2022,balance_sheet,OtherCurrentAssets,Other Current Assets,money,1.741,1.077,38.139,mismatch,ours_derived_diff,,,,,,derived,CAD,
TPX.B,TSX,2010,2010,cash_flow,PurchaseOfPPE,"Purchase Of Property, Plant, Equipment",money,-289.5,-179.341,38.051,mismatch,ours_fuzzy_suspect,,"Additions to property, plant and equipment",-289.5,2012,fuzzy,mapped,CAD,
TPX.B,TSX,2010,2010,cash_flow,CapitalExpenditure,Capital Expenditure,money,-289.5,-179.341,38.051,mismatch,ours_derived_diff,,,,,,derived,CAD,
HMM.A,TSX,2025,2025,income_statement,DepreciationAmortizationDepletion,"Depreciation, Depletion and Amortization",money,6.84,11.039,38.038,mismatch,ours_derived_diff,,,,,,,CAD,
ALA,TSX,2016,2016,income_statement,EBIT,EBIT,money,246.2,397.0,37.985,mismatch,ours_derived_diff,,,,,,derived,,
NFI,TSX,2013,2013,cash_flow,FreeCashFlow,Free Cash Flow,money,14.54,9.605,37.909,mismatch,ours_derived_diff,0.9399,,,,,derived,USD,CAD
ADW.A,TSX,2020,2020,balance_sheet,AccountsPayable,Accounts Payable & Accrued Expense,money,34.25,55.146,37.892,mismatch,ours_derived_diff,,,,,,from_notes,CAD,
ALA,TSX,2024,2024,income_statement,EBIT,EBIT,money,746.0,1201.0,37.885,mismatch,ours_derived_diff,,,,,,derived,,
ERD,TSX,2012,2012,income_statement,EBITDA,EBITDA,money,-7.404637,-4.6,37.877,mismatch,ours_derived_diff,,,,,,derived,CAD,
ELD,TSX,2009,2009,income_statement,GrossProfit,Gross Profit,money,358.467,222.808,37.844,mismatch,ours_derived_diff,,,,,,derived,USD,
OGD,TSX,2020,2020,income_statement,EBIT,EBIT,money,-7.118,-4.426,37.82,mismatch,ours_derived_diff,,,,,,derived,CAD,
ERD,TSX,2012,2012,income_statement,EBIT,EBIT,money,-7.442192,-4.637,37.693,mismatch,ours_derived_diff,,,,,,derived,CAD,
WPK,TSX,2015,2015,income_statement,OtherIncomeExpense,Other Income (Expense),money,-1.916,-4.215,37.665,mismatch,ours_fuzzy_suspect,0.7292,Other expenses 9,-1.916,2017,fuzzy,mapped,USD,CAD
TXG,TSX,2019,2019,income_statement,PretaxIncome,Pretax Income,money,189.2,155.394,37.632,mismatch,ours_derived_diff,0.7594,,,,,derived,USD,CAD
ADW.A,TSX,2010,2010,income_statement,EBIT,EBIT,money,13.087,20.96,37.562,mismatch,ours_derived_diff,,,,,,derived,CAD,
TPX.B,TSX,2012,2012,balance_sheet,TotalNonCurrentAssets,Total Long-Term Assets,money,8949.9,14316.666,37.486,mismatch,ours_derived_diff,,,,,,derived,CAD,
K,TSX,2011,2011,income_statement,PretaxIncome,Pretax Income,money,-2509.8,-1572.096,37.362,mismatch,ours_derived_diff,,,,,,derived,USD,
VRTS,TSX,2024,2024,cash_flow,FreeCashFlow,Free Cash Flow,money,-1.725014,-1.081,37.334,mismatch,ours_derived_diff,,,,,,derived,CAD,
GFP,TSX,2024,2024,balance_sheet,LongTermDebtAndCapitalLeaseObligation,Long-Term Debt & Capital Lease Obligation,money,10.888,17.362,37.288,mismatch,ours_derived_diff,,,,,,derived,CAD,
WPK,TSX,2015,2015,balance_sheet,OtherCurrentAssets,Other Current Assets,money,5.501,4.732,37.271,mismatch,ours_derived_diff,0.7292,,,,,derived,USD,CAD
OGD,TSX,2024,2024,income_statement,DilutedAverageShares,Shares Outstanding (Diluted Average),shares,59.55,37.373,37.241,mismatch,ours_derived_diff,,,,,,derived,CAD,
GRN,TSX,2021,2021,balance_sheet,Receivables,Total Receivables,money,16.461,26.205,37.184,mismatch,ours_derived_diff,,,,,,derived,CAD,
CVVY,TSX,2024,2024,income_statement,OperatingIncome,Operating Income,money,-143.865,-90.392,37.169,mismatch,ours_derived_diff,,,,,,derived,CAD,
CDR,TSX,2023,2023,income_statement,OperatingIncome,Operating Income,money,-12.124,-7.62,37.149,mismatch,ours_derived_diff,,,,,,derived,CAD,
TXG,TSX,2019,2019,income_statement,EBIT,EBIT,money,189.2,156.711,37.104,mismatch,ours_derived_diff,0.7594,,,,,derived,USD,CAD
TPX.B,TSX,2010,2010,income_statement,NetIncomeContinuousOperations,Net Income (Continuing Operations),money,1073.7,675.729,37.065,mismatch,ours_derived_diff,,,,,,derived,CAD,
MFI,TSX,2011,2011,income_statement,EBIT,EBIT,money,111.8,177.581,37.043,mismatch,ours_derived_diff,,,,,,derived,CAD,
MRT.UN,TSX,2018,2018,balance_sheet,Receivables,Total Receivables,money,17.016,27.016,37.015,mismatch,ours_derived_diff,,,,,,derived,CAD,
MFI,TSX,2024,2024,income_statement,EBITDA,EBITDA,money,256.876,407.49,36.961,mismatch,ours_derived_diff,,,,,,derived,CAD,
DII.A,TSX,2024,2024,cash_flow,NetIssuancePaymentsOfDebt,Net Issuance of Debt,money,-14.19,-32.054,36.93,mismatch,ours_derived_diff,0.7019,,,,,derived,USD,CAD
OGD,TSX,2017,2017,income_statement,EBITDA,EBITDA,money,1.709,2.709,36.914,mismatch,ours_derived_diff,,,,,,derived,CAD,
DII.A,TSX,2017,2017,income_statement,EBITDA,EBITDA,money,79.535,160.838,36.857,mismatch,ours_derived_diff,0.7831,,,,,derived,USD,CAD
ERD,TSX,2012,2012,income_statement,PretaxIncome,Pretax Income,money,-7.34581,-4.641,36.821,mismatch,ours_derived_diff,,,,,,derived,CAD,
TXG,TSX,2012,2012,balance_sheet,TotalLiabilities,Total Liabilities,money,5.743,9.09,36.821,mismatch,ours_derived_diff,,,,,,derived,USD,
WPK,TSX,2012,2012,income_statement,OtherIncomeExpense,Other Income (Expense),money,1.796,1.135,36.804,mismatch,ours_fuzzy_suspect,,Other income (expenses) 9,1.796,2013,fuzzy,mapped,USD,
NFI,TSX,2024,2024,cash_flow,CapitalExpenditure,Capital Expenditure,money,-30.314,-68.259,36.729,mismatch,ours_derived_diff,0.7019,,,,,derived,USD,CAD
ALA,TSX,2018,2018,cash_flow,NetIncomeFromContinuingOperations,Net Income From Continuing Operations,money,-716.9,-453.7,36.714,mismatch,ours_derived_diff,,,,,,derived,,
ALA,TSX,2016,2016,income_statement,DilutedAverageShares,Shares Outstanding (Diluted Average),shares,248.686869,157.6,36.627,mismatch,ours_derived_diff,,,,,,derived,,
DII.A,TSX,2017,2017,cash_flow,CapitalExpenditure,Capital Expenditure,money,-36.464,-73.445,36.604,mismatch,ours_derived_diff,0.7831,,,,,derived,USD,CAD
ALA,TSX,2021,2021,income_statement,NetIncome,Net Income,money,446.0,283.0,36.547,mismatch,ours_derived_diff,,,,,,derived,,
ERD,TSX,2015,2015,cash_flow,FreeCashFlow,Free Cash Flow,money,-1.576425,-2.479,36.409,mismatch,ours_derived_diff,,,,,,derived,CAD,
OGD,TSX,2023,2023,balance_sheet,OtherCurrentAssets,Other Current Assets,money,1.597,1.017,36.318,mismatch,ours_derived_diff,,,,,,derived,CAD,
MFI,TSX,2010,2010,balance_sheet,TotalNonCurrentLiabilities,Total Long-Term Liabilities,money,1186.247,756.178,36.255,mismatch,ours_derived_diff,,,,,,derived,CAD,
CHR,TSX,2018,2018,income_statement,EBIT,EBIT,money,104.774,163.983,36.107,mismatch,ours_derived_diff,,,,,,derived,CAD,
OGD,TSX,2018,2018,balance_sheet,TotalLiabilities,Total Liabilities,money,69.461,44.402,36.076,mismatch,ours_derived_diff,,,,,,derived,CAD,
K,TSX,2023,2023,balance_sheet,OtherCurrentAssets,Other Current Assets,money,296.9,255.306,35.904,mismatch,ours_derived_diff,0.7454,,,,,derived,FX x1.06,CAD
MFI,TSX,2020,2020,cash_flow,ChangeInWorkingCapital,Change In Working Capital,money,-25.883,-16.597,35.877,mismatch,ours_fuzzy_suspect,,Change in non-cash operating working capital,-25.883,2022,fuzzy,mapped,CAD,
IIP.UN,TSX,2014,2014,income_statement,EBITDA,EBITDA,money,23.982,37.366,35.819,mismatch,ours_derived_diff,,,,,,derived,CAD,
DII.A,TSX,2022,2022,balance_sheet,CurrentDebtAndCapitalLeaseObligation,Short-Term Debt & Capital Lease Obligation,money,33.293,70.411,35.765,mismatch,ours_derived_diff,0.7361,,,,,derived,USD,CAD
NFI,TSX,2017,2017,balance_sheet,TotalEquityGrossMinorityInterest,Total Equity,money,630.167,980.441,35.726,mismatch,ours_derived_diff,,,,,,derived,USD,
K,TSX,2010,2010,balance_sheet,OtherCurrentAssets,Other Current Assets,money,370.6,238.214,35.722,mismatch,ours_derived_diff,,,,,,derived,USD,
IIP.UN,TSX,2014,2014,income_statement,EBIT,EBIT,money,23.982,37.296,35.698,mismatch,ours_derived_diff,,,,,,derived,CAD,
HMM.A,TSX,2008,2008,balance_sheet,LongTermDebtAndCapitalLeaseObligation,Long-Term Debt & Capital Lease Obligation,money,6.884,4.427,35.691,mismatch,ours_derived_diff,,,,,,derived,CAD,
ELD,TSX,2013,2013,income_statement,EBITDA,EBITDA,money,-500.547,-342.665,35.654,mismatch,ours_derived_diff,0.9399,,,,,derived,USD,CAD
HMM.A,TSX,2015,2015,income_statement,EBIT,EBIT,money,3.478,5.403,35.628,mismatch,ours_derived_diff,,,,,,derived,CAD,
NFI,TSX,2011,2011,cash_flow,DepreciationAndAmortization,"Cash Flow Depreciation, Depletion and Amortization",money,15.981,24.813,35.594,mismatch,ours_derived_diff,,,,,,,USD,
ADW.A,TSX,2026,2026,cash_flow,NetIssuancePaymentsOfDebt,Net Issuance of Debt,money,-64.0,-41.226,35.584,mismatch,ours_derived_diff,,,,,,derived,CAD,
HMM.A,TSX,2016,2016,income_statement,EBITDA,EBITDA,money,3.512,5.452,35.583,mismatch,ours_derived_diff,,,,,,derived,CAD,
TPX.B,TSX,2012,2012,income_statement,EBIT,EBIT,money,1211.4,780.358,35.582,mismatch,ours_derived_diff,,,,,,derived,CAD,
OGD,TSX,2021,2021,cash_flow,NetIssuancePaymentsOfDebt,Net Issuance of Debt,money,-6.282,-4.047,35.578,mismatch,ours_derived_diff,,,,,,derived,CAD,
SWP,TSX,2011,2011,income_statement,EBIT,EBIT,money,0.949,1.471,35.486,mismatch,ours_derived_diff,,,,,,derived,CAD,
BRY,TSX,2009,2009,income_statement,DepreciationAmortizationDepletion,"Depreciation, Depletion and Amortization",money,0.986082,1.527,35.424,mismatch,ours_fuzzy_suspect,,Amortization on intangible assets,1.972164,2011,fuzzy,mapped,CAD,
BRY,TSX,2009,2009,cash_flow,DepreciationAndAmortization,"Cash Flow Depreciation, Depletion and Amortization",money,0.986082,1.527,35.424,mismatch,ours_derived_diff,,,,,,,CAD,
K,TSX,2018,2018,cash_flow,ChangeInWorkingCapital,Change In Working Capital,money,64.1,55.625,35.413,mismatch,ours_derived_diff,0.7443,,,,,derived,FX x1.06,CAD
ADW.A,TSX,2022,2022,income_statement,EBIT,EBIT,money,17.075,26.412,35.351,mismatch,ours_derived_diff,,,,,,derived,CAD,
CPX,TSX,2021,2021,balance_sheet,OtherCurrentAssets,Other Current Assets,money,108.0,167.0,35.329,mismatch,ours_derived_diff,,,,,,derived,CAD,
TXG,TSX,2013,2013,cash_flow,OperatingCashFlow,Cash Flow from Operations,money,-70.622,-45.683,35.313,mismatch,ours_derived_diff,,,,,,derived,USD,
MRT.UN,TSX,2009,2009,balance_sheet,CashCashEquivalentsAndShortTermInvestments,"Cash, Cash Equivalents, Marketable Securities",money,5.751,8.89,35.309,mismatch,ours_derived_diff,,,,,,derived,CAD,
SFD,TSX,2023,2023,income_statement,EBITDA,EBITDA,money,-5.451112,-3.531,35.224,mismatch,ours_derived_diff,,,,,,derived,CAD,
CDR,TSX,2022,2022,cash_flow,FreeCashFlow,Free Cash Flow,money,-3.171,-4.884,35.074,mismatch,ours_derived_diff,,,,,,derived,CAD,
WPK,TSX,2025,2025,balance_sheet,OtherReceivables,Other Current Receivables,money,16.604,35.249,35.019,mismatch,ours_derived_diff,0.7249,,,,,from_notes,USD,CAD
OGD,TSX,2021,2021,balance_sheet,TotalLiabilities,Total Liabilities,money,104.326,67.794,35.017,mismatch,ours_derived_diff,,,,,,derived,CAD,
CPX,TSX,2021,2021,income_statement,CostOfRevenue,Cost of Goods Sold,money,434.0,667.0,34.933,mismatch,ours_derived_diff,,,,,,derived,CAD,
TPX.B,TSX,2012,2012,cash_flow,FreeCashFlow,Free Cash Flow,money,1156.4,753.633,34.829,mismatch,ours_derived_diff,,,,,,derived,CAD,
FTS,TSX,2017,2017,income_statement,EBIT,EBIT,money,1713.0,2627.0,34.793,mismatch,ours_derived_diff,,,,,,derived,CAD,
BRY,TSX,2013,2013,income_statement,OperatingIncome,Operating Income,money,6.529465,10.007,34.751,mismatch,ours_derived_diff,,,,,,derived,CAD,
POW,TSX,2022,2021,income_statement,EBITDA,EBITDA,money,4354.0,6670.0,34.723,mismatch,ours_derived_diff,,,,,,derived,CAD,
WPK,TSX,2015,2015,cash_flow,FreeCashFlow,Free Cash Flow,money,156.02,139.926,34.599,mismatch,ours_derived_diff,0.7292,,,,,derived,USD,CAD
NFI,TSX,2010,2010,cash_flow,DepreciationAndAmortization,"Cash Flow Depreciation, Depletion and Amortization",money,15.866,24.253,34.581,mismatch,ours_derived_diff,,,,,,,USD,
GFP,TSX,2025,2025,cash_flow,ChangeInWorkingCapital,Change In Working Capital,money,-8.495,-5.559,34.562,mismatch,ours_derived_diff,,,,,,derived,CAD,
HMM.A,TSX,2018,2018,cash_flow,FreeCashFlow,Free Cash Flow,money,-6.09,-9.304,34.544,mismatch,ours_derived_diff,,,,,,derived,CAD,
MFI,TSX,2023,2023,balance_sheet,Receivables,Total Receivables,money,200.376,305.914,34.499,mismatch,ours_derived_diff,,,,,,derived,CAD,
TFPM,TSX,2022,2022,income_statement,OtherIncomeExpense,Other Income (Expense),money,-4.732,-9.814,34.497,mismatch,ours_fuzzy_suspect,0.7361,Other expenses,-4.732,2024,fuzzy,mapped,USD,CAD
ADW.A,TSX,2020,2020,balance_sheet,OtherCurrentAssets,Other Current Assets,money,9.239,6.056,34.452,mismatch,ours_derived_diff,,,,,,derived,CAD,
ELD,TSX,2011,2011,income_statement,EBIT,EBIT,money,347.223,529.168,34.383,mismatch,ours_derived_diff,,,,,,derived,USD,
BRY,TSX,2010,2010,balance_sheet,TotalLiabilities,Total Liabilities,money,114.41651,75.089,34.372,mismatch,ours_derived_diff,,,,,,derived,CAD,
IIP.UN,TSX,2015,2015,balance_sheet,CurrentDebtAndCapitalLeaseObligation,Short-Term Debt & Capital Lease Obligation,money,433.924,660.936,34.347,mismatch,ours_derived_diff,,,,,,derived,CAD,
MRT.UN,TSX,2014,2014,income_statement,EBIT,EBIT,money,113.882,173.439,34.339,mismatch,ours_derived_diff,,,,,,derived,CAD,
MRT.UN,TSX,2014,2014,income_statement,EBITDA,EBITDA,money,113.882,173.439,34.339,mismatch,ours_derived_diff,,,,,,derived,CAD,
NFI,TSX,2010,2010,cash_flow,CapitalExpenditure,Capital Expenditure,money,-5.523,-8.407,34.305,mismatch,ours_derived_diff,,,,,,derived,USD,
OGD,TSX,2025,2025,balance_sheet,TotalLiabilities,Total Liabilities,money,94.694,62.217,34.297,mismatch,ours_derived_diff,,,,,,derived,CAD,
FTS,TSX,2016,2016,income_statement,GrossProfit,Gross Profit,money,6838.0,4497.0,34.235,mismatch,ours_derived_diff,,,,,,derived,CAD,
FTS,TSX,2015,2015,income_statement,EBIT,EBIT,money,1063.0,1616.0,34.22,mismatch,ours_derived_diff,,,,,,derived,CAD,
CHR,TSX,2023,2023,income_statement,TaxProvision,Tax Provision,money,-53.821,-35.414,34.2,mismatch,ours_fuzzy_suspect,,Income tax (expense) recovery total,-53.821,2024,fuzzy,mapped,CAD,
NFI,TSX,2013,2013,cash_flow,DepreciationAndAmortization,"Cash Flow Depreciation, Depletion and Amortization",money,18.442,29.79,34.137,mismatch,ours_derived_diff,0.9399,,,,,,USD,CAD
HMM.A,TSX,2017,2017,balance_sheet,CurrentDebtAndCapitalLeaseObligation,Short-Term Debt & Capital Lease Obligation,money,11.04,16.756,34.113,mismatch,ours_derived_diff,,,,,,derived,CAD,
DII.A,TSX,2015,2015,cash_flow,CapitalExpenditure,Capital Expenditure,money,-34.309,-71.38,34.088,mismatch,ours_derived_diff,0.7292,,,,,derived,USD,CAD
OGD,TSX,2019,2019,balance_sheet,TotalLiabilities,Total Liabilities,money,88.062,58.119,34.002,mismatch,ours_derived_diff,,,,,,derived,CAD,
LAS.A,TSX,2008,2008,income_statement,EBITDA,EBITDA,money,39.769,60.143,33.876,mismatch,ours_derived_diff,,,,,,derived,CAD,
ELD,TSX,2011,2011,income_statement,PretaxIncome,Pretax Income,money,347.223,524.861,33.845,mismatch,ours_derived_diff,,,,,,derived,USD,
ADW.A,TSX,2015,2015,balance_sheet,OtherCurrentAssets,Other Current Assets,money,3.336,2.207,33.843,mismatch,ours_derived_diff,,,,,,derived,CAD,
ERD,TSX,2023,2023,cash_flow,FreeCashFlow,Free Cash Flow,money,-2.046535,-3.093,33.833,mismatch,ours_derived_diff,,,,,,derived,CAD,
NFI,TSX,2025,2025,balance_sheet,OtherCurrentAssets,Other Current Assets,money,66.0,137.569,33.817,mismatch,ours_fuzzy_suspect,0.7249,"Other current asset (note 5, 27a)",66.0,2026,fuzzy,mapped,USD,CAD
HMM.A,TSX,2017,2017,cash_flow,NetIssuancePaymentsOfDebt,Net Issuance of Debt,money,-1.326,-2.003,33.799,mismatch,ours_derived_diff,,,,,,derived,CAD,
LAS.A,TSX,2017,2017,balance_sheet,CurrentDebtAndCapitalLeaseObligation,Short-Term Debt & Capital Lease Obligation,money,9.807,14.805,33.759,mismatch,ours_derived_diff,,,,,,derived,CAD,
OGD,TSX,2015,2015,income_statement,EBITDA,EBITDA,money,1.161,1.752,33.733,mismatch,ours_derived_diff,,,,,,derived,CAD,
ADW.A,TSX,2016,2016,income_statement,EBITDA,EBITDA,money,26.115,39.398,33.715,mismatch,ours_derived_diff,,,,,,derived,CAD,
OGD,TSX,2022,2022,balance_sheet,TotalLiabilities,Total Liabilities,money,112.358,74.554,33.646,mismatch,ours_derived_diff,,,,,,derived,CAD,
DII.A,TSX,2010,2010,cash_flow,CapitalExpenditure,Capital Expenditure,money,-35.465,-53.437,33.632,mismatch,ours_derived_diff,,,,,,derived,USD,
SWP,TSX,2010,2010,cash_flow,ChangeInWorkingCapital,Change In Working Capital,money,-5.077,-7.647,33.608,mismatch,ours_derived_diff,,,,,,derived,CAD,
ALA,TSX,2010,2010,cash_flow,FreeCashFlow,Free Cash Flow,money,36.311,24.113,33.593,mismatch,ours_derived_diff,,,,,,derived,,
TPX.B,TSX,2013,2013,balance_sheet,GrossPPE,"Gross Property, Plant and Equipment",money,5491.0,3647.9,33.566,mismatch,ours_derived_diff,,,,,,derived,CAD,
DII.A,TSX,2014,2014,cash_flow,FreeCashFlow,Free Cash Flow,money,65.903,50.503,33.548,mismatch,ours_derived_diff,0.8672,,,,,derived,USD,CAD
ALA,TSX,2017,2017,cash_flow,NetIncomeFromContinuingOperations,Net Income From Continuing Operations,money,66.4,99.9,33.534,mismatch,ours_derived_diff,,,,,,derived,,
NFI,TSX,2012,2012,cash_flow,DepreciationAndAmortization,"Cash Flow Depreciation, Depletion and Amortization",money,16.007,24.078,33.52,mismatch,ours_derived_diff,,,,,,,USD,
DII.A,TSX,2017,2017,income_statement,PretaxIncome,Pretax Income,money,29.39,56.431,33.497,mismatch,ours_derived_diff,0.7831,,,,,derived,USD,CAD
ALA,TSX,2013,2013,cash_flow,ChangeInWorkingCapital,Change In Working Capital,money,-48.4,-32.2,33.471,mismatch,ours_derived_diff,,,,,,derived,,
CDR,TSX,2018,2018,income_statement,PretaxIncome,Pretax Income,money,-17.521,-11.658,33.463,mismatch,ours_derived_diff,,,,,,derived,CAD,
CPX,TSX,2018,2018,income_statement,CostOfRevenue,Cost of Goods Sold,money,289.0,434.0,33.41,mismatch,ours_derived_diff,,,,,,derived,CAD,
TPX.B,TSX,2010,2010,income_statement,NetIncomeFromContinuingAndDiscontinuedOperation,Net Income Including Noncontrolling Interests,money,1073.7,715.65,33.347,mismatch,ours_derived_diff,,,,,,,CAD,
BRY,TSX,2010,2010,balance_sheet,Receivables,Total Receivables,money,31.172888,46.728,33.289,mismatch,ours_derived_diff,,,,,,derived,CAD,
HMM.A,TSX,2024,2024,income_statement,EBIT,EBIT,money,18.683,27.992,33.256,mismatch,ours_derived_diff,,,,,,derived,CAD,
POW,TSX,2023,2022,income_statement,EBITDA,EBITDA,money,3922.0,5876.0,33.254,mismatch,ours_derived_diff,,,,,,derived,CAD,
K,TSX,2021,2021,cash_flow,NetIssuancePaymentsOfDebt,Net Issuance of Debt,money,-500.0,-427.264,33.24,mismatch,ours_derived_diff,0.7812,,,,,derived,FX x1.06,CAD
CPX,TSX,2011,2011,balance_sheet,Receivables,Total Receivables,money,286.0,191.0,33.217,mismatch,ours_derived_diff,,,,,,derived,CAD,
NFI,TSX,2019,2019,balance_sheet,LongTermDebtAndCapitalLeaseObligation,Long-Term Debt & Capital Lease Obligation,money,1053.126,1576.494,33.198,mismatch,ours_derived_diff,,,,,,derived,USD,
WPK,TSX,2011,2011,income_statement,OtherIncomeExpense,Other Income (Expense),money,-0.52,-0.778,33.162,mismatch,ours_fuzzy_suspect,,Other income (expenses) 9,-0.52,2013,fuzzy,mapped,USD,
DII.A,TSX,2008,2008,balance_sheet,CurrentDebtAndCapitalLeaseObligation,Short-Term Debt & Capital Lease Obligation,money,8.879,16.38,33.126,mismatch,ours_derived_diff,0.8106,,,,,derived,USD,CAD
NFI,TSX,2023,2023,cash_flow,FreeCashFlow,Free Cash Flow,money,-90.527,-135.235,33.059,mismatch,ours_derived_diff,,,,,,derived,USD,
GFP,TSX,2009,2009,income_statement,EBIT,EBIT,money,-4.084473,-2.736,33.015,mismatch,ours_derived_diff,,,,,,derived,CAD,
GFP,TSX,2009,2009,income_statement,EBITDA,EBITDA,money,-4.084473,-2.736,33.015,mismatch,ours_derived_diff,,,,,,derived,CAD,
TPX.B,TSX,2012,2012,cash_flow,PurchaseOfPPE,"Purchase Of Property, Plant, Equipment",money,-328.3,-220.033,32.978,mismatch,ours_fuzzy_suspect,,"Additions to property, plant and equipment",-328.3,2014,fuzzy,mapped,CAD,
TPX.B,TSX,2012,2012,cash_flow,CapitalExpenditure,Capital Expenditure,money,-328.3,-220.033,32.978,mismatch,ours_derived_diff,,,,,,derived,CAD,
DII.A,TSX,2013,2013,cash_flow,CapitalExpenditure,Capital Expenditure,money,-41.801,-66.27,32.893,mismatch,ours_derived_diff,0.9399,,,,,derived,USD,CAD
NFI,TSX,2025,2025,balance_sheet,GrossPPE,"Gross Property, Plant and Equipment",money,581.402,1195.109,32.889,mismatch,ours_derived_diff,0.7249,,,,,from_notes,USD,CAD
ALA,TSX,2017,2017,income_statement,EBITDA,EBITDA,money,348.8,519.1,32.807,mismatch,ours_derived_diff,,,,,,derived,,
DII.A,TSX,2023,2023,cash_flow,CapitalExpenditure,Capital Expenditure,money,-15.835,-31.596,32.763,mismatch,ours_derived_diff,0.7454,,,,,derived,USD,CAD
MFI,TSX,2022,2022,balance_sheet,LongTermDebtAndCapitalLeaseObligation,Long-Term Debt & Capital Lease Obligation,money,1247.108,1854.062,32.736,mismatch,ours_derived_diff,,,,,,derived,CAD,
DII.A,TSX,2025,2025,income_statement,EBIT,EBIT,money,-141.664,-131.683,32.617,mismatch,ours_derived_diff,0.7249,,,,,derived,USD,CAD
SFD,TSX,2023,2023,balance_sheet,StockholdersEquity,Total Stockholders Equity,money,12.67934,8.545,32.607,mismatch,ours_derived_diff,,,,,,derived,CAD,
SFD,TSX,2023,2023,balance_sheet,TotalEquityGrossMinorityInterest,Total Equity,money,12.67934,8.545,32.607,mismatch,ours_derived_diff,,,,,,derived,CAD,
FTS,TSX,2019,2019,income_statement,EBIT,EBIT,money,2141.0,3176.0,32.588,mismatch,ours_derived_diff,,,,,,derived,CAD,
OGD,TSX,2021,2021,income_statement,EBIT,EBIT,money,4.753,7.043,32.515,mismatch,ours_derived_diff,,,,,,derived,CAD,
OGD,TSX,2023,2023,balance_sheet,TotalLiabilities,Total Liabilities,money,97.512,65.919,32.399,mismatch,ours_derived_diff,,,,,,derived,CAD,
ALA,TSX,2016,2016,cash_flow,FreeCashFlow,Free Cash Flow,money,-51.0,-75.4,32.361,mismatch,ours_derived_diff,,,,,,derived,,
WPK,TSX,2024,2024,balance_sheet,OtherReceivables,Other Current Receivables,money,18.322,38.568,32.319,mismatch,ours_derived_diff,0.7019,,,,,from_notes,USD,CAD
VRTS,TSX,2024,2024,income_statement,EBIT,EBIT,money,-2.381829,-1.615,32.195,mismatch,ours_derived_diff,,,,,,derived,CAD,
ALA,TSX,2010,2010,income_statement,EBIT,EBIT,money,102.989,151.831,32.169,mismatch,ours_derived_diff,,,,,,derived,,
FTS,TSX,2014,2014,income_statement,EBITDA,EBITDA,money,1144.0,1686.0,32.147,mismatch,ours_derived_diff,,,,,,derived,CAD,
K,TSX,2014,2014,balance_sheet,GainsLossesNotAffectingRetainedEarnings,Accumulated other comprehensive income (loss),money,-31.3,-53.163,32.105,mismatch,ours_fuzzy_suspect,0.8672,Accumulated other comprehensive income (loss) Note,-31.3,2017,fuzzy,mapped,FX x1.06,CAD
CHR,TSX,2019,2019,income_statement,EBIT,EBIT,money,158.26,233.08,32.101,mismatch,ours_derived_diff,,,,,,derived,CAD,
VRTS,TSX,2025,2025,income_statement,OperatingIncome,Operating Income,money,-10.083863,-6.847,32.099,mismatch,ours_derived_diff,,,,,,derived,CAD,
CVVY,TSX,2025,2025,income_statement,EBITDA,EBITDA,money,43.385,63.891,32.095,mismatch,ours_derived_diff,,,,,,derived,CAD,
MRT.UN,TSX,2014,2014,balance_sheet,OtherCurrentAssets,Other Current Assets,money,43.689,64.244,31.995,mismatch,ours_derived_diff,,,,,,derived,CAD,
AAB,TSX,2023,2023,balance_sheet,Receivables,Total Receivables,money,1.09274,0.744,31.914,mismatch,ours_derived_diff,,,,,,derived,CAD,
WPK,TSX,2018,2018,balance_sheet,OtherCurrentAssets,Other Current Assets,money,4.055,3.71,31.905,mismatch,ours_derived_diff,0.7443,,,,,derived,USD,CAD
HMM.A,TSX,2009,2009,cash_flow,NetIssuancePaymentsOfDebt,Net Issuance of Debt,money,-2.047,-1.394,31.9,mismatch,ours_derived_diff,,,,,,derived,CAD,
TPX.B,TSX,2011,2011,income_statement,NetIncomeContinuousOperations,Net Income (Continuing Operations),money,1014.0,690.658,31.888,mismatch,ours_derived_diff,,,,,,derived,CAD,
ADW.A,TSX,2009,2009,cash_flow,NetIssuancePaymentsOfDebt,Net Issuance of Debt,money,22.638,15.421,31.88,mismatch,ours_derived_diff,,,,,,derived,CAD,
ALA,TSX,2011,2011,income_statement,EBIT,EBIT,money,112.995,165.702,31.808,mismatch,ours_derived_diff,,,,,,derived,,
DII.A,TSX,2015,2015,income_statement,EBITDA,EBITDA,money,84.657,169.963,31.697,mismatch,ours_derived_diff,0.7292,,,,,derived,USD,CAD
TPX.B,TSX,2011,2011,income_statement,NetIncomeFromContinuingAndDiscontinuedOperation,Net Income Including Noncontrolling Interests,money,1014.0,693.012,31.656,mismatch,ours_derived_diff,,,,,,,CAD,
TXG,TSX,2018,2018,cash_flow,ChangeInWorkingCapital,Change In Working Capital,money,41.7,38.293,31.654,mismatch,ours_derived_diff,0.7443,,,,,derived,USD,CAD
MRT.UN,TSX,2013,2013,cash_flow,FreeCashFlow,Free Cash Flow,money,89.464,61.157,31.641,mismatch,ours_derived_diff,,,,,,derived,CAD,
ALA,TSX,2014,2014,cash_flow,FreeCashFlow,Free Cash Flow,money,-62.2,-90.9,31.573,mismatch,ours_derived_diff,,,,,,derived,,
LULU,TSX,2024,2024,cash_flow,ChangeInWorkingCapital,Change In Working Capital,money,291.118,267.417,31.566,mismatch,ours_derived_diff,0.745,,,,,derived,USD,CAD
DII.A,TSX,2009,2009,balance_sheet,LongTermDebtAndCapitalLeaseObligation,Long-Term Debt & Capital Lease Obligation,money,349.583,239.269,31.556,mismatch,ours_derived_diff,,,,,,derived,USD,
ALA,TSX,2022,2022,income_statement,EBIT,EBIT,money,716.0,1046.0,31.549,mismatch,ours_derived_diff,,,,,,derived,,
BAMI,TSX,2024,2024,income_statement,NetIncome,Net Income,money,12.411,18.11,31.469,mismatch,ours_derived_diff,,,,,,derived,CAD,
MRT.UN,TSX,2011,2011,balance_sheet,OtherCurrentAssets,Other Current Assets,money,1.24,0.85,31.452,mismatch,ours_derived_diff,,,,,,derived,CAD,
DSG,TSX,2012,2012,cash_flow,ChangeInWorkingCapital,Change In Working Capital,money,-4.102,-5.981,31.416,mismatch,ours_derived_diff,,,,,,derived,USD,
SWP,TSX,2009,2009,cash_flow,ChangeInWorkingCapital,Change In Working Capital,money,2.401,1.647,31.404,mismatch,ours_derived_diff,,,,,,derived,CAD,
LAS.A,TSX,2009,2009,income_statement,EBITDA,EBITDA,money,43.392,63.205,31.347,mismatch,ours_derived_diff,,,,,,derived,CAD,
CDR,TSX,2025,2025,balance_sheet,TotalEquityGrossMinorityInterest,Total Equity,money,31.766,21.814,31.329,mismatch,ours_derived_diff,,,,,,derived,CAD,
BRY,TSX,2012,2012,income_statement,EBITDA,EBITDA,money,7.497149,10.915,31.313,mismatch,ours_derived_diff,,,,,,derived,CAD,
WPK,TSX,2021,2021,balance_sheet,OtherCurrentAssets,Other Current Assets,money,4.605,8.579,31.293,mismatch,ours_derived_diff,0.7813,,,,,derived,USD,CAD
CPX,TSX,2010,2010,income_statement,EBIT,EBIT,money,97.0,141.0,31.206,mismatch,ours_derived_diff,,,,,,derived,CAD,
OGD,TSX,2024,2024,balance_sheet,TotalLiabilities,Total Liabilities,money,86.685,59.648,31.19,mismatch,ours_derived_diff,,,,,,derived,CAD,
DII.A,TSX,2013,2013,balance_sheet,OtherCurrentAssets,Other Current Assets,money,38.057,27.874,31.156,mismatch,ours_derived_diff,0.9399,,,,,derived,USD,CAD
ALA,TSX,2025,2025,income_statement,EBIT,EBIT,money,1029.0,1494.0,31.124,mismatch,ours_derived_diff,,,,,,derived,,
FTS,TSX,2013,2013,cash_flow,ChangeInWorkingCapital,Change In Working Capital,money,-45.0,-31.0,31.111,mismatch,ours_fuzzy_suspect,,Change in non-cash operating working capital (Note 31),-45.0,2015,fuzzy,mapped,CAD,
K,TSX,2009,2009,balance_sheet,OtherCurrentAssets,Other Current Assets,money,194.2,133.82,31.092,mismatch,ours_derived_diff,,,,,,derived,USD,
ELD,TSX,2009,2009,balance_sheet,OtherCurrentAssets,Other Current Assets,money,76.434,52.685,31.071,mismatch,ours_derived_diff,,,,,,derived,USD,
ADW.A,TSX,2017,2017,balance_sheet,OtherCurrentAssets,Other Current Assets,money,4.506,3.106,31.07,mismatch,ours_derived_diff,,,,,,derived,CAD,
DII.A,TSX,2013,2013,income_statement,EBIT,EBIT,money,57.566,88.774,31.011,mismatch,ours_derived_diff,0.9399,,,,,derived,USD,CAD
CVVY,TSX,2022,2022,income_statement,EBIT,EBIT,money,67.683,97.984,30.924,mismatch,ours_derived_diff,,,,,,derived,CAD,
NFI,TSX,2014,2014,balance_sheet,LongTermDebtAndCapitalLeaseObligation,Long-Term Debt & Capital Lease Obligation,money,140.747,234.891,30.9,mismatch,ours_derived_diff,0.8672,,,,,derived,USD,CAD
POW,TSX,2022,2021,cash_flow,NetIncomeFromContinuingOperations,Net Income From Continuing Operations,money,3676.0,5316.0,30.85,mismatch,ours_derived_diff,,,,,,derived,CAD,
TXG,TSX,2016,2016,cash_flow,ChangeInWorkingCapital,Change In Working Capital,money,40.6,37.483,30.787,mismatch,ours_derived_diff,0.7497,,,,,derived,USD,CAD
TPX.B,TSX,2013,2013,income_statement,EBIT,EBIT,money,1287.8,891.867,30.745,mismatch,ours_derived_diff,,,,,,derived,CAD,
ERD,TSX,2016,2016,income_statement,EBITDA,EBITDA,money,-2.496785,-3.604,30.722,mismatch,ours_derived_diff,,,,,,derived,CAD,
WPK,TSX,2024,2024,income_statement,EBITDA,EBITDA,money,183.95,378.113,30.689,mismatch,ours_derived_diff,0.7019,,,,,derived,USD,CAD
CVVY,TSX,2019,2019,income_statement,EBITDA,EBITDA,money,-25.877,-37.292,30.61,mismatch,ours_derived_diff,,,,,,derived,CAD,
BRY,TSX,2010,2010,balance_sheet,LongTermDebtAndCapitalLeaseObligation,Long-Term Debt & Capital Lease Obligation,money,2.922439,4.211,30.6,mismatch,ours_derived_diff,,,,,,derived,CAD,
CPX,TSX,2017,2017,income_statement,PretaxIncome,Pretax Income,money,134.0,93.0,30.597,mismatch,ours_derived_diff,,,,,,derived,CAD,
ERD,TSX,2016,2016,income_statement,EBIT,EBIT,money,-2.511694,-3.619,30.597,mismatch,ours_derived_diff,,,,,,derived,CAD,
MFI,TSX,2009,2009,balance_sheet,OtherCurrentAssets,Other Current Assets,money,33.917,48.853,30.573,mismatch,ours_derived_diff,,,,,,derived,CAD,
AAB,TSX,2026,2026,cash_flow,ChangeInWorkingCapital,Change In Working Capital,money,-0.483556,-0.336,30.515,mismatch,ours_derived_diff,,,,,,derived,CAD,
SFD,TSX,2024,2024,balance_sheet,OtherCurrentAssets,Other Current Assets,money,0.191151,0.275,30.491,mismatch,ours_derived_diff,,,,,,derived,CAD,
HMM.A,TSX,2019,2019,income_statement,EBITDA,EBITDA,money,9.815,14.102,30.4,mismatch,ours_derived_diff,,,,,,derived,CAD,
ALA,TSX,2020,2020,income_statement,DilutedAverageShares,Shares Outstanding (Diluted Average),shares,401.724138,279.7,30.375,mismatch,ours_derived_diff,,,,,,derived,,
K,TSX,2013,2013,income_statement,EBITDA,EBITDA,money,-2993.5,-2219.189,30.319,mismatch,ours_derived_diff,0.9399,,,,,derived,FX x1.06,CAD
NFI,TSX,2019,2019,cash_flow,PurchaseOfPPE,"Purchase Of Property, Plant, Equipment",money,-70.991,-49.483,30.297,mismatch,ours_fuzzy_suspect,,"Acquisition of property, plant and equipment (37,575)",-70.991,2020,fuzzy,mapped,USD,
DSG,TSX,2009,2009,cash_flow,DepreciationAndAmortization,"Cash Flow Depreciation, Depletion and Amortization",money,5.133,9.019,30.292,mismatch,ours_derived_diff,0.8165,,,,,,USD,CAD
NFI,TSX,2019,2019,cash_flow,CapitalExpenditure,Capital Expenditure,money,-70.991,-49.533,30.226,mismatch,ours_derived_diff,,,,,,derived,USD,
WPK,TSX,2019,2019,cash_flow,ChangeInWorkingCapital,Change In Working Capital,money,-2.946,-5.56,30.223,mismatch,ours_derived_diff,0.7594,,,,,derived,USD,CAD
CPX,TSX,2017,2017,income_statement,EBIT,EBIT,money,134.0,192.0,30.208,mismatch,ours_derived_diff,,,,,,derived,CAD,
ALA,TSX,2023,2023,income_statement,EBIT,EBIT,money,912.0,1306.0,30.168,mismatch,ours_derived_diff,,,,,,derived,,
MRT.UN,TSX,2010,2010,balance_sheet,OtherCurrentAssets,Other Current Assets,money,0.595,0.852,30.164,mismatch,ours_derived_diff,,,,,,derived,CAD,
CPX,TSX,2013,2013,balance_sheet,CashCashEquivalentsAndShortTermInvestments,"Cash, Cash Equivalents, Marketable Securities",money,100.0,70.0,30.0,mismatch,ours_derived_diff,,,,,,derived,CAD,
NFI,TSX,2013,2013,balance_sheet,LongTermDebtAndCapitalLeaseObligation,Long-Term Debt & Capital Lease Obligation,money,140.241,213.134,29.996,mismatch,ours_derived_diff,0.9399,,,,,derived,USD,CAD
K,TSX,2019,2019,cash_flow,FreeCashFlow,Free Cash Flow,money,234.8,216.894,29.855,mismatch,ours_derived_diff,0.7594,,,,,derived,FX x1.06,CAD
TPX.B,TSX,2012,2012,income_statement,EBITDA,EBITDA,money,1496.8,1050.277,29.832,mismatch,ours_derived_diff,,,,,,derived,CAD,
ALA,TSX,2019,2019,income_statement,EBIT,EBIT,money,812.7,1158.0,29.819,mismatch,ours_derived_diff,,,,,,derived,,
CPX,TSX,2023,2023,income_statement,EBIT,EBIT,money,775.0,1104.0,29.801,mismatch,ours_derived_diff,,,,,,derived,CAD,
ALA,TSX,2012,2012,income_statement,NetIncome,Net Income,money,166.308,116.769,29.788,mismatch,ours_derived_diff,,,,,,derived,,
FTS,TSX,2018,2018,income_statement,GrossProfit,Gross Profit,money,8390.0,5895.0,29.738,mismatch,ours_derived_diff,,,,,,derived,CAD,
HMM.A,TSX,2018,2018,balance_sheet,CurrentDebtAndCapitalLeaseObligation,Short-Term Debt & Capital Lease Obligation,money,17.955,25.554,29.737,mismatch,ours_derived_diff,,,,,,derived,CAD,
HMM.A,TSX,2013,2013,income_statement,EBIT,EBIT,money,2.454,3.492,29.725,mismatch,ours_derived_diff,,,,,,derived,CAD,
ALA,TSX,2023,2023,income_statement,DilutedAverageShares,Shares Outstanding (Diluted Average),shares,403.539823,283.7,29.697,mismatch,ours_derived_diff,,,,,,derived,,
WPK,TSX,2021,2021,cash_flow,ChangeInWorkingCapital,Change In Working Capital,money,-96.979,-87.29,29.68,mismatch,ours_derived_diff,0.7813,,,,,derived,USD,CAD
ADW.A,TSX,2019,2019,balance_sheet,AccountsPayable,Accounts Payable & Accrued Expense,money,35.392,50.275,29.603,mismatch,ours_derived_diff,,,,,,from_notes,CAD,
TXG,TSX,2018,2018,income_statement,OperatingIncome,Operating Income,money,108.2,102.382,29.575,mismatch,ours_fuzzy_suspect,0.7443,Earnings from mine operations $,108.2,2020,fuzzy,mapped,USD,CAD
GRN,TSX,2024,2024,balance_sheet,Receivables,Total Receivables,money,9.022,12.81,29.571,mismatch,ours_derived_diff,,,,,,derived,CAD,
FTS,TSX,2011,2011,income_statement,EBITDA,EBITDA,money,866.0,1229.0,29.536,mismatch,ours_derived_diff,,,,,,derived,CAD,
BKI,TSX,2015,2015,balance_sheet,TotalEquityGrossMinorityInterest,Total Equity,money,19.03389,18.395,29.522,mismatch,ours_derived_diff,0.7293,,,,,derived,USD,CAD
ADW.A,TSX,2018,2018,balance_sheet,OtherCurrentAssets,Other Current Assets,money,6.454,4.553,29.455,mismatch,ours_derived_diff,,,,,,derived,CAD,
ALA,TSX,2017,2017,cash_flow,FreeCashFlow,Free Cash Flow,money,67.9,47.9,29.455,mismatch,ours_derived_diff,,,,,,derived,,
NFI,TSX,2023,2023,balance_sheet,Receivables,Total Receivables,money,466.353,660.962,29.443,mismatch,ours_derived_diff,,,,,,derived,USD,
BRY,TSX,2008,2008,income_statement,DepreciationAmortizationDepletion,"Depreciation, Depletion and Amortization",money,0.954973,1.352,29.366,mismatch,ours_fuzzy_suspect,,Amortization on intangible assets,1.909946,2010,fuzzy,mapped,CAD,
BRY,TSX,2008,2008,cash_flow,DepreciationAndAmortization,"Cash Flow Depreciation, Depletion and Amortization",money,0.954973,1.352,29.366,mismatch,ours_derived_diff,,,,,,,CAD,
K,TSX,2019,2019,cash_flow,ChangeInWorkingCapital,Change In Working Capital,money,219.7,204.383,29.358,mismatch,ours_derived_diff,0.7594,,,,,derived,FX x1.06,CAD
K,TSX,2025,2025,cash_flow,InvestingCashFlow,Cash Flow from Investing,money,-1420.1,-1384.19,29.343,mismatch,ours_derived_diff,0.7249,,,,,derived,FX x1.06,CAD
ADW.A,TSX,2018,2018,income_statement,EBITDA,EBITDA,money,41.054,58.102,29.342,mismatch,ours_derived_diff,,,,,,derived,CAD,
CPX,TSX,2011,2011,income_statement,EBIT,EBIT,money,188.0,266.0,29.323,mismatch,ours_derived_diff,,,,,,derived,CAD,
WPK,TSX,2023,2023,income_statement,EBITDA,EBITDA,money,177.011,335.694,29.258,mismatch,ours_derived_diff,0.7454,,,,,derived,USD,CAD
WPK,TSX,2025,2025,income_statement,EBITDA,EBITDA,money,173.612,338.55,29.258,mismatch,ours_derived_diff,0.7249,,,,,derived,USD,CAD
NFI,TSX,2022,2022,cash_flow,FreeCashFlow,Free Cash Flow,money,-263.221,-371.459,29.139,mismatch,ours_derived_diff,,,,,,derived,USD,
ALA,TSX,2013,2013,income_statement,EBIT,EBIT,money,248.5,350.6,29.122,mismatch,ours_derived_diff,,,,,,derived,,
SFD,TSX,2024,2024,income_statement,EBITDA,EBITDA,money,-9.077795,-6.44,29.058,mismatch,ours_derived_diff,,,,,,derived,CAD,
ELD,TSX,2015,2015,cash_flow,FreeCashFlow,Free Cash Flow,money,-174.269,-169.632,29.017,mismatch,ours_derived_diff,0.7292,,,,,derived,USD,CAD
HMM.A,TSX,2016,2016,balance_sheet,OtherCurrentAssets,Other Current Assets,money,1.591,1.13,28.975,mismatch,ours_derived_diff,,,,,,derived,CAD,
BAMI,TSX,2024,2024,income_statement,EBIT,EBIT,money,12.411,17.465,28.938,mismatch,ours_derived_diff,,,,,,derived,CAD,
ERD,TSX,2011,2011,cash_flow,FreeCashFlow,Free Cash Flow,money,-5.129485,-7.215,28.905,mismatch,ours_derived_diff,,,,,,derived,CAD,
WPK,TSX,2011,2011,income_statement,EBITDA,EBITDA,money,93.194,131.036,28.879,mismatch,ours_derived_diff,,,,,,derived,USD,
FTS,TSX,2012,2012,income_statement,EBITDA,EBITDA,money,902.0,1268.0,28.864,mismatch,ours_derived_diff,,,,,,derived,CAD,
ADW.A,TSX,2016,2016,cash_flow,NetIssuancePaymentsOfDebt,Net Issuance of Debt,money,-4.088,-2.909,28.841,mismatch,ours_derived_diff,,,,,,derived,CAD,
BRY,TSX,2013,2013,balance_sheet,OtherCurrentAssets,Other Current Assets,money,4.544567,3.235,28.816,mismatch,ours_derived_diff,,,,,,derived,CAD,
OGD,TSX,2018,2018,income_statement,EBIT,EBIT,money,4.233,5.943,28.773,mismatch,ours_derived_diff,,,,,,derived,CAD,
MFI,TSX,2008,2008,balance_sheet,OtherCurrentAssets,Other Current Assets,money,73.047,52.076,28.709,mismatch,ours_derived_diff,,,,,,derived,CAD,
BRY,TSX,2012,2012,income_statement,EBIT,EBIT,money,6.484052,9.095,28.708,mismatch,ours_derived_diff,,,,,,derived,CAD,
FTS,TSX,2019,2019,income_statement,GrossProfit,Gross Profit,money,8783.0,6263.0,28.692,mismatch,ours_derived_diff,,,,,,derived,CAD,
ADW.A,TSX,2011,2011,income_statement,EBIT,EBIT,money,16.605,23.278,28.667,mismatch,ours_derived_diff,,,,,,derived,CAD,
TPX.B,TSX,2011,2011,cash_flow,PurchaseOfPPE,"Purchase Of Property, Plant, Equipment",money,-337.7,-240.932,28.655,mismatch,ours_fuzzy_suspect,,"Additions to property, plant and equipment",-337.7,2014,fuzzy,mapped,CAD,
TPX.B,TSX,2011,2011,cash_flow,CapitalExpenditure,Capital Expenditure,money,-337.7,-240.932,28.655,mismatch,ours_derived_diff,,,,,,derived,CAD,
K,TSX,2009,2009,income_statement,NetIncomeFromContinuingAndDiscontinuedOperation,Net Income Including Noncontrolling Interests,money,309.9,434.336,28.65,mismatch,ours_derived_diff,,,,,,,USD,
K,TSX,2009,2009,income_statement,NetIncomeContinuousOperations,Net Income (Continuing Operations),money,309.9,434.335,28.65,mismatch,ours_derived_diff,,,,,,derived,USD,
HMM.A,TSX,2022,2022,income_statement,EBIT,EBIT,money,12.827,17.973,28.632,mismatch,ours_derived_diff,,,,,,derived,CAD,
BRY,TSX,2013,2013,income_statement,EBIT,EBIT,money,6.529465,9.141,28.569,mismatch,ours_derived_diff,,,,,,derived,CAD,
SFD,TSX,2025,2025,balance_sheet,Receivables,Total Receivables,money,3.02549,4.232,28.509,mismatch,ours_derived_diff,,,,,,derived,CAD,
OGD,TSX,2014,2014,income_statement,NetIncome,Net Income,money,-8.807,-6.302,28.443,mismatch,ours_derived_diff,,,,,,derived,CAD,
FTS,TSX,2017,2017,income_statement,GrossProfit,Gross Profit,money,8301.0,5940.0,28.442,mismatch,ours_derived_diff,,,,,,derived,CAD,
SFD,TSX,2025,2025,income_statement,EBIT,EBIT,money,-1.820184,-1.303,28.414,mismatch,ours_derived_diff,,,,,,derived,CAD,
SFD,TSX,2020,2020,income_statement,EBITDA,EBITDA,money,-6.028228,-4.316,28.404,mismatch,ours_derived_diff,,,,,,derived,CAD,
K,TSX,2013,2013,cash_flow,OperatingCashFlow,Cash Flow from Operations,money,1082.0,824.203,28.401,mismatch,ours_fuzzy_suspect,0.9399,Cash flow provided from operating activities,1082.0,2015,fuzzy,mapped,FX x1.06,CAD
BRY,TSX,2010,2010,balance_sheet,TotalEquityGrossMinorityInterest,Total Equity,money,16.957394,23.677,28.38,mismatch,ours_derived_diff,,,,,,derived,CAD,
NFI,TSX,2017,2017,balance_sheet,Receivables,Total Receivables,money,376.443,525.289,28.336,mismatch,ours_derived_diff,,,,,,derived,USD,
TPX.B,TSX,2010,2010,income_statement,DepreciationAmortizationDepletion,"Depreciation, Depletion and Amortization",money,284.5,203.939,28.317,mismatch,ours_derived_diff,,,,,,derived,CAD,
LAS.A,TSX,2024,2024,balance_sheet,CurrentDebtAndCapitalLeaseObligation,Short-Term Debt & Capital Lease Obligation,money,18.882,26.328,28.282,mismatch,ours_derived_diff,,,,,,derived,CAD,
ELD,TSX,2011,2011,income_statement,EBITDA,EBITDA,money,469.637,654.459,28.24,mismatch,ours_derived_diff,,,,,,derived,USD,
WPK,TSX,2010,2010,income_statement,EBITDA,EBITDA,money,77.531,107.988,28.204,mismatch,ours_derived_diff,,,,,,derived,USD,
ALA,TSX,2015,2015,income_statement,EBITDA,EBITDA,money,319.9,445.4,28.177,mismatch,ours_derived_diff,,,,,,derived,,
GFP,TSX,2020,2020,cash_flow,ChangeInWorkingCapital,Change In Working Capital,money,1.26,0.905,28.175,mismatch,ours_derived_diff,,,,,,derived,CAD,
WPK,TSX,2014,2014,income_statement,OtherIncomeExpense,Other Income (Expense),money,-3.678,-5.905,28.172,mismatch,ours_fuzzy_suspect,0.8672,Other expenses 8,-3.678,2016,fuzzy,mapped,USD,CAD
ALA,TSX,2020,2020,income_statement,EBIT,EBIT,money,699.0,973.0,28.16,mismatch,ours_derived_diff,,,,,,derived,,
SFD,TSX,2013,2013,income_statement,EBITDA,EBITDA,money,-4.942015,-3.553,28.106,mismatch,ours_derived_diff,,,,,,derived,CAD,
CDR,TSX,2024,2024,income_statement,EBIT,EBIT,money,6.265,8.711,28.079,mismatch,ours_derived_diff,,,,,,derived,CAD,
TXG,TSX,2012,2012,cash_flow,OperatingCashFlow,Cash Flow from Operations,money,-73.307,-52.74,28.056,mismatch,ours_derived_diff,,,,,,derived,USD,
MFI,TSX,2009,2009,income_statement,EBITDA,EBITDA,money,228.932,318.068,28.024,mismatch,ours_derived_diff,,,,,,derived,CAD,
DSG,TSX,2016,2016,cash_flow,ChangeInWorkingCapital,Change In Working Capital,money,-2.081,-4.106,27.991,mismatch,ours_derived_diff,0.7038,,,,,derived,USD,CAD
WPK,TSX,2013,2013,balance_sheet,OtherCurrentAssets,Other Current Assets,money,4.541,3.27,27.989,mismatch,ours_derived_diff,,,,,,derived,USD,
DII.A,TSX,2022,2022,cash_flow,CapitalExpenditure,Capital Expenditure,money,-19.933,-37.557,27.899,mismatch,ours_derived_diff,0.7361,,,,,derived,USD,CAD
WPK,TSX,2019,2019,balance_sheet,OtherCurrentAssets,Other Current Assets,money,4.495,4.269,27.882,mismatch,ours_derived_diff,0.7594,,,,,derived,USD,CAD
HMM.A,TSX,2023,2023,income_statement,EBIT,EBIT,money,20.263,28.091,27.867,mismatch,ours_derived_diff,,,,,,derived,CAD,
SWP,TSX,2017,2017,income_statement,EBIT,EBIT,money,5.186,7.18,27.772,mismatch,ours_derived_diff,,,,,,derived,CAD,
TXG,TSX,2018,2018,income_statement,PretaxIncome,Pretax Income,money,83.6,81.153,27.752,mismatch,ours_derived_diff,0.7443,,,,,derived,USD,CAD
CPX,TSX,2019,2019,balance_sheet,CommonStock,Common Stock,money,3441.0,2488.0,27.695,mismatch,ours_derived_diff,,,,,,,CAD,
ALA,TSX,2012,2012,cash_flow,NetIncomeFromContinuingOperations,Net Income From Continuing Operations,money,166.308,120.258,27.69,mismatch,ours_derived_diff,,,,,,derived,,
ALA,TSX,2025,2025,balance_sheet,LongTermDebtAndCapitalLeaseObligation,Long-Term Debt & Capital Lease Obligation,money,7010.0,9692.0,27.672,mismatch,ours_derived_diff,,,,,,derived,,
ELD,TSX,2019,2019,income_statement,EBIT,EBIT,money,113.456,206.562,27.668,mismatch,ours_derived_diff,0.7594,,,,,derived,USD,CAD
AAB,TSX,2014,2014,cash_flow,NetIncomeFromContinuingOperations,Net Income From Continuing Operations,money,-16.292936,-22.503,27.597,mismatch,ours_derived_diff,,,,,,derived,CAD,
ERD,TSX,2011,2011,income_statement,NetIncomeFromContinuingAndDiscontinuedOperation,Net Income Including Noncontrolling Interests,money,-13.758371,-9.964,27.579,mismatch,ours_derived_diff,,,,,,,CAD,
ADW.A,TSX,2017,2017,income_statement,EBITDA,EBITDA,money,34.245,47.249,27.522,mismatch,ours_derived_diff,,,,,,derived,CAD,
ALA,TSX,2017,2017,income_statement,NetIncome,Net Income,money,66.4,91.6,27.511,mismatch,ours_derived_diff,,,,,,derived,,
HMM.A,TSX,2011,2011,income_statement,EBIT,EBIT,money,2.106,2.905,27.504,mismatch,ours_derived_diff,,,,,,derived,CAD,
MFI,TSX,2019,2019,balance_sheet,LongTermDebtAndCapitalLeaseObligation,Long-Term Debt & Capital Lease Obligation,money,538.429,742.442,27.479,mismatch,ours_derived_diff,,,,,,derived,CAD,
ELD,TSX,2013,2013,income_statement,EBIT,EBIT,money,-649.615,-501.259,27.472,mismatch,ours_derived_diff,0.9399,,,,,derived,USD,CAD
GFP,TSX,2008,2008,balance_sheet,CommonStock,Common Stock,money,81.325651,59.0,27.452,mismatch,ours_derived_diff,,,,,,,CAD,
NFI,TSX,2022,2022,cash_flow,ChangeInWorkingCapital,Change In Working Capital,money,-96.169,-132.528,27.435,mismatch,ours_fuzzy_suspect,,Changes in non-cash working capital items (note,-96.169,2023,fuzzy,mapped,USD,
OGD,TSX,2014,2014,income_statement,EBITDA,EBITDA,money,2.241,3.086,27.382,mismatch,ours_derived_diff,,,,,,derived,CAD,
DII.A,TSX,2018,2018,cash_flow,FreeCashFlow,Free Cash Flow,money,76.588,74.73,27.379,mismatch,ours_derived_diff,0.7443,,,,,derived,USD,CAD
ALA,TSX,2025,2025,income_statement,DilutedAverageShares,Shares Outstanding (Diluted Average),shares,414.919355,301.5,27.335,mismatch,ours_derived_diff,,,,,,derived,,
ADW.A,TSX,2019,2019,balance_sheet,OtherCurrentAssets,Other Current Assets,money,6.362,4.626,27.287,mismatch,ours_derived_diff,,,,,,derived,CAD,
ALA,TSX,2024,2024,income_statement,EBITDA,EBITDA,money,1221.0,1676.0,27.148,mismatch,ours_derived_diff,,,,,,derived,,
CPX,TSX,2023,2023,balance_sheet,OtherCurrentAssets,Other Current Assets,money,153.0,210.0,27.143,mismatch,ours_derived_diff,,,,,,derived,CAD,
ADW.A,TSX,2014,2014,income_statement,NetIncome,Net Income,money,19.244,14.021,27.141,mismatch,ours_derived_diff,,,,,,derived,CAD,
ADW.A,TSX,2014,2014,cash_flow,NetIncomeFromContinuingOperations,Net Income From Continuing Operations,money,19.244,14.021,27.141,mismatch,ours_derived_diff,,,,,,derived,CAD,
SFD,TSX,2007,2007,income_statement,EBITDA,EBITDA,money,0.587984,0.807,27.14,mismatch,ours_derived_diff,,,,,,derived,CAD,
FTS,TSX,2013,2013,income_statement,EBITDA,EBITDA,money,993.0,1362.0,27.093,mismatch,ours_derived_diff,,,,,,derived,CAD,
K,TSX,2015,2015,income_statement,TaxProvision,Tax Provision,money,-141.7,-194.313,27.076,mismatch,ours_fuzzy_suspect,,Income tax expense - net Note 17,-141.7,2017,fuzzy,mapped,USD,
K,TSX,2015,2015,income_statement,NetIncomeFromContinuingAndDiscontinuedOperation,Net Income Including Noncontrolling Interests,money,-989.4,-1356.764,27.076,mismatch,ours_derived_diff,,,,,,,USD,
K,TSX,2015,2015,income_statement,NetIncomeContinuousOperations,Net Income (Continuing Operations),money,-989.4,-1356.764,27.076,mismatch,ours_derived_diff,,,,,,derived,USD,
K,TSX,2015,2015,balance_sheet,CashCashEquivalentsAndShortTermInvestments,"Cash, Cash Equivalents, Marketable Securities",money,1043.9,1431.5,27.076,mismatch,ours_derived_diff,,,,,,derived,USD,
K,TSX,2015,2015,balance_sheet,TotalNonCurrentAssets,Total Long-Term Assets,money,5443.3,7464.397,27.076,mismatch,ours_derived_diff,,,,,,derived,USD,
K,TSX,2015,2015,balance_sheet,TotalEquityGrossMinorityInterest,Total Equity,money,3933.2,5393.597,27.076,mismatch,ours_derived_diff,,,,,,derived,USD,
K,TSX,2015,2015,cash_flow,DepreciationAndAmortization,"Cash Flow Depreciation, Depletion and Amortization",money,897.7,1231.016,27.076,mismatch,ours_derived_diff,,,,,,,USD,
K,TSX,2015,2015,cash_flow,PurchaseOfPPE,"Purchase Of Property, Plant, Equipment",money,-610.0,-836.493,27.076,mismatch,ours_fuzzy_suspect,,"Additions to property, plant and equipment",-610.0,2017,fuzzy,mapped,USD,
K,TSX,2015,2015,cash_flow,CapitalExpenditure,Capital Expenditure,money,-610.0,-836.493,27.076,mismatch,ours_derived_diff,,,,,,derived,USD,
K,TSX,2015,2015,cash_flow,NetIssuancePaymentsOfDebt,Net Issuance of Debt,money,-80.0,-109.704,27.076,mismatch,ours_derived_diff,,,,,,derived,USD,
K,TSX,2015,2015,cash_flow,FinancingCashFlow,Cash Flow from Financing,money,-131.7,-180.6,27.076,mismatch,ours_fuzzy_suspect,,Net cash flow used in financing activities,-131.7,2017,fuzzy,mapped,USD,
CVVY,TSX,2023,2023,income_statement,EBITDA,EBITDA,money,66.662,91.381,27.05,mismatch,ours_derived_diff,,,,,,derived,CAD,
AAB,TSX,2012,2012,cash_flow,NetIncomeFromContinuingOperations,Net Income From Continuing Operations,money,-37.813636,-51.807,27.011,mismatch,ours_derived_diff,,,,,,derived,CAD,
BRY,TSX,2009,2009,income_statement,EBITDA,EBITDA,money,-8.783975,-6.412,27.003,mismatch,ours_derived_diff,,,,,,derived,CAD,
ADW.A,TSX,2022,2022,income_statement,NetIncome,Net Income,money,17.075,12.468,26.981,mismatch,ours_derived_diff,,,,,,derived,CAD,
ADW.A,TSX,2022,2022,cash_flow,NetIncomeFromContinuingOperations,Net Income From Continuing Operations,money,17.075,12.468,26.981,mismatch,ours_derived_diff,,,,,,derived,CAD,
DII.A,TSX,2008,2008,balance_sheet,OtherCurrentAssets,Other Current Assets,money,73.376,66.1,26.981,mismatch,ours_derived_diff,0.8106,,,,,derived,USD,CAD
ALA,TSX,2022,2022,income_statement,NetIncome,Net Income,money,716.0,523.0,26.955,mismatch,ours_derived_diff,,,,,,derived,,
TFPM,TSX,2024,2024,cash_flow,FreeCashFlow,Free Cash Flow,money,213.503,222.273,26.927,mismatch,ours_derived_diff,0.7019,,,,,derived,USD,CAD
FTS,TSX,2016,2016,income_statement,EBITDA,EBITDA,money,1841.0,2519.0,26.915,mismatch,ours_derived_diff,,,,,,derived,CAD,
ALA,TSX,2012,2012,income_statement,EBIT,EBIT,money,166.308,227.545,26.912,mismatch,ours_derived_diff,,,,,,derived,,
ALA,TSX,2013,2013,income_statement,DilutedAverageShares,Shares Outstanding (Diluted Average),shares,163.486842,119.5,26.905,mismatch,ours_derived_diff,,,,,,derived,,
SWP,TSX,2023,2023,balance_sheet,OtherCurrentAssets,Other Current Assets,money,2.085,2.851,26.868,mismatch,ours_derived_diff,,,,,,derived,CAD,
GFP,TSX,2008,2008,income_statement,EBIT,EBIT,money,-5.165326,-3.778,26.858,mismatch,ours_derived_diff,,,,,,derived,CAD,
GFP,TSX,2008,2008,income_statement,EBITDA,EBITDA,money,-5.165326,-3.778,26.858,mismatch,ours_derived_diff,,,,,,derived,CAD,
CDR,TSX,2024,2024,balance_sheet,TotalEquityGrossMinorityInterest,Total Equity,money,28.787,21.06,26.842,mismatch,ours_derived_diff,,,,,,derived,CAD,
BRY,TSX,2021,2021,balance_sheet,OtherReceivables,Other Current Receivables,money,0.193176,0.264,26.827,mismatch,ours_derived_diff,,,,,,from_notes,CAD,
SFD,TSX,2022,2022,income_statement,EBITDA,EBITDA,money,-6.733076,-4.928,26.809,mismatch,ours_derived_diff,,,,,,derived,CAD,
ALA,TSX,2024,2024,balance_sheet,LongTermDebtAndCapitalLeaseObligation,Long-Term Debt & Capital Lease Obligation,money,6992.0,9552.0,26.801,mismatch,ours_derived_diff,,,,,,derived,,
MFI,TSX,2022,2022,balance_sheet,Receivables,Total Receivables,money,200.376,273.664,26.78,mismatch,ours_derived_diff,,,,,,derived,CAD,
DII.A,TSX,2011,2011,balance_sheet,CashCashEquivalentsAndShortTermInvestments,"Cash, Cash Equivalents, Marketable Securities",money,29.764,40.562,26.621,mismatch,ours_derived_diff,,,,,,derived,USD,
LAS.A,TSX,2019,2019,cash_flow,NetIssuancePaymentsOfDebt,Net Issuance of Debt,money,-102.808,-75.453,26.608,mismatch,ours_derived_diff,,,,,,derived,CAD,
FTS,TSX,2018,2018,income_statement,EBITDA,EBITDA,money,2694.0,3668.0,26.554,mismatch,ours_derived_diff,,,,,,derived,CAD,
NFI,TSX,2019,2019,balance_sheet,Receivables,Total Receivables,money,531.736,723.124,26.467,mismatch,ours_derived_diff,,,,,,derived,USD,
NFI,TSX,2017,2017,balance_sheet,LongTermDebtAndCapitalLeaseObligation,Long-Term Debt & Capital Lease Obligation,money,554.225,753.579,26.454,mismatch,ours_derived_diff,,,,,,derived,USD,
TFPM,TSX,2023,2023,balance_sheet,CashCashEquivalentsAndShortTermInvestments,"Cash, Cash Equivalents, Marketable Securities",money,17.379,31.698,26.444,mismatch,ours_derived_diff,0.7454,,,,,derived,USD,CAD
NFI,TSX,2022,2022,income_statement,NetIncome,Net Income,money,-276.376,-375.457,26.389,mismatch,ours_derived_diff,,,,,,derived,USD,
NFI,TSX,2022,2022,cash_flow,FinancingCashFlow,Cash Flow from Financing,money,238.279,323.702,26.389,mismatch,ours_derived_diff,,,,,,derived,USD,
TPX.B,TSX,2022,2022,income_statement,NetIncomeFromContinuingAndDiscontinuedOperation,Net Income Including Noncontrolling Interests,money,-186.5,-253.36,26.389,mismatch,ours_derived_diff,,,,,,,CAD,
TPX.B,TSX,2022,2022,income_statement,NetIncomeContinuousOperations,Net Income (Continuing Operations),money,-186.5,-253.36,26.389,mismatch,ours_derived_diff,,,,,,derived,CAD,
SFD,TSX,2013,2013,income_statement,EBIT,EBIT,money,-4.942015,-3.638,26.386,mismatch,ours_derived_diff,,,,,,derived,CAD,
NFI,TSX,2022,2022,balance_sheet,CommonStock,Common Stock,money,987.943,1342.0,26.383,mismatch,ours_derived_diff,,,,,,,USD,
CPX,TSX,2018,2018,balance_sheet,CashCashEquivalentsAndShortTermInvestments,"Cash, Cash Equivalents, Marketable Securities",money,182.0,134.0,26.374,mismatch,ours_derived_diff,,,,,,derived,CAD,
TPX.B,TSX,2011,2011,income_statement,DepreciationAmortizationDepletion,"Depreciation, Depletion and Amortization",money,301.8,222.202,26.374,mismatch,ours_derived_diff,,,,,,derived,CAD,
NFI,TSX,2022,2022,cash_flow,EffectOfExchangeRateChanges,Effect of Exchange Rate Changes,money,0.771,1.047,26.361,mismatch,ours_fuzzy_suspect,,Effect of foreign exchange rate on cash,0.771,2024,fuzzy,mapped,USD,
DSG,TSX,2011,2011,cash_flow,ChangeInWorkingCapital,Change In Working Capital,money,-4.526,-3.334,26.337,mismatch,ours_derived_diff,,,,,,derived,USD,
CDR,TSX,2016,2016,income_statement,PretaxIncome,Pretax Income,money,-10.089,-13.695,26.331,mismatch,ours_derived_diff,,,,,,derived,CAD,
LAS.A,TSX,2022,2022,cash_flow,FreeCashFlow,Free Cash Flow,money,-17.166,-23.299,26.323,mismatch,ours_derived_diff,,,,,,derived,CAD,
MFI,TSX,2023,2023,balance_sheet,LongTermDebtAndCapitalLeaseObligation,Long-Term Debt & Capital Lease Obligation,money,1247.109,1692.366,26.31,mismatch,ours_derived_diff,,,,,,derived,CAD,
NFI,TSX,2013,2013,cash_flow,CapitalExpenditure,Capital Expenditure,money,-15.439,-22.29,26.31,mismatch,ours_derived_diff,0.9399,,,,,derived,USD,CAD
K,TSX,2021,2021,income_statement,EBITDA,EBITDA,money,1154.3,1090.048,26.224,mismatch,ours_derived_diff,0.7812,,,,,derived,FX x1.06,CAD
K,TSX,2009,2009,cash_flow,ChangeInWorkingCapital,Change In Working Capital,money,-115.1,-84.928,26.214,mismatch,ours_derived_diff,,,,,,derived,USD,
ALA,TSX,2023,2023,income_statement,NetIncome,Net Income,money,912.0,673.0,26.206,mismatch,ours_derived_diff,,,,,,derived,,
WPK,TSX,2013,2013,income_statement,EBITDA,EBITDA,money,104.459,141.499,26.177,mismatch,ours_derived_diff,,,,,,derived,USD,
BRY,TSX,2008,2008,cash_flow,CapitalExpenditure,Capital Expenditure,money,-0.590074,-0.799,26.148,mismatch,ours_derived_diff,,,,,,derived,CAD,
AAB,TSX,2011,2011,income_statement,PretaxIncome,Pretax Income,money,34.840202,47.174,26.145,mismatch,ours_derived_diff,,,,,,derived,CAD,
NFI,TSX,2025,2025,cash_flow,FreeCashFlow,Free Cash Flow,money,173.668,177.037,26.104,mismatch,ours_derived_diff,0.7249,,,,,derived,USD,CAD
POW,TSX,2022,2021,income_statement,EBIT,EBIT,money,4354.0,5892.0,26.103,mismatch,ours_derived_diff,,,,,,derived,CAD,
NFI,TSX,2022,2022,balance_sheet,Receivables,Total Receivables,money,396.535,536.564,26.097,mismatch,ours_derived_diff,,,,,,derived,USD,
ADW.A,TSX,2026,2026,income_statement,EBIT,EBIT,money,36.139,48.881,26.067,mismatch,ours_derived_diff,,,,,,derived,CAD,
GFP,TSX,2015,2015,income_statement,EBIT,EBIT,money,-2.898972,-2.144,26.043,mismatch,ours_derived_diff,,,,,,derived,CAD,
GFP,TSX,2015,2015,income_statement,EBITDA,EBITDA,money,-2.898972,-2.144,26.043,mismatch,ours_derived_diff,,,,,,derived,CAD,
BRY,TSX,2015,2015,income_statement,EBITDA,EBITDA,money,-12.712403,-9.405,26.017,mismatch,ours_derived_diff,,,,,,derived,CAD,
WPK,TSX,2019,2019,income_statement,EBITDA,EBITDA,money,152.037,270.472,25.975,mismatch,ours_derived_diff,0.7594,,,,,derived,USD,CAD
SWP,TSX,2014,2014,cash_flow,FreeCashFlow,Free Cash Flow,money,-1.717,-2.319,25.959,mismatch,ours_derived_diff,,,,,,derived,CAD,
TXG,TSX,2018,2018,income_statement,EBIT,EBIT,money,83.6,83.169,25.957,mismatch,ours_derived_diff,0.7443,,,,,derived,USD,CAD
AAB,TSX,2015,2015,cash_flow,ChangeInWorkingCapital,Change In Working Capital,money,4.125256,3.057,25.896,mismatch,ours_derived_diff,,,,,,derived,CAD,
SWP,TSX,2018,2018,income_statement,EBIT,EBIT,money,5.69,7.677,25.883,mismatch,ours_derived_diff,,,,,,derived,CAD,
K,TSX,2012,2012,balance_sheet,NetPPE,"Property, Plant and Equipment",money,6582.7,8876.625,25.842,mismatch,ours_fuzzy_suspect,,"Property, plant and equipment Note",6582.7,2015,fuzzy,mapped,USD,
LAS.A,TSX,2025,2025,balance_sheet,CurrentDebtAndCapitalLeaseObligation,Short-Term Debt & Capital Lease Obligation,money,16.914,22.8,25.816,mismatch,ours_derived_diff,,,,,,derived,CAD,
ADW.A,TSX,2021,2021,income_statement,NetIncome,Net Income,money,37.453,27.786,25.811,mismatch,ours_derived_diff,,,,,,derived,CAD,
ADW.A,TSX,2021,2021,cash_flow,NetIncomeFromContinuingOperations,Net Income From Continuing Operations,money,37.453,27.786,25.811,mismatch,ours_derived_diff,,,,,,derived,CAD,
CPX,TSX,2025,2025,balance_sheet,OtherCurrentAssets,Other Current Assets,money,531.0,394.0,25.8,mismatch,ours_derived_diff,,,,,,derived,CAD,
DII.A,TSX,2015,2015,cash_flow,ChangeInWorkingCapital,Change In Working Capital,money,-46.327,-47.182,25.731,mismatch,ours_fuzzy_suspect,0.7292,Net changes in balances related to operations (Note 30),-46.327,2016,fuzzy,mapped,USD,CAD
NFI,TSX,2023,2023,balance_sheet,CurrentDebtAndCapitalLeaseObligation,Short-Term Debt & Capital Lease Obligation,money,17.901,24.094,25.703,mismatch,ours_derived_diff,,,,,,derived,USD,
SWP,TSX,2014,2014,balance_sheet,OtherCurrentAssets,Other Current Assets,money,0.911,1.226,25.693,mismatch,ours_derived_diff,,,,,,derived,CAD,
HMM.A,TSX,2018,2018,balance_sheet,OtherCurrentAssets,Other Current Assets,money,1.765,1.312,25.666,mismatch,ours_derived_diff,,,,,,derived,CAD,
ALA,TSX,2013,2013,cash_flow,FreeCashFlow,Free Cash Flow,money,-134.9,-181.4,25.634,mismatch,ours_derived_diff,,,,,,derived,,
HMM.A,TSX,2021,2021,income_statement,EBIT,EBIT,money,8.666,11.642,25.563,mismatch,ours_derived_diff,,,,,,derived,CAD,
LAS.A,TSX,2010,2010,balance_sheet,CurrentDebtAndCapitalLeaseObligation,Short-Term Debt & Capital Lease Obligation,money,1.381,1.028,25.561,mismatch,ours_derived_diff,,,,,,derived,CAD,
SWP,TSX,2010,2010,balance_sheet,OtherCurrentAssets,Other Current Assets,money,1.754,1.306,25.542,mismatch,ours_derived_diff,,,,,,derived,CAD,
OGD,TSX,2019,2019,income_statement,EBITDA,EBITDA,money,6.172,8.289,25.54,mismatch,ours_derived_diff,,,,,,derived,CAD,
ERD,TSX,2010,2010,income_statement,OperatingIncome,Operating Income,money,-3.613048,-4.849,25.489,mismatch,ours_derived_diff,,,,,,derived,CAD,
NFI,TSX,2023,2023,cash_flow,EffectOfExchangeRateChanges,Effect of Exchange Rate Changes,money,-1.053,-1.413,25.478,mismatch,ours_fuzzy_suspect,,( Effect of foreign exchange rate on cash 1(,-1.053,2025,fuzzy,mapped,USD,
NFI,TSX,2023,2023,balance_sheet,CommonStock,Common Stock,money,1240.163,1664.0,25.471,mismatch,ours_derived_diff,,,,,,,USD,
NFI,TSX,2023,2023,cash_flow,OperatingCashFlow,Cash Flow from Operations,money,-63.813,-85.612,25.463,mismatch,ours_fuzzy_suspect,,Net cash generated by (used in) operating activities ( (,-63.813,2025,fuzzy,mapped,USD,
NFI,TSX,2023,2023,income_statement,NetIncome,Net Income,money,-136.164,-182.678,25.462,mismatch,ours_derived_diff,,,,,,derived,USD,
NFI,TSX,2023,2023,balance_sheet,CashCashEquivalentsAndShortTermInvestments,"Cash, Cash Equivalents, Marketable Securities",money,49.615,66.563,25.462,mismatch,ours_derived_diff,,,,,,derived,USD,
NFI,TSX,2023,2023,balance_sheet,TotalEquityGrossMinorityInterest,Total Equity,money,702.913,943.028,25.462,mismatch,ours_derived_diff,,,,,,derived,USD,
NFI,TSX,2023,2023,cash_flow,ChangeInWorkingCapital,Change In Working Capital,money,-44.962,-60.321,25.462,mismatch,ours_fuzzy_suspect,,Changes in non-cash working capital items (note 23) ( (,-44.962,2025,fuzzy,mapped,USD,
AAB,TSX,2011,2011,cash_flow,ChangeInWorkingCapital,Change In Working Capital,money,3.893165,5.223,25.461,mismatch,ours_derived_diff,,,,,,derived,CAD,
HMM.A,TSX,2015,2015,income_statement,EBITDA,EBITDA,money,5.654,7.579,25.399,mismatch,ours_derived_diff,,,,,,derived,CAD,
TFPM,TSX,2020,2020,income_statement,DilutedAverageShares,Shares Outstanding (Diluted Average),shares,115.760417,155.134,25.38,mismatch,ours_derived_diff,0.7807,,,,,derived,USD,CAD
ALA,TSX,2025,2025,income_statement,NetIncome,Net Income,money,1029.0,768.0,25.364,mismatch,ours_derived_diff,,,,,,derived,,
CPX,TSX,2014,2014,balance_sheet,CashCashEquivalentsAndShortTermInvestments,"Cash, Cash Equivalents, Marketable Securities",money,71.0,53.0,25.352,mismatch,ours_derived_diff,,,,,,derived,CAD,
OGD,TSX,2017,2017,cash_flow,NetIncomeFromContinuingOperations,Net Income From Continuing Operations,money,-5.874,-7.867,25.334,mismatch,ours_derived_diff,,,,,,derived,CAD,
WPK,TSX,2014,2014,cash_flow,ChangeInWorkingCapital,Change In Working Capital,money,-23.598,-20.34,25.257,mismatch,ours_derived_diff,0.8672,,,,,derived,USD,CAD
TFPM,TSX,2022,2022,balance_sheet,Receivables,Total Receivables,money,11.096,11.271,25.229,mismatch,ours_derived_diff,0.7361,,,,,derived,USD,CAD
CPX,TSX,2018,2018,balance_sheet,CommonStock,Common Stock,money,3200.0,2393.0,25.219,mismatch,ours_derived_diff,,,,,,,CAD,
K,TSX,2012,2012,cash_flow,OperatingCashFlow,Cash Flow from Operations,money,1734.0,1296.737,25.217,mismatch,ours_fuzzy_suspect,,Cash flow provided from operating activities,1734.0,2014,fuzzy,mapped,USD,
TXG,TSX,2012,2012,cash_flow,FreeCashFlow,Free Cash Flow,money,-73.307,-54.821,25.217,mismatch,ours_derived_diff,,,,,,derived,USD,
ALA,TSX,2014,2014,income_statement,EBITDA,EBITDA,money,330.6,442.0,25.204,mismatch,ours_derived_diff,,,,,,derived,,
SWP,TSX,2019,2019,income_statement,EBITDA,EBITDA,money,7.189,9.611,25.2,mismatch,ours_derived_diff,,,,,,derived,CAD,
ALA,TSX,2015,2015,cash_flow,FreeCashFlow,Free Cash Flow,money,-112.3,-150.1,25.183,mismatch,ours_derived_diff,,,,,,derived,,
TFPM,TSX,2021,2021,balance_sheet,CashCashEquivalentsAndShortTermInvestments,"Cash, Cash Equivalents, Marketable Securities",money,40.672,69.56,25.158,mismatch,ours_derived_diff,0.7812,,,,,derived,USD,CAD
ERD,TSX,2025,2025,cash_flow,FreeCashFlow,Free Cash Flow,money,-4.626832,-6.178,25.108,mismatch,ours_derived_diff,,,,,,derived,CAD,
OGD,TSX,2021,2021,cash_flow,CapitalExpenditure,Capital Expenditure,money,-5.889,-7.862,25.095,mismatch,ours_derived_diff,,,,,,derived,CAD,
OGD,TSX,2018,2018,income_statement,OperatingIncome,Operating Income,money,4.233,5.651,25.093,mismatch,ours_derived_diff,,,,,,derived,CAD,
DII.A,TSX,2012,2012,cash_flow,FreeCashFlow,Free Cash Flow,money,80.197,60.086,25.077,mismatch,ours_derived_diff,,,,,,derived,USD,
CDR,TSX,2016,2016,income_statement,EBITDA,EBITDA,money,-9.522,-12.703,25.041,mismatch,ours_derived_diff,,,,,,derived,CAD,
AAB,TSX,2012,2012,cash_flow,PurchaseOfInvestment,Purchase Of Investment,money,-25.002874,-33.346,25.02,mismatch,ours_fuzzy_suspect,,Purchase of investments,-25.002874,2013,fuzzy,mapped,CAD,
K,TSX,2012,2012,income_statement,EBITDA,EBITDA,money,-2093.5,-1569.724,25.019,mismatch,ours_derived_diff,,,,,,derived,USD,
TXG,TSX,2012,2012,balance_sheet,OtherCurrentAssets,Other Current Assets,money,3.912,2.934,25.0,mismatch,ours_derived_diff,,,,,,derived,USD,
WPK,TSX,2020,2020,balance_sheet,AccountsPayable,Accounts Payable & Accrued Expense,money,36.53,48.7,24.99,mismatch,ours_derived_diff,,,,,,from_notes,USD,
OGD,TSX,2025,2025,cash_flow,NetIncomeFromContinuingOperations,Net Income From Continuing Operations,money,7.537,10.045,24.968,mismatch,ours_derived_diff,,,,,,derived,CAD,
BRY,TSX,2012,2012,cash_flow,FreeCashFlow,Free Cash Flow,money,-0.06303,-0.084,24.964,mismatch,ours_derived_diff,,,,,,derived,CAD,
ADW.A,TSX,2026,2026,income_statement,NetIncome,Net Income,money,36.139,27.12,24.956,mismatch,ours_derived_diff,,,,,,derived,CAD,
ADW.A,TSX,2026,2026,cash_flow,NetIncomeFromContinuingOperations,Net Income From Continuing Operations,money,36.139,27.12,24.956,mismatch,ours_derived_diff,,,,,,derived,CAD,
WPK,TSX,2021,2021,income_statement,EBITDA,EBITDA,money,142.36,242.811,24.954,mismatch,ours_derived_diff,0.7813,,,,,derived,USD,CAD
MFI,TSX,2008,2008,cash_flow,ChangeInWorkingCapital,Change In Working Capital,money,52.156,69.485,24.939,mismatch,ours_fuzzy_suspect,,Change in non-cash operating working capital,52.156,2010,fuzzy,mapped,CAD,
DII.A,TSX,2011,2011,income_statement,EBIT,EBIT,money,101.988,135.835,24.918,mismatch,ours_derived_diff,,,,,,derived,USD,
GFP,TSX,2012,2012,income_statement,EBITDA,EBITDA,money,-2.575534,-1.934,24.909,mismatch,ours_derived_diff,,,,,,derived,CAD,
K,TSX,2021,2021,cash_flow,OperatingCashFlow,Cash Flow from Operations,money,853.2,1453.056,24.841,mismatch,ours_fuzzy_suspect,0.7812,Cash flow provided from operating activities,853.2,2023,fuzzy,mapped,FX x1.06,CAD
DII.A,TSX,2024,2024,income_statement,PretaxIncome,Pretax Income,money,-172.387,-184.623,24.828,mismatch,ours_derived_diff,0.7019,,,,,derived,USD,CAD
BRY,TSX,2010,2010,balance_sheet,TotalAssets,Total Assets,money,131.373904,98.766,24.821,mismatch,ours_derived_diff,,,,,,derived,CAD,
TPX.B,TSX,2009,2009,income_statement,DepreciationAmortizationDepletion,"Depreciation, Depletion and Amortization",money,291.5,219.17,24.813,mismatch,ours_derived_diff,,,,,,derived,CAD,
GFP,TSX,2012,2012,income_statement,EBIT,EBIT,money,-2.575534,-1.937,24.792,mismatch,ours_derived_diff,,,,,,derived,CAD,
MFI,TSX,2010,2010,income_statement,EBITDA,EBITDA,money,197.901,262.775,24.688,mismatch,ours_derived_diff,,,,,,derived,CAD,
BRY,TSX,2013,2013,income_statement,EBITDA,EBITDA,money,8.015827,10.627,24.571,mismatch,ours_derived_diff,,,,,,derived,CAD,
K,TSX,2022,2022,cash_flow,FreeCashFlow,Free Cash Flow,money,379.0,388.395,24.565,mismatch,ours_derived_diff,0.7361,,,,,derived,FX x1.06,CAD
DSG,TSX,2010,2010,cash_flow,DepreciationAndAmortization,"Cash Flow Depreciation, Depletion and Amortization",money,6.929,9.184,24.554,mismatch,ours_derived_diff,,,,,,,USD,
HMM.A,TSX,2010,2010,cash_flow,ChangeInWorkingCapital,Change In Working Capital,money,-1.331,-1.005,24.493,mismatch,ours_fuzzy_suspect,,Change in non-cash operating working capital,-1.331,2011,fuzzy,mapped,CAD,
NFI,TSX,2012,2012,balance_sheet,GainsLossesNotAffectingRetainedEarnings,Accumulated other comprehensive income (loss),money,-4.851,-6.424,24.486,mismatch,ours_fuzzy_suspect,,"Accumulated other comprehensive loss (5,001)",-4.851,2014,fuzzy,mapped,USD,
WPK,TSX,2022,2022,income_statement,EBITDA,EBITDA,money,169.37,304.631,24.47,mismatch,ours_derived_diff,0.7361,,,,,derived,USD,CAD
ALA,TSX,2023,2023,cash_flow,NetIncomeFromContinuingOperations,Net Income From Continuing Operations,money,912.0,689.0,24.452,mismatch,ours_derived_diff,,,,,,derived,,
WPK,TSX,2023,2023,cash_flow,ChangeInWorkingCapital,Change In Working Capital,money,61.7,62.583,24.395,mismatch,ours_derived_diff,0.7454,,,,,derived,USD,CAD
ALA,TSX,2025,2025,cash_flow,NetIncomeFromContinuingOperations,Net Income From Continuing Operations,money,1029.0,779.0,24.295,mismatch,ours_derived_diff,,,,,,derived,,
SWP,TSX,2009,2009,income_statement,OperatingIncome,Operating Income,money,0.877,0.664,24.287,mismatch,ours_derived_diff,,,,,,derived,CAD,
OGD,TSX,2018,2018,balance_sheet,OtherCurrentAssets,Other Current Assets,money,1.166,0.884,24.185,mismatch,ours_derived_diff,,,,,,derived,CAD,
WPK,TSX,2018,2018,income_statement,EBITDA,EBITDA,money,146.764,260.067,24.176,mismatch,ours_derived_diff,0.7443,,,,,derived,USD,CAD
AAB,TSX,2025,2025,cash_flow,ChangeInWorkingCapital,Change In Working Capital,money,0.914374,0.694,24.101,mismatch,ours_derived_diff,,,,,,derived,CAD,
NFI,TSX,2019,2019,balance_sheet,CommonStock,Common Stock,money,680.962,897.0,24.085,mismatch,ours_derived_diff,,,,,,,USD,
ADW.A,TSX,2020,2020,cash_flow,CapitalExpenditure,Capital Expenditure,money,-17.699,-23.308,24.065,mismatch,ours_derived_diff,,,,,,derived,CAD,
NFI,TSX,2019,2019,balance_sheet,CashCashEquivalentsAndShortTermInvestments,"Cash, Cash Equivalents, Marketable Securities",money,28.233,37.18,24.064,mismatch,ours_derived_diff,,,,,,derived,USD,
NFI,TSX,2019,2019,balance_sheet,TotalEquityGrossMinorityInterest,Total Equity,money,817.198,1076.168,24.064,mismatch,ours_derived_diff,,,,,,derived,USD,
ALA,TSX,2021,2021,income_statement,EBITDA,EBITDA,money,868.0,1143.0,24.059,mismatch,ours_derived_diff,,,,,,derived,,
OGD,TSX,2023,2023,cash_flow,NetIssuancePaymentsOfDebt,Net Issuance of Debt,money,-3.367,-4.432,24.03,mismatch,ours_derived_diff,,,,,,derived,CAD,
FTS,TSX,2017,2017,income_statement,EBITDA,EBITDA,money,2892.0,3806.0,24.015,mismatch,ours_derived_diff,,,,,,derived,CAD,
K,TSX,2025,2025,cash_flow,ChangeInWorkingCapital,Change In Working Capital,money,30.2,54.766,23.929,mismatch,ours_derived_diff,0.7249,,,,,derived,FX x1.06,CAD
CPX,TSX,2019,2019,balance_sheet,OtherCurrentAssets,Other Current Assets,money,83.0,109.0,23.853,mismatch,ours_derived_diff,,,,,,derived,CAD,
OGD,TSX,2024,2024,cash_flow,FreeCashFlow,Free Cash Flow,money,1.016,0.774,23.819,mismatch,ours_derived_diff,,,,,,derived,CAD,
DII.A,TSX,2021,2021,balance_sheet,Receivables,Total Receivables,money,258.501,339.309,23.815,mismatch,ours_derived_diff,,,,,,derived,USD,
HMM.A,TSX,2024,2024,income_statement,PretaxIncome,Pretax Income,money,18.683,24.522,23.811,mismatch,ours_derived_diff,,,,,,derived,CAD,
DII.A,TSX,2009,2009,income_statement,EBITDA,EBITDA,money,155.713,204.326,23.792,mismatch,ours_derived_diff,,,,,,derived,USD,
HMM.A,TSX,2014,2014,income_statement,EBIT,EBIT,money,4.048,5.311,23.781,mismatch,ours_derived_diff,,,,,,derived,CAD,
ALA,TSX,2021,2021,cash_flow,NetIncomeFromContinuingOperations,Net Income From Continuing Operations,money,446.0,340.0,23.767,mismatch,ours_derived_diff,,,,,,derived,,
K,TSX,2021,2021,cash_flow,InvestingCashFlow,Cash Flow from Investing,money,-909.4,-1526.528,23.746,mismatch,ours_derived_diff,0.7812,,,,,derived,FX x1.06,CAD
K,TSX,2013,2013,income_statement,EBIT,EBIT,money,-3822.3,-3100.949,23.745,mismatch,ours_derived_diff,0.9399,,,,,derived,FX x1.06,CAD
TFPM,TSX,2025,2025,income_statement,EBITDA,EBITDA,money,269.358,487.175,23.728,mismatch,ours_derived_diff,0.7249,,,,,derived,USD,CAD
DII.A,TSX,2014,2014,income_statement,PretaxIncome,Pretax Income,money,-22.828,-34.514,23.726,mismatch,ours_derived_diff,0.8672,,,,,derived,USD,CAD
AAB,TSX,2010,2010,cash_flow,PurchaseOfInvestment,Purchase Of Investment,money,-22.87054,-29.966,23.678,mismatch,ours_fuzzy_suspect,,Purchase of investments,-22.87054,2011,fuzzy,mapped,CAD,
BRY,TSX,2008,2008,income_statement,EBITDA,EBITDA,money,7.451991,9.754,23.601,mismatch,ours_derived_diff,,,,,,derived,CAD,
MRT.UN,TSX,2011,2011,income_statement,EBIT,EBIT,money,158.302,207.128,23.573,mismatch,ours_derived_diff,,,,,,derived,CAD,
MFI,TSX,2012,2012,income_statement,EBIT,EBIT,money,170.603,130.393,23.569,mismatch,ours_derived_diff,,,,,,derived,CAD,
MRT.UN,TSX,2011,2011,income_statement,EBITDA,EBITDA,money,158.35,207.176,23.567,mismatch,ours_derived_diff,,,,,,derived,CAD,
CDR,TSX,2016,2016,income_statement,EBIT,EBIT,money,-10.514,-13.695,23.227,mismatch,ours_derived_diff,,,,,,derived,CAD,
BRY,TSX,2008,2008,income_statement,OperatingIncome,Operating Income,money,6.482576,8.436,23.156,mismatch,ours_derived_diff,,,,,,derived,CAD,
BRY,TSX,2014,2014,balance_sheet,OtherCurrentAssets,Other Current Assets,money,2.40208,1.846,23.15,mismatch,ours_derived_diff,,,,,,derived,CAD,
ALA,TSX,2025,2025,income_statement,EBITDA,EBITDA,money,1546.0,2011.0,23.123,mismatch,ours_derived_diff,,,,,,derived,,
K,TSX,2016,2016,income_statement,EBITDA,EBITDA,money,688.8,1195.041,23.116,mismatch,ours_derived_diff,0.7497,,,,,derived,FX x1.06,CAD
NFI,TSX,2017,2017,balance_sheet,CommonStock,Common Stock,money,653.671,850.0,23.098,mismatch,ours_derived_diff,,,,,,,USD,
BRY,TSX,2015,2015,income_statement,EBIT,EBIT,money,-14.323331,-11.015,23.097,mismatch,ours_derived_diff,,,,,,derived,CAD,
ADW.A,TSX,2009,2009,balance_sheet,Receivables,Total Receivables,money,21.044,27.362,23.09,mismatch,ours_derived_diff,,,,,,derived,CAD,
WPK,TSX,2023,2023,balance_sheet,OtherReceivables,Other Current Receivables,money,15.27,26.611,23.016,mismatch,ours_derived_diff,0.7454,,,,,from_notes,USD,CAD
CPX,TSX,2022,2022,balance_sheet,OtherCurrentAssets,Other Current Assets,money,188.0,244.0,22.951,mismatch,ours_derived_diff,,,,,,derived,CAD,
BAMI,TSX,2025,2025,cash_flow,FreeCashFlow,Free Cash Flow,money,16.939,13.052,22.947,mismatch,ours_derived_diff,,,,,,derived,CAD,
K,TSX,2013,2013,income_statement,PretaxIncome,Pretax Income,money,-3814.7,-3127.653,22.935,mismatch,ours_derived_diff,0.9399,,,,,derived,FX x1.06,CAD
NFI,TSX,2019,2019,cash_flow,FreeCashFlow,Free Cash Flow,money,104.153,80.324,22.879,mismatch,ours_derived_diff,,,,,,derived,USD,
FTS,TSX,2019,2019,income_statement,EBITDA,EBITDA,money,3491.0,4526.0,22.868,mismatch,ours_derived_diff,,,,,,derived,CAD,
MFI,TSX,2011,2011,balance_sheet,Receivables,Total Receivables,money,232.049,300.838,22.866,mismatch,ours_derived_diff,,,,,,derived,CAD,
CPX,TSX,2016,2016,income_statement,PretaxIncome,Pretax Income,money,102.0,132.0,22.727,mismatch,ours_derived_diff,,,,,,derived,CAD,
BRY,TSX,2008,2008,income_statement,EBIT,EBIT,money,6.497018,8.402,22.673,mismatch,ours_derived_diff,,,,,,derived,CAD,
TXG,TSX,2012,2012,income_statement,PretaxIncome,Pretax Income,money,-77.16,-59.67,22.667,mismatch,ours_derived_diff,,,,,,derived,USD,
DSG,TSX,2008,2008,income_statement,EBITDA,EBITDA,money,10.41,13.452,22.614,mismatch,ours_derived_diff,,,,,,derived,USD,
ADW.A,TSX,2025,2025,balance_sheet,OtherCurrentAssets,Other Current Assets,money,6.904,5.344,22.596,mismatch,ours_derived_diff,,,,,,derived,CAD,
ALA,TSX,2016,2016,income_statement,EBITDA,EBITDA,money,517.7,668.5,22.558,mismatch,ours_derived_diff,,,,,,derived,,
ALA,TSX,2023,2023,income_statement,EBITDA,EBITDA,money,1353.0,1747.0,22.553,mismatch,ours_derived_diff,,,,,,derived,,
OGD,TSX,2023,2023,income_statement,EBITDA,EBITDA,money,11.524,14.873,22.517,mismatch,ours_derived_diff,,,,,,derived,CAD,
ALA,TSX,2024,2024,income_statement,DilutedAverageShares,Shares Outstanding (Diluted Average),shares,384.536082,298.3,22.426,mismatch,ours_derived_diff,,,,,,derived,,
OGD,TSX,2022,2022,income_statement,EBITDA,EBITDA,money,7.734,9.969,22.42,mismatch,ours_derived_diff,,,,,,derived,CAD,
ADW.A,TSX,2012,2012,income_statement,EBIT,EBIT,money,18.539,23.893,22.408,mismatch,ours_derived_diff,,,,,,derived,CAD,
IIP.UN,TSX,2014,2014,balance_sheet,TotalEquityGrossMinorityInterest,Total Equity,money,506.902,393.7,22.332,mismatch,ours_derived_diff,,,,,,derived,CAD,
IIP.UN,TSX,2015,2015,balance_sheet,TotalEquityGrossMinorityInterest,Total Equity,money,393.7,506.902,22.332,mismatch,ours_derived_diff,,,,,,derived,CAD,
CHR,TSX,2019,2019,balance_sheet,LongTermDebtAndCapitalLeaseObligation,Long-Term Debt & Capital Lease Obligation,money,1297.077,1669.107,22.289,mismatch,ours_derived_diff,,,,,,derived,CAD,
BRY,TSX,2012,2012,income_statement,OperatingIncome,Operating Income,money,6.484052,8.343,22.282,mismatch,ours_derived_diff,,,,,,derived,CAD,
LAS.A,TSX,2014,2014,cash_flow,CapitalExpenditure,Capital Expenditure,money,-16.103,-20.715,22.264,mismatch,ours_derived_diff,,,,,,derived,CAD,
OGD,TSX,2025,2025,income_statement,EBIT,EBIT,money,10.045,12.917,22.234,mismatch,ours_derived_diff,,,,,,derived,CAD,
CHR,TSX,2015,2015,income_statement,EBIT,EBIT,money,61.091,78.548,22.225,mismatch,ours_derived_diff,,,,,,derived,CAD,
ELD,TSX,2013,2013,income_statement,PretaxIncome,Pretax Income,money,-649.615,-537.539,22.223,mismatch,ours_derived_diff,0.9399,,,,,derived,USD,CAD
ALA,TSX,2022,2022,income_statement,EBITDA,EBITDA,money,1155.0,1485.0,22.222,mismatch,ours_derived_diff,,,,,,derived,,
CVVY,TSX,2017,2017,income_statement,GrossProfit,Gross Profit,money,0.09,0.07,22.222,mismatch,ours_derived_diff,,,,,,derived,CAD,
WPK,TSX,2013,2013,balance_sheet,CashCashEquivalentsAndShortTermInvestments,"Cash, Cash Equivalents, Marketable Securities",money,133.303,171.384,22.22,mismatch,ours_derived_diff,,,,,,derived,USD,
FTS,TSX,2015,2015,income_statement,EBITDA,EBITDA,money,1936.0,2489.0,22.218,mismatch,ours_derived_diff,,,,,,derived,CAD,
HMM.A,TSX,2010,2010,balance_sheet,Receivables,Total Receivables,money,8.455,10.868,22.203,mismatch,ours_derived_diff,,,,,,derived,CAD,
SFD,TSX,2007,2007,income_statement,EBIT,EBIT,money,0.459805,0.591,22.199,mismatch,ours_derived_diff,,,,,,derived,CAD,
MFI,TSX,2024,2024,balance_sheet,CurrentDebtAndCapitalLeaseObligation,Short-Term Debt & Capital Lease Obligation,money,438.766,341.378,22.196,mismatch,ours_derived_diff,,,,,,derived,CAD,
MFI,TSX,2012,2012,balance_sheet,GainsLossesNotAffectingRetainedEarnings,Accumulated other comprehensive income (loss),money,-17.042,-13.263,22.175,mismatch,ours_fuzzy_suspect,,"Accumulated other comprehensive loss (Note 16) (4,593)",-17.042,2014,fuzzy,mapped,CAD,
DII.A,TSX,2012,2012,income_statement,EBIT,EBIT,money,110.949,142.406,22.09,mismatch,ours_derived_diff,,,,,,derived,USD,
K,TSX,2015,2015,balance_sheet,NetPPE,"Property, Plant and Equipment",money,4917.6,6308.529,22.048,mismatch,ours_fuzzy_suspect,,"Property, plant and equipment Note",4917.6,2018,fuzzy,mapped,USD,
WPK,TSX,2014,2014,income_statement,EBITDA,EBITDA,money,115.144,170.329,22.043,mismatch,ours_derived_diff,0.8672,,,,,derived,USD,CAD
GFP,TSX,2011,2011,income_statement,EBITDA,EBITDA,money,-2.800651,-2.184,22.018,mismatch,ours_derived_diff,,,,,,derived,CAD,
GFP,TSX,2024,2024,income_statement,EBIT,EBIT,money,-17.176,-13.398,21.996,mismatch,ours_derived_diff,,,,,,derived,CAD,
WPK,TSX,2022,2022,balance_sheet,AccountsPayable,Accounts Payable & Accrued Expense,money,65.285,113.677,21.981,mismatch,ours_derived_diff,0.7361,,,,,from_notes,USD,CAD
POW,TSX,2024,2023,income_statement,NetIncomeFromContinuingAndDiscontinuedOperation,Net Income Including Noncontrolling Interests,money,4530.0,3535.0,21.965,mismatch,ours_derived_diff,,,,,,,CAD,
MFI,TSX,2012,2012,balance_sheet,LongTermDebtAndCapitalLeaseObligation,Long-Term Debt & Capital Lease Obligation,money,941.956,1206.945,21.955,mismatch,ours_derived_diff,,,,,,derived,CAD,
CPX,TSX,2025,2025,balance_sheet,Receivables,Total Receivables,money,569.0,729.0,21.948,mismatch,ours_derived_diff,,,,,,derived,CAD,
TPX.B,TSX,2013,2013,income_statement,EBITDA,EBITDA,money,1579.3,1232.847,21.937,mismatch,ours_derived_diff,,,,,,derived,CAD,
WPK,TSX,2020,2020,balance_sheet,GrossPPE,"Gross Property, Plant and Equipment",money,1005.505,1287.951,21.93,mismatch,ours_derived_diff,,,,,,from_notes,USD,
GFP,TSX,2011,2011,income_statement,EBIT,EBIT,money,-2.800651,-2.187,21.911,mismatch,ours_derived_diff,,,,,,derived,CAD,
OGD,TSX,2025,2025,cash_flow,NetIssuancePaymentsOfDebt,Net Issuance of Debt,money,-5.269,-6.747,21.906,mismatch,ours_derived_diff,,,,,,derived,CAD,
DII.A,TSX,2021,2021,income_statement,NetIncomeFromContinuingAndDiscontinuedOperation,Net Income Including Noncontrolling Interests,money,-31.624,-40.479,21.876,mismatch,ours_derived_diff,,,,,,,USD,
DII.A,TSX,2021,2021,income_statement,DepreciationAmortizationDepletion,"Depreciation, Depletion and Amortization",money,84.188,107.761,21.875,mismatch,ours_derived_diff,,,,,,derived,USD,
DII.A,TSX,2021,2021,balance_sheet,TotalEquityGrossMinorityInterest,Total Equity,money,469.0,600.32,21.875,mismatch,ours_derived_diff,,,,,,derived,USD,
DII.A,TSX,2021,2021,cash_flow,ChangeInWorkingCapital,Change In Working Capital,money,-26.403,-33.796,21.875,mismatch,ours_fuzzy_suspect,,Net changes in balances related to operations (Note 27),-26.403,2023,fuzzy,mapped,USD,
NFI,TSX,2021,2021,cash_flow,ChangeInWorkingCapital,Change In Working Capital,money,45.824,58.655,21.875,mismatch,ours_fuzzy_suspect,,Changes in non-cash working capital items (note,45.824,2023,fuzzy,mapped,USD,
DII.A,TSX,2021,2021,balance_sheet,CashCashEquivalentsAndShortTermInvestments,"Cash, Cash Equivalents, Marketable Securities",money,52.166,66.772,21.874,mismatch,ours_derived_diff,,,,,,derived,USD,
DII.A,TSX,2021,2021,cash_flow,PurchaseOfPPE,"Purchase Of Property, Plant, Equipment",money,-28.683,-36.714,21.874,mismatch,ours_fuzzy_suspect,,"Additions to property, plant and equipment (Notes 10 and 27)",-28.683,2023,fuzzy,mapped,USD,
DII.A,TSX,2021,2021,cash_flow,InvestingCashFlow,Cash Flow from Investing,money,14.141,18.1,21.873,mismatch,ours_fuzzy_suspect,,CASH PROVIDED BY INVESTING ACTIVITIES,14.141,2023,fuzzy,mapped,USD,
ADW.A,TSX,2014,2014,income_statement,EBIT,EBIT,money,19.244,24.63,21.868,mismatch,ours_derived_diff,,,,,,derived,CAD,
HMM.A,TSX,2018,2018,income_statement,EBIT,EBIT,money,5.052,6.466,21.868,mismatch,ours_derived_diff,,,,,,derived,CAD,
DII.A,TSX,2021,2021,balance_sheet,CommonStock,Common Stock,money,204.737,262.0,21.856,mismatch,ours_derived_diff,,,,,,,USD,
HMM.A,TSX,2019,2019,income_statement,EBIT,EBIT,money,6.282,8.032,21.788,mismatch,ours_derived_diff,,,,,,derived,CAD,
MRT.UN,TSX,2010,2010,income_statement,EBIT,EBIT,money,174.364,222.935,21.787,mismatch,ours_derived_diff,,,,,,derived,CAD,
MRT.UN,TSX,2010,2010,income_statement,EBITDA,EBITDA,money,174.443,223.014,21.779,mismatch,ours_derived_diff,,,,,,derived,CAD,
TXG,TSX,2012,2012,income_statement,DepreciationAmortizationDepletion,"Depreciation, Depletion and Amortization",money,0.632,0.495,21.677,mismatch,ours_derived_diff,,,,,,derived,USD,
MFI,TSX,2011,2011,income_statement,EBITDA,EBITDA,money,237.79,303.571,21.669,mismatch,ours_derived_diff,,,,,,derived,CAD,
SFD,TSX,2008,2008,income_statement,EBITDA,EBITDA,money,-0.735671,-0.939,21.654,mismatch,ours_derived_diff,,,,,,derived,CAD,
K,TSX,2010,2010,cash_flow,OperatingCashFlow,Cash Flow from Operations,money,1289.5,1010.318,21.65,mismatch,ours_fuzzy_suspect,,Cash flow provided from operating activities,1289.5,2012,fuzzy,mapped,USD,
ALA,TSX,2019,2019,income_statement,EBITDA,EBITDA,money,1250.7,1596.0,21.635,mismatch,ours_derived_diff,,,,,,derived,,
SWP,TSX,2011,2011,cash_flow,FreeCashFlow,Free Cash Flow,money,1.957,1.534,21.615,mismatch,ours_derived_diff,,,,,,derived,CAD,
CDR,TSX,2021,2021,income_statement,OperatingIncome,Operating Income,money,-11.406,-8.945,21.576,mismatch,ours_derived_diff,,,,,,derived,CAD,
POW,TSX,2023,2022,income_statement,EBIT,EBIT,money,3922.0,4999.0,21.544,mismatch,ours_derived_diff,,,,,,derived,CAD,
CPX,TSX,2015,2015,income_statement,DilutedAverageShares,Shares Outstanding (Diluted Average),shares,122.857143,96.393,21.541,mismatch,ours_derived_diff,,,,,,derived,CAD,
ALA,TSX,2011,2011,income_statement,EBITDA,EBITDA,money,192.68,245.387,21.479,mismatch,ours_derived_diff,,,,,,derived,,
CVVY,TSX,2024,2024,income_statement,GrossProfit,Gross Profit,money,180.247,141.542,21.473,mismatch,ours_derived_diff,,,,,,derived,CAD,
CDR,TSX,2018,2018,cash_flow,ChangeInWorkingCapital,Change In Working Capital,money,2.146,1.686,21.435,mismatch,ours_fuzzy_suspect,,Changes in non-cash working capital,4.651,2019,fuzzy,mapped,CAD,
TXG,TSX,2012,2012,income_statement,OperatingIncome,Operating Income,money,-76.515,-60.121,21.426,mismatch,ours_derived_diff,,,,,,derived,USD,
MRT.UN,TSX,2013,2013,income_statement,EBIT,EBIT,money,212.381,270.203,21.399,mismatch,ours_derived_diff,,,,,,derived,CAD,
MRT.UN,TSX,2013,2013,income_statement,EBITDA,EBITDA,money,212.419,270.241,21.396,mismatch,ours_derived_diff,,,,,,derived,CAD,
POW,TSX,2022,2021,income_statement,NetIncomeFromContinuingAndDiscontinuedOperation,Net Income Including Noncontrolling Interests,money,3676.0,4673.0,21.335,mismatch,ours_derived_diff,,,,,,,CAD,
K,TSX,2023,2023,cash_flow,FreeCashFlow,Free Cash Flow,money,644.4,680.191,21.322,mismatch,ours_derived_diff,0.7454,,,,,derived,FX x1.06,CAD
SWP,TSX,2017,2017,income_statement,EBITDA,EBITDA,money,7.358,9.352,21.322,mismatch,ours_derived_diff,,,,,,derived,CAD,
K,TSX,2016,2016,cash_flow,FreeCashFlow,Free Cash Flow,money,591.1,620.797,21.265,mismatch,ours_derived_diff,0.7497,,,,,derived,FX x1.06,CAD
K,TSX,2017,2017,cash_flow,InvestingCashFlow,Cash Flow from Investing,money,-872.3,-877.486,21.22,mismatch,ours_derived_diff,0.7831,,,,,derived,FX x1.06,CAD
SWP,TSX,2018,2018,income_statement,EBITDA,EBITDA,money,7.379,9.366,21.215,mismatch,ours_derived_diff,,,,,,derived,CAD,
DII.A,TSX,2021,2021,balance_sheet,LongTermDebtAndCapitalLeaseObligation,Long-Term Debt & Capital Lease Obligation,money,511.046,648.378,21.181,mismatch,ours_derived_diff,,,,,,derived,USD,
AAB,TSX,2011,2011,cash_flow,PurchaseOfInvestment,Purchase Of Investment,money,-22.911789,-29.068,21.179,mismatch,ours_fuzzy_suspect,,Purchase of investments,-22.911789,2012,fuzzy,mapped,CAD,
TPX.B,TSX,2013,2013,cash_flow,FreeCashFlow,Free Cash Flow,money,1178.2,930.168,21.052,mismatch,ours_derived_diff,,,,,,derived,CAD,
DII.A,TSX,2016,2016,cash_flow,FreeCashFlow,Free Cash Flow,money,171.865,180.992,21.051,mismatch,ours_derived_diff,0.7497,,,,,derived,USD,CAD
ALA,TSX,2020,2020,income_statement,NetIncome,Net Income,money,699.0,552.0,21.03,mismatch,ours_derived_diff,,,,,,derived,,
CPX,TSX,2014,2014,income_statement,EBIT,EBIT,money,169.0,214.0,21.028,mismatch,ours_derived_diff,,,,,,derived,CAD,
CHR,TSX,2018,2018,income_statement,EBITDA,EBITDA,money,223.261,282.47,20.961,mismatch,ours_derived_diff,,,,,,derived,CAD,
HMM.A,TSX,2012,2012,income_statement,EBIT,EBIT,money,2.406,3.04,20.855,mismatch,ours_derived_diff,,,,,,derived,CAD,
MFI,TSX,2025,2025,income_statement,EBITDA,EBITDA,money,338.505,427.704,20.855,mismatch,ours_derived_diff,,,,,,derived,CAD,
K,TSX,2013,2013,balance_sheet,GainsLossesNotAffectingRetainedEarnings,Accumulated other comprehensive income (loss),money,-46.1,-38.832,20.825,mismatch,ours_fuzzy_suspect,0.9399,Accumulated other comprehensive income (loss) Note,-46.1,2015,fuzzy,mapped,FX x1.06,CAD
BKI,TSX,2014,2014,income_statement,NetIncome,Net Income,money,-6.340494,-5.79,20.813,mismatch,ours_derived_diff,0.8672,,,,,derived,USD,CAD
FTS,TSX,2011,2011,cash_flow,ChangeInWorkingCapital,Change In Working Capital,money,99.0,125.0,20.8,mismatch,ours_fuzzy_suspect,,Change in non-cash operating working capital (Note 30),99.0,2013,fuzzy,mapped,CAD,
CPX,TSX,2021,2021,balance_sheet,CommonStock,Common Stock,money,3631.0,2878.0,20.738,mismatch,ours_derived_diff,,,,,,,CAD,
DII.A,TSX,2008,2008,income_statement,EBITDA,EBITDA,money,158.523,246.728,20.735,mismatch,ours_derived_diff,0.8106,,,,,derived,USD,CAD
SWP,TSX,2012,2012,cash_flow,ChangeInWorkingCapital,Change In Working Capital,money,1.597,1.266,20.726,mismatch,ours_derived_diff,,,,,,derived,CAD,
TXG,TSX,2012,2012,income_statement,NetIncomeFromContinuingAndDiscontinuedOperation,Net Income Including Noncontrolling Interests,money,-76.237,-60.442,20.718,mismatch,ours_derived_diff,,,,,,,USD,
TXG,TSX,2012,2012,income_statement,NetIncomeContinuousOperations,Net Income (Continuing Operations),money,-76.237,-60.442,20.718,mismatch,ours_derived_diff,,,,,,derived,USD,
MFI,TSX,2012,2012,cash_flow,ChangeInWorkingCapital,Change In Working Capital,money,-64.616,-51.334,20.555,mismatch,ours_fuzzy_suspect,,Change in non-cash operating working capital,-64.616,2014,fuzzy,mapped,CAD,
CHR,TSX,2013,2013,income_statement,EBIT,EBIT,money,85.881,108.063,20.527,mismatch,ours_derived_diff,,,,,,derived,CAD,
OGD,TSX,2015,2015,income_statement,NetIncome,Net Income,money,-9.291,-7.387,20.493,mismatch,ours_derived_diff,,,,,,derived,CAD,
MFI,TSX,2019,2019,cash_flow,NetIssuancePaymentsOfDebt,Net Issuance of Debt,money,169.491,134.801,20.467,mismatch,ours_derived_diff,,,,,,derived,CAD,
TXG,TSX,2012,2012,income_statement,EBIT,EBIT,money,-75.538,-60.121,20.41,mismatch,ours_derived_diff,,,,,,derived,USD,
TXG,TSX,2012,2012,income_statement,EBITDA,EBITDA,money,-74.906,-59.627,20.398,mismatch,ours_derived_diff,,,,,,derived,USD,
BRY,TSX,2021,2021,balance_sheet,OtherCurrentAssets,Other Current Assets,money,0.480872,0.604,20.385,mismatch,ours_derived_diff,,,,,,derived,CAD,
WPK,TSX,2017,2017,income_statement,EBITDA,EBITDA,money,160.199,256.898,20.374,mismatch,ours_derived_diff,0.7831,,,,,derived,USD,CAD
ALA,TSX,2012,2012,cash_flow,ChangeInWorkingCapital,Change In Working Capital,money,-84.285,-105.833,20.36,mismatch,ours_derived_diff,,,,,,derived,,
DII.A,TSX,2025,2025,cash_flow,FreeCashFlow,Free Cash Flow,money,-44.81,-77.608,20.349,mismatch,ours_derived_diff,0.7249,,,,,derived,USD,CAD
MFI,TSX,2023,2023,balance_sheet,CashCashEquivalentsAndShortTermInvestments,"Cash, Cash Equivalents, Marketable Securities",money,162.031,203.363,20.324,mismatch,ours_derived_diff,,,,,,derived,CAD,
ALA,TSX,2013,2013,income_statement,EBITDA,EBITDA,money,401.0,503.1,20.294,mismatch,ours_derived_diff,,,,,,derived,,
TXG,TSX,2019,2019,cash_flow,ChangeInWorkingCapital,Change In Working Capital,money,-32.6,-34.239,20.246,mismatch,ours_derived_diff,0.7594,,,,,derived,USD,CAD
CHR,TSX,2019,2019,income_statement,EBITDA,EBITDA,money,295.208,370.028,20.22,mismatch,ours_derived_diff,,,,,,derived,CAD,
ALA,TSX,2024,2024,income_statement,NetIncome,Net Income,money,746.0,596.0,20.107,mismatch,ours_derived_diff,,,,,,derived,,
WPK,TSX,2012,2012,income_statement,EBITDA,EBITDA,money,103.627,129.642,20.067,mismatch,ours_derived_diff,,,,,,derived,USD,
MFI,TSX,2010,2010,income_statement,DilutedAverageShares,Shares Outstanding (Diluted Average),shares,169.585714,135.6,20.04,mismatch,ours_derived_diff,,,,,,derived,CAD,
WPK,TSX,2013,2013,balance_sheet,Receivables,Total Receivables,money,86.797,108.505,20.006,mismatch,ours_derived_diff,,,,,,derived,USD,
HMM.A,TSX,2018,2018,income_statement,EBITDA,EBITDA,money,7.846,9.808,20.004,mismatch,ours_derived_diff,,,,,,derived,CAD,
DII.A,TSX,2013,2013,cash_flow,FreeCashFlow,Free Cash Flow,money,102.479,87.229,19.994,mismatch,ours_derived_diff,0.9399,,,,,derived,USD,CAD
ADW.A,TSX,2020,2020,income_statement,EBIT,EBIT,money,32.465,40.572,19.982,mismatch,ours_derived_diff,,,,,,derived,CAD,
ALA,TSX,2022,2022,cash_flow,NetIncomeFromContinuingOperations,Net Income From Continuing Operations,money,716.0,573.0,19.972,mismatch,ours_derived_diff,,,,,,derived,,
CPX,TSX,2013,2013,income_statement,EBIT,EBIT,money,273.0,341.0,19.941,mismatch,ours_derived_diff,,,,,,derived,CAD,
CPX,TSX,2013,2013,balance_sheet,CommonStock,Common Stock,money,2328.0,1864.0,19.931,mismatch,ours_derived_diff,,,,,,,CAD,
CHR,TSX,2017,2017,income_statement,EBIT,EBIT,money,183.983,229.74,19.917,mismatch,ours_derived_diff,,,,,,derived,CAD,
K,TSX,2011,2011,cash_flow,OperatingCashFlow,Cash Flow from Operations,money,1809.3,1450.197,19.848,mismatch,ours_fuzzy_suspect,,Cash flow provided from operating activities,1809.3,2012,fuzzy,mapped,USD,
GFP,TSX,2022,2022,balance_sheet,LongTermDebtAndCapitalLeaseObligation,Long-Term Debt & Capital Lease Obligation,money,38.038,47.455,19.844,mismatch,ours_derived_diff,,,,,,derived,CAD,
TXG,TSX,2016,2016,cash_flow,CapitalExpenditure,Capital Expenditure,money,-137.8,-229.164,19.79,mismatch,ours_derived_diff,0.7497,,,,,derived,USD,CAD
K,TSX,2017,2017,income_statement,EBIT,EBIT,money,405.5,645.473,19.782,mismatch,ours_derived_diff,0.7831,,,,,derived,FX x1.06,CAD
BRY,TSX,2015,2015,balance_sheet,Receivables,Total Receivables,money,16.498214,20.56,19.756,mismatch,ours_derived_diff,,,,,,derived,CAD,
ALA,TSX,2020,2020,income_statement,EBITDA,EBITDA,money,1113.0,1387.0,19.755,mismatch,ours_derived_diff,,,,,,derived,,
CVVY,TSX,2022,2022,income_statement,EBITDA,EBITDA,money,123.882,154.183,19.653,mismatch,ours_derived_diff,,,,,,derived,CAD,
TFPM,TSX,2025,2025,balance_sheet,CashCashEquivalentsAndShortTermInvestments,"Cash, Cash Equivalents, Marketable Securities",money,71.284,122.369,19.64,mismatch,ours_derived_diff,0.7249,,,,,derived,USD,CAD
DII.A,TSX,2024,2024,cash_flow,FreeCashFlow,Free Cash Flow,money,48.211,55.239,19.578,mismatch,ours_derived_diff,0.7019,,,,,derived,USD,CAD
MFI,TSX,2008,2008,income_statement,NetIncomeFromContinuingAndDiscontinuedOperation,Net Income Including Noncontrolling Interests,money,-36.857,-29.646,19.565,mismatch,ours_derived_diff,,,,,,,CAD,
MFI,TSX,2008,2008,income_statement,NetIncomeContinuousOperations,Net Income (Continuing Operations),money,-36.857,-29.646,19.565,mismatch,ours_derived_diff,,,,,,derived,CAD,
K,TSX,2013,2013,income_statement,NetIncomeContinuousOperations,Net Income (Continuing Operations),money,-3742.3,-3204.68,19.509,mismatch,ours_derived_diff,0.9399,,,,,derived,FX x1.06,CAD
ALA,TSX,2019,2019,income_statement,OperatingIncome,Operating Income,money,110.3,137.0,19.489,mismatch,ours_derived_diff,,,,,,derived,,
CDR,TSX,2018,2018,income_statement,OperatingIncome,Operating Income,money,-5.163,-6.408,19.429,mismatch,ours_derived_diff,,,,,,derived,CAD,
MRT.UN,TSX,2010,2010,balance_sheet,Receivables,Total Receivables,money,9.624,7.756,19.41,mismatch,ours_derived_diff,,,,,,derived,CAD,
CPX,TSX,2014,2014,balance_sheet,CommonStock,Common Stock,money,2391.0,1927.0,19.406,mismatch,ours_derived_diff,,,,,,,CAD,
BKI,TSX,2019,2019,income_statement,DilutedAverageShares,Shares Outstanding (Diluted Average),shares,144.9019,179.791,19.405,mismatch,ours_derived_diff,0.7594,,,,,derived,USD,CAD
DII.A,TSX,2010,2010,income_statement,EBITDA,EBITDA,money,172.091,213.469,19.384,mismatch,ours_derived_diff,,,,,,derived,USD,
WPK,TSX,2013,2013,cash_flow,ChangeInWorkingCapital,Change In Working Capital,money,-12.879,-10.388,19.342,mismatch,ours_derived_diff,,,,,,derived,USD,
CPX,TSX,2025,2025,balance_sheet,CashCashEquivalentsAndShortTermInvestments,"Cash, Cash Equivalents, Marketable Securities",money,119.0,96.0,19.328,mismatch,ours_derived_diff,,,,,,derived,CAD,
ELD,TSX,2022,2022,income_statement,NetIncomeDiscontinuousOperations,Net Income (Discontinued Operations),money,-304.648,-512.813,19.295,mismatch,ours_fuzzy_suspect,0.7361,Loss from discontinued operations,-304.648,2023,fuzzy,mapped,USD,CAD
CPX,TSX,2017,2017,income_statement,DilutedAverageShares,Shares Outstanding (Diluted Average),shares,125.233645,101.089,19.28,mismatch,ours_derived_diff,,,,,,derived,CAD,
IIP.UN,TSX,2014,2014,balance_sheet,CurrentDebtAndCapitalLeaseObligation,Short-Term Debt & Capital Lease Obligation,money,600.811,485.05,19.267,mismatch,ours_derived_diff,,,,,,derived,CAD,
WPK,TSX,2009,2009,balance_sheet,OtherCurrentAssets,Other Current Assets,money,3.849,4.763,19.19,mismatch,ours_derived_diff,,,,,,derived,USD,
K,TSX,2012,2012,income_statement,EBIT,EBIT,money,-2774.4,-2243.679,19.129,mismatch,ours_derived_diff,,,,,,derived,USD,
ALA,TSX,2013,2013,income_statement,NetIncome,Net Income,money,248.5,201.1,19.074,mismatch,ours_derived_diff,,,,,,derived,,
DII.A,TSX,2008,2008,balance_sheet,TotalEquityGrossMinorityInterest,Total Equity,money,821.252,1251.89,19.068,mismatch,ours_derived_diff,0.8106,,,,,derived,USD,CAD
ADW.A,TSX,2014,2014,cash_flow,NetIssuancePaymentsOfDebt,Net Issuance of Debt,money,-6.821,-8.427,19.058,mismatch,ours_derived_diff,,,,,,derived,CAD,
HMM.A,TSX,2010,2010,income_statement,EBIT,EBIT,money,3.167,3.91,19.003,mismatch,ours_derived_diff,,,,,,derived,CAD,
HMM.A,TSX,2023,2023,income_statement,PretaxIncome,Pretax Income,money,20.263,24.999,18.945,mismatch,ours_derived_diff,,,,,,derived,CAD,
K,TSX,2008,2008,cash_flow,NetIncomeFromContinuingOperations,Net Income From Continuing Operations,money,-807.2,-995.843,18.943,mismatch,ours_derived_diff,,,,,,derived,USD,
K,TSX,2008,2008,cash_flow,DepreciationAndAmortization,"Cash Flow Depreciation, Depletion and Amortization",money,273.8,337.787,18.943,mismatch,ours_derived_diff,,,,,,,USD,
K,TSX,2008,2008,cash_flow,OperatingCashFlow,Cash Flow from Operations,money,443.6,547.269,18.943,mismatch,ours_fuzzy_suspect,,Cash flow provided from operating activities,443.6,2011,fuzzy,mapped,USD,
K,TSX,2008,2008,cash_flow,PurchaseOfPPE,"Purchase Of Property, Plant, Equipment",money,-714.7,-881.725,18.943,mismatch,ours_fuzzy_suspect,,"Additions to property, plant and equipment Note 15",-714.7,2011,fuzzy,mapped,USD,
K,TSX,2008,2008,cash_flow,CapitalExpenditure,Capital Expenditure,money,-714.7,-881.725,18.943,mismatch,ours_derived_diff,,,,,,derived,USD,
K,TSX,2008,2008,cash_flow,FreeCashFlow,Free Cash Flow,money,-271.1,-334.456,18.943,mismatch,ours_derived_diff,,,,,,derived,USD,
ADW.A,TSX,2015,2015,income_statement,EBIT,EBIT,money,20.772,25.619,18.92,mismatch,ours_derived_diff,,,,,,derived,CAD,
FTS,TSX,2012,2012,balance_sheet,OtherCurrentAssets,Other Current Assets,money,219.0,270.0,18.889,mismatch,ours_derived_diff,,,,,,derived,CAD,
CPX,TSX,2012,2012,balance_sheet,CashCashEquivalentsAndShortTermInvestments,"Cash, Cash Equivalents, Marketable Securities",money,53.0,43.0,18.868,mismatch,ours_derived_diff,,,,,,derived,CAD,
BRY,TSX,2009,2009,income_statement,EBIT,EBIT,money,-9.770057,-7.939,18.742,mismatch,ours_derived_diff,,,,,,derived,CAD,
ALA,TSX,2012,2012,income_statement,EBITDA,EBITDA,money,265.583,326.82,18.737,mismatch,ours_derived_diff,,,,,,derived,,
DII.A,TSX,2014,2014,cash_flow,NetIssuancePaymentsOfDebt,Net Issuance of Debt,money,222.107,208.296,18.677,mismatch,ours_derived_diff,0.8672,,,,,derived,USD,CAD
ERD,TSX,2009,2009,income_statement,NetIncomeFromContinuingAndDiscontinuedOperation,Net Income Including Noncontrolling Interests,money,-2.177057,-2.677,18.675,mismatch,ours_derived_diff,,,,,,,CAD,
ERD,TSX,2009,2009,income_statement,NetIncomeContinuousOperations,Net Income (Continuing Operations),money,-2.177057,-2.677,18.675,mismatch,ours_derived_diff,,,,,,derived,CAD,
DII.A,TSX,2017,2017,cash_flow,NetIssuancePaymentsOfDebt,Net Issuance of Debt,money,30.171,47.37,18.671,mismatch,ours_derived_diff,0.7831,,,,,derived,USD,CAD
MFI,TSX,2018,2018,cash_flow,ChangeInWorkingCapital,Change In Working Capital,money,-39.552,-32.174,18.654,mismatch,ours_fuzzy_suspect,,Change in non-cash operating working capital,-39.552,2020,fuzzy,mapped,CAD,
WPK,TSX,2016,2016,income_statement,EBITDA,EBITDA,money,158.01,259.026,18.63,mismatch,ours_derived_diff,0.7497,,,,,derived,USD,CAD
SFD,TSX,2008,2008,income_statement,EBIT,EBIT,money,-0.907284,-1.115,18.629,mismatch,ours_derived_diff,,,,,,derived,CAD,
K,TSX,2014,2014,cash_flow,OperatingCashFlow,Cash Flow from Operations,money,1043.4,979.413,18.603,mismatch,ours_fuzzy_suspect,0.8672,Cash flow provided from operating activities,1043.4,2015,fuzzy,mapped,FX x1.06,CAD
WPK,TSX,2010,2010,balance_sheet,OtherCurrentAssets,Other Current Assets,money,4.725,5.802,18.563,mismatch,ours_derived_diff,,,,,,derived,USD,
MFI,TSX,2011,2011,cash_flow,ChangeInWorkingCapital,Change In Working Capital,money,-55.886,-45.522,18.545,mismatch,ours_fuzzy_suspect,,Change in non-cash operating working capital,-55.886,2013,fuzzy,mapped,CAD,
DII.A,TSX,2013,2013,income_statement,EBITDA,EBITDA,money,113.835,148.639,18.521,mismatch,ours_derived_diff,0.9399,,,,,derived,USD,CAD
WPK,TSX,2015,2015,income_statement,EBITDA,EBITDA,money,147.537,248.292,18.516,mismatch,ours_derived_diff,0.7292,,,,,derived,USD,CAD
MRT.UN,TSX,2009,2009,income_statement,EBIT,EBIT,money,84.222,68.631,18.512,mismatch,ours_derived_diff,,,,,,derived,CAD,
ALA,TSX,2024,2024,cash_flow,NetIncomeFromContinuingOperations,Net Income From Continuing Operations,money,746.0,608.0,18.499,mismatch,ours_derived_diff,,,,,,derived,,
MFI,TSX,2025,2025,balance_sheet,CashCashEquivalentsAndShortTermInvestments,"Cash, Cash Equivalents, Marketable Securities",money,175.908,143.409,18.475,mismatch,ours_derived_diff,,,,,,derived,CAD,
SWP,TSX,2011,2011,income_statement,EBITDA,EBITDA,money,2.309,2.831,18.439,mismatch,ours_derived_diff,,,,,,derived,CAD,
MFI,TSX,2012,2012,balance_sheet,TotalNonCurrentLiabilities,Total Long-Term Liabilities,money,1421.601,1742.674,18.424,mismatch,ours_derived_diff,,,,,,derived,CAD,
TPX.B,TSX,2013,2013,balance_sheet,TotalEquityGrossMinorityInterest,Total Equity,money,7491.4,9181.563,18.408,mismatch,ours_derived_diff,,,,,,derived,CAD,
WPK,TSX,2013,2013,balance_sheet,StockholdersEquity,Total Stockholders Equity,money,500.37,613.259,18.408,mismatch,ours_derived_diff,,,,,,derived,USD,
ADW.A,TSX,2019,2019,income_statement,EBIT,EBIT,money,30.491,37.363,18.393,mismatch,ours_derived_diff,,,,,,derived,CAD,
DII.A,TSX,2011,2011,income_statement,EBITDA,EBITDA,money,155.853,190.966,18.387,mismatch,ours_derived_diff,,,,,,derived,USD,
POW,TSX,2023,2022,cash_flow,NetIncomeFromContinuingOperations,Net Income From Continuing Operations,money,3535.0,4329.0,18.341,mismatch,ours_derived_diff,,,,,,derived,CAD,
ELD,TSX,2018,2018,cash_flow,FreeCashFlow,Free Cash Flow,money,-164.136,-269.91,18.294,mismatch,ours_derived_diff,0.7443,,,,,derived,USD,CAD
TPX.B,TSX,2013,2013,balance_sheet,StockholdersEquity,Total Stockholders Equity,money,7491.4,9155.072,18.172,mismatch,ours_derived_diff,,,,,,derived,CAD,
ALA,TSX,2020,2020,cash_flow,NetIncomeFromContinuingOperations,Net Income From Continuing Operations,money,699.0,572.0,18.169,mismatch,ours_derived_diff,,,,,,derived,,
BRY,TSX,2011,2011,income_statement,EBITDA,EBITDA,money,13.262632,16.206,18.162,mismatch,ours_derived_diff,,,,,,derived,CAD,
POW,TSX,2025,2024,cash_flow,NetIncomeFromContinuingOperations,Net Income From Continuing Operations,money,4398.0,5370.0,18.101,mismatch,ours_derived_diff,,,,,,derived,CAD,
DSG,TSX,2012,2012,cash_flow,DepreciationAndAmortization,"Cash Flow Depreciation, Depletion and Amortization",money,11.996,14.646,18.094,mismatch,ours_derived_diff,,,,,,,USD,
K,TSX,2012,2012,income_statement,PretaxIncome,Pretax Income,money,-2769.1,-2268.226,18.088,mismatch,ours_derived_diff,,,,,,derived,USD,
LAS.A,TSX,2016,2016,cash_flow,NetIssuancePaymentsOfDebt,Net Issuance of Debt,money,-83.147,-101.466,18.054,mismatch,ours_derived_diff,,,,,,derived,CAD,
ELD,TSX,2023,2023,income_statement,EBIT,EBIT,money,158.958,260.099,18.009,mismatch,ours_derived_diff,0.7454,,,,,derived,USD,CAD
SWP,TSX,2025,2025,cash_flow,FreeCashFlow,Free Cash Flow,money,7.317,6.0,17.999,mismatch,ours_derived_diff,,,,,,derived,CAD,
HMM.A,TSX,2013,2013,income_statement,EBITDA,EBITDA,money,4.758,5.796,17.909,mismatch,ours_derived_diff,,,,,,derived,CAD,
LAS.A,TSX,2023,2023,balance_sheet,CurrentDebtAndCapitalLeaseObligation,Short-Term Debt & Capital Lease Obligation,money,18.525,22.555,17.867,mismatch,ours_derived_diff,,,,,,derived,CAD,
GRN,TSX,2025,2025,balance_sheet,Receivables,Total Receivables,money,10.072,12.26,17.847,mismatch,ours_derived_diff,,,,,,derived,CAD,
BRY,TSX,2010,2010,income_statement,EBITDA,EBITDA,money,10.26675,12.496,17.84,mismatch,ours_derived_diff,,,,,,derived,CAD,
K,TSX,2013,2013,balance_sheet,NetPPE,"Property, Plant and Equipment",money,5409.4,7003.335,17.824,mismatch,ours_fuzzy_suspect,0.9399,"Property, plant and equipment Note",5409.4,2015,fuzzy,mapped,FX x1.06,CAD
TPX.B,TSX,2024,2024,income_statement,EBIT,EBIT,money,1467.6,2544.087,17.814,mismatch,ours_derived_diff,0.7019,,,,,derived,USD,CAD
ADW.A,TSX,2021,2021,income_statement,EBIT,EBIT,money,37.453,45.561,17.796,mismatch,ours_derived_diff,,,,,,derived,CAD,
NFI,TSX,2017,2017,cash_flow,FreeCashFlow,Free Cash Flow,money,125.008,152.019,17.768,mismatch,ours_derived_diff,,,,,,derived,USD,
CHR,TSX,2017,2017,balance_sheet,LongTermDebtAndCapitalLeaseObligation,Long-Term Debt & Capital Lease Obligation,money,995.062,1209.534,17.732,mismatch,ours_derived_diff,,,,,,derived,CAD,
WPK,TSX,2022,2022,balance_sheet,OtherReceivables,Other Current Receivables,money,16.576,27.372,17.732,mismatch,ours_derived_diff,0.7361,,,,,from_notes,USD,CAD
TXG,TSX,2019,2019,income_statement,EBITDA,EBITDA,money,382.5,414.692,17.673,mismatch,ours_derived_diff,0.7594,,,,,derived,USD,CAD
ALA,TSX,2025,2025,balance_sheet,CurrentDebtAndCapitalLeaseObligation,Short-Term Debt & Capital Lease Obligation,money,700.0,850.0,17.647,mismatch,ours_derived_diff,,,,,,derived,,
TPX.B,TSX,2023,2023,income_statement,EBIT,EBIT,money,1227.1,1994.288,17.45,mismatch,ours_derived_diff,0.7454,,,,,derived,USD,CAD
MFI,TSX,2020,2020,cash_flow,NetIssuancePaymentsOfDebt,Net Issuance of Debt,money,215.601,178.047,17.418,mismatch,ours_derived_diff,,,,,,derived,CAD,
TXG,TSX,2016,2016,income_statement,EBITDA,EBITDA,money,87.3,140.993,17.408,mismatch,ours_derived_diff,0.7497,,,,,derived,USD,CAD
ALA,TSX,2016,2016,income_statement,NetIncome,Net Income,money,246.2,203.5,17.344,mismatch,ours_derived_diff,,,,,,derived,,
SFD,TSX,2025,2025,balance_sheet,StockholdersEquity,Total Stockholders Equity,money,17.976904,14.865,17.311,mismatch,ours_derived_diff,,,,,,derived,CAD,
SFD,TSX,2025,2025,balance_sheet,TotalEquityGrossMinorityInterest,Total Equity,money,17.976904,14.865,17.311,mismatch,ours_derived_diff,,,,,,derived,CAD,
GFP,TSX,2010,2010,cash_flow,ChangeInWorkingCapital,Change In Working Capital,money,0.177711,0.147,17.281,mismatch,ours_fuzzy_suspect,,Change in non-cash working capital total,0.177711,2011,fuzzy,mapped,CAD,
ALA,TSX,2014,2014,income_statement,NetIncome,Net Income,money,157.2,130.1,17.239,mismatch,ours_derived_diff,,,,,,derived,,
CPX,TSX,2022,2022,balance_sheet,CommonStock,Common Stock,money,3498.0,2895.0,17.238,mismatch,ours_derived_diff,,,,,,,CAD,
TPX.B,TSX,2010,2010,income_statement,EBITDA,EBITDA,money,1365.8,1130.584,17.222,mismatch,ours_derived_diff,,,,,,derived,CAD,
FTS,TSX,2010,2010,income_statement,PretaxIncome,Pretax Income,money,323.0,390.0,17.179,mismatch,ours_derived_diff,,,,,,derived,CAD,
LAS.A,TSX,2010,2010,balance_sheet,Receivables,Total Receivables,money,47.992,57.934,17.161,mismatch,ours_derived_diff,,,,,,derived,CAD,
CDR,TSX,2018,2018,income_statement,NetIncomeContinuousOperations,Net Income (Continuing Operations),money,-14.07,-11.658,17.143,mismatch,ours_derived_diff,,,,,,derived,CAD,
ADW.A,TSX,2021,2021,balance_sheet,Receivables,Total Receivables,money,28.896,34.869,17.13,mismatch,ours_derived_diff,,,,,,derived,CAD,
K,TSX,2013,2013,balance_sheet,TotalNonCurrentLiabilities,Total Long-Term Liabilities,money,2887.2,3706.522,17.127,mismatch,ours_derived_diff,0.9399,,,,,derived,FX x1.06,CAD
CPX,TSX,2023,2023,balance_sheet,CommonStock,Common Stock,money,3524.0,2921.0,17.111,mismatch,ours_derived_diff,,,,,,,CAD,
TXG,TSX,2016,2016,cash_flow,PurchaseOfPPE,"Purchase Of Property, Plant, Equipment",money,-137.8,-221.694,17.088,mismatch,ours_fuzzy_suspect,0.7497,"Additions to property, plant and equipment",-137.8,2018,fuzzy,mapped,USD,CAD
ELD,TSX,2022,2022,income_statement,DilutedAverageShares,Shares Outstanding (Diluted Average),shares,221.167358,183.446,17.056,mismatch,ours_derived_diff,0.7361,,,,,derived,USD,CAD
HMM.A,TSX,2019,2019,balance_sheet,CurrentDebtAndCapitalLeaseObligation,Short-Term Debt & Capital Lease Obligation,money,21.366,25.759,17.054,mismatch,ours_derived_diff,,,,,,derived,CAD,
LULU,TSX,2026,2026,income_statement,EBITDA,EBITDA,money,2245.928,3727.593,17.028,mismatch,ours_derived_diff,0.7262,,,,,derived,USD,CAD
CPX,TSX,2014,2014,balance_sheet,OtherCurrentAssets,Other Current Assets,money,132.0,159.0,16.981,mismatch,ours_derived_diff,,,,,,derived,CAD,
HMM.A,TSX,2014,2014,income_statement,EBITDA,EBITDA,money,6.197,7.46,16.93,mismatch,ours_derived_diff,,,,,,derived,CAD,
DSG,TSX,2011,2011,cash_flow,DepreciationAndAmortization,"Cash Flow Depreciation, Depletion and Amortization",money,11.471,13.806,16.913,mismatch,ours_derived_diff,,,,,,,USD,
MRT.UN,TSX,2012,2012,income_statement,EBIT,EBIT,money,228.446,274.875,16.891,mismatch,ours_derived_diff,,,,,,derived,CAD,
CDR,TSX,2024,2024,income_statement,EBITDA,EBITDA,money,12.038,14.484,16.888,mismatch,ours_derived_diff,,,,,,derived,CAD,
MRT.UN,TSX,2012,2012,income_statement,EBITDA,EBITDA,money,228.489,274.918,16.888,mismatch,ours_derived_diff,,,,,,derived,CAD,
ERD,TSX,2011,2011,income_statement,NetIncomeContinuousOperations,Net Income (Continuing Operations),money,-8.986812,-7.47,16.878,mismatch,ours_fuzzy_suspect,,Loss from continuing operations,-8.986812,2013,fuzzy,mapped,CAD,
BKI,TSX,2014,2014,balance_sheet,TotalEquityGrossMinorityInterest,Total Equity,money,46.7682,44.839,16.862,mismatch,ours_derived_diff,0.8672,,,,,derived,USD,CAD
POW,TSX,2024,2023,cash_flow,NetIncomeFromContinuingOperations,Net Income From Continuing Operations,money,4530.0,3768.0,16.821,mismatch,ours_derived_diff,,,,,,derived,CAD,
TXG,TSX,2025,2025,income_statement,OperatingIncome,Operating Income,money,636.9,730.997,16.8,mismatch,ours_fuzzy_suspect,0.7249,Earnings from mine operations $,636.9,2026,fuzzy,mapped,USD,CAD
POW,TSX,2022,2021,cash_flow,PurchaseOfInvestment,Purchase Of Investment,money,-37499.0,-45056.0,16.772,mismatch,ours_fuzzy_suspect,,Purchases of investments; Purchases of investments [1],-41599.0,2024,fuzzy,mapped,CAD,
ERD,TSX,2009,2009,income_statement,EBITDA,EBITDA,money,-2.33008,-2.799,16.753,mismatch,ours_derived_diff,,,,,,derived,CAD,
TPX.B,TSX,2013,2013,cash_flow,PurchaseOfPPE,"Purchase Of Property, Plant, Equipment",money,-375.6,-312.68,16.752,mismatch,ours_fuzzy_suspect,,"Additions to property, plant and equipment",-375.6,2014,fuzzy,mapped,CAD,
TPX.B,TSX,2013,2013,cash_flow,CapitalExpenditure,Capital Expenditure,money,-375.6,-312.68,16.752,mismatch,ours_derived_diff,,,,,,derived,CAD,
TFPM,TSX,2023,2023,income_statement,EBIT,EBIT,money,36.389,58.643,16.751,mismatch,ours_derived_diff,0.7454,,,,,derived,USD,CAD
SFD,TSX,2025,2025,income_statement,DilutedAverageShares,Shares Outstanding (Diluted Average),shares,115.85745,96.454,16.748,mismatch,ours_derived_diff,,,,,,derived,CAD,
AAB,TSX,2013,2013,cash_flow,NetIncomeFromContinuingOperations,Net Income From Continuing Operations,money,-30.630419,-36.729,16.604,mismatch,ours_derived_diff,,,,,,derived,CAD,
K,TSX,2017,2017,cash_flow,OperatingCashFlow,Cash Flow from Operations,money,1140.1,1215.098,16.534,mismatch,ours_fuzzy_suspect,0.7831,Cash flow provided from operating activities,1140.1,2019,fuzzy,mapped,FX x1.06,CAD
CHR,TSX,2018,2018,balance_sheet,CurrentDebtAndCapitalLeaseObligation,Short-Term Debt & Capital Lease Obligation,money,124.746,149.372,16.486,mismatch,ours_derived_diff,,,,,,derived,CAD,
POW,TSX,2025,2024,income_statement,EBIT,EBIT,money,5276.0,6316.0,16.466,mismatch,ours_derived_diff,,,,,,derived,CAD,
POW,TSX,2025,2024,income_statement,EBITDA,EBITDA,money,5276.0,6316.0,16.466,mismatch,ours_derived_diff,,,,,,derived,CAD,
SWP,TSX,2012,2012,income_statement,EBIT,EBIT,money,1.907,2.282,16.433,mismatch,ours_derived_diff,,,,,,derived,CAD,
DII.A,TSX,2015,2015,balance_sheet,OtherCurrentAssets,Other Current Assets,money,37.686,43.194,16.418,mismatch,ours_derived_diff,0.7292,,,,,derived,USD,CAD
HMM.A,TSX,2018,2018,cash_flow,DepreciationAndAmortization,"Cash Flow Depreciation, Depletion and Amortization",money,2.794,3.342,16.397,mismatch,ours_derived_diff,,,,,,,CAD,
BKI,TSX,2016,2016,cash_flow,ChangeInWorkingCapital,Change In Working Capital,money,-0.262679,-0.419,16.38,mismatch,ours_fuzzy_suspect,0.7497,Net change in non cash working capital,-0.262679,2017,fuzzy,mapped,USD,CAD
K,TSX,2014,2014,income_statement,NetIncomeContinuousOperations,Net Income (Continuing Operations),money,-1193.6,-1645.732,16.362,mismatch,ours_derived_diff,0.8672,,,,,derived,FX x1.06,CAD
MRT.UN,TSX,2010,2010,balance_sheet,CashCashEquivalentsAndShortTermInvestments,"Cash, Cash Equivalents, Marketable Securities",money,8.89,7.441,16.299,mismatch,ours_derived_diff,,,,,,derived,CAD,
K,TSX,2010,2010,balance_sheet,CashAndCashEquivalents,Cash and Cash Equivalents,money,1766.0,1478.479,16.281,mismatch,ours_fuzzy_suspect,,Cash and cash equivalents Note,1766.0,2013,fuzzy,mapped,USD,
ADW.A,TSX,2026,2026,balance_sheet,OtherCurrentAssets,Other Current Assets,money,10.538,8.831,16.199,mismatch,ours_derived_diff,,,,,,derived,CAD,
DSG,TSX,2013,2013,cash_flow,DepreciationAndAmortization,"Cash Flow Depreciation, Depletion and Amortization",money,14.202,16.944,16.183,mismatch,ours_derived_diff,,,,,,,USD,
TXG,TSX,2016,2016,income_statement,OperatingIncome,Operating Income,money,119.9,134.057,16.18,mismatch,ours_fuzzy_suspect,0.7497,Earnings from mine operations $,119.9,2018,fuzzy,mapped,USD,CAD
CVVY,TSX,2025,2025,income_statement,DilutedAverageShares,Shares Outstanding (Diluted Average),shares,243.55,290.482,16.157,mismatch,ours_derived_diff,,,,,,derived,CAD,
ALA,TSX,2013,2013,cash_flow,NetIncomeFromContinuingOperations,Net Income From Continuing Operations,money,248.5,208.4,16.137,mismatch,ours_derived_diff,,,,,,derived,,
MFI,TSX,2013,2013,balance_sheet,Receivables,Total Receivables,money,226.548,269.848,16.046,mismatch,ours_derived_diff,,,,,,derived,CAD,
CVVY,TSX,2018,2018,balance_sheet,CashCashEquivalentsAndShortTermInvestments,"Cash, Cash Equivalents, Marketable Securities",money,7.651,9.112,16.034,mismatch,ours_derived_diff,,,,,,derived,CAD,
ELD,TSX,2015,2015,income_statement,EBITDA,EBITDA,money,-1466.164,-2393.252,15.991,mismatch,ours_derived_diff,0.7292,,,,,derived,USD,CAD
SWP,TSX,2018,2018,income_statement,DilutedAverageShares,Shares Outstanding (Diluted Average),shares,12.945714,10.876,15.988,mismatch,ours_derived_diff,,,,,,derived,CAD,
TPX.B,TSX,2011,2011,balance_sheet,TotalNonCurrentAssets,Total Long-Term Assets,money,8861.7,10547.986,15.987,mismatch,ours_derived_diff,,,,,,derived,CAD,
CDR,TSX,2019,2019,income_statement,PretaxIncome,Pretax Income,money,-11.658,-13.87,15.948,mismatch,ours_derived_diff,,,,,,derived,CAD,
CDR,TSX,2019,2019,cash_flow,NetIncomeFromContinuingOperations,Net Income From Continuing Operations,money,-11.658,-13.87,15.948,mismatch,ours_fuzzy_suspect,,"Net loss from continuing operations (13,870)",-11.658,2020,fuzzy,mapped,CAD,
GFP,TSX,2025,2025,balance_sheet,LongTermDebtAndCapitalLeaseObligation,Long-Term Debt & Capital Lease Obligation,money,25.812,30.698,15.916,mismatch,ours_derived_diff,,,,,,derived,CAD,
MFI,TSX,2008,2008,income_statement,PretaxIncome,Pretax Income,money,-45.395,-38.184,15.885,mismatch,ours_derived_diff,,,,,,derived,CAD,
ERD,TSX,2009,2009,income_statement,PretaxIncome,Pretax Income,money,-2.646295,-3.146,15.884,mismatch,ours_derived_diff,,,,,,derived,CAD,
DSG,TSX,2014,2014,cash_flow,DepreciationAndAmortization,"Cash Flow Depreciation, Depletion and Amortization",money,17.999,23.406,15.872,mismatch,ours_derived_diff,0.9141,,,,,,USD,CAD
HMM.A,TSX,2011,2011,income_statement,EBITDA,EBITDA,money,4.236,5.035,15.869,mismatch,ours_derived_diff,,,,,,derived,CAD,
DII.A,TSX,2012,2012,income_statement,EBITDA,EBITDA,money,164.281,195.194,15.837,mismatch,ours_derived_diff,,,,,,derived,USD,
TXG,TSX,2012,2012,cash_flow,DeferredTax,Deferred Tax,money,0.903,0.76,15.836,mismatch,ours_fuzzy_suspect,,Deferred income tax expenses,0.903,2014,fuzzy,mapped,USD,
DII.A,TSX,2009,2009,income_statement,EBIT,EBIT,money,128.347,152.494,15.835,mismatch,ours_derived_diff,,,,,,derived,USD,
AAB,TSX,2016,2016,cash_flow,ChangeInWorkingCapital,Change In Working Capital,money,-2.884608,-3.426,15.802,mismatch,ours_derived_diff,,,,,,derived,CAD,
CHR,TSX,2018,2018,balance_sheet,CashCashEquivalentsAndShortTermInvestments,"Cash, Cash Equivalents, Marketable Securities",money,78.007,92.592,15.752,mismatch,ours_derived_diff,,,,,,derived,CAD,
POW,TSX,2024,2023,income_statement,EBIT,EBIT,money,5530.0,4659.0,15.75,mismatch,ours_derived_diff,,,,,,derived,CAD,
POW,TSX,2024,2023,income_statement,EBITDA,EBITDA,money,5530.0,4659.0,15.75,mismatch,ours_derived_diff,,,,,,derived,CAD,
LULU,TSX,2024,2024,income_statement,EBITDA,EBITDA,money,2180.745,3471.941,15.689,mismatch,ours_derived_diff,0.745,,,,,derived,USD,CAD
LAS.A,TSX,2021,2021,cash_flow,CapitalExpenditure,Capital Expenditure,money,-31.77,-37.642,15.6,mismatch,ours_derived_diff,,,,,,derived,CAD,
DII.A,TSX,2009,2009,cash_flow,FreeCashFlow,Free Cash Flow,money,204.516,172.67,15.571,mismatch,ours_derived_diff,,,,,,derived,USD,
DII.A,TSX,2018,2018,cash_flow,NetIssuancePaymentsOfDebt,Net Issuance of Debt,money,-11.082,-17.632,15.552,mismatch,ours_derived_diff,0.7443,,,,,derived,USD,CAD
FTS,TSX,2011,2011,balance_sheet,OtherCurrentAssets,Other Current Assets,money,273.0,323.0,15.48,mismatch,ours_derived_diff,,,,,,derived,CAD,
K,TSX,2014,2014,balance_sheet,NetPPE,"Property, Plant and Equipment",money,4593.7,6261.991,15.403,mismatch,ours_fuzzy_suspect,0.8672,"Property, plant and equipment Note",4593.7,2017,fuzzy,mapped,FX x1.06,CAD
K,TSX,2015,2015,cash_flow,FreeCashFlow,Free Cash Flow,money,359.0,303.88,15.354,mismatch,ours_derived_diff,,,,,,derived,USD,
CDR,TSX,2025,2025,income_statement,EBITDA,EBITDA,money,16.883,19.944,15.348,mismatch,ours_derived_diff,,,,,,derived,CAD,
FTS,TSX,2015,2015,cash_flow,FinancingCashFlow,Cash Flow from Financing,money,-293.0,-346.0,15.318,mismatch,ours_derived_diff,,,,,,derived,CAD,
TXG,TSX,2019,2019,income_statement,OperatingIncome,Operating Income,money,160.9,179.625,15.227,mismatch,ours_fuzzy_suspect,0.7594,Earnings from mine operations $,160.9,2020,fuzzy,mapped,USD,CAD
CHR,TSX,2014,2014,income_statement,EBIT,EBIT,money,94.518,111.413,15.164,mismatch,ours_derived_diff,,,,,,derived,CAD,
CHR,TSX,2025,2025,income_statement,EBIT,EBIT,money,98.64,116.256,15.153,mismatch,ours_derived_diff,,,,,,derived,CAD,
ERD,TSX,2009,2009,income_statement,EBIT,EBIT,money,-2.646295,-3.117,15.101,mismatch,ours_derived_diff,,,,,,derived,CAD,
TPX.B,TSX,2010,2010,balance_sheet,TotalNonCurrentAssets,Total Long-Term Assets,money,8972.1,10561.562,15.049,mismatch,ours_derived_diff,,,,,,derived,CAD,
K,TSX,2015,2015,cash_flow,OperatingCashFlow,Cash Flow from Operations,money,969.0,1140.373,15.028,mismatch,ours_fuzzy_suspect,,Cash flow provided from operating activities,969.0,2017,fuzzy,mapped,USD,
BRY,TSX,2010,2010,income_statement,OperatingIncome,Operating Income,money,9.939885,11.693,14.993,mismatch,ours_derived_diff,,,,,,derived,CAD,
BRY,TSX,2010,2010,income_statement,EBIT,EBIT,money,9.939885,11.693,14.993,mismatch,ours_derived_diff,,,,,,derived,CAD,
GFP,TSX,2015,2015,balance_sheet,CashCashEquivalentsAndShortTermInvestments,"Cash, Cash Equivalents, Marketable Securities",money,26.549859,31.209,14.929,mismatch,ours_derived_diff,,,,,,derived,CAD,
ADW.A,TSX,2023,2023,cash_flow,CapitalExpenditure,Capital Expenditure,money,-17.301,-20.334,14.916,mismatch,ours_derived_diff,,,,,,derived,CAD,
ALA,TSX,2014,2014,cash_flow,ChangeInWorkingCapital,Change In Working Capital,money,-12.8,-10.9,14.844,mismatch,ours_derived_diff,,,,,,derived,,
GRN,TSX,2021,2021,income_statement,DilutedAverageShares,Shares Outstanding (Diluted Average),shares,122.5,143.851,14.842,mismatch,ours_derived_diff,,,,,,derived,CAD,
OGD,TSX,2017,2017,income_statement,OperatingIncome,Operating Income,money,-7.867,-6.705,14.771,mismatch,ours_derived_diff,,,,,,derived,CAD,
CVVY,TSX,2021,2021,cash_flow,FreeCashFlow,Free Cash Flow,money,19.006,16.199,14.769,mismatch,ours_derived_diff,,,,,,derived,CAD,
MFI,TSX,2018,2018,balance_sheet,LongTermDebtAndCapitalLeaseObligation,Long-Term Debt & Capital Lease Obligation,money,302.524,354.684,14.706,mismatch,ours_derived_diff,,,,,,derived,CAD,
ALA,TSX,2012,2012,income_statement,GrossProfit,Gross Profit,money,674.156,575.078,14.697,mismatch,ours_derived_diff,,,,,,derived,,
ELD,TSX,2019,2019,income_statement,EBITDA,EBITDA,money,266.574,411.118,14.611,mismatch,ours_derived_diff,0.7594,,,,,derived,USD,CAD
ADW.A,TSX,2023,2023,balance_sheet,Receivables,Total Receivables,money,25.297,29.601,14.54,mismatch,ours_derived_diff,,,,,,derived,CAD,
CDR,TSX,2015,2015,balance_sheet,Receivables,Total Receivables,money,0.688,0.805,14.534,mismatch,ours_derived_diff,,,,,,derived,CAD,
TPX.B,TSX,2013,2013,income_statement,DepreciationAmortizationDepletion,"Depreciation, Depletion and Amortization",money,291.5,340.98,14.511,mismatch,ours_derived_diff,,,,,,derived,CAD,
SFD,TSX,2007,2007,income_statement,GrossProfit,Gross Profit,money,5.641692,4.824,14.494,mismatch,ours_derived_diff,,,,,,derived,CAD,
ALA,TSX,2024,2024,balance_sheet,CurrentDebtAndCapitalLeaseObligation,Short-Term Debt & Capital Lease Obligation,money,868.0,1015.0,14.483,mismatch,ours_derived_diff,,,,,,derived,,
WPK,TSX,2016,2016,balance_sheet,OtherCurrentAssets,Other Current Assets,money,3.896,4.445,14.468,mismatch,ours_derived_diff,0.7497,,,,,derived,USD,CAD
SFD,TSX,2022,2022,balance_sheet,StockholdersEquity,Total Stockholders Equity,money,14.130239,12.093,14.418,mismatch,ours_derived_diff,,,,,,derived,CAD,
SFD,TSX,2022,2022,balance_sheet,TotalEquityGrossMinorityInterest,Total Equity,money,14.130239,12.093,14.418,mismatch,ours_derived_diff,,,,,,derived,CAD,
K,TSX,2008,2008,income_statement,NetIncomeFromContinuingAndDiscontinuedOperation,Net Income Including Noncontrolling Interests,money,-807.2,-942.67,14.371,mismatch,ours_derived_diff,,,,,,,USD,
K,TSX,2008,2008,income_statement,NetIncomeContinuousOperations,Net Income (Continuing Operations),money,-807.2,-942.67,14.371,mismatch,ours_derived_diff,,,,,,derived,USD,
FTS,TSX,2009,2009,income_statement,PretaxIncome,Pretax Income,money,292.0,341.0,14.37,mismatch,ours_derived_diff,,,,,,derived,CAD,
DII.A,TSX,2008,2008,income_statement,EBIT,EBIT,money,132.013,190.158,14.353,mismatch,ours_derived_diff,0.8106,,,,,derived,USD,CAD
TFPM,TSX,2020,2020,income_statement,EBIT,EBIT,money,62.16,92.929,14.321,mismatch,ours_derived_diff,0.7807,,,,,derived,USD,CAD
GRN,TSX,2025,2025,income_statement,EBIT,EBIT,money,1.467,1.257,14.315,mismatch,ours_derived_diff,,,,,,derived,CAD,
TPX.B,TSX,2010,2010,income_statement,EBIT,EBIT,money,1081.3,926.646,14.303,mismatch,ours_derived_diff,,,,,,derived,CAD,
SFD,TSX,2020,2020,balance_sheet,Receivables,Total Receivables,money,1.127037,0.966,14.289,mismatch,ours_derived_diff,,,,,,derived,CAD,
FTS,TSX,2013,2013,balance_sheet,OtherCurrentAssets,Other Current Assets,money,349.0,407.0,14.251,mismatch,ours_derived_diff,,,,,,derived,CAD,
TPX.B,TSX,2011,2011,income_statement,EBITDA,EBITDA,money,1323.3,1136.085,14.148,mismatch,ours_derived_diff,,,,,,derived,CAD,
BRY,TSX,2011,2011,income_statement,OperatingIncome,Operating Income,money,12.820072,14.926,14.109,mismatch,ours_derived_diff,,,,,,derived,CAD,
CPX,TSX,2016,2016,income_statement,DilutedAverageShares,Shares Outstanding (Diluted Average),shares,112.087912,96.279,14.104,mismatch,ours_derived_diff,,,,,,derived,CAD,
CPX,TSX,2012,2012,balance_sheet,CommonStock,Common Stock,money,1903.0,1635.0,14.083,mismatch,ours_derived_diff,,,,,,,CAD,
NFI,TSX,2022,2022,balance_sheet,OtherCurrentAssets,Other Current Assets,money,29.387,34.197,14.066,mismatch,ours_derived_diff,,,,,,derived,USD,
ELD,TSX,2010,2010,balance_sheet,CashCashEquivalentsAndShortTermInvestments,"Cash, Cash Equivalents, Marketable Securities",money,279.32,324.982,14.051,mismatch,ours_derived_diff,,,,,,derived,USD,
K,TSX,2025,2025,cash_flow,FreeCashFlow,Free Cash Flow,money,2984.7,3540.211,14.018,mismatch,ours_derived_diff,0.7249,,,,,derived,FX x1.06,CAD
MRT.UN,TSX,2009,2009,income_statement,EBITDA,EBITDA,money,122.643,105.473,14.0,mismatch,ours_derived_diff,,,,,,derived,CAD,
GFP,TSX,2012,2012,balance_sheet,CashCashEquivalentsAndShortTermInvestments,"Cash, Cash Equivalents, Marketable Securities",money,30.77452,35.775,13.978,mismatch,ours_derived_diff,,,,,,derived,CAD,
ELD,TSX,2024,2024,balance_sheet,CashCashEquivalentsAndShortTermInvestments,"Cash, Cash Equivalents, Marketable Securities",money,856.797,1418.615,13.953,mismatch,ours_derived_diff,0.7019,,,,,derived,USD,CAD
ADW.A,TSX,2010,2010,balance_sheet,GrossPPE,"Gross Property, Plant and Equipment",money,145.774,169.281,13.886,mismatch,ours_derived_diff,,,,,,from_notes,CAD,
K,TSX,2012,2012,balance_sheet,TotalNonCurrentLiabilities,Total Long-Term Liabilities,money,4191.1,3610.098,13.863,mismatch,ours_derived_diff,,,,,,derived,USD,
K,TSX,2018,2018,cash_flow,OperatingCashFlow,Cash Flow from Operations,money,915.6,1059.697,13.86,mismatch,ours_fuzzy_suspect,0.7443,Cash flow provided from operating activities,915.6,2020,fuzzy,mapped,FX x1.06,CAD
DSG,TSX,2010,2010,income_statement,EBITDA,EBITDA,money,13.654,15.847,13.839,mismatch,ours_derived_diff,,,,,,derived,USD,
GRN,TSX,2021,2021,cash_flow,CapitalExpenditure,Capital Expenditure,money,-0.187,-0.217,13.825,mismatch,ours_derived_diff,,,,,,derived,CAD,
SWP,TSX,2014,2014,cash_flow,FinancingCashFlow,Cash Flow from Financing,money,0.623,0.537,13.804,mismatch,ours_derived_diff,,,,,,derived,CAD,
CPX,TSX,2024,2024,balance_sheet,OtherCurrentAssets,Other Current Assets,money,341.0,294.0,13.783,mismatch,ours_derived_diff,,,,,,derived,CAD,
ALA,TSX,2022,2022,balance_sheet,CurrentDebtAndCapitalLeaseObligation,Short-Term Debt & Capital Lease Obligation,money,620.0,719.0,13.769,mismatch,ours_derived_diff,,,,,,derived,,
CPX,TSX,2022,2022,income_statement,CostOfRevenue,Cost of Goods Sold,money,1361.0,1578.0,13.752,mismatch,ours_derived_diff,,,,,,derived,CAD,
CHR,TSX,2017,2017,income_statement,EBITDA,EBITDA,money,287.227,332.984,13.742,mismatch,ours_derived_diff,,,,,,derived,CAD,
SFD,TSX,2008,2008,cash_flow,FreeCashFlow,Free Cash Flow,money,-1.81615,-2.105,13.722,mismatch,ours_derived_diff,,,,,,derived,CAD,
ELD,TSX,2018,2018,cash_flow,CapitalExpenditure,Capital Expenditure,money,-231.674,-360.654,13.691,mismatch,ours_derived_diff,0.7443,,,,,derived,USD,CAD
GFP,TSX,2024,2024,income_statement,GrossProfit,Gross Profit,money,11.928,13.818,13.678,mismatch,ours_derived_diff,,,,,,derived,CAD,
K,TSX,2022,2022,cash_flow,ChangeInWorkingCapital,Change In Working Capital,money,-131.2,-153.918,13.643,mismatch,ours_derived_diff,0.7361,,,,,derived,FX x1.06,CAD
CPX,TSX,2010,2010,balance_sheet,OtherCurrentAssets,Other Current Assets,money,176.0,152.0,13.636,mismatch,ours_derived_diff,,,,,,derived,CAD,
IIP.UN,TSX,2014,2014,balance_sheet,CashCashEquivalentsAndShortTermInvestments,"Cash, Cash Equivalents, Marketable Securities",money,0.771,0.666,13.619,mismatch,ours_derived_diff,,,,,,derived,CAD,
IIP.UN,TSX,2015,2015,balance_sheet,CashCashEquivalentsAndShortTermInvestments,"Cash, Cash Equivalents, Marketable Securities",money,0.666,0.771,13.619,mismatch,ours_derived_diff,,,,,,derived,CAD,
CHR,TSX,2016,2016,income_statement,EBIT,EBIT,money,144.427,167.094,13.565,mismatch,ours_derived_diff,,,,,,derived,CAD,
HMM.A,TSX,2015,2015,balance_sheet,OtherCurrentAssets,Other Current Assets,money,1.364,1.179,13.563,mismatch,ours_derived_diff,,,,,,derived,CAD,
HMM.A,TSX,2017,2017,income_statement,EBIT,EBIT,money,6.387,7.387,13.537,mismatch,ours_derived_diff,,,,,,derived,CAD,
WPK,TSX,2024,2024,income_statement,EBIT,EBIT,money,182.364,300.384,13.506,mismatch,ours_derived_diff,0.7019,,,,,derived,USD,CAD
MFI,TSX,2024,2024,balance_sheet,CashCashEquivalentsAndShortTermInvestments,"Cash, Cash Equivalents, Marketable Securities",money,203.363,175.908,13.5,mismatch,ours_derived_diff,,,,,,derived,CAD,
DII.A,TSX,2011,2011,cash_flow,FreeCashFlow,Free Cash Flow,money,134.502,116.348,13.497,mismatch,ours_derived_diff,,,,,,derived,USD,
DII.A,TSX,2012,2012,income_statement,PretaxIncome,Pretax Income,money,110.949,128.257,13.495,mismatch,ours_derived_diff,,,,,,derived,USD,
OGD,TSX,2014,2014,income_statement,OperatingIncome,Operating Income,money,-8.807,-7.62,13.478,mismatch,ours_derived_diff,,,,,,derived,CAD,
K,TSX,2015,2015,income_statement,OtherIncomeExpense,Other Income (Expense),money,-20.3,-23.449,13.429,mismatch,ours_fuzzy_suspect,,Other income (expense) - net Note 7,-20.3,2017,fuzzy,mapped,USD,
CVVY,TSX,2017,2017,income_statement,EBITDA,EBITDA,money,-9.282,-8.04,13.381,mismatch,ours_derived_diff,,,,,,derived,CAD,
SWP,TSX,2009,2009,balance_sheet,TotalEquityGrossMinorityInterest,Total Equity,money,44.475,38.525,13.378,mismatch,ours_derived_diff,,,,,,derived,CAD,
CVVY,TSX,2017,2017,income_statement,EBIT,EBIT,money,-9.287,-8.045,13.374,mismatch,ours_derived_diff,,,,,,derived,CAD,
CDR,TSX,2019,2019,income_statement,NetIncome,Net Income,money,-11.658,-10.1,13.364,mismatch,ours_derived_diff,,,,,,derived,CAD,
ALA,TSX,2020,2020,balance_sheet,CurrentDebtAndCapitalLeaseObligation,Short-Term Debt & Capital Lease Obligation,money,616.0,711.0,13.361,mismatch,ours_derived_diff,,,,,,derived,,
K,TSX,2012,2012,cash_flow,ChangeInWorkingCapital,Change In Working Capital,money,180.8,156.685,13.338,mismatch,ours_derived_diff,,,,,,derived,USD,
ALA,TSX,2016,2016,cash_flow,NetIncomeFromContinuingOperations,Net Income From Continuing Operations,money,246.2,213.4,13.323,mismatch,ours_derived_diff,,,,,,derived,,
ALA,TSX,2011,2011,cash_flow,FreeCashFlow,Free Cash Flow,money,-214.771,-247.728,13.304,mismatch,ours_derived_diff,,,,,,derived,,
LAS.A,TSX,2022,2022,balance_sheet,Receivables,Total Receivables,money,173.654,200.27,13.29,mismatch,ours_derived_diff,,,,,,derived,CAD,
NFI,TSX,2014,2014,balance_sheet,OtherCurrentAssets,Other Current Assets,money,5.86,5.861,13.27,mismatch,ours_derived_diff,0.8672,,,,,derived,USD,CAD
MFI,TSX,2012,2012,income_statement,EBITDA,EBITDA,money,303.342,263.132,13.256,mismatch,ours_derived_diff,,,,,,derived,CAD,
K,TSX,2024,2024,cash_flow,InvestingCashFlow,Cash Flow from Investing,money,-1359.6,-1681.004,13.217,mismatch,ours_derived_diff,0.7019,,,,,derived,FX x1.06,CAD
OGD,TSX,2025,2025,income_statement,OperatingIncome,Operating Income,money,10.045,11.57,13.181,mismatch,ours_derived_diff,,,,,,derived,CAD,
DSG,TSX,2015,2015,cash_flow,DepreciationAndAmortization,"Cash Flow Depreciation, Depletion and Amortization",money,21.715,30.317,13.174,mismatch,ours_derived_diff,0.8249,,,,,,USD,CAD
DII.A,TSX,2010,2010,cash_flow,IssuanceOfDebt,Issuance of Debt,money,200.0,230.323,13.165,mismatch,ours_fuzzy_suspect,,Increase of long-term debt,200.0,2012,fuzzy,mapped,USD,
MFI,TSX,2009,2009,income_statement,NetIncomeFromContinuingAndDiscontinuedOperation,Net Income Including Noncontrolling Interests,money,52.147,60.049,13.159,mismatch,ours_derived_diff,,,,,,,CAD,
MFI,TSX,2009,2009,income_statement,NetIncomeContinuousOperations,Net Income (Continuing Operations),money,52.147,60.049,13.159,mismatch,ours_derived_diff,,,,,,derived,CAD,
BRY,TSX,2011,2011,income_statement,EBIT,EBIT,money,12.820072,14.758,13.131,mismatch,ours_derived_diff,,,,,,derived,CAD,
MFI,TSX,2008,2008,balance_sheet,Receivables,Total Receivables,money,139.144,160.115,13.097,mismatch,ours_derived_diff,,,,,,derived,CAD,
SFD,TSX,2021,2021,balance_sheet,OtherCurrentAssets,Other Current Assets,money,0.230329,0.265,13.083,mismatch,ours_derived_diff,,,,,,derived,CAD,
ELD,TSX,2017,2017,cash_flow,NetIncomeFromContinuingOperations,Net Income From Continuing Operations,money,-21.388,-23.739,13.077,mismatch,ours_derived_diff,0.7831,,,,,derived,USD,CAD
DII.A,TSX,2010,2010,income_statement,EBIT,EBIT,money,140.718,161.869,13.067,mismatch,ours_derived_diff,,,,,,derived,USD,
TXG,TSX,2024,2024,income_statement,OperatingIncome,Operating Income,money,468.2,580.138,13.029,mismatch,ours_fuzzy_suspect,0.7019,Earnings from mine operations $,468.2,2026,fuzzy,mapped,USD,CAD
OGD,TSX,2021,2021,income_statement,EBITDA,EBITDA,money,15.288,17.578,13.028,mismatch,ours_derived_diff,,,,,,derived,CAD,
MFI,TSX,2023,2023,cash_flow,NetIssuancePaymentsOfDebt,Net Issuance of Debt,money,253.064,220.113,13.021,mismatch,ours_derived_diff,,,,,,derived,CAD,
CHR,TSX,2013,2013,income_statement,EBITDA,EBITDA,money,148.483,170.665,12.997,mismatch,ours_derived_diff,,,,,,derived,CAD,
LAS.A,TSX,2022,2022,cash_flow,CapitalExpenditure,Capital Expenditure,money,-41.165,-47.298,12.967,mismatch,ours_derived_diff,,,,,,derived,CAD,
ALA,TSX,2023,2023,balance_sheet,LongTermDebtAndCapitalLeaseObligation,Long-Term Debt & Capital Lease Obligation,money,7528.0,8648.0,12.951,mismatch,ours_derived_diff,,,,,,derived,,
DSG,TSX,2009,2009,income_statement,EBITDA,EBITDA,money,13.864,19.506,12.946,mismatch,ours_derived_diff,0.8165,,,,,derived,USD,CAD
WPK,TSX,2009,2009,balance_sheet,StockholdersEquity,Total Stockholders Equity,money,343.043,393.963,12.925,mismatch,ours_derived_diff,,,,,,derived,USD,
ALA,TSX,2024,2024,income_statement,OperatingIncome,Operating Income,money,951.0,1092.0,12.912,mismatch,ours_derived_diff,,,,,,derived,,
MFI,TSX,2025,2025,balance_sheet,LongTermDebtAndCapitalLeaseObligation,Long-Term Debt & Capital Lease Obligation,money,1390.519,1211.957,12.841,mismatch,ours_derived_diff,,,,,,derived,CAD,
LAS.A,TSX,2019,2019,balance_sheet,Receivables,Total Receivables,money,126.963,145.55,12.77,mismatch,ours_derived_diff,,,,,,derived,CAD,
OGD,TSX,2024,2024,income_statement,CostOfRevenue,Cost of Goods Sold,money,139.701,160.069,12.725,mismatch,ours_derived_diff,,,,,,derived,CAD,
ADW.A,TSX,2010,2010,cash_flow,NetIssuancePaymentsOfDebt,Net Issuance of Debt,money,-22.75,-26.065,12.718,mismatch,ours_derived_diff,,,,,,derived,CAD,
OGD,TSX,2017,2017,income_statement,EBIT,EBIT,money,-7.867,-6.867,12.711,mismatch,ours_derived_diff,,,,,,derived,CAD,
LULU,TSX,2025,2025,income_statement,EBITDA,EBITDA,money,2578.812,4247.951,12.648,mismatch,ours_derived_diff,0.695,,,,,derived,USD,CAD
ALA,TSX,2011,2011,income_statement,DilutedAverageShares,Shares Outstanding (Diluted Average),shares,97.527835,85.207,12.633,mismatch,ours_derived_diff,,,,,,derived,,
DII.A,TSX,2023,2023,cash_flow,FreeCashFlow,Free Cash Flow,money,61.097,71.616,12.629,mismatch,ours_derived_diff,0.7454,,,,,derived,USD,CAD
CHR,TSX,2015,2015,income_statement,EBITDA,EBITDA,money,120.836,138.293,12.623,mismatch,ours_derived_diff,,,,,,derived,CAD,
WPK,TSX,2023,2023,income_statement,EBIT,EBIT,money,175.375,269.228,12.608,mismatch,ours_derived_diff,0.7454,,,,,derived,USD,CAD
DII.A,TSX,2016,2016,balance_sheet,LongTermDebtAndCapitalLeaseObligation,Long-Term Debt & Capital Lease Obligation,money,406.256,473.692,12.588,mismatch,ours_derived_diff,0.7497,,,,,derived,USD,CAD
ELD,TSX,2011,2011,balance_sheet,OtherCurrentAssets,Other Current Assets,money,90.662,79.275,12.56,mismatch,ours_derived_diff,,,,,,derived,USD,
GFP,TSX,2023,2023,balance_sheet,LongTermDebtAndCapitalLeaseObligation,Long-Term Debt & Capital Lease Obligation,money,22.648,25.901,12.559,mismatch,ours_derived_diff,,,,,,derived,CAD,
HMM.A,TSX,2012,2012,income_statement,EBITDA,EBITDA,money,4.414,5.048,12.559,mismatch,ours_derived_diff,,,,,,derived,CAD,
K,TSX,2010,2010,income_statement,DilutedAverageShares,Shares Outstanding (Diluted Average),shares,947.934783,829.2,12.526,mismatch,ours_derived_diff,,,,,,derived,USD,
WPK,TSX,2016,2016,cash_flow,ChangeInWorkingCapital,Change In Working Capital,money,-22.974,-26.811,12.511,mismatch,ours_derived_diff,0.7497,,,,,derived,USD,CAD
OGD,TSX,2025,2025,income_statement,EBITDA,EBITDA,money,20.12,22.992,12.491,mismatch,ours_derived_diff,,,,,,derived,CAD,
NFI,TSX,2015,2015,balance_sheet,LongTermDebtAndCapitalLeaseObligation,Long-Term Debt & Capital Lease Obligation,money,475.753,745.385,12.475,mismatch,ours_derived_diff,0.7292,,,,,derived,USD,CAD
DII.A,TSX,2011,2011,income_statement,PretaxIncome,Pretax Income,money,101.988,116.472,12.436,mismatch,ours_derived_diff,,,,,,derived,USD,
ELD,TSX,2015,2015,cash_flow,CapitalExpenditure,Capital Expenditure,money,-396.027,-475.923,12.365,mismatch,ours_derived_diff,0.7292,,,,,derived,USD,CAD
CHR,TSX,2019,2019,balance_sheet,CurrentDebtAndCapitalLeaseObligation,Short-Term Debt & Capital Lease Obligation,money,149.372,170.339,12.309,mismatch,ours_derived_diff,,,,,,derived,CAD,
DSG,TSX,2014,2014,income_statement,EBITDA,EBITDA,money,31.675,39.516,12.308,mismatch,ours_derived_diff,0.9141,,,,,derived,USD,CAD
ERD,TSX,2020,2020,income_statement,EBITDA,EBITDA,money,-12.999109,-11.4,12.302,mismatch,ours_derived_diff,,,,,,derived,CAD,
TXG,TSX,2009,2009,income_statement,EBIT,EBIT,money,-0.949107,-1.082,12.282,mismatch,ours_derived_diff,,,,,,derived,USD,
TXG,TSX,2009,2009,income_statement,EBITDA,EBITDA,money,-0.949107,-1.082,12.282,mismatch,ours_derived_diff,,,,,,derived,USD,
CPX,TSX,2019,2019,balance_sheet,Receivables,Total Receivables,money,334.0,293.0,12.275,mismatch,ours_derived_diff,,,,,,derived,CAD,
ERD,TSX,2020,2020,income_statement,EBIT,EBIT,money,-13.0535,-11.454,12.253,mismatch,ours_derived_diff,,,,,,derived,CAD,
TFPM,TSX,2022,2022,balance_sheet,CashCashEquivalentsAndShortTermInvestments,"Cash, Cash Equivalents, Marketable Securities",money,71.098,110.044,12.229,mismatch,ours_derived_diff,0.7361,,,,,derived,USD,CAD
NFI,TSX,2022,2022,balance_sheet,CashCashEquivalentsAndShortTermInvestments,"Cash, Cash Equivalents, Marketable Securities",money,77.318,67.907,12.172,mismatch,ours_derived_diff,,,,,,derived,USD,
TPX.B,TSX,2009,2009,cash_flow,FreeCashFlow,Free Cash Flow,money,839.2,737.063,12.171,mismatch,ours_derived_diff,,,,,,derived,CAD,
ALA,TSX,2014,2014,cash_flow,NetIncomeFromContinuingOperations,Net Income From Continuing Operations,money,157.2,138.2,12.087,mismatch,ours_derived_diff,,,,,,derived,,
ADW.A,TSX,2016,2016,income_statement,EBIT,EBIT,money,26.115,29.69,12.041,mismatch,ours_derived_diff,,,,,,derived,CAD,
DII.A,TSX,2023,2023,balance_sheet,OtherCurrentAssets,Other Current Assets,money,32.604,38.476,12.038,mismatch,ours_derived_diff,0.7454,,,,,derived,USD,CAD
VRTS,TSX,2019,2019,balance_sheet,CommonStock,Common Stock,money,2.27217,2.0,11.978,mismatch,ours_derived_diff,,,,,,,CAD,
DII.A,TSX,2016,2016,balance_sheet,CashCashEquivalentsAndShortTermInvestments,"Cash, Cash Equivalents, Marketable Securities",money,31.883,48.309,11.965,mismatch,ours_derived_diff,0.7497,,,,,derived,USD,CAD
LAS.A,TSX,2024,2024,balance_sheet,LongTermDebtAndCapitalLeaseObligation,Long-Term Debt & Capital Lease Obligation,money,398.369,452.413,11.946,mismatch,ours_derived_diff,,,,,,derived,CAD,
DII.A,TSX,2015,2015,balance_sheet,CashCashEquivalentsAndShortTermInvestments,"Cash, Cash Equivalents, Marketable Securities",money,33.182,51.628,11.865,mismatch,ours_derived_diff,0.7292,,,,,derived,USD,CAD
CVVY,TSX,2018,2018,balance_sheet,OtherCurrentAssets,Other Current Assets,money,12.337,10.876,11.842,mismatch,ours_derived_diff,,,,,,derived,CAD,
ALA,TSX,2021,2021,balance_sheet,CurrentDebtAndCapitalLeaseObligation,Short-Term Debt & Capital Lease Obligation,money,680.0,771.0,11.803,mismatch,ours_derived_diff,,,,,,derived,,
GFP,TSX,2023,2023,income_statement,EBITDA,EBITDA,money,-23.61,-20.825,11.796,mismatch,ours_derived_diff,,,,,,derived,CAD,
HMM.A,TSX,2012,2012,cash_flow,FreeCashFlow,Free Cash Flow,money,-0.622,-0.705,11.773,mismatch,ours_derived_diff,,,,,,derived,CAD,
ELD,TSX,2010,2010,balance_sheet,TotalEquityGrossMinorityInterest,Total Equity,money,2665.904,3021.529,11.77,mismatch,ours_derived_diff,,,,,,derived,USD,
OGD,TSX,2018,2018,income_statement,EBITDA,EBITDA,money,13.007,14.717,11.619,mismatch,ours_derived_diff,,,,,,derived,CAD,
CHR,TSX,2018,2018,cash_flow,FreeCashFlow,Free Cash Flow,money,-77.331,-87.479,11.6,mismatch,ours_derived_diff,,,,,,derived,CAD,
DII.A,TSX,2018,2018,balance_sheet,TotalNonCurrentLiabilities,Total Long-Term Liabilities,money,64.76,98.384,11.559,mismatch,ours_derived_diff,0.7443,,,,,derived,USD,CAD
ADW.A,TSX,2024,2024,balance_sheet,OtherCurrentAssets,Other Current Assets,money,4.529,4.007,11.526,mismatch,ours_derived_diff,,,,,,derived,CAD,
ADW.A,TSX,2018,2018,income_statement,EBIT,EBIT,money,41.054,46.399,11.52,mismatch,ours_derived_diff,,,,,,derived,CAD,
K,TSX,2024,2024,cash_flow,FreeCashFlow,Free Cash Flow,money,1549.1,1953.121,11.503,mismatch,ours_derived_diff,0.7019,,,,,derived,FX x1.06,CAD
HMM.A,TSX,2010,2010,balance_sheet,OtherCurrentAssets,Other Current Assets,money,0.774,0.874,11.442,mismatch,ours_derived_diff,,,,,,derived,CAD,
DSG,TSX,2016,2016,cash_flow,DepreciationAndAmortization,"Cash Flow Depreciation, Depletion and Amortization",money,26.222,42.054,11.409,mismatch,ours_derived_diff,0.7038,,,,,,USD,CAD
K,TSX,2008,2008,income_statement,EBIT,EBIT,money,-807.2,-715.176,11.4,mismatch,ours_derived_diff,,,,,,derived,USD,
DII.A,TSX,2014,2014,balance_sheet,LongTermDebtAndCapitalLeaseObligation,Long-Term Debt & Capital Lease Obligation,money,552.744,565.285,11.317,mismatch,ours_derived_diff,0.8672,,,,,derived,USD,CAD
SWP,TSX,2016,2016,income_statement,EBIT,EBIT,money,5.4,6.088,11.301,mismatch,ours_derived_diff,,,,,,derived,CAD,
K,TSX,2010,2010,balance_sheet,NetPPE,"Property, Plant and Equipment",money,8959.4,7948.465,11.284,mismatch,ours_fuzzy_suspect,,"Property, plant and equipment Note",8959.4,2013,fuzzy,mapped,USD,
SWP,TSX,2015,2015,cash_flow,ChangeInWorkingCapital,Change In Working Capital,money,-5.749,-6.479,11.267,mismatch,ours_derived_diff,,,,,,derived,CAD,
TXG,TSX,2022,2022,income_statement,OperatingIncome,Operating Income,money,303.9,366.387,11.254,mismatch,ours_fuzzy_suspect,0.7361,Earnings from mine operations $,303.9,2023,fuzzy,mapped,USD,CAD
TPX.B,TSX,2009,2009,income_statement,NetIncomeFromContinuingAndDiscontinuedOperation,Net Income Including Noncontrolling Interests,money,858.6,762.035,11.247,mismatch,ours_derived_diff,,,,,,,CAD,
GFP,TSX,2010,2010,balance_sheet,TotalEquityGrossMinorityInterest,Total Equity,money,46.045903,40.872,11.236,mismatch,ours_derived_diff,,,,,,derived,CAD,
VRTS,TSX,2024,2024,income_statement,OperatingIncome,Operating Income,money,-2.381829,-2.683,11.225,mismatch,ours_derived_diff,,,,,,derived,CAD,
DII.A,TSX,2015,2015,income_statement,PretaxIncome,Pretax Income,money,25.856,31.493,11.178,mismatch,ours_derived_diff,0.7292,,,,,derived,USD,CAD
K,TSX,2014,2014,income_statement,EBITDA,EBITDA,money,-439.8,-450.555,11.164,mismatch,ours_derived_diff,0.8672,,,,,derived,FX x1.06,CAD
ELD,TSX,2022,2022,balance_sheet,CashCashEquivalentsAndShortTermInvestments,"Cash, Cash Equivalents, Marketable Securities",money,279.735,427.755,11.159,mismatch,ours_derived_diff,0.7361,,,,,derived,USD,CAD
CHR,TSX,2023,2023,income_statement,EBIT,EBIT,money,159.927,179.88,11.092,mismatch,ours_derived_diff,,,,,,derived,CAD,
SFD,TSX,2020,2020,balance_sheet,CurrentDebtAndCapitalLeaseObligation,Short-Term Debt & Capital Lease Obligation,money,0.773465,0.688,11.05,mismatch,ours_derived_diff,,,,,,derived,CAD,
ALA,TSX,2014,2014,income_statement,GrossProfit,Gross Profit,money,845.3,950.3,11.049,mismatch,ours_derived_diff,,,,,,derived,,
TXG,TSX,2016,2016,income_statement,PretaxIncome,Pretax Income,money,29.0,34.415,11.034,mismatch,ours_derived_diff,0.7497,,,,,derived,USD,CAD
CHR,TSX,2015,2015,cash_flow,FreeCashFlow,Free Cash Flow,money,-81.903,-92.027,11.001,mismatch,ours_derived_diff,,,,,,derived,CAD,
TFPM,TSX,2021,2021,income_statement,EBIT,EBIT,money,51.963,74.734,11.001,mismatch,ours_derived_diff,0.7812,,,,,derived,USD,CAD
ALA,TSX,2018,2018,cash_flow,FreeCashFlow,Free Cash Flow,money,-985.6,-1107.1,10.975,mismatch,ours_derived_diff,,,,,,derived,,
DSG,TSX,2018,2018,cash_flow,DepreciationAndAmortization,"Cash Flow Depreciation, Depletion and Amortization",money,33.477,46.706,10.914,mismatch,ours_derived_diff,0.8046,,,,,,USD,CAD
GFP,TSX,2009,2009,balance_sheet,CashCashEquivalentsAndShortTermInvestments,"Cash, Cash Equivalents, Marketable Securities",money,40.911288,45.912,10.892,mismatch,ours_derived_diff,,,,,,derived,CAD,
CPX,TSX,2009,2009,balance_sheet,Receivables,Total Receivables,money,271.0,304.0,10.855,mismatch,ours_derived_diff,,,,,,derived,CAD,
TXG,TSX,2012,2012,balance_sheet,Receivables,Total Receivables,money,0.222,0.249,10.843,mismatch,ours_derived_diff,,,,,,derived,USD,
ELD,TSX,2015,2015,income_statement,PretaxIncome,Pretax Income,money,-1645.142,-2528.861,10.79,mismatch,ours_derived_diff,0.7292,,,,,derived,USD,CAD
DSG,TSX,2017,2017,cash_flow,DepreciationAndAmortization,"Cash Flow Depreciation, Depletion and Amortization",money,30.001,44.333,10.788,mismatch,ours_derived_diff,0.7586,,,,,,USD,CAD
CPX,TSX,2024,2024,balance_sheet,Receivables,Total Receivables,money,507.0,568.0,10.739,mismatch,ours_derived_diff,,,,,,derived,CAD,
OGD,TSX,2014,2014,balance_sheet,Receivables,Total Receivables,money,15.54,17.409,10.736,mismatch,ours_derived_diff,,,,,,derived,CAD,
ELD,TSX,2017,2017,cash_flow,CapitalExpenditure,Capital Expenditure,money,-309.133,-441.658,10.625,mismatch,ours_derived_diff,0.7831,,,,,derived,USD,CAD
DSG,TSX,2011,2011,income_statement,EBITDA,EBITDA,money,19.404,21.705,10.601,mismatch,ours_derived_diff,,,,,,derived,USD,
DII.A,TSX,2018,2018,income_statement,PretaxIncome,Pretax Income,money,-445.467,-669.332,10.578,mismatch,ours_derived_diff,0.7443,,,,,derived,USD,CAD
NFI,TSX,2017,2017,cash_flow,NetIntangiblesPurchaseAndSale,Net Intangibles Purchase And Sale,money,-0.22,-0.246,10.569,mismatch,ours_fuzzy_suspect,,Acquisition of intangible assets (193),-0.22,2018,fuzzy,mapped,USD,
TPX.B,TSX,2011,2011,income_statement,EBIT,EBIT,money,1021.5,913.883,10.535,mismatch,ours_derived_diff,,,,,,derived,CAD,
CPX,TSX,2024,2024,balance_sheet,CommonStock,Common Stock,money,4301.0,3848.0,10.532,mismatch,ours_derived_diff,,,,,,,CAD,
LAS.A,TSX,2008,2008,cash_flow,OperatingCashFlow,Cash Flow from Operations,money,31.873,35.62,10.519,mismatch,ours_derived_diff,,,,,,derived,CAD,
LAS.A,TSX,2010,2010,income_statement,EBIT,EBIT,money,45.038,50.329,10.513,mismatch,ours_derived_diff,,,,,,derived,CAD,
OGD,TSX,2023,2023,income_statement,DilutedAverageShares,Shares Outstanding (Diluted Average),shares,33.45,37.373,10.497,mismatch,ours_derived_diff,,,,,,derived,CAD,
NFI,TSX,2012,2012,balance_sheet,OtherCurrentAssets,Other Current Assets,money,5.222,4.675,10.475,mismatch,ours_derived_diff,,,,,,derived,USD,
SWP,TSX,2013,2013,income_statement,EBIT,EBIT,money,2.06,2.301,10.474,mismatch,ours_derived_diff,,,,,,derived,CAD,
GFP,TSX,2025,2025,income_statement,EBITDA,EBITDA,money,-87.43,-78.318,10.422,mismatch,ours_derived_diff,,,,,,derived,CAD,
CPX,TSX,2009,2009,balance_sheet,OtherCurrentAssets,Other Current Assets,money,172.0,192.0,10.417,mismatch,ours_derived_diff,,,,,,derived,CAD,
WPK,TSX,2018,2018,cash_flow,ChangeInWorkingCapital,Change In Working Capital,money,-30.935,-37.238,10.409,mismatch,ours_derived_diff,0.7443,,,,,derived,USD,CAD
NFI,TSX,2020,2020,balance_sheet,LongTermDebtAndCapitalLeaseObligation,Long-Term Debt & Capital Lease Obligation,money,1125.685,1609.27,10.401,mismatch,ours_derived_diff,0.7807,,,,,derived,USD,CAD
ELD,TSX,2015,2015,income_statement,EBIT,EBIT,money,-1645.142,-2515.736,10.325,mismatch,ours_derived_diff,0.7292,,,,,derived,USD,CAD
GRN,TSX,2019,2019,income_statement,PretaxIncome,Pretax Income,money,-4.778,-5.328,10.323,mismatch,ours_derived_diff,,,,,,derived,CAD,
K,TSX,2015,2015,cash_flow,InvestingCashFlow,Cash Flow from Investing,money,-776.9,-866.113,10.3,mismatch,ours_derived_diff,,,,,,derived,USD,
SWP,TSX,2012,2012,cash_flow,FreeCashFlow,Free Cash Flow,money,4.852,4.353,10.284,mismatch,ours_derived_diff,,,,,,derived,CAD,
K,TSX,2016,2016,cash_flow,OperatingCashFlow,Cash Flow from Operations,money,1224.9,1466.223,10.262,mismatch,ours_fuzzy_suspect,0.7497,Cash flow provided from operating activities,1224.9,2018,fuzzy,mapped,FX x1.06,CAD
ADW.A,TSX,2026,2026,cash_flow,CapitalExpenditure,Capital Expenditure,money,-15.203,-16.941,10.259,mismatch,ours_derived_diff,,,,,,derived,CAD,
SWP,TSX,2022,2022,balance_sheet,CurrentDebtAndCapitalLeaseObligation,Short-Term Debt & Capital Lease Obligation,money,1.671,1.862,10.258,mismatch,ours_derived_diff,,,,,,derived,CAD,
ERD,TSX,2024,2024,cash_flow,FreeCashFlow,Free Cash Flow,money,-3.296341,-3.672,10.23,mismatch,ours_derived_diff,,,,,,derived,CAD,
BRY,TSX,2016,2016,balance_sheet,Receivables,Total Receivables,money,18.999389,21.163,10.224,mismatch,ours_derived_diff,,,,,,derived,CAD,
WPK,TSX,2011,2011,income_statement,EBIT,EBIT,money,91.145,101.52,10.22,mismatch,ours_derived_diff,,,,,,derived,USD,
SWP,TSX,2012,2012,income_statement,EBITDA,EBITDA,money,3.303,3.678,10.196,mismatch,ours_derived_diff,,,,,,derived,CAD,
ADW.A,TSX,2025,2025,cash_flow,CapitalExpenditure,Capital Expenditure,money,-15.831,-17.626,10.184,mismatch,ours_derived_diff,,,,,,derived,CAD,
ALA,TSX,2025,2025,income_statement,OperatingIncome,Operating Income,money,1288.0,1434.0,10.181,mismatch,ours_derived_diff,,,,,,derived,,
OGD,TSX,2020,2020,cash_flow,NetIssuancePaymentsOfDebt,Net Issuance of Debt,money,6.977,6.268,10.162,mismatch,ours_derived_diff,,,,,,derived,CAD,
DSG,TSX,2019,2019,cash_flow,DepreciationAndAmortization,"Cash Flow Depreciation, Depletion and Amortization",money,40.179,59.482,10.161,mismatch,ours_derived_diff,0.7519,,,,,,USD,CAD
TPX.B,TSX,2009,2009,income_statement,NetIncomeContinuousOperations,Net Income (Continuing Operations),money,858.6,771.519,10.142,mismatch,ours_derived_diff,,,,,,derived,CAD,
BAMI,TSX,2024,2024,cash_flow,FreeCashFlow,Free Cash Flow,money,20.11,18.073,10.129,mismatch,ours_derived_diff,,,,,,derived,CAD,
LAS.A,TSX,2011,2011,cash_flow,NetIssuancePaymentsOfDebt,Net Issuance of Debt,money,219.509,244.237,10.125,mismatch,ours_derived_diff,,,,,,derived,CAD,
TXG,TSX,2018,2018,income_statement,EBITDA,EBITDA,money,189.0,228.278,10.106,mismatch,ours_derived_diff,0.7443,,,,,derived,USD,CAD
MRT.UN,TSX,2012,2012,balance_sheet,CashCashEquivalentsAndShortTermInvestments,"Cash, Cash Equivalents, Marketable Securities",money,15.152,13.624,10.084,mismatch,ours_derived_diff,,,,,,derived,CAD,
ERD,TSX,2010,2010,income_statement,DepreciationAmortizationDepletion,"Depreciation, Depletion and Amortization",money,0.366917,0.408,10.069,mismatch,ours_derived_diff,,,,,,derived,CAD,
OGD,TSX,2023,2023,income_statement,CostOfRevenue,Cost of Goods Sold,money,164.316,182.646,10.036,mismatch,ours_derived_diff,,,,,,derived,CAD,
NFI,TSX,2022,2022,balance_sheet,TotalEquityGrossMinorityInterest,Total Equity,money,871.772,784.338,10.029,mismatch,ours_derived_diff,,,,,,derived,USD,
LAS.A,TSX,2025,2025,balance_sheet,LongTermDebtAndCapitalLeaseObligation,Long-Term Debt & Capital Lease Obligation,money,427.657,475.254,10.015,mismatch,ours_derived_diff,,,,,,derived,CAD,
K,TSX,2025,2025,cash_flow,OperatingCashFlow,Cash Flow from Operations,money,4178.9,5187.61,10.012,mismatch,ours_fuzzy_suspect,0.7249,Cash flow provided from operating activities,4178.9,2026,fuzzy,mapped,FX x1.06,CAD
MFI,TSX,2024,2024,cash_flow,NetIssuancePaymentsOfDebt,Net Issuance of Debt,money,-290.981,-323.334,10.006,mismatch,ours_derived_diff,,,,,,derived,CAD,
LAS.A,TSX,2024,2024,balance_sheet,Receivables,Total Receivables,money,213.527,237.068,9.93,mismatch,ours_derived_diff,,,,,,derived,CAD,
CPX,TSX,2009,2009,balance_sheet,LongTermDebtAndCapitalLeaseObligation,Long-Term Debt & Capital Lease Obligation,money,1634.0,1472.0,9.914,mismatch,ours_derived_diff,,,,,,derived,CAD,
CPX,TSX,2010,2010,balance_sheet,LongTermDebtAndCapitalLeaseObligation,Long-Term Debt & Capital Lease Obligation,money,1472.0,1634.0,9.914,mismatch,ours_derived_diff,,,,,,derived,CAD,
CPX,TSX,2018,2018,income_statement,DilutedAverageShares,Shares Outstanding (Diluted Average),shares,114.666667,103.332,9.885,mismatch,ours_derived_diff,,,,,,derived,CAD,
CPX,TSX,2023,2023,income_statement,CostOfRevenue,Cost of Goods Sold,money,1952.0,2166.0,9.88,mismatch,ours_derived_diff,,,,,,derived,CAD,
LAS.A,TSX,2023,2023,cash_flow,CapitalExpenditure,Capital Expenditure,money,-95.881,-106.392,9.88,mismatch,ours_derived_diff,,,,,,derived,CAD,
CVVY,TSX,2021,2021,income_statement,GrossProfit,Gross Profit,money,303.25,273.363,9.856,mismatch,ours_derived_diff,,,,,,derived,CAD,
DSG,TSX,2015,2015,income_statement,EBITDA,EBITDA,money,43.203,58.087,9.841,mismatch,ours_derived_diff,0.8249,,,,,derived,USD,CAD
DSG,TSX,2020,2020,cash_flow,DepreciationAndAmortization,"Cash Flow Depreciation, Depletion and Amortization",money,55.485,80.526,9.813,mismatch,ours_derived_diff,0.764,,,,,,USD,CAD
DII.A,TSX,2018,2018,balance_sheet,OtherCurrentAssets,Other Current Assets,money,59.341,71.91,9.809,mismatch,ours_derived_diff,0.7443,,,,,derived,USD,CAD
NFI,TSX,2011,2011,cash_flow,CapitalExpenditure,Capital Expenditure,money,-7.685,-8.511,9.705,mismatch,ours_derived_diff,,,,,,derived,USD,
WPK,TSX,2024,2024,balance_sheet,AccountsPayable,Accounts Payable & Accrued Expense,money,64.037,101.034,9.7,mismatch,ours_derived_diff,0.7019,,,,,from_notes,USD,CAD
DII.A,TSX,2009,2009,balance_sheet,Receivables,Total Receivables,money,348.579,385.922,9.676,mismatch,ours_derived_diff,,,,,,derived,USD,
HMM.A,TSX,2017,2017,income_statement,EBITDA,EBITDA,money,9.398,10.398,9.617,mismatch,ours_derived_diff,,,,,,derived,CAD,
OGD,TSX,2014,2014,income_statement,EBIT,EBIT,money,-8.807,-7.962,9.595,mismatch,ours_derived_diff,,,,,,derived,CAD,
CDR,TSX,2017,2017,income_statement,PretaxIncome,Pretax Income,money,-63.311,-70.025,9.588,mismatch,ours_derived_diff,,,,,,derived,CAD,
LAS.A,TSX,2025,2025,balance_sheet,Receivables,Total Receivables,money,207.534,229.47,9.559,mismatch,ours_derived_diff,,,,,,derived,CAD,
CHR,TSX,2014,2014,income_statement,EBITDA,EBITDA,money,160.575,177.47,9.52,mismatch,ours_derived_diff,,,,,,derived,CAD,
WPK,TSX,2012,2012,balance_sheet,OtherCurrentAssets,Other Current Assets,money,4.541,4.11,9.491,mismatch,ours_derived_diff,,,,,,derived,USD,
LAS.A,TSX,2021,2021,cash_flow,FreeCashFlow,Free Cash Flow,money,61.962,56.09,9.477,mismatch,ours_derived_diff,,,,,,derived,CAD,
CHR,TSX,2018,2018,balance_sheet,LongTermDebtAndCapitalLeaseObligation,Long-Term Debt & Capital Lease Obligation,money,1188.602,1312.987,9.473,mismatch,ours_derived_diff,,,,,,derived,CAD,
DSG,TSX,2012,2012,income_statement,EBITDA,EBITDA,money,27.386,30.245,9.453,mismatch,ours_derived_diff,,,,,,derived,USD,
WPK,TSX,2010,2010,balance_sheet,StockholdersEquity,Total Stockholders Equity,money,390.764,431.45,9.43,mismatch,ours_derived_diff,,,,,,derived,USD,
SFD,TSX,2025,2025,balance_sheet,CurrentDebtAndCapitalLeaseObligation,Short-Term Debt & Capital Lease Obligation,money,0.863489,0.953,9.393,mismatch,ours_derived_diff,,,,,,derived,CAD,
K,TSX,2018,2018,income_statement,OtherIncomeExpense,Other Income (Expense),money,3.2,3.897,9.362,mismatch,ours_fuzzy_suspect,0.7443,Other income (expense) - net Note 7,3.2,2019,fuzzy,mapped,FX x1.06,CAD
DSG,TSX,2021,2021,cash_flow,DepreciationAndAmortization,"Cash Flow Depreciation, Depletion and Amortization",money,55.905,78.465,9.336,mismatch,ours_derived_diff,0.7859,,,,,,USD,CAD
MFI,TSX,2012,2012,balance_sheet,Receivables,Total Receivables,money,257.049,283.517,9.336,mismatch,ours_derived_diff,,,,,,derived,CAD,
HMM.A,TSX,2019,2019,cash_flow,FreeCashFlow,Free Cash Flow,money,9.658,8.758,9.319,mismatch,ours_derived_diff,,,,,,derived,CAD,
HMM.A,TSX,2019,2019,cash_flow,FinancingCashFlow,Cash Flow from Financing,money,-8.789,-7.97,9.318,mismatch,ours_derived_diff,,,,,,derived,CAD,
BRY,TSX,2012,2012,income_statement,DilutedAverageShares,Shares Outstanding (Diluted Average),shares,15.782323,17.401,9.302,mismatch,ours_derived_diff,,,,,,derived,CAD,
LAS.A,TSX,2021,2021,cash_flow,NetIssuancePaymentsOfDebt,Net Issuance of Debt,money,-38.101,-41.994,9.27,mismatch,ours_derived_diff,,,,,,derived,CAD,
K,TSX,2020,2020,cash_flow,FreeCashFlow,Free Cash Flow,money,1147.9,1334.058,9.269,mismatch,ours_derived_diff,0.7807,,,,,derived,FX x1.06,CAD
ERD,TSX,2010,2010,income_statement,EBITDA,EBITDA,money,-4.59359,-4.17,9.221,mismatch,ours_derived_diff,,,,,,derived,CAD,
CPX,TSX,2010,2010,balance_sheet,Receivables,Total Receivables,money,315.0,286.0,9.206,mismatch,ours_derived_diff,,,,,,derived,CAD,
DSG,TSX,2020,2020,income_statement,EBITDA,EBITDA,money,103.52,149.179,9.171,mismatch,ours_derived_diff,0.764,,,,,derived,USD,CAD
WPK,TSX,2019,2019,balance_sheet,AccountsPayable,Accounts Payable & Accrued Expense,money,34.96,50.686,9.169,mismatch,ours_derived_diff,0.7594,,,,,from_notes,USD,CAD
CHR,TSX,2016,2016,income_statement,EBITDA,EBITDA,money,225.761,248.425,9.123,mismatch,ours_derived_diff,,,,,,derived,CAD,
MRT.UN,TSX,2011,2011,balance_sheet,CashCashEquivalentsAndShortTermInvestments,"Cash, Cash Equivalents, Marketable Securities",money,8.134,7.396,9.073,mismatch,ours_derived_diff,,,,,,derived,CAD,
OGD,TSX,2019,2019,cash_flow,NetIncomeFromContinuingOperations,Net Income From Continuing Operations,money,-3.47,-3.816,9.067,mismatch,ours_derived_diff,,,,,,derived,CAD,
MFI,TSX,2009,2009,income_statement,PretaxIncome,Pretax Income,money,79.443,87.345,9.047,mismatch,ours_derived_diff,,,,,,derived,CAD,
CHR,TSX,2015,2015,balance_sheet,CurrentDebtAndCapitalLeaseObligation,Short-Term Debt & Capital Lease Obligation,money,54.867,60.299,9.008,mismatch,ours_derived_diff,,,,,,derived,CAD,
CDR,TSX,2023,2023,income_statement,EBITDA,EBITDA,money,-10.016,-9.115,8.996,mismatch,ours_derived_diff,,,,,,derived,CAD,
CPX,TSX,2025,2025,balance_sheet,CommonStock,Common Stock,money,5036.0,4583.0,8.995,mismatch,ours_derived_diff,,,,,,,CAD,
BKI,TSX,2017,2017,income_statement,DilutedAverageShares,Shares Outstanding (Diluted Average),shares,145.37415,159.741,8.994,mismatch,ours_derived_diff,0.7833,,,,,derived,USD,CAD
SWP,TSX,2010,2010,cash_flow,FreeCashFlow,Free Cash Flow,money,-5.739,-6.303,8.948,mismatch,ours_derived_diff,,,,,,derived,CAD,
WPK,TSX,2010,2010,cash_flow,ChangeInWorkingCapital,Change In Working Capital,money,-14.282,-13.005,8.941,mismatch,ours_derived_diff,,,,,,derived,USD,
LAS.A,TSX,2013,2013,balance_sheet,Receivables,Total Receivables,money,97.303,106.794,8.887,mismatch,ours_derived_diff,,,,,,derived,CAD,
GFP,TSX,2025,2025,income_statement,EBIT,EBIT,money,-102.613,-93.501,8.88,mismatch,ours_derived_diff,,,,,,derived,CAD,
SFD,TSX,2007,2007,cash_flow,FreeCashFlow,Free Cash Flow,money,3.85185,3.51,8.875,mismatch,ours_derived_diff,,,,,,derived,CAD,
CPX,TSX,2019,2019,balance_sheet,CashCashEquivalentsAndShortTermInvestments,"Cash, Cash Equivalents, Marketable Securities",money,248.0,226.0,8.871,mismatch,ours_derived_diff,,,,,,derived,CAD,
BKI,TSX,2015,2015,income_statement,NetIncome,Net Income,money,-25.549386,-31.927,8.87,mismatch,ours_derived_diff,0.7293,,,,,derived,USD,CAD
CPX,TSX,2021,2021,balance_sheet,Receivables,Total Receivables,money,474.0,432.0,8.861,mismatch,ours_derived_diff,,,,,,derived,CAD,
K,TSX,2016,2016,cash_flow,InvestingCashFlow,Cash Flow from Investing,money,-1393.5,-1694.186,8.855,mismatch,ours_derived_diff,0.7497,,,,,derived,FX x1.06,CAD
GRN,TSX,2022,2022,income_statement,DilutedAverageShares,Shares Outstanding (Diluted Average),shares,137.625,150.918,8.808,mismatch,ours_derived_diff,,,,,,derived,CAD,
TXG,TSX,2021,2021,income_statement,OperatingIncome,Operating Income,money,326.5,381.184,8.79,mismatch,ours_fuzzy_suspect,0.7812,Earnings from mine operations $,326.5,2023,fuzzy,mapped,USD,CAD
ELD,TSX,2019,2019,income_statement,DilutedAverageShares,Shares Outstanding (Diluted Average),shares,147.37,161.539,8.771,mismatch,ours_derived_diff,0.7594,,,,,derived,USD,CAD
SWP,TSX,2017,2017,income_statement,DilutedAverageShares,Shares Outstanding (Diluted Average),shares,9.904762,10.857,8.771,mismatch,ours_derived_diff,,,,,,derived,CAD,
WPK,TSX,2018,2018,balance_sheet,AccountsPayable,Accounts Payable & Accrued Expense,money,39.146,57.639,8.748,mismatch,ours_derived_diff,0.7443,,,,,from_notes,USD,CAD
K,TSX,2018,2018,cash_flow,InvestingCashFlow,Cash Flow from Investing,money,-1519.8,-1863.573,8.738,mismatch,ours_derived_diff,0.7443,,,,,derived,FX x1.06,CAD
FTS,TSX,2012,2012,balance_sheet,Receivables,Total Receivables,money,587.0,536.0,8.688,mismatch,ours_derived_diff,,,,,,derived,CAD,
WPK,TSX,2025,2025,income_statement,EBIT,EBIT,money,172.234,260.201,8.687,mismatch,ours_derived_diff,0.7249,,,,,derived,USD,CAD
K,TSX,2018,2018,income_statement,EBITDA,EBITDA,money,874.6,1286.766,8.677,mismatch,ours_derived_diff,0.7443,,,,,derived,FX x1.06,CAD
K,TSX,2009,2009,income_statement,OtherIncomeExpense,Other Income (Expense),money,-74.3,-67.858,8.67,mismatch,ours_fuzzy_suspect,,Other income (expense) - net Note 5,-74.3,2011,fuzzy,mapped,USD,
CHR,TSX,2014,2014,balance_sheet,CurrentDebtAndCapitalLeaseObligation,Short-Term Debt & Capital Lease Obligation,money,35.376,38.728,8.655,mismatch,ours_derived_diff,,,,,,derived,CAD,
MFI,TSX,2013,2013,cash_flow,ChangeInWorkingCapital,Change In Working Capital,money,166.955,182.744,8.64,mismatch,ours_fuzzy_suspect,,Change in non-cash operating working capital,166.955,2015,fuzzy,mapped,CAD,
NFI,TSX,2010,2010,balance_sheet,LongTermDebtAndCapitalLeaseObligation,Long-Term Debt & Capital Lease Obligation,money,376.333,411.923,8.64,mismatch,ours_derived_diff,,,,,,derived,USD,
K,TSX,2019,2019,cash_flow,OperatingCashFlow,Cash Flow from Operations,money,1340.0,1613.071,8.59,mismatch,ours_fuzzy_suspect,0.7594,Cash flow provided from operating activities,1340.0,2020,fuzzy,mapped,FX x1.06,CAD
ADW.A,TSX,2024,2024,cash_flow,CapitalExpenditure,Capital Expenditure,money,-14.421,-15.773,8.572,mismatch,ours_derived_diff,,,,,,derived,CAD,
LAS.A,TSX,2012,2012,balance_sheet,CashCashEquivalentsAndShortTermInvestments,"Cash, Cash Equivalents, Marketable Securities",money,22.186,24.265,8.568,mismatch,ours_derived_diff,,,,,,derived,CAD,
ADW.A,TSX,2022,2022,balance_sheet,Receivables,Total Receivables,money,27.376,29.936,8.552,mismatch,ours_derived_diff,,,,,,derived,CAD,
ALA,TSX,2013,2013,income_statement,GrossProfit,Gross Profit,money,747.5,817.1,8.518,mismatch,ours_derived_diff,,,,,,derived,,
LAS.A,TSX,2024,2024,cash_flow,CapitalExpenditure,Capital Expenditure,money,-105.988,-115.854,8.516,mismatch,ours_derived_diff,,,,,,derived,CAD,
ALA,TSX,2013,2013,cash_flow,CapitalExpenditure,Capital Expenditure,money,-501.1,-547.6,8.492,mismatch,ours_derived_diff,,,,,,derived,,
LAS.A,TSX,2009,2009,income_statement,EBIT,EBIT,money,43.392,47.416,8.487,mismatch,ours_derived_diff,,,,,,derived,CAD,
SWP,TSX,2016,2016,income_statement,EBITDA,EBITDA,money,7.453,8.141,8.451,mismatch,ours_derived_diff,,,,,,derived,CAD,
NFI,TSX,2012,2012,balance_sheet,CashCashEquivalentsAndShortTermInvestments,"Cash, Cash Equivalents, Marketable Securities",money,10.133,11.068,8.448,mismatch,ours_derived_diff,,,,,,derived,USD,
DSG,TSX,2020,2020,income_statement,EBIT,EBIT,money,48.035,68.653,8.419,mismatch,ours_derived_diff,0.764,,,,,derived,USD,CAD
ADW.A,TSX,2025,2025,balance_sheet,LongTermDebtAndCapitalLeaseObligation,Long-Term Debt & Capital Lease Obligation,money,180.294,196.854,8.412,mismatch,ours_derived_diff,,,,,,derived,CAD,
BRY,TSX,2015,2015,cash_flow,NetIssuancePaymentsOfDebt,Net Issuance of Debt,money,-0.635923,-0.694,8.368,mismatch,ours_derived_diff,,,,,,derived,CAD,
ALA,TSX,2023,2023,balance_sheet,CurrentDebtAndCapitalLeaseObligation,Short-Term Debt & Capital Lease Obligation,money,1128.0,1231.0,8.367,mismatch,ours_derived_diff,,,,,,derived,,
DII.A,TSX,2014,2014,balance_sheet,CashCashEquivalentsAndShortTermInvestments,"Cash, Cash Equivalents, Marketable Securities",money,47.101,59.274,8.363,mismatch,ours_derived_diff,0.8672,,,,,derived,USD,CAD
ADW.A,TSX,2019,2019,balance_sheet,LongTermDebtAndCapitalLeaseObligation,Long-Term Debt & Capital Lease Obligation,money,116.62,106.879,8.353,mismatch,ours_derived_diff,,,,,,derived,CAD,
ADW.A,TSX,2026,2026,balance_sheet,LongTermDebtAndCapitalLeaseObligation,Long-Term Debt & Capital Lease Obligation,money,147.294,160.705,8.345,mismatch,ours_derived_diff,,,,,,derived,CAD,
DII.A,TSX,2024,2024,balance_sheet,TotalLiabilities,Total Liabilities,money,697.287,1083.701,8.33,mismatch,ours_derived_diff,0.7019,,,,,derived,USD,CAD
ELD,TSX,2023,2023,income_statement,EBITDA,EBITDA,money,420.045,614.717,8.326,mismatch,ours_derived_diff,0.7454,,,,,derived,USD,CAD
DSG,TSX,2024,2024,cash_flow,DepreciationAndAmortization,"Cash Flow Depreciation, Depletion and Amortization",money,60.501,88.558,8.297,mismatch,ours_derived_diff,0.745,,,,,,USD,CAD
SFD,TSX,2024,2024,income_statement,EBIT,EBIT,money,-9.077795,-8.327,8.271,mismatch,ours_derived_diff,,,,,,derived,CAD,
ADW.A,TSX,2017,2017,income_statement,EBIT,EBIT,money,34.245,37.323,8.247,mismatch,ours_derived_diff,,,,,,derived,CAD,
ERD,TSX,2013,2013,cash_flow,FreeCashFlow,Free Cash Flow,money,-2.381451,-2.595,8.229,mismatch,ours_derived_diff,,,,,,derived,CAD,
ALA,TSX,2022,2022,balance_sheet,LongTermDebtAndCapitalLeaseObligation,Long-Term Debt & Capital Lease Obligation,money,8679.0,9453.0,8.188,mismatch,ours_derived_diff,,,,,,derived,,
K,TSX,2020,2020,cash_flow,InvestingCashFlow,Cash Flow from Investing,money,-1360.5,-1599.972,8.188,mismatch,ours_derived_diff,0.7807,,,,,derived,FX x1.06,CAD
LAS.A,TSX,2023,2023,cash_flow,FreeCashFlow,Free Cash Flow,money,128.976,118.465,8.15,mismatch,ours_derived_diff,,,,,,derived,CAD,
DII.A,TSX,2009,2009,balance_sheet,TotalLiabilities,Total Liabilities,money,864.27,940.934,8.148,mismatch,ours_derived_diff,,,,,,derived,USD,
K,TSX,2019,2019,income_statement,EBIT,EBIT,money,955.9,1370.498,8.148,mismatch,ours_derived_diff,0.7594,,,,,derived,FX x1.06,CAD
K,TSX,2022,2022,cash_flow,OperatingCashFlow,Cash Flow from Operations,money,1143.2,1426.561,8.144,mismatch,ours_fuzzy_suspect,0.7361,Cash flow provided from operating activities,1143.2,2024,fuzzy,mapped,FX x1.06,CAD
DII.A,TSX,2013,2013,income_statement,PretaxIncome,Pretax Income,money,57.566,66.657,8.12,mismatch,ours_derived_diff,0.9399,,,,,derived,USD,CAD
LAS.A,TSX,2013,2013,cash_flow,NetIssuancePaymentsOfDebt,Net Issuance of Debt,money,-46.102,-50.165,8.099,mismatch,ours_derived_diff,,,,,,derived,CAD,
NFI,TSX,2018,2018,balance_sheet,Receivables,Total Receivables,money,387.486,566.463,8.092,mismatch,ours_derived_diff,0.7443,,,,,derived,USD,CAD
BKI,TSX,2017,2017,income_statement,EBITDA,EBITDA,money,-2.89937,-3.403,8.068,mismatch,ours_derived_diff,0.7833,,,,,derived,USD,CAD
SWP,TSX,2021,2021,income_statement,DilutedAverageShares,Shares Outstanding (Diluted Average),shares,9.92,9.122,8.044,mismatch,ours_derived_diff,,,,,,derived,CAD,
CVVY,TSX,2021,2021,cash_flow,PurchaseOfPPE,"Purchase Of Property, Plant, Equipment",money,-32.111,-34.918,8.039,mismatch,ours_fuzzy_suspect,,"Additions to property, plant and equipment (Note 7)",-32.111,2023,fuzzy,mapped,CAD,
CVVY,TSX,2021,2021,cash_flow,CapitalExpenditure,Capital Expenditure,money,-32.111,-34.918,8.039,mismatch,ours_derived_diff,,,,,,derived,CAD,
TXG,TSX,2015,2015,cash_flow,ChangeInWorkingCapital,Change In Working Capital,money,-7.514,-9.476,8.035,mismatch,ours_derived_diff,0.7292,,,,,derived,USD,CAD
BKI,TSX,2017,2017,income_statement,EBIT,EBIT,money,-2.905838,-3.412,8.03,mismatch,ours_derived_diff,0.7833,,,,,derived,USD,CAD
CHR,TSX,2017,2017,cash_flow,FreeCashFlow,Free Cash Flow,money,-273.281,-297.075,8.009,mismatch,ours_derived_diff,,,,,,derived,CAD,
DSG,TSX,2023,2023,cash_flow,DepreciationAndAmortization,"Cash Flow Depreciation, Depletion and Amortization",money,60.177,87.783,7.989,mismatch,ours_derived_diff,0.745,,,,,,USD,CAD
DSG,TSX,2022,2022,cash_flow,DepreciationAndAmortization,"Cash Flow Depreciation, Depletion and Amortization",money,59.099,81.069,7.986,mismatch,ours_derived_diff,0.7923,,,,,,USD,CAD
K,TSX,2010,2010,cash_flow,DepreciationAndAmortization,"Cash Flow Depreciation, Depletion and Amortization",money,551.5,599.315,7.978,mismatch,ours_derived_diff,,,,,,,USD,
CVVY,TSX,2023,2023,income_statement,GrossProfit,Gross Profit,money,333.057,306.609,7.941,mismatch,ours_derived_diff,,,,,,derived,CAD,
FTS,TSX,2013,2013,balance_sheet,Receivables,Total Receivables,money,732.0,674.0,7.923,mismatch,ours_derived_diff,,,,,,derived,CAD,
DII.A,TSX,2009,2009,cash_flow,NetIssuancePaymentsOfDebt,Net Issuance of Debt,money,-110.522,-120.03,7.921,mismatch,ours_derived_diff,,,,,,derived,USD,
LAS.A,TSX,2010,2010,income_statement,EBITDA,EBITDA,money,61.507,66.798,7.921,mismatch,ours_derived_diff,,,,,,derived,CAD,
DII.A,TSX,2024,2024,balance_sheet,TotalAssets,Total Assets,money,739.43,1143.742,7.893,mismatch,ours_derived_diff,0.7019,,,,,derived,USD,CAD
K,TSX,2023,2023,cash_flow,OperatingCashFlow,Cash Flow from Operations,money,1742.7,2153.67,7.884,mismatch,ours_fuzzy_suspect,0.7454,Cash flow provided from operating activities,1742.7,2024,fuzzy,mapped,FX x1.06,CAD
ELD,TSX,2017,2017,income_statement,EBITDA,EBITDA,money,70.125,97.199,7.877,mismatch,ours_derived_diff,0.7831,,,,,derived,USD,CAD
DII.A,TSX,2009,2009,income_statement,GrossProfit,Gross Profit,money,490.889,532.692,7.847,mismatch,ours_derived_diff,,,,,,derived,USD,
FTS,TSX,2011,2011,balance_sheet,Receivables,Total Receivables,money,638.0,588.0,7.837,mismatch,ours_derived_diff,,,,,,derived,CAD,
ALA,TSX,2012,2012,cash_flow,FreeCashFlow,Free Cash Flow,money,-622.294,-675.103,7.822,mismatch,ours_derived_diff,,,,,,derived,,
ALA,TSX,2020,2020,income_statement,OperatingIncome,Operating Income,money,614.0,666.0,7.808,mismatch,ours_derived_diff,,,,,,derived,,
FTS,TSX,2011,2011,balance_sheet,LongTermDebtAndCapitalLeaseObligation,Long-Term Debt & Capital Lease Obligation,money,5679.0,6159.0,7.793,mismatch,ours_fuzzy_suspect,,Long-term debt and capital lease obligations (Note 13),5679.0,2012,fuzzy,mapped,CAD,
DSG,TSX,2013,2013,income_statement,EBITDA,EBITDA,money,31.423,34.074,7.78,mismatch,ours_derived_diff,,,,,,derived,USD,
CDR,TSX,2023,2023,income_statement,EBIT,EBIT,money,-11.585,-10.684,7.777,mismatch,ours_derived_diff,,,,,,derived,CAD,
TPX.B,TSX,2012,2012,balance_sheet,TotalEquityGrossMinorityInterest,Total Equity,money,7295.3,7910.086,7.772,mismatch,ours_derived_diff,,,,,,derived,CAD,
DII.A,TSX,2017,2017,balance_sheet,OtherCurrentAssets,Other Current Assets,money,52.928,62.34,7.759,mismatch,ours_derived_diff,0.7831,,,,,derived,USD,CAD
CHR,TSX,2013,2013,balance_sheet,LongTermDebtAndCapitalLeaseObligation,Long-Term Debt & Capital Lease Obligation,money,371.445,402.588,7.736,mismatch,ours_derived_diff,,,,,,derived,CAD,
MFI,TSX,2014,2014,cash_flow,ChangeInWorkingCapital,Change In Working Capital,money,-243.035,-224.241,7.733,mismatch,ours_fuzzy_suspect,,Change in non-cash operating working capital,-243.035,2016,fuzzy,mapped,CAD,
DSG,TSX,2019,2019,income_statement,EBITDA,EBITDA,money,79.689,114.86,7.726,mismatch,ours_derived_diff,0.7519,,,,,derived,USD,CAD
LAS.A,TSX,2024,2024,cash_flow,FreeCashFlow,Free Cash Flow,money,127.887,118.021,7.715,mismatch,ours_derived_diff,,,,,,derived,CAD,
ERD,TSX,2010,2010,income_statement,EBIT,EBIT,money,-4.960507,-4.578,7.711,mismatch,ours_derived_diff,,,,,,derived,CAD,
LAS.A,TSX,2021,2021,balance_sheet,Receivables,Total Receivables,money,154.369,167.259,7.707,mismatch,ours_derived_diff,,,,,,derived,CAD,
WPK,TSX,2022,2022,cash_flow,ChangeInWorkingCapital,Change In Working Capital,money,-126.14,-158.174,7.696,mismatch,ours_derived_diff,0.7361,,,,,derived,USD,CAD
TFPM,TSX,2024,2024,balance_sheet,CashCashEquivalentsAndShortTermInvestments,"Cash, Cash Equivalents, Marketable Securities",money,36.245,55.927,7.668,mismatch,ours_derived_diff,0.7019,,,,,derived,USD,CAD
ALA,TSX,2011,2011,cash_flow,CapitalExpenditure,Capital Expenditure,money,-400.173,-433.13,7.609,mismatch,ours_derived_diff,,,,,,derived,,
HMM.A,TSX,2025,2025,income_statement,PretaxIncome,Pretax Income,money,20.556,18.994,7.599,mismatch,ours_derived_diff,,,,,,derived,CAD,
TXG,TSX,2013,2013,balance_sheet,OtherCurrentAssets,Other Current Assets,money,3.924,3.626,7.594,mismatch,ours_derived_diff,,,,,,derived,USD,
LAS.A,TSX,2024,2024,balance_sheet,TotalEquityGrossMinorityInterest,Total Equity,money,1261.597,1165.819,7.592,mismatch,ours_derived_diff,,,,,,derived,CAD,
DSG,TSX,2008,2008,income_statement,EBIT,EBIT,money,6.766,7.32,7.568,mismatch,ours_derived_diff,,,,,,derived,USD,
HMM.A,TSX,2025,2025,income_statement,EBIT,EBIT,money,20.556,22.238,7.564,mismatch,ours_derived_diff,,,,,,derived,CAD,
OGD,TSX,2022,2022,income_statement,CostOfRevenue,Cost of Goods Sold,money,167.991,181.732,7.561,mismatch,ours_derived_diff,,,,,,derived,CAD,
WPK,TSX,2013,2013,cash_flow,CapitalExpenditure,Capital Expenditure,money,-51.224,-55.413,7.56,mismatch,ours_derived_diff,,,,,,derived,USD,
HMM.A,TSX,2014,2014,balance_sheet,AccountsPayable,Accounts Payable & Accrued Expense,money,11.675,12.629,7.554,mismatch,ours_fuzzy_suspect,,Trade and other payables 11 & 24,11.675,2016,fuzzy,mapped,CAD,
CDR,TSX,2025,2025,balance_sheet,Receivables,Total Receivables,money,16.046,17.357,7.553,mismatch,ours_derived_diff,,,,,,derived,CAD,
K,TSX,2017,2017,income_statement,EBITDA,EBITDA,money,1224.9,1691.765,7.548,mismatch,ours_derived_diff,0.7831,,,,,derived,FX x1.06,CAD
TPX.B,TSX,2011,2011,balance_sheet,TotalEquityGrossMinorityInterest,Total Equity,money,7278.6,7870.92,7.525,mismatch,ours_derived_diff,,,,,,derived,CAD,
LAS.A,TSX,2023,2023,balance_sheet,Receivables,Total Receivables,money,188.321,203.627,7.517,mismatch,ours_derived_diff,,,,,,derived,CAD,
K,TSX,2011,2011,balance_sheet,CashAndCashEquivalents,Cash and Cash Equivalents,money,1632.9,1765.333,7.502,mismatch,ours_fuzzy_suspect,,Cash and cash equivalents Note,1632.9,2013,fuzzy,mapped,USD,
CHR,TSX,2022,2022,cash_flow,FreeCashFlow,Free Cash Flow,money,234.842,217.232,7.499,mismatch,ours_derived_diff,,,,,,derived,CAD,
TPX.B,TSX,2012,2012,balance_sheet,StockholdersEquity,Total Stockholders Equity,money,7295.3,7885.638,7.486,mismatch,ours_derived_diff,,,,,,derived,CAD,
ELD,TSX,2009,2009,income_statement,NetIncomeFromContinuingAndDiscontinuedOperation,Net Income Including Noncontrolling Interests,money,102.404,110.671,7.47,mismatch,ours_derived_diff,,,,,,,USD,
ELD,TSX,2009,2009,income_statement,NetIncomeContinuousOperations,Net Income (Continuing Operations),money,102.404,110.671,7.47,mismatch,ours_derived_diff,,,,,,derived,USD,
DSG,TSX,2025,2025,cash_flow,DepreciationAndAmortization,"Cash Flow Depreciation, Depletion and Amortization",money,69.399,107.9,7.453,mismatch,ours_derived_diff,0.695,,,,,,USD,CAD
ADW.A,TSX,2021,2021,balance_sheet,LongTermDebtAndCapitalLeaseObligation,Long-Term Debt & Capital Lease Obligation,money,174.544,188.531,7.419,mismatch,ours_derived_diff,,,,,,derived,CAD,
BAMI,TSX,2024,2024,balance_sheet,Receivables,Total Receivables,money,87.824,94.862,7.419,mismatch,ours_derived_diff,,,,,,derived,CAD,
MFI,TSX,2012,2012,income_statement,DilutedAverageShares,Shares Outstanding (Diluted Average),shares,153.273016,141.93,7.401,mismatch,ours_derived_diff,,,,,,derived,CAD,
ALA,TSX,2022,2022,income_statement,OperatingIncome,Operating Income,money,929.0,1003.0,7.378,mismatch,ours_derived_diff,,,,,,derived,,
MFI,TSX,2021,2021,cash_flow,NetIssuancePaymentsOfDebt,Net Issuance of Debt,money,500.297,463.454,7.364,mismatch,ours_derived_diff,,,,,,derived,CAD,
WPK,TSX,2012,2012,cash_flow,ChangeInWorkingCapital,Change In Working Capital,money,-16.185,-17.471,7.361,mismatch,ours_derived_diff,,,,,,derived,USD,
DSG,TSX,2018,2018,income_statement,EBITDA,EBITDA,money,68.225,91.506,7.332,mismatch,ours_derived_diff,0.8046,,,,,derived,USD,CAD
ELD,TSX,2019,2019,cash_flow,FreeCashFlow,Free Cash Flow,money,-48.679,-69.173,7.326,mismatch,ours_derived_diff,0.7594,,,,,derived,USD,CAD
LAS.A,TSX,2014,2014,cash_flow,FreeCashFlow,Free Cash Flow,money,62.98,58.368,7.323,mismatch,ours_derived_diff,,,,,,derived,CAD,
SFD,TSX,2008,2008,income_statement,GrossProfit,Gross Profit,money,2.955062,2.74,7.278,mismatch,ours_derived_diff,,,,,,derived,CAD,
ALA,TSX,2010,2010,cash_flow,CapitalExpenditure,Capital Expenditure,money,-156.992,-169.19,7.21,mismatch,ours_derived_diff,,,,,,derived,,
LAS.A,TSX,2025,2025,balance_sheet,TotalEquityGrossMinorityInterest,Total Equity,money,1332.427,1236.835,7.174,mismatch,ours_derived_diff,,,,,,derived,CAD,
SFD,TSX,2016,2016,income_statement,EBITDA,EBITDA,money,-6.620187,-6.146,7.163,mismatch,ours_derived_diff,,,,,,derived,CAD,
CPX,TSX,2009,2009,balance_sheet,CashCashEquivalentsAndShortTermInvestments,"Cash, Cash Equivalents, Marketable Securities",money,56.0,52.0,7.143,mismatch,ours_derived_diff,,,,,,derived,CAD,
CPX,TSX,2010,2010,balance_sheet,CashCashEquivalentsAndShortTermInvestments,"Cash, Cash Equivalents, Marketable Securities",money,52.0,56.0,7.143,mismatch,ours_derived_diff,,,,,,derived,CAD,
TXG,TSX,2024,2024,cash_flow,FreeCashFlow,Free Cash Flow,money,-104.2,-159.851,7.13,mismatch,ours_derived_diff,0.7019,,,,,derived,USD,CAD
DSG,TSX,2014,2014,income_statement,EBIT,EBIT,money,13.676,16.11,7.129,mismatch,ours_derived_diff,0.9141,,,,,derived,USD,CAD
GFP,TSX,2021,2021,cash_flow,ChangeInWorkingCapital,Change In Working Capital,money,5.066,5.454,7.114,mismatch,ours_derived_diff,,,,,,derived,CAD,
CDR,TSX,2022,2022,balance_sheet,Receivables,Total Receivables,money,0.353,0.38,7.105,mismatch,ours_derived_diff,,,,,,derived,CAD,
DSG,TSX,2016,2016,income_statement,EBITDA,EBITDA,money,53.797,82.252,7.072,mismatch,ours_derived_diff,0.7038,,,,,derived,USD,CAD
TPX.B,TSX,2009,2009,income_statement,EBITDA,EBITDA,money,1158.5,1076.987,7.036,mismatch,ours_derived_diff,,,,,,derived,CAD,
TPX.B,TSX,2011,2011,balance_sheet,StockholdersEquity,Total Stockholders Equity,money,7278.6,7827.626,7.014,mismatch,ours_derived_diff,,,,,,derived,CAD,
LAS.A,TSX,2016,2016,balance_sheet,TotalEquityGrossMinorityInterest,Total Equity,money,629.394,585.581,6.961,mismatch,ours_derived_diff,,,,,,derived,CAD,
BRY,TSX,2017,2017,balance_sheet,OtherCurrentAssets,Other Current Assets,money,2.354886,2.191,6.959,mismatch,ours_derived_diff,,,,,,derived,CAD,
WPK,TSX,2013,2013,income_statement,EBIT,EBIT,money,104.009,111.783,6.955,mismatch,ours_derived_diff,,,,,,derived,USD,
LAS.A,TSX,2018,2018,balance_sheet,TotalEquityGrossMinorityInterest,Total Equity,money,776.209,722.251,6.951,mismatch,ours_derived_diff,,,,,,derived,CAD,
BKI,TSX,2019,2019,income_statement,EBITDA,EBITDA,money,-2.890245,-3.542,6.93,mismatch,ours_derived_diff,0.7594,,,,,derived,USD,CAD
SFD,TSX,2017,2017,balance_sheet,StockholdersEquity,Total Stockholders Equity,money,23.179583,21.577,6.914,mismatch,ours_derived_diff,,,,,,derived,CAD,
SFD,TSX,2017,2017,balance_sheet,TotalEquityGrossMinorityInterest,Total Equity,money,23.179583,21.577,6.914,mismatch,ours_derived_diff,,,,,,derived,CAD,
BKI,TSX,2019,2019,income_statement,EBIT,EBIT,money,-2.894357,-3.548,6.905,mismatch,ours_derived_diff,0.7594,,,,,derived,USD,CAD
NFI,TSX,2012,2012,balance_sheet,TotalEquityGrossMinorityInterest,Total Equity,money,365.571,340.479,6.864,mismatch,ours_derived_diff,,,,,,derived,USD,
LAS.A,TSX,2023,2023,balance_sheet,TotalEquityGrossMinorityInterest,Total Equity,money,1069.234,995.902,6.858,mismatch,ours_derived_diff,,,,,,derived,CAD,
MFI,TSX,2022,2022,balance_sheet,CurrentDebtAndCapitalLeaseObligation,Short-Term Debt & Capital Lease Obligation,money,36.551,39.242,6.857,mismatch,ours_derived_diff,,,,,,derived,CAD,
LAS.A,TSX,2019,2019,balance_sheet,TotalEquityGrossMinorityInterest,Total Equity,money,788.874,734.819,6.852,mismatch,ours_derived_diff,,,,,,derived,CAD,
DSG,TSX,2026,2026,cash_flow,DepreciationAndAmortization,"Cash Flow Depreciation, Depletion and Amortization",money,81.183,119.988,6.826,mismatch,ours_derived_diff,0.7262,,,,,,USD,CAD
CHR,TSX,2015,2015,cash_flow,OperatingCashFlow,Cash Flow from Operations,money,149.038,138.914,6.793,mismatch,ours_derived_diff,,,,,,derived,CAD,
K,TSX,2024,2024,cash_flow,OperatingCashFlow,Cash Flow from Operations,money,2624.6,3485.386,6.79,mismatch,ours_fuzzy_suspect,0.7019,Cash flow provided from operating activities,2624.6,2026,fuzzy,mapped,FX x1.06,CAD
GFP,TSX,2023,2023,income_statement,EBIT,EBIT,money,-41.024,-38.239,6.789,mismatch,ours_derived_diff,,,,,,derived,CAD,
LAS.A,TSX,2016,2016,cash_flow,CapitalExpenditure,Capital Expenditure,money,-26.325,-28.241,6.784,mismatch,ours_derived_diff,,,,,,derived,CAD,
LAS.A,TSX,2014,2014,balance_sheet,Receivables,Total Receivables,money,121.615,130.447,6.771,mismatch,ours_derived_diff,,,,,,derived,CAD,
LAS.A,TSX,2017,2017,balance_sheet,TotalEquityGrossMinorityInterest,Total Equity,money,670.34,624.962,6.769,mismatch,ours_derived_diff,,,,,,derived,CAD,
DII.A,TSX,2009,2009,balance_sheet,TotalAssets,Total Assets,money,1967.108,2109.697,6.759,mismatch,ours_derived_diff,,,,,,derived,USD,
GFP,TSX,2011,2011,balance_sheet,TotalEquityGrossMinorityInterest,Total Equity,money,40.872443,38.123,6.727,mismatch,ours_derived_diff,,,,,,derived,CAD,
MFI,TSX,2009,2009,balance_sheet,Receivables,Total Receivables,money,222.224,207.288,6.721,mismatch,ours_derived_diff,,,,,,derived,CAD,
HMM.A,TSX,2012,2012,balance_sheet,AccountsReceivable,Accounts Receivable,money,11.598,10.819,6.717,mismatch,ours_fuzzy_suspect,,Trade and other receivables 4 & 24,11.598,2014,fuzzy,mapped,CAD,
LAS.A,TSX,2018,2018,balance_sheet,Receivables,Total Receivables,money,147.137,157.699,6.698,mismatch,ours_derived_diff,,,,,,derived,CAD,
SFD,TSX,2008,2008,income_statement,DilutedAverageShares,Shares Outstanding (Diluted Average),shares,28.532275,30.579,6.693,mismatch,ours_derived_diff,,,,,,derived,CAD,
NFI,TSX,2010,2010,balance_sheet,TotalEquityGrossMinorityInterest,Total Equity,money,137.328,128.143,6.688,mismatch,ours_derived_diff,,,,,,derived,USD,
ALA,TSX,2021,2021,income_statement,OperatingIncome,Operating Income,money,897.0,961.0,6.66,mismatch,ours_derived_diff,,,,,,derived,,
SFD,TSX,2009,2009,cash_flow,FreeCashFlow,Free Cash Flow,money,-2.580308,-2.764,6.646,mismatch,ours_derived_diff,,,,,,derived,CAD,
BRY,TSX,2018,2018,balance_sheet,OtherCurrentAssets,Other Current Assets,money,2.360186,2.528,6.638,mismatch,ours_derived_diff,,,,,,derived,CAD,
K,TSX,2016,2016,cash_flow,ChangeInWorkingCapital,Change In Working Capital,money,319.4,397.769,6.637,mismatch,ours_derived_diff,0.7497,,,,,derived,FX x1.06,CAD
DII.A,TSX,2009,2009,balance_sheet,CurrentDebtAndCapitalLeaseObligation,Short-Term Debt & Capital Lease Obligation,money,122.508,131.18,6.611,mismatch,ours_derived_diff,,,,,,derived,USD,
OGD,TSX,2016,2016,income_statement,EBITDA,EBITDA,money,10.371,11.103,6.593,mismatch,ours_derived_diff,,,,,,derived,CAD,
DII.A,TSX,2015,2015,balance_sheet,LongTermDebtAndCapitalLeaseObligation,Long-Term Debt & Capital Lease Obligation,money,498.589,638.658,6.59,mismatch,ours_derived_diff,0.7292,,,,,derived,USD,CAD
SWP,TSX,2009,2009,income_statement,EBIT,EBIT,money,2.076,2.222,6.571,mismatch,ours_derived_diff,,,,,,derived,CAD,
ADW.A,TSX,2018,2018,balance_sheet,LongTermDebtAndCapitalLeaseObligation,Long-Term Debt & Capital Lease Obligation,money,124.392,116.257,6.54,mismatch,ours_derived_diff,,,,,,derived,CAD,
OGD,TSX,2019,2019,cash_flow,NetIssuancePaymentsOfDebt,Net Issuance of Debt,money,9.646,10.321,6.54,mismatch,ours_derived_diff,,,,,,derived,CAD,
HMM.A,TSX,2019,2019,cash_flow,OperatingCashFlow,Cash Flow from Operations,money,12.526,11.707,6.538,mismatch,ours_fuzzy_suspect,,Cash generated from operating activities; Net cash generated (used) from operating activities,24.233,2020,fuzzy,mapped,CAD,
TXG,TSX,2014,2014,cash_flow,FinancingCashFlow,Cash Flow from Financing,money,219.536,270.741,6.49,mismatch,ours_derived_diff,0.8672,,,,,derived,USD,CAD
SWP,TSX,2014,2014,income_statement,EBIT,EBIT,money,4.107,4.392,6.489,mismatch,ours_derived_diff,,,,,,derived,CAD,
SWP,TSX,2013,2013,income_statement,EBITDA,EBITDA,money,3.475,3.716,6.485,mismatch,ours_derived_diff,,,,,,derived,CAD,
DSG,TSX,2017,2017,income_statement,EBITDA,EBITDA,money,61.501,86.665,6.448,mismatch,ours_derived_diff,0.7586,,,,,derived,USD,CAD
SWP,TSX,2013,2013,cash_flow,FreeCashFlow,Free Cash Flow,money,5.739,5.369,6.447,mismatch,ours_derived_diff,,,,,,derived,CAD,
ALA,TSX,2012,2012,cash_flow,CapitalExpenditure,Capital Expenditure,money,-768.651,-821.46,6.429,mismatch,ours_derived_diff,,,,,,derived,,
DII.A,TSX,2011,2011,balance_sheet,Receivables,Total Receivables,money,403.664,431.38,6.425,mismatch,ours_derived_diff,,,,,,derived,USD,
GRN,TSX,2023,2023,income_statement,EBITDA,EBITDA,money,-26.773,-25.053,6.424,mismatch,ours_derived_diff,,,,,,derived,CAD,
MFI,TSX,2009,2009,cash_flow,ChangeInWorkingCapital,Change In Working Capital,money,-128.981,-120.711,6.412,mismatch,ours_fuzzy_suspect,,Change in non-cash operating working capital,-128.981,2011,fuzzy,mapped,CAD,
NFI,TSX,2012,2012,balance_sheet,LongTermDebtAndCapitalLeaseObligation,Long-Term Debt & Capital Lease Obligation,money,166.835,178.188,6.371,mismatch,ours_derived_diff,,,,,,derived,USD,
OGD,TSX,2025,2025,balance_sheet,Receivables,Total Receivables,money,30.622,32.703,6.363,mismatch,ours_derived_diff,,,,,,derived,CAD,
OGD,TSX,2015,2015,income_statement,EBIT,EBIT,money,-9.291,-8.7,6.361,mismatch,ours_derived_diff,,,,,,derived,CAD,
BRY,TSX,2014,2014,balance_sheet,LongTermDebtAndCapitalLeaseObligation,Long-Term Debt & Capital Lease Obligation,money,7.416586,7.92,6.356,mismatch,ours_derived_diff,,,,,,derived,CAD,
CDR,TSX,2022,2022,income_statement,EBITDA,EBITDA,money,-2.304,-2.158,6.337,mismatch,ours_derived_diff,,,,,,derived,CAD,
MRT.UN,TSX,2009,2009,balance_sheet,StockholdersEquity,Total Stockholders Equity,money,524.446,491.411,6.299,mismatch,ours_derived_diff,,,,,,derived,CAD,
MRT.UN,TSX,2009,2009,balance_sheet,TotalEquityGrossMinorityInterest,Total Equity,money,524.446,491.411,6.299,mismatch,ours_derived_diff,,,,,,derived,CAD,
LAS.A,TSX,2011,2011,balance_sheet,Receivables,Total Receivables,money,96.999,103.477,6.26,mismatch,ours_derived_diff,,,,,,derived,CAD,
ALA,TSX,2023,2023,income_statement,OperatingIncome,Operating Income,money,854.0,911.0,6.257,mismatch,ours_derived_diff,,,,,,derived,,
TXG,TSX,2013,2013,balance_sheet,CommonStock,Common Stock,money,735.024,784.0,6.247,mismatch,ours_derived_diff,,,,,,,USD,
DSG,TSX,2015,2015,income_statement,EBIT,EBIT,money,21.488,27.77,6.202,mismatch,ours_derived_diff,0.8249,,,,,derived,USD,CAD
LAS.A,TSX,2021,2021,balance_sheet,TotalEquityGrossMinorityInterest,Total Equity,money,922.599,865.507,6.188,mismatch,ours_derived_diff,,,,,,derived,CAD,
K,TSX,2015,2015,income_statement,EBIT,EBIT,money,-1139.4,-1068.928,6.185,mismatch,ours_derived_diff,,,,,,derived,USD,
OGD,TSX,2015,2015,balance_sheet,Receivables,Total Receivables,money,18.89,20.134,6.179,mismatch,ours_derived_diff,,,,,,derived,CAD,
ERD,TSX,2012,2012,cash_flow,FreeCashFlow,Free Cash Flow,money,-5.103987,-5.439,6.159,mismatch,ours_derived_diff,,,,,,derived,CAD,
CHR,TSX,2014,2014,balance_sheet,LongTermDebtAndCapitalLeaseObligation,Long-Term Debt & Capital Lease Obligation,money,368.682,392.585,6.089,mismatch,ours_derived_diff,,,,,,derived,CAD,
DII.A,TSX,2022,2022,balance_sheet,OtherCurrentAssets,Other Current Assets,money,32.244,41.138,6.085,mismatch,ours_derived_diff,0.7361,,,,,derived,USD,CAD
LAS.A,TSX,2012,2012,cash_flow,CapitalExpenditure,Capital Expenditure,money,-25.432,-27.079,6.082,mismatch,ours_derived_diff,,,,,,derived,CAD,
CVVY,TSX,2022,2022,income_statement,GrossProfit,Gross Profit,money,412.399,387.385,6.065,mismatch,ours_derived_diff,,,,,,derived,CAD,
LAS.A,TSX,2022,2022,balance_sheet,TotalEquityGrossMinorityInterest,Total Equity,money,997.968,937.567,6.052,mismatch,ours_derived_diff,,,,,,derived,CAD,
MFI,TSX,2022,2022,cash_flow,NetIssuancePaymentsOfDebt,Net Issuance of Debt,money,447.045,420.001,6.05,mismatch,ours_derived_diff,,,,,,derived,CAD,
SWP,TSX,2015,2015,balance_sheet,Receivables,Total Receivables,money,7.662,7.2,6.03,mismatch,ours_derived_diff,,,,,,derived,CAD,
TXG,TSX,2013,2013,income_statement,DepreciationAmortizationDepletion,"Depreciation, Depletion and Amortization",money,0.795,0.846,6.028,mismatch,ours_derived_diff,,,,,,derived,USD,
TXG,TSX,2013,2013,cash_flow,ChangeInWorkingCapital,Change In Working Capital,money,-0.406,-0.432,6.019,mismatch,ours_derived_diff,,,,,,derived,USD,
WPK,TSX,2013,2013,income_statement,MinorityInterests,Other Income (Minority Interest),money,-0.688,-0.732,6.011,mismatch,ours_fuzzy_suspect,,Non-controlling interests,-1.376,2014,fuzzy,mapped,USD,
TXG,TSX,2013,2013,income_statement,OperatingIncome,Operating Income,money,-58.88,-62.642,6.006,mismatch,ours_derived_diff,,,,,,derived,USD,
TXG,TSX,2013,2013,income_statement,NetIncomeFromContinuingAndDiscontinuedOperation,Net Income Including Noncontrolling Interests,money,-66.971,-71.25,6.006,mismatch,ours_derived_diff,,,,,,,USD,
TXG,TSX,2013,2013,income_statement,NetIncomeContinuousOperations,Net Income (Continuing Operations),money,-66.971,-71.25,6.006,mismatch,ours_derived_diff,,,,,,derived,USD,
WPK,TSX,2013,2013,income_statement,GrossProfit,Gross Profit,money,208.083,221.38,6.006,mismatch,ours_derived_diff,,,,,,derived,USD,
WPK,TSX,2013,2013,income_statement,NetIncomeFromContinuingAndDiscontinuedOperation,Net Income Including Noncontrolling Interests,money,72.085,76.691,6.006,mismatch,ours_derived_diff,,,,,,,USD,
WPK,TSX,2013,2013,income_statement,NetIncomeContinuousOperations,Net Income (Continuing Operations),money,72.085,76.691,6.006,mismatch,ours_derived_diff,,,,,,derived,USD,
WPK,TSX,2013,2013,cash_flow,PurchaseOfPPE,"Purchase Of Property, Plant, Equipment",money,-51.224,-54.497,6.006,mismatch,ours_fuzzy_suspect,,"Acquisition of property, plant and equipment - net",-51.224,2014,fuzzy,mapped,USD,
WPK,TSX,2023,2023,balance_sheet,AccountsPayable,Accounts Payable & Accrued Expense,money,48.927,69.811,5.974,mismatch,ours_derived_diff,0.7454,,,,,from_notes,USD,CAD
ADW.A,TSX,2022,2022,balance_sheet,LongTermDebtAndCapitalLeaseObligation,Long-Term Debt & Capital Lease Obligation,money,192.065,204.258,5.969,mismatch,ours_derived_diff,,,,,,derived,CAD,
CHR,TSX,2022,2022,cash_flow,OperatingCashFlow,Cash Flow from Operations,money,297.122,279.512,5.927,mismatch,ours_derived_diff,,,,,,derived,CAD,
SFD,TSX,2021,2021,cash_flow,FreeCashFlow,Free Cash Flow,money,-1.033173,-1.098,5.904,mismatch,ours_derived_diff,,,,,,derived,CAD,
WPK,TSX,2022,2022,balance_sheet,Receivables,Total Receivables,money,220.616,282.042,5.894,mismatch,ours_derived_diff,0.7361,,,,,derived,USD,CAD
ADW.A,TSX,2020,2020,balance_sheet,GrossPPE,"Gross Property, Plant and Equipment",money,334.73,355.689,5.893,mismatch,ours_derived_diff,,,,,,from_notes,CAD,
DII.A,TSX,2008,2008,balance_sheet,Receivables,Total Receivables,money,316.267,414.603,5.891,mismatch,ours_derived_diff,0.8106,,,,,derived,USD,CAD
ERD,TSX,2014,2014,cash_flow,FreeCashFlow,Free Cash Flow,money,-2.325075,-2.47,5.867,mismatch,ours_derived_diff,,,,,,derived,CAD,
CHR,TSX,2019,2019,balance_sheet,CashCashEquivalentsAndShortTermInvestments,"Cash, Cash Equivalents, Marketable Securities",money,92.592,87.167,5.859,mismatch,ours_derived_diff,,,,,,derived,CAD,
MFI,TSX,2012,2012,balance_sheet,TotalNonCurrentAssets,Total Long-Term Assets,money,2297.437,2440.157,5.849,mismatch,ours_derived_diff,,,,,,derived,CAD,
DII.A,TSX,2023,2023,balance_sheet,LongTermDebtAndCapitalLeaseObligation,Long-Term Debt & Capital Lease Obligation,money,348.574,440.388,5.829,mismatch,ours_derived_diff,0.7454,,,,,derived,USD,CAD
MFI,TSX,2011,2011,income_statement,DilutedAverageShares,Shares Outstanding (Diluted Average),shares,150.57069,141.8,5.825,mismatch,ours_derived_diff,,,,,,derived,CAD,
WPK,TSX,2013,2013,balance_sheet,CommonStock,Common Stock,money,29.195,31.0,5.823,mismatch,ours_derived_diff,,,,,,,USD,
SFD,TSX,2020,2020,balance_sheet,StockholdersEquity,Total Stockholders Equity,money,22.090119,20.804,5.822,mismatch,ours_derived_diff,,,,,,derived,CAD,
SFD,TSX,2020,2020,balance_sheet,TotalEquityGrossMinorityInterest,Total Equity,money,22.090119,20.804,5.822,mismatch,ours_derived_diff,,,,,,derived,CAD,
BRY,TSX,2011,2011,income_statement,DilutedAverageShares,Shares Outstanding (Diluted Average),shares,15.511913,16.47,5.817,mismatch,ours_derived_diff,,,,,,derived,CAD,
ALA,TSX,2015,2015,cash_flow,CapitalExpenditure,Capital Expenditure,money,-613.5,-651.3,5.804,mismatch,ours_derived_diff,,,,,,derived,,
LAS.A,TSX,2012,2012,balance_sheet,Receivables,Total Receivables,money,103.792,110.184,5.801,mismatch,ours_derived_diff,,,,,,derived,CAD,
WPK,TSX,2012,2012,cash_flow,FreeCashFlow,Free Cash Flow,money,15.495,14.599,5.783,mismatch,ours_derived_diff,,,,,,derived,USD,
CDR,TSX,2017,2017,income_statement,EBITDA,EBITDA,money,-61.242,-64.99,5.767,mismatch,ours_derived_diff,,,,,,derived,CAD,
ADW.A,TSX,2024,2024,balance_sheet,LongTermDebtAndCapitalLeaseObligation,Long-Term Debt & Capital Lease Obligation,money,208.294,220.943,5.725,mismatch,ours_derived_diff,,,,,,derived,CAD,
BAMI,TSX,2025,2025,income_statement,NetIncome,Net Income,money,14.281,13.466,5.707,mismatch,ours_derived_diff,,,,,,derived,CAD,
SFD,TSX,2021,2021,balance_sheet,StockholdersEquity,Total Stockholders Equity,money,19.257181,18.159,5.703,mismatch,ours_derived_diff,,,,,,derived,CAD,
SFD,TSX,2021,2021,balance_sheet,TotalEquityGrossMinorityInterest,Total Equity,money,19.257181,18.159,5.703,mismatch,ours_derived_diff,,,,,,derived,CAD,
CHR,TSX,2016,2016,balance_sheet,CurrentDebtAndCapitalLeaseObligation,Short-Term Debt & Capital Lease Obligation,money,84.543,89.642,5.688,mismatch,ours_derived_diff,,,,,,derived,CAD,
SFD,TSX,2019,2019,income_statement,EBIT,EBIT,money,3.772908,4.0,5.677,mismatch,ours_derived_diff,,,,,,derived,CAD,
SFD,TSX,2018,2018,income_statement,EBITDA,EBITDA,money,-5.178244,-5.489,5.661,mismatch,ours_derived_diff,,,,,,derived,CAD,
RM,TSX,2025,2025,income_statement,EBIT,EBIT,money,-15.640609,-14.758,5.643,mismatch,ours_derived_diff,,,,,,derived,,
RM,TSX,2025,2025,income_statement,EBITDA,EBITDA,money,-15.640609,-14.758,5.643,mismatch,ours_derived_diff,,,,,,derived,,
DII.A,TSX,2009,2009,balance_sheet,TotalEquityGrossMinorityInterest,Total Equity,money,1102.838,1168.763,5.641,mismatch,ours_derived_diff,,,,,,derived,USD,
WPK,TSX,2019,2019,income_statement,EBIT,EBIT,money,151.26,211.096,5.638,mismatch,ours_derived_diff,0.7594,,,,,derived,USD,CAD
LAS.A,TSX,2021,2021,balance_sheet,CurrentDebtAndCapitalLeaseObligation,Short-Term Debt & Capital Lease Obligation,money,84.387,89.415,5.623,mismatch,ours_derived_diff,,,,,,derived,CAD,
WPK,TSX,2009,2009,balance_sheet,Receivables,Total Receivables,money,69.971,74.132,5.613,mismatch,ours_derived_diff,,,,,,derived,USD,
OGD,TSX,2018,2018,cash_flow,NetIncomeFromContinuingOperations,Net Income From Continuing Operations,money,4.484,4.233,5.598,mismatch,ours_derived_diff,,,,,,derived,CAD,
TXG,TSX,2024,2024,cash_flow,FinancingCashFlow,Cash Flow from Financing,money,50.6,76.364,5.597,mismatch,ours_derived_diff,0.7019,,,,,derived,USD,CAD
CHR,TSX,2017,2017,cash_flow,CapitalExpenditure,Capital Expenditure,money,-533.209,-564.696,5.576,mismatch,ours_derived_diff,,,,,,derived,CAD,
BRY,TSX,2012,2012,balance_sheet,LongTermDebtAndCapitalLeaseObligation,Long-Term Debt & Capital Lease Obligation,money,9.45735,10.014,5.559,mismatch,ours_derived_diff,,,,,,derived,CAD,
CPX,TSX,2024,2024,income_statement,CostOfRevenue,Cost of Goods Sold,money,1688.0,1787.0,5.54,mismatch,ours_derived_diff,,,,,,derived,CAD,
CPX,TSX,2022,2022,balance_sheet,CashCashEquivalentsAndShortTermInvestments,"Cash, Cash Equivalents, Marketable Securities",money,307.0,290.0,5.537,mismatch,ours_derived_diff,,,,,,derived,CAD,
CDR,TSX,2017,2017,income_statement,EBIT,EBIT,money,-64.084,-67.832,5.525,mismatch,ours_derived_diff,,,,,,derived,CAD,
ELD,TSX,2013,2013,balance_sheet,CashCashEquivalentsAndShortTermInvestments,"Cash, Cash Equivalents, Marketable Securities",money,593.567,668.415,5.523,mismatch,ours_derived_diff,0.9399,,,,,derived,USD,CAD
ADW.A,TSX,2010,2010,balance_sheet,Receivables,Total Receivables,money,22.902,24.229,5.477,mismatch,ours_derived_diff,,,,,,derived,CAD,
MFI,TSX,2008,2008,cash_flow,NetIssuancePaymentsOfDebt,Net Issuance of Debt,money,415.0,392.285,5.473,mismatch,ours_derived_diff,,,,,,derived,CAD,
HMM.A,TSX,2010,2010,cash_flow,FreeCashFlow,Free Cash Flow,money,1.539,1.455,5.458,mismatch,ours_derived_diff,,,,,,derived,CAD,
ELD,TSX,2010,2010,income_statement,OperatingIncome,Operating Income,money,301.278,318.657,5.454,mismatch,ours_derived_diff,,,,,,derived,USD,
LAS.A,TSX,2015,2015,balance_sheet,Receivables,Total Receivables,money,141.882,150.056,5.447,mismatch,ours_derived_diff,,,,,,derived,CAD,
SFD,TSX,2016,2016,income_statement,EBIT,EBIT,money,-8.725051,-8.251,5.433,mismatch,ours_derived_diff,,,,,,derived,CAD,
TPX.B,TSX,2012,2012,income_statement,DepreciationAmortizationDepletion,"Depreciation, Depletion and Amortization",money,285.4,269.918,5.425,mismatch,ours_derived_diff,,,,,,derived,CAD,
CHR,TSX,2015,2015,balance_sheet,LongTermDebtAndCapitalLeaseObligation,Long-Term Debt & Capital Lease Obligation,money,530.39,560.763,5.416,mismatch,ours_derived_diff,,,,,,derived,CAD,
HMM.A,TSX,2009,2009,cash_flow,FreeCashFlow,Free Cash Flow,money,-1.119,-1.183,5.41,mismatch,ours_derived_diff,,,,,,derived,CAD,
ERD,TSX,2013,2013,income_statement,EBITDA,EBITDA,money,-2.740126,-2.592,5.406,mismatch,ours_derived_diff,,,,,,derived,CAD,
LAS.A,TSX,2019,2019,cash_flow,CapitalExpenditure,Capital Expenditure,money,-37.766,-39.914,5.382,mismatch,ours_derived_diff,,,,,,derived,CAD,
HMM.A,TSX,2021,2021,balance_sheet,CurrentDebtAndCapitalLeaseObligation,Short-Term Debt & Capital Lease Obligation,money,17.508,18.503,5.378,mismatch,ours_derived_diff,,,,,,derived,CAD,
WPK,TSX,2010,2010,income_statement,EBIT,EBIT,money,75.44,79.726,5.376,mismatch,ours_derived_diff,,,,,,derived,USD,
CPX,TSX,2023,2023,balance_sheet,Receivables,Total Receivables,money,747.0,707.0,5.355,mismatch,ours_derived_diff,,,,,,derived,CAD,
K,TSX,2016,2016,income_statement,OtherIncomeExpense,Other Income (Expense),money,22.5,28.412,5.334,mismatch,ours_fuzzy_suspect,0.7497,Other income (expense) -­‐ net Note 7,22.5,2018,fuzzy,mapped,FX x1.06,CAD
ERD,TSX,2013,2013,income_statement,EBIT,EBIT,money,-2.769213,-2.622,5.316,mismatch,ours_derived_diff,,,,,,derived,CAD,
CPX,TSX,2018,2018,balance_sheet,Receivables,Total Receivables,money,438.0,415.0,5.251,mismatch,ours_derived_diff,,,,,,derived,CAD,
TFPM,TSX,2022,2022,income_statement,EBIT,EBIT,money,59.875,85.84,5.242,mismatch,ours_derived_diff,0.7361,,,,,derived,USD,CAD
ALA,TSX,2014,2014,cash_flow,CapitalExpenditure,Capital Expenditure,money,-519.9,-548.6,5.231,mismatch,ours_derived_diff,,,,,,derived,,
DSG,TSX,2021,2021,income_statement,EBITDA,EBITDA,money,126.274,169.519,5.212,mismatch,ours_derived_diff,0.7859,,,,,derived,USD,CAD
BRY,TSX,2010,2010,cash_flow,CapitalExpenditure,Capital Expenditure,money,-0.508142,-0.536,5.197,mismatch,ours_derived_diff,,,,,,derived,CAD,
HMM.A,TSX,2013,2013,cash_flow,CapitalExpenditure,Capital Expenditure,money,-1.266,-1.335,5.169,mismatch,ours_derived_diff,,,,,,derived,CAD,
GRN,TSX,2024,2024,cash_flow,ChangeInWorkingCapital,Change In Working Capital,money,7.885,8.314,5.16,mismatch,ours_fuzzy_suspect,,Net change in non-cash working capital (note 27),7.885,2025,fuzzy,mapped,CAD,
WPK,TSX,2010,2010,cash_flow,FreeCashFlow,Free Cash Flow,money,39.075,37.06,5.157,mismatch,ours_derived_diff,,,,,,derived,USD,
K,TSX,2020,2020,cash_flow,OperatingCashFlow,Cash Flow from Operations,money,2064.0,2507.49,5.155,mismatch,ours_fuzzy_suspect,0.7807,Cash flow provided from operating activities,2064.0,2022,fuzzy,mapped,FX x1.06,CAD
DII.A,TSX,2024,2024,balance_sheet,TotalNonCurrentLiabilities,Total Long-Term Liabilities,money,117.531,176.543,5.152,mismatch,ours_derived_diff,0.7019,,,,,derived,USD,CAD
LAS.A,TSX,2017,2017,balance_sheet,Receivables,Total Receivables,money,131.636,138.743,5.122,mismatch,ours_derived_diff,,,,,,derived,CAD,
DSG,TSX,2019,2019,income_statement,EBIT,EBIT,money,39.51,55.379,5.112,mismatch,ours_derived_diff,0.7519,,,,,derived,USD,CAD
OGD,TSX,2015,2015,income_statement,OperatingIncome,Operating Income,money,-9.291,-8.816,5.112,mismatch,ours_derived_diff,,,,,,derived,CAD,
DII.A,TSX,2009,2009,balance_sheet,CashCashEquivalentsAndShortTermInvestments,"Cash, Cash Equivalents, Marketable Securities",money,19.847,20.913,5.097,mismatch,ours_derived_diff,,,,,,derived,USD,
ELD,TSX,2009,2009,cash_flow,ChangeInWorkingCapital,Change In Working Capital,money,45.059,47.479,5.097,mismatch,ours_fuzzy_suspect,,Changes in non-cash working capital (note 18),45.059,2011,fuzzy,mapped,USD,
K,TSX,2009,2009,cash_flow,FreeCashFlow,Free Cash Flow,money,304.4,320.747,5.097,mismatch,ours_derived_diff,,,,,,derived,USD,
WPK,TSX,2009,2009,balance_sheet,CashCashEquivalentsAndShortTermInvestments,"Cash, Cash Equivalents, Marketable Securities",money,61.164,64.449,5.097,mismatch,ours_derived_diff,,,,,,derived,USD,
DII.A,TSX,2009,2009,income_statement,NetIncomeFromContinuingAndDiscontinuedOperation,Net Income Including Noncontrolling Interests,money,107.234,112.992,5.096,mismatch,ours_derived_diff,,,,,,,USD,
DII.A,TSX,2009,2009,income_statement,NetIncomeContinuousOperations,Net Income (Continuing Operations),money,107.234,112.992,5.096,mismatch,ours_derived_diff,,,,,,derived,USD,
DII.A,TSX,2009,2009,cash_flow,RepurchaseOfCapitalStock,Repurchase of Stock,money,-10.504,-11.068,5.096,mismatch,ours_fuzzy_suspect,,Share repurchase (Note 17),-10.504,2011,fuzzy,mapped,USD,
DII.A,TSX,2009,2009,cash_flow,PurchaseOfBusiness,Purchase Of Business,money,-21.661,-22.824,5.096,mismatch,ours_fuzzy_suspect,,Acquisition of businesses (Notes 4 and 26),-21.661,2011,fuzzy,mapped,USD,
ELD,TSX,2009,2009,income_statement,DepreciationAmortizationDepletion,"Depreciation, Depletion and Amortization",money,38.658,40.734,5.096,mismatch,ours_derived_diff,,,,,,,USD,
ELD,TSX,2009,2009,balance_sheet,CashCashEquivalentsAndShortTermInvestments,"Cash, Cash Equivalents, Marketable Securities",money,279.32,294.319,5.096,mismatch,ours_derived_diff,,,,,,derived,USD,
ELD,TSX,2009,2009,balance_sheet,TotalEquityGrossMinorityInterest,Total Equity,money,2666.754,2809.959,5.096,mismatch,ours_derived_diff,,,,,,derived,USD,
ELD,TSX,2009,2009,cash_flow,CashDividendsPaid,Cash Flow for Dividends,money,-0.149,-0.157,5.096,mismatch,ours_fuzzy_suspect,,Dividend paid to non-controlling interest,-0.149,2011,fuzzy,mapped,USD,
K,TSX,2009,2009,balance_sheet,CurrentDebtAndCapitalLeaseObligation,Short-Term Debt & Capital Lease Obligation,money,177.0,186.505,5.096,mismatch,ours_derived_diff,,,,,,derived,USD,
K,TSX,2009,2009,balance_sheet,LongTermDebtAndCapitalLeaseObligation,Long-Term Debt & Capital Lease Obligation,money,475.8,501.35,5.096,mismatch,ours_derived_diff,,,,,,derived,USD,
K,TSX,2009,2009,cash_flow,NetIncomeFromContinuingOperations,Net Income From Continuing Operations,money,309.9,326.542,5.096,mismatch,ours_derived_diff,,,,,,derived,USD,
K,TSX,2009,2009,cash_flow,DepreciationAndAmortization,"Cash Flow Depreciation, Depletion and Amortization",money,447.3,471.32,5.096,mismatch,ours_derived_diff,,,,,,,USD,
K,TSX,2009,2009,cash_flow,OperatingCashFlow,Cash Flow from Operations,money,785.6,827.787,5.096,mismatch,ours_fuzzy_suspect,,Cash flow provided from operating activities,785.6,2011,fuzzy,mapped,USD,
K,TSX,2009,2009,cash_flow,PurchaseOfPPE,"Purchase Of Property, Plant, Equipment",money,-481.2,-507.04,5.096,mismatch,ours_fuzzy_suspect,,"Additions to property, plant and equipment Note 15",-481.2,2011,fuzzy,mapped,USD,
K,TSX,2009,2009,cash_flow,CapitalExpenditure,Capital Expenditure,money,-481.2,-507.04,5.096,mismatch,ours_derived_diff,,,,,,derived,USD,
K,TSX,2009,2009,cash_flow,NetIssuancePaymentsOfDebt,Net Issuance of Debt,money,-248.2,-261.528,5.096,mismatch,ours_derived_diff,,,,,,derived,USD,
ELD,TSX,2009,2009,income_statement,TaxProvision,Tax Provision,money,-41.89,-44.139,5.095,mismatch,ours_fuzzy_suspect,,Income tax (expense) recovery total,-41.89,2011,fuzzy,mapped,USD,
CVVY,TSX,2018,2018,cash_flow,FreeCashFlow,Free Cash Flow,money,-8.91,-9.388,5.092,mismatch,ours_derived_diff,,,,,,derived,CAD,
FTS,TSX,2012,2012,balance_sheet,LongTermDebtAndCapitalLeaseObligation,Long-Term Debt & Capital Lease Obligation,money,5900.0,6216.0,5.084,mismatch,ours_derived_diff,,,,,,derived,CAD,
DII.A,TSX,2018,2018,income_statement,EBITDA,EBITDA,money,-395.061,-559.21,5.079,mismatch,ours_derived_diff,0.7443,,,,,derived,USD,CAD
DII.A,TSX,2012,2012,balance_sheet,LongTermDebtAndCapitalLeaseObligation,Long-Term Debt & Capital Lease Obligation,money,331.49,314.727,5.057,mismatch,ours_derived_diff,,,,,,derived,USD,
LAS.A,TSX,2018,2018,cash_flow,CapitalExpenditure,Capital Expenditure,money,-33.667,-35.443,5.011,mismatch,ours_derived_diff,,,,,,derived,CAD,
CPX,TSX,2025,2025,income_statement,CostOfRevenue,Cost of Goods Sold,money,1996.0,2101.0,4.998,mismatch,ours_derived_diff,,,,,,derived,CAD,
DSG,TSX,2010,2010,income_statement,CostOfRevenue,Cost of Goods Sold,money,22.983,24.187,4.978,mismatch,ours_fuzzy_suspect,,COST OF REVENUES,22.983,2011,fuzzy,mapped,USD,
ERD,TSX,2013,2013,income_statement,PretaxIncome,Pretax Income,money,-2.760423,-2.623,4.978,mismatch,ours_derived_diff,,,,,,derived,CAD,
K,TSX,2020,2020,income_statement,EBIT,EBIT,money,1794.2,2418.467,4.973,mismatch,ours_derived_diff,0.7807,,,,,derived,FX x1.06,CAD
ERD,TSX,2019,2019,income_statement,EBITDA,EBITDA,money,-2.614532,-2.485,4.954,mismatch,ours_derived_diff,,,,,,derived,CAD,
CHR,TSX,2017,2017,balance_sheet,CurrentDebtAndCapitalLeaseObligation,Short-Term Debt & Capital Lease Obligation,money,118.567,124.746,4.953,mismatch,ours_derived_diff,,,,,,derived,CAD,
BRY,TSX,2009,2009,cash_flow,CapitalExpenditure,Capital Expenditure,money,-0.679688,-0.715,4.939,mismatch,ours_derived_diff,,,,,,derived,CAD,
CHR,TSX,2014,2014,cash_flow,FreeCashFlow,Free Cash Flow,money,144.354,137.224,4.939,mismatch,ours_derived_diff,,,,,,derived,CAD,
ELD,TSX,2025,2025,cash_flow,CapitalExpenditure,Capital Expenditure,money,-866.362,-1257.118,4.93,mismatch,ours_derived_diff,0.7249,,,,,derived,USD,CAD
SFD,TSX,2021,2021,income_statement,DilutedAverageShares,Shares Outstanding (Diluted Average),shares,62.47598,65.7,4.907,mismatch,ours_derived_diff,,,,,,derived,CAD,
ERD,TSX,2019,2019,income_statement,EBIT,EBIT,money,-2.64678,-2.517,4.903,mismatch,ours_derived_diff,,,,,,derived,CAD,
LAS.A,TSX,2008,2008,income_statement,EBIT,EBIT,money,39.769,41.818,4.9,mismatch,ours_derived_diff,,,,,,derived,CAD,
ELD,TSX,2024,2024,cash_flow,CapitalExpenditure,Capital Expenditure,money,-594.142,-889.872,4.877,mismatch,ours_derived_diff,0.7019,,,,,derived,USD,CAD
CPX,TSX,2014,2014,balance_sheet,Receivables,Total Receivables,money,185.0,176.0,4.865,mismatch,ours_derived_diff,,,,,,derived,CAD,
CPX,TSX,2009,2009,balance_sheet,CurrentDebtAndCapitalLeaseObligation,Short-Term Debt & Capital Lease Obligation,money,235.0,247.0,4.858,mismatch,ours_derived_diff,,,,,,derived,CAD,
CPX,TSX,2010,2010,balance_sheet,CurrentDebtAndCapitalLeaseObligation,Short-Term Debt & Capital Lease Obligation,money,247.0,235.0,4.858,mismatch,ours_derived_diff,,,,,,derived,CAD,
SFD,TSX,2019,2019,balance_sheet,Receivables,Total Receivables,money,1.795538,1.709,4.82,mismatch,ours_derived_diff,,,,,,derived,CAD,
SWP,TSX,2014,2014,income_statement,EBITDA,EBITDA,money,5.633,5.918,4.816,mismatch,ours_derived_diff,,,,,,derived,CAD,
WPK,TSX,2023,2023,balance_sheet,Receivables,Total Receivables,money,222.625,284.312,4.809,mismatch,ours_derived_diff,0.7454,,,,,derived,USD,CAD
ELD,TSX,2018,2018,income_statement,DilutedAverageShares,Shares Outstanding (Diluted Average),shares,166.504825,158.509,4.802,mismatch,ours_derived_diff,0.7443,,,,,derived,USD,CAD
DII.A,TSX,2022,2022,cash_flow,FreeCashFlow,Free Cash Flow,money,-152.946,-218.255,4.801,mismatch,ours_derived_diff,0.7361,,,,,derived,USD,CAD
K,TSX,2019,2019,income_statement,EBITDA,EBITDA,money,1687.2,2333.547,4.786,mismatch,ours_derived_diff,0.7594,,,,,derived,FX x1.06,CAD
MFI,TSX,2008,2008,balance_sheet,CurrentDebtAndCapitalLeaseObligation,Short-Term Debt & Capital Lease Obligation,money,179.244,188.138,4.727,mismatch,ours_derived_diff,,,,,,derived,CAD,
K,TSX,2025,2025,income_statement,EBIT,EBIT,money,3121.7,4519.932,4.725,mismatch,ours_derived_diff,0.7249,,,,,derived,FX x1.06,CAD
OGD,TSX,2016,2016,balance_sheet,Receivables,Total Receivables,money,21.339,22.397,4.724,mismatch,ours_derived_diff,,,,,,derived,CAD,
SFD,TSX,2019,2019,balance_sheet,StockholdersEquity,Total Stockholders Equity,money,28.001724,26.685,4.702,mismatch,ours_derived_diff,,,,,,derived,CAD,
SFD,TSX,2019,2019,balance_sheet,TotalEquityGrossMinorityInterest,Total Equity,money,28.001724,26.685,4.702,mismatch,ours_derived_diff,,,,,,derived,CAD,
ADW.A,TSX,2025,2025,balance_sheet,GrossPPE,"Gross Property, Plant and Equipment",money,392.839,412.207,4.699,mismatch,ours_derived_diff,,,,,,from_notes,CAD,
TXG,TSX,2013,2013,balance_sheet,Receivables,Total Receivables,money,0.224,0.235,4.681,mismatch,ours_derived_diff,,,,,,derived,USD,
ADW.A,TSX,2023,2023,balance_sheet,LongTermDebtAndCapitalLeaseObligation,Long-Term Debt & Capital Lease Obligation,money,208.089,218.294,4.675,mismatch,ours_derived_diff,,,,,,derived,CAD,
SFD,TSX,2023,2023,balance_sheet,Receivables,Total Receivables,money,1.918352,1.829,4.658,mismatch,ours_derived_diff,,,,,,derived,CAD,
GRN,TSX,2022,2022,income_statement,EBIT,EBIT,money,-5.13,-5.38,4.647,mismatch,ours_derived_diff,,,,,,derived,CAD,
ADW.A,TSX,2021,2021,balance_sheet,GrossPPE,"Gross Property, Plant and Equipment",money,350.027,367.038,4.635,mismatch,ours_derived_diff,,,,,,from_notes,CAD,
ALA,TSX,2016,2016,cash_flow,CapitalExpenditure,Capital Expenditure,money,-507.2,-531.6,4.59,mismatch,ours_derived_diff,,,,,,derived,,
DII.A,TSX,2010,2010,balance_sheet,Receivables,Total Receivables,money,356.507,373.605,4.576,mismatch,ours_derived_diff,,,,,,derived,USD,
TXG,TSX,2011,2011,cash_flow,FreeCashFlow,Free Cash Flow,money,-33.856,-35.476,4.566,mismatch,ours_derived_diff,,,,,,derived,USD,
CVVY,TSX,2022,2022,cash_flow,PurchaseOfPPE,"Purchase Of Property, Plant, Equipment",money,-37.725,-39.526,4.556,mismatch,ours_fuzzy_suspect,,"Additions to property, plant and equipment (Note 7)",-37.725,2024,fuzzy,mapped,CAD,
CVVY,TSX,2022,2022,cash_flow,CapitalExpenditure,Capital Expenditure,money,-37.725,-39.526,4.556,mismatch,ours_derived_diff,,,,,,derived,CAD,
CDR,TSX,2022,2022,income_statement,EBIT,EBIT,money,-3.206,-3.06,4.554,mismatch,ours_derived_diff,,,,,,derived,CAD,
DII.A,TSX,2018,2018,income_statement,EBIT,EBIT,money,-445.467,-626.936,4.531,mismatch,ours_derived_diff,0.7443,,,,,derived,USD,CAD
SWP,TSX,2013,2013,balance_sheet,Receivables,Total Receivables,money,5.208,4.972,4.531,mismatch,ours_derived_diff,,,,,,derived,CAD,
ALA,TSX,2019,2019,cash_flow,FreeCashFlow,Free Cash Flow,money,-685.5,-718.0,4.526,mismatch,ours_derived_diff,,,,,,derived,,
POW,TSX,2023,2022,cash_flow,EndCashPosition,Ending Cash Position,money,10312.0,9848.0,4.5,mismatch,ours_derived_diff,,,,,,derived,CAD,
K,TSX,2009,2009,balance_sheet,TotalEquityGrossMinorityInterest,Total Equity,money,5692.4,5960.043,4.491,mismatch,ours_derived_diff,,,,,,derived,USD,
K,TSX,2024,2024,income_statement,EBIT,EBIT,money,1463.2,2182.498,4.485,mismatch,ours_derived_diff,0.7019,,,,,derived,FX x1.06,CAD
BRY,TSX,2012,2012,balance_sheet,TotalEquityGrossMinorityInterest,Total Equity,money,54.141586,51.729,4.456,mismatch,ours_derived_diff,,,,,,derived,CAD,
BRY,TSX,2015,2015,balance_sheet,LongTermDebtAndCapitalLeaseObligation,Long-Term Debt & Capital Lease Obligation,money,7.765308,8.126,4.439,mismatch,ours_derived_diff,,,,,,derived,CAD,
FTS,TSX,2013,2013,income_statement,PretaxIncome,Pretax Income,money,452.0,432.0,4.425,mismatch,ours_derived_diff,,,,,,derived,CAD,
SWP,TSX,2023,2023,income_statement,DilutedAverageShares,Shares Outstanding (Diluted Average),shares,8.8,9.206,4.41,mismatch,ours_derived_diff,,,,,,derived,CAD,
HMM.A,TSX,2014,2014,balance_sheet,AccountsReceivable,Accounts Receivable,money,14.654,14.008,4.408,mismatch,ours_fuzzy_suspect,,Trade and other receivables 4 & 24,14.654,2016,fuzzy,mapped,CAD,
VRTS,TSX,2022,2022,cash_flow,FreeCashFlow,Free Cash Flow,money,-5.485104,-5.738,4.407,mismatch,ours_derived_diff,,,,,,derived,CAD,
CPX,TSX,2021,2021,balance_sheet,CashCashEquivalentsAndShortTermInvestments,"Cash, Cash Equivalents, Marketable Securities",money,387.0,370.0,4.393,mismatch,ours_derived_diff,,,,,,derived,CAD,
FTS,TSX,2015,2015,balance_sheet,TotalEquityGrossMinorityInterest,Total Equity,money,10826.0,10353.0,4.369,mismatch,ours_derived_diff,,,,,,derived,CAD,
PZA,TSX,2014,2014,cash_flow,FreeCashFlow,Free Cash Flow,money,26.091,24.955,4.354,mismatch,ours_derived_diff,,,,,,derived,CAD,
FTS,TSX,2013,2013,balance_sheet,LongTermDebtAndCapitalLeaseObligation,Long-Term Debt & Capital Lease Obligation,money,7204.0,6891.0,4.345,mismatch,ours_derived_diff,,,,,,derived,CAD,
SWP,TSX,2016,2016,balance_sheet,Receivables,Total Receivables,money,12.231,11.707,4.284,mismatch,ours_derived_diff,,,,,,derived,CAD,
TXG,TSX,2015,2015,cash_flow,CapitalExpenditure,Capital Expenditure,money,-316.581,-453.525,4.277,mismatch,ours_derived_diff,0.7292,,,,,derived,USD,CAD
SFD,TSX,2018,2018,income_statement,EBIT,EBIT,money,-6.968511,-7.279,4.266,mismatch,ours_derived_diff,,,,,,derived,CAD,
TXG,TSX,2010,2010,income_statement,EBIT,EBIT,money,-17.348843,-18.122,4.266,mismatch,ours_derived_diff,,,,,,derived,USD,
HMM.A,TSX,2021,2021,cash_flow,FreeCashFlow,Free Cash Flow,money,2.817,2.697,4.26,mismatch,ours_derived_diff,,,,,,derived,CAD,
BRY,TSX,2009,2009,balance_sheet,Receivables,Total Receivables,money,31.172888,32.554,4.243,mismatch,ours_derived_diff,,,,,,derived,CAD,
HMM.A,TSX,2021,2021,balance_sheet,OtherCurrentAssets,Other Current Assets,money,1.799,1.723,4.225,mismatch,ours_derived_diff,,,,,,derived,CAD,
CHR,TSX,2023,2023,income_statement,NetIncomeContinuousOperations,Net Income (Continuing Operations),money,106.106,101.63,4.218,mismatch,ours_derived_diff,,,,,,derived,CAD,
NFI,TSX,2020,2020,balance_sheet,Receivables,Total Receivables,money,426.408,570.214,4.214,mismatch,ours_derived_diff,0.7807,,,,,derived,USD,CAD
DSG,TSX,2010,2010,income_statement,NetIncomeFromContinuingAndDiscontinuedOperation,Net Income Including Noncontrolling Interests,money,14.35,14.979,4.199,mismatch,ours_derived_diff,,,,,,,USD,
DSG,TSX,2010,2010,income_statement,NetIncomeContinuousOperations,Net Income (Continuing Operations),money,14.35,14.979,4.199,mismatch,ours_derived_diff,,,,,,derived,USD,
DSG,TSX,2010,2010,balance_sheet,CashCashEquivalentsAndShortTermInvestments,"Cash, Cash Equivalents, Marketable Securities",money,94.625,98.77,4.197,mismatch,ours_derived_diff,,,,,,derived,USD,
DSG,TSX,2010,2010,balance_sheet,TotalEquityGrossMinorityInterest,Total Equity,money,187.872,196.101,4.196,mismatch,ours_derived_diff,,,,,,derived,USD,
DSG,TSX,2010,2010,cash_flow,FreeCashFlow,Free Cash Flow,money,14.909,15.562,4.196,mismatch,ours_derived_diff,,,,,,derived,USD,
MRT.UN,TSX,2011,2011,balance_sheet,Receivables,Total Receivables,money,8.851,8.48,4.192,mismatch,ours_derived_diff,,,,,,derived,CAD,
ADW.A,TSX,2026,2026,balance_sheet,GrossPPE,"Gross Property, Plant and Equipment",money,401.178,418.723,4.19,mismatch,ours_derived_diff,,,,,,from_notes,CAD,
TXG,TSX,2017,2017,cash_flow,ChangeInWorkingCapital,Change In Working Capital,money,-19.1,-23.367,4.19,mismatch,ours_derived_diff,0.7831,,,,,derived,USD,CAD
DSG,TSX,2010,2010,cash_flow,CapitalExpenditure,Capital Expenditure,money,-1.626,-1.697,4.184,mismatch,ours_derived_diff,,,,,,derived,USD,
ELD,TSX,2014,2014,cash_flow,CashDividendsPaid,Cash Flow for Dividends,money,-12.466,-15.003,4.18,mismatch,ours_fuzzy_suspect,0.8672,Dividend paid to non-controlling interests,-12.466,2016,fuzzy,mapped,USD,CAD
ADW.A,TSX,2015,2015,cash_flow,CapitalExpenditure,Capital Expenditure,money,-8.466,-8.835,4.177,mismatch,ours_derived_diff,,,,,,derived,CAD,
LAS.A,TSX,2022,2022,balance_sheet,CurrentDebtAndCapitalLeaseObligation,Short-Term Debt & Capital Lease Obligation,money,100.821,105.209,4.171,mismatch,ours_derived_diff,,,,,,derived,CAD,
ELD,TSX,2023,2023,cash_flow,NetIncomeFromContinuingOperations,Net Income From Continuing Operations,money,101.383,141.928,4.166,mismatch,ours_derived_diff,0.7454,,,,,derived,USD,CAD
ADW.A,TSX,2024,2024,balance_sheet,GrossPPE,"Gross Property, Plant and Equipment",money,394.191,411.184,4.133,mismatch,ours_derived_diff,,,,,,from_notes,CAD,
WPK,TSX,2017,2017,balance_sheet,AccountsPayable,Accounts Payable & Accrued Expense,money,36.123,48.111,4.127,mismatch,ours_derived_diff,0.7831,,,,,from_notes,USD,CAD
ELD,TSX,2019,2019,cash_flow,ChangeInWorkingCapital,Change In Working Capital,money,15.256,20.955,4.125,mismatch,ours_fuzzy_suspect,0.7594,Changes in non-cash working capital 23,15.256,2020,fuzzy,mapped,USD,CAD
WPK,TSX,2010,2010,income_statement,NetIncomeFromContinuingAndDiscontinuedOperation,Net Income Including Noncontrolling Interests,money,57.07,54.719,4.12,mismatch,ours_derived_diff,,,,,,,USD,
WPK,TSX,2010,2010,income_statement,NetIncomeContinuousOperations,Net Income (Continuing Operations),money,57.07,54.719,4.12,mismatch,ours_derived_diff,,,,,,derived,USD,
ALA,TSX,2017,2017,cash_flow,CapitalExpenditure,Capital Expenditure,money,-473.0,-493.3,4.115,mismatch,ours_derived_diff,,,,,,derived,,
HMM.A,TSX,2014,2014,cash_flow,CapitalExpenditure,Capital Expenditure,money,-1.935,-2.018,4.113,mismatch,ours_derived_diff,,,,,,derived,CAD,
CPX,TSX,2022,2022,balance_sheet,Receivables,Total Receivables,money,949.0,910.0,4.11,mismatch,ours_derived_diff,,,,,,derived,CAD,
DII.A,TSX,2019,2019,balance_sheet,LongTermDebtAndCapitalLeaseObligation,Long-Term Debt & Capital Lease Obligation,money,589.905,744.933,4.108,mismatch,ours_derived_diff,0.7594,,,,,derived,USD,CAD
WPK,TSX,2022,2022,income_statement,EBIT,EBIT,money,167.672,237.541,4.108,mismatch,ours_derived_diff,0.7361,,,,,derived,USD,CAD
TPX.B,TSX,2010,2010,balance_sheet,TotalEquityGrossMinorityInterest,Total Equity,money,7581.7,7906.125,4.103,mismatch,ours_derived_diff,,,,,,derived,CAD,
ALA,TSX,2018,2018,income_statement,OperatingIncome,Operating Income,money,-461.2,-442.3,4.098,mismatch,ours_derived_diff,,,,,,derived,,
SWP,TSX,2012,2012,balance_sheet,Receivables,Total Receivables,money,4.131,3.962,4.091,mismatch,ours_derived_diff,,,,,,derived,CAD,
TFPM,TSX,2024,2024,income_statement,DilutedAverageShares,Shares Outstanding (Diluted Average),shares,209.854545,201.304,4.075,mismatch,ours_derived_diff,0.7019,,,,,derived,USD,CAD
K,TSX,2019,2019,cash_flow,PurchaseOfPPE,"Purchase Of Property, Plant, Equipment",money,-1105.2,-1396.177,4.072,mismatch,ours_fuzzy_suspect,0.7594,"Additions to property, plant and equipment",-1105.2,2020,fuzzy,mapped,FX x1.06,CAD
K,TSX,2019,2019,cash_flow,CapitalExpenditure,Capital Expenditure,money,-1105.2,-1396.177,4.072,mismatch,ours_derived_diff,0.7594,,,,,derived,FX x1.06,CAD
CHR,TSX,2018,2018,cash_flow,OperatingCashFlow,Cash Flow from Operations,money,249.381,239.233,4.069,mismatch,ours_derived_diff,,,,,,derived,CAD,
CPX,TSX,2010,2010,balance_sheet,TotalNonCurrentAssets,Total Long-Term Assets,money,4550.0,4742.0,4.049,mismatch,ours_derived_diff,,,,,,derived,CAD,
LAS.A,TSX,2016,2016,balance_sheet,Receivables,Total Receivables,money,137.924,143.741,4.047,mismatch,ours_derived_diff,,,,,,derived,CAD,
HMM.A,TSX,2013,2013,balance_sheet,AccountsReceivable,Accounts Receivable,money,11.943,11.46,4.044,mismatch,ours_fuzzy_suspect,,Trade and other receivables 4 & 24,11.943,2015,fuzzy,mapped,CAD,
TXG,TSX,2012,2012,balance_sheet,CashCashEquivalentsAndShortTermInvestments,"Cash, Cash Equivalents, Marketable Securities",money,401.114,417.957,4.03,mismatch,ours_derived_diff,,,,,,derived,USD,
SWP,TSX,2014,2014,balance_sheet,Receivables,Total Receivables,money,7.829,7.514,4.024,mismatch,ours_derived_diff,,,,,,derived,CAD,
TXG,TSX,2017,2017,income_statement,DepreciationAmortizationDepletion,"Depreciation, Depletion and Amortization",money,81.2,108.026,4.019,mismatch,ours_derived_diff,0.7831,,,,,,USD,CAD
WPK,TSX,2024,2024,balance_sheet,Receivables,Total Receivables,money,238.523,326.185,4.013,mismatch,ours_derived_diff,0.7019,,,,,derived,USD,CAD
DII.A,TSX,2025,2025,balance_sheet,LongTermDebtAndCapitalLeaseObligation,Long-Term Debt & Capital Lease Obligation,money,354.145,469.0,4.0,mismatch,ours_derived_diff,0.7249,,,,,derived,USD,CAD
ADW.A,TSX,2022,2022,balance_sheet,GrossPPE,"Gross Property, Plant and Equipment",money,365.606,380.821,3.995,mismatch,ours_derived_diff,,,,,,from_notes,CAD,
ADW.A,TSX,2017,2017,cash_flow,CapitalExpenditure,Capital Expenditure,money,-19.836,-20.658,3.979,mismatch,ours_derived_diff,,,,,,derived,CAD,
OGD,TSX,2019,2019,income_statement,DilutedAverageShares,Shares Outstanding (Diluted Average),shares,38.555556,37.022,3.978,mismatch,ours_derived_diff,,,,,,derived,CAD,
SFD,TSX,2021,2021,balance_sheet,Receivables,Total Receivables,money,0.876674,0.842,3.955,mismatch,ours_derived_diff,,,,,,derived,CAD,
SFD,TSX,2019,2019,income_statement,EBITDA,EBITDA,money,5.554089,5.782,3.942,mismatch,ours_derived_diff,,,,,,derived,CAD,
SFD,TSX,2018,2018,income_statement,DilutedAverageShares,Shares Outstanding (Diluted Average),shares,63.3501,65.906,3.878,mismatch,ours_derived_diff,,,,,,derived,CAD,
TXG,TSX,2015,2015,cash_flow,FreeCashFlow,Free Cash Flow,money,-350.909,-500.599,3.875,mismatch,ours_derived_diff,0.7292,,,,,derived,USD,CAD
CDR,TSX,2023,2023,cash_flow,FreeCashFlow,Free Cash Flow,money,-5.353,-5.568,3.861,mismatch,ours_derived_diff,,,,,,derived,CAD,
SFD,TSX,2020,2020,income_statement,DilutedAverageShares,Shares Outstanding (Diluted Average),shares,66.980311,64.409,3.839,mismatch,ours_derived_diff,,,,,,derived,CAD,
POW,TSX,2023,2022,income_statement,NetIncomeFromContinuingAndDiscontinuedOperation,Net Income Including Noncontrolling Interests,money,3535.0,3676.0,3.836,mismatch,ours_derived_diff,,,,,,,CAD,
ALA,TSX,2020,2020,balance_sheet,LongTermDebtAndCapitalLeaseObligation,Long-Term Debt & Capital Lease Obligation,money,7626.0,7930.0,3.834,mismatch,ours_derived_diff,,,,,,derived,,
K,TSX,2013,2013,income_statement,OtherIncomeExpense,Other Income (Expense),money,-259.1,-286.615,3.823,mismatch,ours_fuzzy_suspect,0.9399,Other income (expense) - net Note 7,-259.1,2015,fuzzy,mapped,FX x1.06,CAD
BRY,TSX,2025,2025,balance_sheet,AccountsReceivable,Accounts Receivable,money,9.321071,8.967,3.799,mismatch,ours_fuzzy_suspect,,Accounts receivable 3 & 15 $,9.321071,2026,fuzzy,mapped,CAD,
ALA,TSX,2010,2010,income_statement,DilutedAverageShares,Shares Outstanding (Diluted Average),shares,85.094118,81.891,3.764,mismatch,ours_derived_diff,,,,,,derived,,
WPK,TSX,2013,2013,cash_flow,FreeCashFlow,Free Cash Flow,money,36.488,37.904,3.736,mismatch,ours_derived_diff,,,,,,derived,USD,
K,TSX,2014,2014,income_statement,EBIT,EBIT,money,-1314.5,-1459.259,3.735,mismatch,ours_derived_diff,0.8672,,,,,derived,FX x1.06,CAD
LAS.A,TSX,2017,2017,cash_flow,NetIssuancePaymentsOfDebt,Net Issuance of Debt,money,-72.225,-75.026,3.733,mismatch,ours_derived_diff,,,,,,derived,CAD,
NFI,TSX,2014,2014,balance_sheet,CurrentDebtAndCapitalLeaseObligation,Short-Term Debt & Capital Lease Obligation,money,40.0,47.917,3.733,mismatch,ours_derived_diff,0.8672,,,,,derived,USD,CAD
DSG,TSX,2022,2022,income_statement,EBITDA,EBITDA,money,161.709,212.0,3.722,mismatch,ours_derived_diff,0.7923,,,,,derived,USD,CAD
WPK,TSX,2018,2018,income_statement,EBIT,EBIT,money,146.253,204.101,3.721,mismatch,ours_derived_diff,0.7443,,,,,derived,USD,CAD
ADW.A,TSX,2019,2019,cash_flow,CapitalExpenditure,Capital Expenditure,money,-22.516,-23.386,3.72,mismatch,ours_derived_diff,,,,,,derived,CAD,
SWP,TSX,2011,2011,balance_sheet,Receivables,Total Receivables,money,4.36,4.198,3.716,mismatch,ours_derived_diff,,,,,,derived,CAD,
ALA,TSX,2018,2018,cash_flow,CapitalExpenditure,Capital Expenditure,money,-990.4,-1028.5,3.704,mismatch,ours_derived_diff,,,,,,derived,,
SFD,TSX,2019,2019,cash_flow,FreeCashFlow,Free Cash Flow,money,3.835715,3.983,3.698,mismatch,ours_derived_diff,,,,,,derived,CAD,
HMM.A,TSX,2010,2010,cash_flow,CapitalExpenditure,Capital Expenditure,money,-2.189,-2.273,3.696,mismatch,ours_derived_diff,,,,,,derived,CAD,
BRY,TSX,2025,2025,balance_sheet,Receivables,Total Receivables,money,9.675635,9.321,3.665,mismatch,ours_derived_diff,,,,,,derived,CAD,
POW,TSX,2024,2023,cash_flow,EndCashPosition,Ending Cash Position,money,10312.0,9937.0,3.637,mismatch,ours_derived_diff,,,,,,derived,CAD,
SFD,TSX,2010,2010,income_statement,EBITDA,EBITDA,money,-4.442505,-4.281,3.635,mismatch,ours_derived_diff,,,,,,derived,CAD,
SFD,TSX,2010,2010,income_statement,DilutedAverageShares,Shares Outstanding (Diluted Average),shares,31.803057,33.001,3.63,mismatch,ours_derived_diff,,,,,,derived,CAD,
LAS.A,TSX,2025,2025,cash_flow,CapitalExpenditure,Capital Expenditure,money,-180.456,-187.239,3.623,mismatch,ours_derived_diff,,,,,,derived,CAD,
CHR,TSX,2025,2025,balance_sheet,LongTermDebtAndCapitalLeaseObligation,Long-Term Debt & Capital Lease Obligation,money,296.145,307.267,3.62,mismatch,ours_derived_diff,,,,,,derived,CAD,
NFI,TSX,2011,2011,cash_flow,FreeCashFlow,Free Cash Flow,money,-46.155,-47.885,3.613,mismatch,ours_derived_diff,,,,,,derived,USD,
DSG,TSX,2018,2018,income_statement,EBIT,EBIT,money,34.748,44.8,3.597,mismatch,ours_derived_diff,0.8046,,,,,derived,USD,CAD
ERD,TSX,2017,2017,income_statement,EBIT,EBIT,money,-3.93596,-4.082,3.578,mismatch,ours_derived_diff,,,,,,derived,CAD,
ERD,TSX,2017,2017,income_statement,EBITDA,EBITDA,money,-3.917675,-4.063,3.577,mismatch,ours_derived_diff,,,,,,derived,CAD,
ADW.A,TSX,2024,2024,balance_sheet,CurrentDebtAndCapitalLeaseObligation,Short-Term Debt & Capital Lease Obligation,money,5.37,5.569,3.573,mismatch,ours_derived_diff,,,,,,derived,CAD,
MRT.UN,TSX,2012,2012,cash_flow,FreeCashFlow,Free Cash Flow,money,85.338,82.289,3.573,mismatch,ours_derived_diff,,,,,,derived,CAD,
TXG,TSX,2012,2012,balance_sheet,TotalNonCurrentAssets,Total Long-Term Assets,money,221.125,213.229,3.571,mismatch,ours_derived_diff,,,,,,derived,USD,
CVVY,TSX,2022,2022,cash_flow,FreeCashFlow,Free Cash Flow,money,50.442,48.641,3.57,mismatch,ours_derived_diff,,,,,,derived,CAD,
TPX.B,TSX,2010,2010,balance_sheet,StockholdersEquity,Total Stockholders Equity,money,7581.7,7861.97,3.565,mismatch,ours_derived_diff,,,,,,derived,CAD,
BRY,TSX,2012,2012,balance_sheet,OtherCurrentAssets,Other Current Assets,money,2.614465,2.711,3.561,mismatch,ours_derived_diff,,,,,,derived,CAD,
NFI,TSX,2013,2013,balance_sheet,CurrentDebtAndCapitalLeaseObligation,Short-Term Debt & Capital Lease Obligation,money,35.0,38.601,3.535,mismatch,ours_derived_diff,0.9399,,,,,derived,USD,CAD
K,TSX,2025,2025,income_statement,EBITDA,EBITDA,money,4226.7,6044.279,3.533,mismatch,ours_derived_diff,0.7249,,,,,derived,FX x1.06,CAD
TXG,TSX,2010,2010,income_statement,EBITDA,EBITDA,money,-17.348843,-17.976,3.489,mismatch,ours_derived_diff,,,,,,derived,USD,
ADW.A,TSX,2020,2020,balance_sheet,Receivables,Total Receivables,money,34.096,35.328,3.487,mismatch,ours_derived_diff,,,,,,derived,CAD,
SFD,TSX,2015,2015,income_statement,EBIT,EBIT,money,5.688136,5.491,3.466,mismatch,ours_derived_diff,,,,,,derived,CAD,
MFI,TSX,2025,2025,balance_sheet,CommonStock,Common Stock,money,897.839,930.0,3.458,mismatch,ours_derived_diff,,,,,,,CAD,
ADW.A,TSX,2023,2023,balance_sheet,GrossPPE,"Gross Property, Plant and Equipment",money,381.03,394.642,3.449,mismatch,ours_derived_diff,,,,,,from_notes,CAD,
OGD,TSX,2024,2024,balance_sheet,Receivables,Total Receivables,money,30.53,31.619,3.444,mismatch,ours_derived_diff,,,,,,derived,CAD,
POW,TSX,2022,2021,cash_flow,EndCashPosition,Ending Cash Position,money,9848.0,9509.0,3.442,mismatch,ours_derived_diff,,,,,,derived,CAD,
K,TSX,2020,2020,income_statement,EBITDA,EBITDA,money,2636.5,3497.369,3.439,mismatch,ours_derived_diff,0.7807,,,,,derived,FX x1.06,CAD
DII.A,TSX,2018,2018,balance_sheet,Receivables,Total Receivables,money,404.359,562.489,3.412,mismatch,ours_derived_diff,0.7443,,,,,derived,USD,CAD
CHR,TSX,2014,2014,cash_flow,OperatingCashFlow,Cash Flow from Operations,money,209.899,202.769,3.397,mismatch,ours_derived_diff,,,,,,derived,CAD,
DII.A,TSX,2025,2025,balance_sheet,OtherCurrentAssets,Other Current Assets,money,53.48,76.358,3.382,mismatch,ours_derived_diff,0.7249,,,,,derived,USD,CAD
SFD,TSX,2012,2012,income_statement,EBIT,EBIT,money,2.489149,2.405,3.381,mismatch,ours_derived_diff,,,,,,derived,CAD,
VRTS,TSX,2022,2022,income_statement,DilutedAverageShares,Shares Outstanding (Diluted Average),shares,356.9403,369.39,3.37,mismatch,ours_derived_diff,,,,,,derived,CAD,
SFD,TSX,2024,2024,income_statement,DilutedAverageShares,Shares Outstanding (Diluted Average),shares,75.648292,78.271,3.351,mismatch,ours_derived_diff,,,,,,derived,CAD,
DII.A,TSX,2008,2008,income_statement,GrossProfit,Gross Profit,money,494.286,630.913,3.346,mismatch,ours_derived_diff,0.8106,,,,,derived,USD,CAD
LAS.A,TSX,2008,2008,balance_sheet,Receivables,Total Receivables,money,42.163,43.619,3.338,mismatch,ours_derived_diff,,,,,,derived,CAD,
DII.A,TSX,2016,2016,balance_sheet,Receivables,Total Receivables,money,422.118,582.359,3.313,mismatch,ours_derived_diff,0.7497,,,,,derived,USD,CAD
SWP,TSX,2024,2024,income_statement,DilutedAverageShares,Shares Outstanding (Diluted Average),shares,9.761538,9.441,3.284,mismatch,ours_derived_diff,,,,,,derived,CAD,
WPK,TSX,2025,2025,balance_sheet,Receivables,Total Receivables,money,233.703,311.832,3.276,mismatch,ours_derived_diff,0.7249,,,,,derived,USD,CAD
DII.A,TSX,2011,2011,balance_sheet,LongTermDebtAndCapitalLeaseObligation,Long-Term Debt & Capital Lease Obligation,money,315.439,305.167,3.256,mismatch,ours_derived_diff,,,,,,derived,USD,
ALA,TSX,2019,2019,cash_flow,NetIncomeFromContinuingOperations,Net Income From Continuing Operations,money,812.7,840.0,3.25,mismatch,ours_derived_diff,,,,,,derived,,
OGD,TSX,2020,2020,cash_flow,NetIncomeFromContinuingOperations,Net Income From Continuing Operations,money,-7.357,-7.118,3.249,mismatch,ours_derived_diff,,,,,,derived,CAD,
K,TSX,2011,2011,income_statement,NetIncomeContinuousOperations,Net Income (Continuing Operations),money,-2013.0,-2080.571,3.248,mismatch,ours_derived_diff,,,,,,derived,USD,
K,TSX,2011,2011,cash_flow,NetIncomeFromContinuingOperations,Net Income From Continuing Operations,money,-2013.0,-2080.571,3.248,mismatch,ours_derived_diff,,,,,,derived,USD,
BRY,TSX,2009,2009,cash_flow,NetIssuancePaymentsOfDebt,Net Issuance of Debt,money,-0.861855,-0.834,3.232,mismatch,ours_derived_diff,,,,,,derived,CAD,
BRY,TSX,2011,2011,balance_sheet,TotalEquityGrossMinorityInterest,Total Equity,money,45.416363,43.949,3.231,mismatch,ours_derived_diff,,,,,,derived,CAD,
SFD,TSX,2011,2011,income_statement,EBITDA,EBITDA,money,-3.584601,-3.469,3.225,mismatch,ours_derived_diff,,,,,,derived,CAD,
CPX,TSX,2013,2013,balance_sheet,Receivables,Total Receivables,money,218.0,211.0,3.211,mismatch,ours_derived_diff,,,,,,derived,CAD,
WPK,TSX,2011,2011,cash_flow,CapitalExpenditure,Capital Expenditure,money,-48.906,-50.528,3.21,mismatch,ours_derived_diff,,,,,,derived,USD,
DII.A,TSX,2014,2014,balance_sheet,Receivables,Total Receivables,money,474.704,565.57,3.208,mismatch,ours_derived_diff,0.8672,,,,,derived,USD,CAD
OGD,TSX,2017,2017,balance_sheet,Receivables,Total Receivables,money,25.464,24.648,3.205,mismatch,ours_derived_diff,,,,,,derived,CAD,
DII.A,TSX,2010,2010,income_statement,GrossProfit,Gross Profit,money,521.189,538.374,3.192,mismatch,ours_derived_diff,,,,,,derived,USD,
DSG,TSX,2023,2023,income_statement,EBITDA,EBITDA,money,193.905,268.839,3.191,mismatch,ours_derived_diff,0.745,,,,,derived,USD,CAD
ALA,TSX,2021,2021,balance_sheet,LongTermDebtAndCapitalLeaseObligation,Long-Term Debt & Capital Lease Obligation,money,7684.0,7937.0,3.188,mismatch,ours_derived_diff,,,,,,derived,,
K,TSX,2011,2011,income_statement,DilutedAverageShares,Shares Outstanding (Diluted Average),shares,1100.0,1136.0,3.169,mismatch,ours_derived_diff,,,,,,derived,USD,
DSG,TSX,2024,2024,income_statement,EBITDA,EBITDA,money,211.653,293.279,3.129,mismatch,ours_derived_diff,0.745,,,,,derived,USD,CAD
BRY,TSX,2013,2013,balance_sheet,TotalEquityGrossMinorityInterest,Total Equity,money,62.102884,60.178,3.1,mismatch,ours_derived_diff,,,,,,derived,CAD,
DII.A,TSX,2017,2017,cash_flow,IssuanceOfDebt,Issuance of Debt,money,217.36,286.392,3.088,mismatch,ours_fuzzy_suspect,0.7831,Increase of long-term debt,217.36,2019,fuzzy,mapped,USD,CAD
ELD,TSX,2009,2009,income_statement,OperatingIncome,Operating Income,money,142.94,147.491,3.086,mismatch,ours_derived_diff,,,,,,derived,USD,
SFD,TSX,2015,2015,income_statement,EBITDA,EBITDA,money,6.393079,6.196,3.083,mismatch,ours_derived_diff,,,,,,derived,CAD,
GRN,TSX,2021,2021,income_statement,EBIT,EBIT,money,-2.364,-2.439,3.075,mismatch,ours_derived_diff,,,,,,derived,CAD,
NFI,TSX,2012,2012,balance_sheet,Receivables,Total Receivables,money,115.85,112.303,3.062,mismatch,ours_derived_diff,,,,,,derived,USD,
DII.A,TSX,2017,2017,balance_sheet,LongTermDebtAndCapitalLeaseObligation,Long-Term Debt & Capital Lease Obligation,money,447.427,553.868,3.055,mismatch,ours_derived_diff,0.7831,,,,,derived,USD,CAD
BAMI,TSX,2025,2025,balance_sheet,OtherCurrentAssets,Other Current Assets,money,7.765,7.528,3.052,mismatch,ours_derived_diff,,,,,,derived,CAD,
MFI,TSX,2013,2013,income_statement,DilutedAverageShares,Shares Outstanding (Diluted Average),shares,144.271268,139.9,3.03,mismatch,ours_derived_diff,,,,,,derived,CAD,
GFP,TSX,2010,2010,income_statement,EBIT,EBIT,money,-3.858157,-3.743,2.985,mismatch,ours_derived_diff,,,,,,derived,CAD,
MFI,TSX,2023,2023,balance_sheet,CommonStock,Common Stock,money,847.016,873.0,2.976,mismatch,ours_derived_diff,,,,,,,CAD,
GFP,TSX,2010,2010,income_statement,EBITDA,EBITDA,money,-3.854479,-3.74,2.97,mismatch,ours_derived_diff,,,,,,derived,CAD,
TXG,TSX,2011,2011,balance_sheet,Receivables,Total Receivables,money,0.098,0.101,2.97,mismatch,ours_derived_diff,,,,,,derived,USD,
WPK,TSX,2010,2010,balance_sheet,Receivables,Total Receivables,money,77.259,79.621,2.967,mismatch,ours_derived_diff,,,,,,derived,USD,
HMM.A,TSX,2013,2013,cash_flow,FreeCashFlow,Free Cash Flow,money,2.33,2.261,2.961,mismatch,ours_derived_diff,,,,,,derived,CAD,
ADW.A,TSX,2026,2026,cash_flow,FreeCashFlow,Free Cash Flow,money,58.824,57.086,2.955,mismatch,ours_derived_diff,,,,,,derived,CAD,
SFD,TSX,2023,2023,income_statement,EBIT,EBIT,money,-5.451112,-5.291,2.937,mismatch,ours_derived_diff,,,,,,derived,CAD,
BAMI,TSX,2024,2024,income_statement,PretaxIncome,Pretax Income,money,12.411,12.786,2.933,mismatch,ours_derived_diff,,,,,,derived,CAD,
DII.A,TSX,2024,2024,balance_sheet,Receivables,Total Receivables,money,143.432,210.522,2.933,mismatch,ours_derived_diff,0.7019,,,,,derived,USD,CAD
ELD,TSX,2015,2015,cash_flow,CashDividendsPaid,Cash Flow for Dividends,money,-10.929,-15.437,2.915,mismatch,ours_fuzzy_suspect,0.7292,Dividend paid to non-controlling interests,-10.929,2016,fuzzy,mapped,USD,CAD
POW,TSX,2025,2024,income_statement,NetIncomeFromContinuingAndDiscontinuedOperation,Net Income Including Noncontrolling Interests,money,4398.0,4530.0,2.914,mismatch,ours_derived_diff,,,,,,,CAD,
TXG,TSX,2021,2021,income_statement,DilutedAverageShares,Shares Outstanding (Diluted Average),shares,88.71345,86.141,2.9,mismatch,ours_derived_diff,0.7812,,,,,derived,USD,CAD
NFI,TSX,2018,2018,balance_sheet,LongTermDebtAndCapitalLeaseObligation,Long-Term Debt & Capital Lease Obligation,money,639.432,884.786,2.898,mismatch,ours_derived_diff,0.7443,,,,,derived,USD,CAD
ADW.A,TSX,2020,2020,balance_sheet,LongTermDebtAndCapitalLeaseObligation,Long-Term Debt & Capital Lease Obligation,money,107.13,110.317,2.889,mismatch,ours_derived_diff,,,,,,derived,CAD,
HMM.A,TSX,2016,2016,balance_sheet,Receivables,Total Receivables,money,15.536,15.997,2.882,mismatch,ours_derived_diff,,,,,,derived,CAD,
CHR,TSX,2017,2017,cash_flow,OperatingCashFlow,Cash Flow from Operations,money,259.928,267.621,2.875,mismatch,ours_derived_diff,,,,,,derived,CAD,
WPK,TSX,2010,2010,income_statement,MinorityInterests,Other Income (Minority Interest),money,-1.774,-1.723,2.875,mismatch,ours_fuzzy_suspect,,Non-controlling interests,-3.548,2012,fuzzy,mapped,USD,
CPX,TSX,2009,2009,cash_flow,OperatingCashFlow,Cash Flow from Operations,money,169.0,174.0,2.874,mismatch,ours_derived_diff,,,,,,derived,CAD,
HMM.A,TSX,2012,2012,cash_flow,CapitalExpenditure,Capital Expenditure,money,-2.819,-2.902,2.86,mismatch,ours_derived_diff,,,,,,derived,CAD,
CHR,TSX,2019,2019,cash_flow,OperatingCashFlow,Cash Flow from Operations,money,254.298,261.707,2.831,mismatch,ours_derived_diff,,,,,,derived,CAD,
FFN,TSX,2022,2022,balance_sheet,Receivables,Total Receivables,money,1.599549,1.646,2.822,mismatch,ours_derived_diff,,,,,,derived,,
DII.A,TSX,2015,2015,balance_sheet,Receivables,Total Receivables,money,447.345,631.251,2.821,mismatch,ours_derived_diff,0.7292,,,,,derived,USD,CAD
BRY,TSX,2017,2017,income_statement,DilutedAverageShares,Shares Outstanding (Diluted Average),shares,24.4004,23.714,2.813,mismatch,ours_derived_diff,,,,,,derived,CAD,
ALA,TSX,2019,2019,cash_flow,CapitalExpenditure,Capital Expenditure,money,-1296.8,-1334.0,2.789,mismatch,ours_derived_diff,,,,,,derived,,
VRTS,TSX,2025,2025,income_statement,DilutedAverageShares,Shares Outstanding (Diluted Average),shares,699.414267,719.396,2.778,mismatch,ours_derived_diff,,,,,,derived,CAD,
LAS.A,TSX,2015,2015,cash_flow,CapitalExpenditure,Capital Expenditure,money,-19.569,-20.125,2.763,mismatch,ours_derived_diff,,,,,,derived,CAD,
DII.A,TSX,2012,2012,balance_sheet,Receivables,Total Receivables,money,443.02,455.598,2.761,mismatch,ours_derived_diff,,,,,,derived,USD,
DII.A,TSX,2017,2017,balance_sheet,Receivables,Total Receivables,money,425.736,558.99,2.749,mismatch,ours_derived_diff,0.7831,,,,,derived,USD,CAD
BRY,TSX,2013,2013,balance_sheet,Receivables,Total Receivables,money,46.365042,47.675,2.748,mismatch,ours_derived_diff,,,,,,derived,CAD,
HMM.A,TSX,2019,2019,cash_flow,CapitalExpenditure,Capital Expenditure,money,-2.868,-2.949,2.747,mismatch,ours_derived_diff,,,,,,derived,CAD,
OGD,TSX,2023,2023,cash_flow,FreeCashFlow,Free Cash Flow,money,4.941,5.08,2.736,mismatch,ours_derived_diff,,,,,,derived,CAD,
LULU,TSX,2025,2025,income_statement,EBIT,EBIT,money,2576.077,3605.447,2.732,mismatch,ours_derived_diff,0.695,,,,,derived,USD,CAD
MFI,TSX,2024,2024,balance_sheet,CommonStock,Common Stock,money,873.477,898.0,2.731,mismatch,ours_derived_diff,,,,,,,CAD,
SFD,TSX,2009,2009,income_statement,DilutedAverageShares,Shares Outstanding (Diluted Average),shares,30.064062,30.902,2.712,mismatch,ours_derived_diff,,,,,,derived,CAD,
ELD,TSX,2023,2023,income_statement,PretaxIncome,Pretax Income,money,158.958,219.17,2.697,mismatch,ours_derived_diff,0.7454,,,,,derived,USD,CAD
K,TSX,2015,2015,income_statement,PretaxIncome,Pretax Income,money,-1131.1,-1162.451,2.697,mismatch,ours_derived_diff,,,,,,derived,USD,
OGD,TSX,2025,2025,cash_flow,CapitalExpenditure,Capital Expenditure,money,-11.195,-11.504,2.686,mismatch,ours_derived_diff,,,,,,derived,CAD,
TXG,TSX,2009,2009,balance_sheet,Receivables,Total Receivables,money,0.062682,0.061,2.683,mismatch,ours_derived_diff,,,,,,derived,USD,
WPK,TSX,2011,2011,balance_sheet,CommonStock,Common Stock,money,29.195,30.0,2.683,mismatch,ours_derived_diff,,,,,,,USD,
OGD,TSX,2017,2017,income_statement,DilutedAverageShares,Shares Outstanding (Diluted Average),shares,34.552941,35.505,2.681,mismatch,ours_derived_diff,,,,,,derived,CAD,
OGD,TSX,2025,2025,cash_flow,FreeCashFlow,Free Cash Flow,money,7.208,7.015,2.678,mismatch,ours_derived_diff,,,,,,derived,CAD,
CDR,TSX,2022,2022,income_statement,OperatingIncome,Operating Income,money,-4.118,-4.008,2.671,mismatch,ours_derived_diff,,,,,,derived,CAD,
ELD,TSX,2015,2015,balance_sheet,TotalEquityGrossMinorityInterest,Total Equity,money,3817.189,5377.465,2.658,mismatch,ours_derived_diff,0.7292,,,,,derived,USD,CAD
OGD,TSX,2021,2021,balance_sheet,Receivables,Total Receivables,money,40.724,41.836,2.658,mismatch,ours_derived_diff,,,,,,derived,CAD,
CHR,TSX,2016,2016,balance_sheet,LongTermDebtAndCapitalLeaseObligation,Long-Term Debt & Capital Lease Obligation,money,803.954,825.83,2.649,mismatch,ours_derived_diff,,,,,,derived,CAD,
HMM.A,TSX,2009,2009,cash_flow,CapitalExpenditure,Capital Expenditure,money,-2.359,-2.423,2.641,mismatch,ours_derived_diff,,,,,,derived,CAD,
HMM.A,TSX,2010,2010,cash_flow,NetIssuancePaymentsOfDebt,Net Issuance of Debt,money,-1.515,-1.556,2.635,mismatch,ours_derived_diff,,,,,,derived,CAD,
HMM.A,TSX,2010,2010,cash_flow,RepaymentOfDebt,Payments of Debt,money,-1.515,-1.556,2.635,mismatch,ours_fuzzy_suspect,,Payment of long-term debt,-1.515,2012,fuzzy,mapped,CAD,
BKI,TSX,2025,2025,cash_flow,FreeCashFlow,Free Cash Flow,money,-1.126351,-1.596,2.634,mismatch,ours_derived_diff,0.7248,,,,,derived,USD,CAD
SFD,TSX,2020,2020,balance_sheet,TotalNonCurrentAssets,Total Long-Term Assets,money,19.93465,19.411,2.627,mismatch,ours_derived_diff,,,,,,derived,CAD,
K,TSX,2014,2014,income_statement,OtherIncomeExpense,Other Income (Expense),money,-215.5,-255.203,2.621,mismatch,ours_fuzzy_suspect,0.8672,Other income (expense) - net Note 7,-215.5,2015,fuzzy,mapped,FX x1.06,CAD
ELD,TSX,2023,2023,cash_flow,CapitalExpenditure,Capital Expenditure,money,-401.87,-553.614,2.613,mismatch,ours_derived_diff,0.7454,,,,,derived,USD,CAD
BRY,TSX,2022,2022,balance_sheet,AccountsReceivable,Accounts Receivable,money,30.919042,30.119,2.588,mismatch,ours_fuzzy_suspect,,Accounts receivable 3 & 15,30.919042,2024,fuzzy,mapped,CAD,
TXG,TSX,2011,2011,income_statement,DepreciationAmortizationDepletion,"Depreciation, Depletion and Amortization",money,0.339,0.348,2.586,mismatch,ours_derived_diff,,,,,,derived,USD,
GRN,TSX,2019,2019,income_statement,EBITDA,EBITDA,money,-3.933,-4.037,2.576,mismatch,ours_derived_diff,,,,,,derived,CAD,
SFD,TSX,2022,2022,income_statement,DilutedAverageShares,Shares Outstanding (Diluted Average),shares,67.33076,65.603,2.566,mismatch,ours_derived_diff,,,,,,derived,CAD,
K,TSX,2024,2024,income_statement,EBITDA,EBITDA,money,2610.7,3817.341,2.564,mismatch,ours_derived_diff,0.7019,,,,,derived,FX x1.06,CAD
SWP,TSX,2014,2014,cash_flow,ChangeInWorkingCapital,Change In Working Capital,money,-8.059,-7.854,2.544,mismatch,ours_derived_diff,,,,,,derived,CAD,
DSG,TSX,2016,2016,income_statement,EBIT,EBIT,money,27.575,40.197,2.534,mismatch,ours_derived_diff,0.7038,,,,,derived,USD,CAD
BRY,TSX,2022,2022,balance_sheet,Receivables,Total Receivables,money,31.719154,30.919,2.523,mismatch,ours_derived_diff,,,,,,derived,CAD,
TXG,TSX,2011,2011,cash_flow,ChangeInWorkingCapital,Change In Working Capital,money,-4.599,-4.718,2.522,mismatch,ours_derived_diff,,,,,,derived,USD,
K,TSX,2011,2011,cash_flow,NetIssuancePaymentsOfDebt,Net Issuance of Debt,money,1126.4,1155.532,2.521,mismatch,ours_derived_diff,,,,,,derived,USD,
ALA,TSX,2019,2019,balance_sheet,LongTermDebtAndCapitalLeaseObligation,Long-Term Debt & Capital Lease Obligation,money,5927.8,6081.0,2.519,mismatch,ours_derived_diff,,,,,,derived,,
TXG,TSX,2011,2011,balance_sheet,OtherCurrentAssets,Other Current Assets,money,6.425,6.591,2.519,mismatch,ours_derived_diff,,,,,,derived,USD,
TXG,TSX,2011,2011,income_statement,OperatingIncome,Operating Income,money,-34.419,-35.308,2.518,mismatch,ours_derived_diff,,,,,,derived,USD,
TXG,TSX,2011,2011,income_statement,NetIncomeFromContinuingAndDiscontinuedOperation,Net Income Including Noncontrolling Interests,money,-33.946,-34.822,2.516,mismatch,ours_derived_diff,,,,,,,USD,
TXG,TSX,2011,2011,income_statement,NetIncomeContinuousOperations,Net Income (Continuing Operations),money,-33.946,-34.822,2.516,mismatch,ours_derived_diff,,,,,,derived,USD,
TXG,TSX,2011,2011,balance_sheet,TotalNonCurrentAssets,Total Long-Term Assets,money,207.173,212.521,2.516,mismatch,ours_derived_diff,,,,,,derived,USD,
TXG,TSX,2011,2011,balance_sheet,TotalEquityGrossMinorityInterest,Total Equity,money,243.474,249.758,2.516,mismatch,ours_derived_diff,,,,,,derived,USD,
TXG,TSX,2011,2011,balance_sheet,TotalLiabilities,Total Liabilities,money,6.395,6.56,2.515,mismatch,ours_derived_diff,,,,,,derived,USD,
TXG,TSX,2011,2011,balance_sheet,CashCashEquivalentsAndShortTermInvestments,"Cash, Cash Equivalents, Marketable Securities",money,36.173,37.106,2.514,mismatch,ours_derived_diff,,,,,,derived,USD,
GRN,TSX,2019,2019,balance_sheet,CommonStock,Common Stock,money,11.282,11.0,2.5,mismatch,ours_derived_diff,,,,,,,CAD,
SFD,TSX,2008,2008,income_statement,DepreciationAmortizationDepletion,"Depreciation, Depletion and Amortization",money,0.171613,0.176,2.493,mismatch,ours_derived_diff,,,,,,derived,CAD,
WPK,TSX,2014,2014,balance_sheet,Receivables,Total Receivables,money,112.454,132.995,2.491,mismatch,ours_derived_diff,0.8672,,,,,derived,USD,CAD
DII.A,TSX,2013,2013,balance_sheet,Receivables,Total Receivables,money,456.465,498.002,2.484,mismatch,ours_derived_diff,0.9399,,,,,derived,USD,CAD
DSG,TSX,2025,2025,income_statement,EBITDA,EBITDA,money,261.032,385.086,2.464,mismatch,ours_derived_diff,0.695,,,,,derived,USD,CAD
DII.A,TSX,2010,2010,balance_sheet,LongTermDebtAndCapitalLeaseObligation,Long-Term Debt & Capital Lease Obligation,money,329.948,321.867,2.449,mismatch,ours_derived_diff,,,,,,derived,USD,
MFI,TSX,2025,2025,balance_sheet,Receivables,Total Receivables,money,208.897,203.795,2.442,mismatch,ours_derived_diff,,,,,,derived,CAD,
ALA,TSX,2019,2019,income_statement,NetIncome,Net Income,money,812.7,833.0,2.437,mismatch,ours_derived_diff,,,,,,derived,,
DII.A,TSX,2016,2016,balance_sheet,OtherCurrentAssets,Other Current Assets,money,48.783,66.696,2.435,mismatch,ours_derived_diff,0.7497,,,,,derived,USD,CAD
HMM.A,TSX,2011,2011,balance_sheet,CommonStock,Common Stock,money,10.249,10.0,2.43,mismatch,ours_derived_diff,,,,,,,CAD,
HMM.A,TSX,2012,2012,balance_sheet,CommonStock,Common Stock,money,10.249,10.0,2.43,mismatch,ours_derived_diff,,,,,,,CAD,
HMM.A,TSX,2013,2013,balance_sheet,CommonStock,Common Stock,money,10.249,10.0,2.43,mismatch,ours_derived_diff,,,,,,,CAD,
HMM.A,TSX,2014,2014,balance_sheet,CommonStock,Common Stock,money,10.249,10.0,2.43,mismatch,ours_derived_diff,,,,,,,CAD,
HMM.A,TSX,2015,2015,balance_sheet,CommonStock,Common Stock,money,10.249,10.0,2.43,mismatch,ours_derived_diff,,,,,,,CAD,
HMM.A,TSX,2016,2016,balance_sheet,CommonStock,Common Stock,money,10.249,10.0,2.43,mismatch,ours_derived_diff,,,,,,,CAD,
HMM.A,TSX,2017,2017,balance_sheet,CommonStock,Common Stock,money,10.249,10.0,2.43,mismatch,ours_derived_diff,,,,,,,CAD,
HMM.A,TSX,2018,2018,balance_sheet,CommonStock,Common Stock,money,10.249,10.0,2.43,mismatch,ours_derived_diff,,,,,,,CAD,
HMM.A,TSX,2019,2019,balance_sheet,CommonStock,Common Stock,money,10.249,10.0,2.43,mismatch,ours_derived_diff,,,,,,,CAD,
HMM.A,TSX,2021,2021,balance_sheet,CommonStock,Common Stock,money,10.249,10.0,2.43,mismatch,ours_derived_diff,,,,,,,CAD,
HMM.A,TSX,2022,2022,balance_sheet,CommonStock,Common Stock,money,10.249,10.0,2.43,mismatch,ours_derived_diff,,,,,,,CAD,
HMM.A,TSX,2011,2011,cash_flow,FreeCashFlow,Free Cash Flow,money,-3.112,-3.189,2.415,mismatch,ours_derived_diff,,,,,,derived,CAD,
TXG,TSX,2009,2009,income_statement,OperatingIncome,Operating Income,money,-1.108765,-1.082,2.414,mismatch,ours_derived_diff,,,,,,derived,USD,
TXG,TSX,2018,2018,income_statement,DepreciationAmortizationDepletion,"Depreciation, Depletion and Amortization",money,105.4,145.109,2.407,mismatch,ours_derived_diff,0.7443,,,,,,USD,CAD
TXG,TSX,2009,2009,balance_sheet,CashCashEquivalentsAndShortTermInvestments,"Cash, Cash Equivalents, Marketable Securities",money,4.388064,4.283,2.394,mismatch,ours_derived_diff,,,,,,derived,USD,
TXG,TSX,2009,2009,balance_sheet,TotalEquityGrossMinorityInterest,Total Equity,money,4.103714,4.006,2.381,mismatch,ours_derived_diff,,,,,,derived,USD,
DII.A,TSX,2025,2025,balance_sheet,Receivables,Total Receivables,money,146.533,207.059,2.374,mismatch,ours_derived_diff,0.7249,,,,,derived,USD,CAD
TXG,TSX,2009,2009,cash_flow,ChangeInWorkingCapital,Change In Working Capital,money,0.315484,0.308,2.372,mismatch,ours_derived_diff,,,,,,derived,USD,
ELD,TSX,2010,2010,income_statement,TaxProvision,Tax Provision,money,-89.77,-87.643,2.369,mismatch,ours_fuzzy_suspect,,Income tax (expense) recovery total,-89.77,2011,fuzzy,mapped,USD,
SFD,TSX,2017,2017,income_statement,EBITDA,EBITDA,money,-6.997277,-6.832,2.362,mismatch,ours_derived_diff,,,,,,derived,CAD,
TXG,TSX,2009,2009,income_statement,NetIncomeFromContinuingAndDiscontinuedOperation,Net Income Including Noncontrolling Interests,money,-1.029286,-1.005,2.359,mismatch,ours_derived_diff,,,,,,,USD,
TXG,TSX,2009,2009,income_statement,NetIncomeContinuousOperations,Net Income (Continuing Operations),money,-1.029286,-1.005,2.359,mismatch,ours_derived_diff,,,,,,derived,USD,
DII.A,TSX,2011,2011,balance_sheet,CommonStock,Common Stock,money,174.782,179.0,2.356,mismatch,ours_derived_diff,,,,,,,USD,
DII.A,TSX,2022,2022,balance_sheet,Receivables,Total Receivables,money,193.03,268.532,2.346,mismatch,ours_derived_diff,0.7361,,,,,derived,USD,CAD
HMM.A,TSX,2011,2011,income_statement,DilutedAverageShares,Shares Outstanding (Diluted Average),shares,11.06875,11.334,2.34,mismatch,ours_derived_diff,,,,,,derived,CAD,
WPK,TSX,2011,2011,balance_sheet,Receivables,Total Receivables,money,83.935,85.941,2.334,mismatch,ours_derived_diff,,,,,,derived,USD,
HMM.A,TSX,2018,2018,balance_sheet,Receivables,Total Receivables,money,19.054,19.507,2.322,mismatch,ours_derived_diff,,,,,,derived,CAD,
HMM.A,TSX,2014,2014,cash_flow,FreeCashFlow,Free Cash Flow,money,3.596,3.513,2.308,mismatch,ours_derived_diff,,,,,,derived,CAD,
NFI,TSX,2011,2011,cash_flow,EffectOfExchangeRateChanges,Effect of Exchange Rate Changes,money,2.074,2.123,2.308,mismatch,ours_fuzzy_suspect,,Effect of foreign exchange rate on cash,2.074,2013,fuzzy,mapped,USD,
ELD,TSX,2011,2011,balance_sheet,CommonStock,Common Stock,money,2855.689,2923.0,2.303,mismatch,ours_derived_diff,,,,,,,USD,
ELD,TSX,2011,2011,cash_flow,SaleOfInvestment,Sale Of Investment,money,8.154,8.346,2.301,mismatch,ours_fuzzy_suspect,,Proceeds from the sale of marketable securities,8.154,2013,fuzzy,mapped,USD,
ELD,TSX,2011,2011,cash_flow,ChangeInWorkingCapital,Change In Working Capital,money,9.948,10.182,2.298,mismatch,ours_fuzzy_suspect,,Changes in non-cash working capital 22,9.948,2013,fuzzy,mapped,USD,
DII.A,TSX,2011,2011,cash_flow,ChangeInWorkingCapital,Change In Working Capital,money,22.544,23.074,2.297,mismatch,ours_fuzzy_suspect,,Net changes in balances related to operations (Note 26),22.544,2013,fuzzy,mapped,USD,
DII.A,TSX,2011,2011,cash_flow,RepurchaseOfCapitalStock,Repurchase of Stock,money,-17.399,-17.808,2.297,mismatch,ours_fuzzy_suspect,,Share repurchase (Note 19),-17.399,2013,fuzzy,mapped,USD,
DII.A,TSX,2011,2011,income_statement,NetIncomeFromContinuingAndDiscontinuedOperation,Net Income Including Noncontrolling Interests,money,104.593,107.051,2.296,mismatch,ours_derived_diff,,,,,,,USD,
DII.A,TSX,2011,2011,income_statement,NetIncomeContinuousOperations,Net Income (Continuing Operations),money,104.593,107.051,2.296,mismatch,ours_derived_diff,,,,,,derived,USD,
DII.A,TSX,2011,2011,income_statement,DepreciationAmortizationDepletion,"Depreciation, Depletion and Amortization",money,53.865,55.131,2.296,mismatch,ours_derived_diff,,,,,,derived,USD,
DII.A,TSX,2011,2011,balance_sheet,TotalAssets,Total Assets,money,2096.569,2145.838,2.296,mismatch,ours_derived_diff,,,,,,derived,USD,
DII.A,TSX,2011,2011,balance_sheet,TotalLiabilities,Total Liabilities,money,866.914,887.286,2.296,mismatch,ours_derived_diff,,,,,,derived,USD,
DII.A,TSX,2011,2011,balance_sheet,TotalEquityGrossMinorityInterest,Total Equity,money,1229.655,1258.552,2.296,mismatch,ours_derived_diff,,,,,,derived,USD,
ELD,TSX,2011,2011,income_statement,NetIncomeFromContinuingAndDiscontinuedOperation,Net Income Including Noncontrolling Interests,money,347.223,355.383,2.296,mismatch,ours_derived_diff,,,,,,,USD,
ELD,TSX,2011,2011,income_statement,NetIncomeContinuousOperations,Net Income (Continuing Operations),money,347.223,355.383,2.296,mismatch,ours_derived_diff,,,,,,derived,USD,
ELD,TSX,2011,2011,income_statement,DepreciationAmortizationDepletion,"Depreciation, Depletion and Amortization",money,122.414,125.291,2.296,mismatch,ours_derived_diff,,,,,,derived,USD,
ELD,TSX,2011,2011,balance_sheet,CashCashEquivalentsAndShortTermInvestments,"Cash, Cash Equivalents, Marketable Securities",money,396.403,405.718,2.296,mismatch,ours_derived_diff,,,,,,derived,USD,
ELD,TSX,2011,2011,balance_sheet,CurrentDebtAndCapitalLeaseObligation,Short-Term Debt & Capital Lease Obligation,money,81.031,82.935,2.296,mismatch,ours_derived_diff,,,,,,derived,USD,
ELD,TSX,2011,2011,cash_flow,NetIncomeFromContinuingOperations,Net Income From Continuing Operations,money,347.223,355.383,2.296,mismatch,ours_derived_diff,,,,,,derived,USD,
ELD,TSX,2011,2011,cash_flow,OperatingCashFlow,Cash Flow from Operations,money,512.077,524.111,2.296,mismatch,ours_derived_diff,,,,,,derived,USD,
ELD,TSX,2011,2011,cash_flow,CapitalExpenditure,Capital Expenditure,money,-272.818,-279.229,2.296,mismatch,ours_derived_diff,,,,,,derived,USD,
ELD,TSX,2011,2011,cash_flow,FreeCashFlow,Free Cash Flow,money,239.259,244.882,2.296,mismatch,ours_derived_diff,,,,,,derived,USD,
K,TSX,2011,2011,income_statement,TaxProvision,Tax Provision,money,-496.8,-508.475,2.296,mismatch,ours_fuzzy_suspect,,Income tax expense - net Note 18,-496.8,2013,fuzzy,mapped,USD,
K,TSX,2011,2011,income_statement,NetIncomeFromContinuingAndDiscontinuedOperation,Net Income Including Noncontrolling Interests,money,-2013.0,-2060.306,2.296,mismatch,ours_derived_diff,,,,,,,USD,
K,TSX,2011,2011,balance_sheet,TotalEquityGrossMinorityInterest,Total Equity,money,12470.7,12763.761,2.296,mismatch,ours_derived_diff,,,,,,derived,USD,
NFI,TSX,2011,2011,cash_flow,ChangeInWorkingCapital,Change In Working Capital,money,-62.136,-63.596,2.296,mismatch,ours_fuzzy_suspect,,Changes in non-cash working capital items (note 14),-62.136,2013,fuzzy,mapped,USD,
WPK,TSX,2011,2011,income_statement,NetIncomeFromContinuingAndDiscontinuedOperation,Net Income Including Noncontrolling Interests,money,64.909,66.434,2.296,mismatch,ours_derived_diff,,,,,,,USD,
WPK,TSX,2011,2011,income_statement,NetIncomeContinuousOperations,Net Income (Continuing Operations),money,64.909,66.434,2.296,mismatch,ours_derived_diff,,,,,,derived,USD,
WPK,TSX,2011,2011,balance_sheet,CashCashEquivalentsAndShortTermInvestments,"Cash, Cash Equivalents, Marketable Securities",money,126.879,129.861,2.296,mismatch,ours_derived_diff,,,,,,derived,USD,
WPK,TSX,2011,2011,balance_sheet,StockholdersEquity,Total Stockholders Equity,money,437.777,448.065,2.296,mismatch,ours_derived_diff,,,,,,derived,USD,
DII.A,TSX,2011,2011,cash_flow,PurchaseOfPPE,"Purchase Of Property, Plant, Equipment",money,-27.975,-28.632,2.295,mismatch,ours_fuzzy_suspect,,"Additions to property, plant and equipment (Notes 8 and 26)",-27.975,2013,fuzzy,mapped,USD,
DII.A,TSX,2011,2011,cash_flow,PurchaseOfBusiness,Purchase Of Business,money,-36.319,-37.172,2.295,mismatch,ours_fuzzy_suspect,,Acquisition of businesses (Notes 4 and 26),-36.319,2013,fuzzy,mapped,USD,
ELD,TSX,2011,2011,income_statement,MinorityInterests,Other Income (Minority Interest),money,-28.561,-29.232,2.295,mismatch,ours_fuzzy_suspect,,Non-controlling interests,-28.561,2013,fuzzy,mapped,USD,
WPK,TSX,2011,2011,cash_flow,PurchaseOfPPE,"Purchase Of Property, Plant, Equipment",money,-48.906,-50.055,2.295,mismatch,ours_fuzzy_suspect,,"Acquisition of property, plant and equipment - net",-48.906,2013,fuzzy,mapped,USD,
ELD,TSX,2011,2011,balance_sheet,AccountsReceivable,Accounts Receivable,money,7.037,7.202,2.291,mismatch,ours_derived_diff,,,,,,from_notes,USD,
OGD,TSX,2020,2020,cash_flow,SaleOfPPE,"Sale Of Property, Plant, Equipment",money,0.171,0.175,2.286,mismatch,ours_fuzzy_suspect,,"Proceeds from disposal of property, plant and equipment 11",0.171,2021,fuzzy,mapped,CAD,
CDR,TSX,2024,2024,balance_sheet,Receivables,Total Receivables,money,17.617,18.029,2.285,mismatch,ours_derived_diff,,,,,,derived,CAD,
DII.A,TSX,2011,2011,cash_flow,AssetImpairmentCharge,Asset Impairment Charge,money,1.372,1.404,2.279,mismatch,ours_fuzzy_suspect,,Impairment loss of goodwill (Note 10),1.372,2013,fuzzy,mapped,USD,
DSG,TSX,2026,2026,income_statement,EBITDA,EBITDA,money,298.273,420.274,2.266,mismatch,ours_derived_diff,0.7262,,,,,derived,USD,CAD
CHR,TSX,2017,2017,income_statement,TaxProvision,Tax Provision,money,-16.283,-16.66,2.263,mismatch,ours_fuzzy_suspect,,Income tax (expense) recovery total,-16.283,2018,fuzzy,mapped,CAD,
WPK,TSX,2011,2011,income_statement,MinorityInterests,Other Income (Minority Interest),money,-1.126,-1.152,2.257,mismatch,ours_fuzzy_suspect,,Non-controlling interests,-2.252,2013,fuzzy,mapped,USD,
ERD,TSX,2025,2025,income_statement,EBITDA,EBITDA,money,-7.967394,-8.151,2.253,mismatch,ours_derived_diff,,,,,,derived,CAD,
ELD,TSX,2018,2018,balance_sheet,CashCashEquivalentsAndShortTermInvestments,"Cash, Cash Equivalents, Marketable Securities",money,288.884,397.074,2.249,mismatch,ours_derived_diff,0.7443,,,,,derived,USD,CAD
ERD,TSX,2025,2025,income_statement,EBIT,EBIT,money,-7.993577,-8.177,2.243,mismatch,ours_derived_diff,,,,,,derived,CAD,
HMM.A,TSX,2012,2012,income_statement,DilutedAverageShares,Shares Outstanding (Diluted Average),shares,11.08,11.334,2.241,mismatch,ours_derived_diff,,,,,,derived,CAD,
CHR,TSX,2024,2024,balance_sheet,LongTermDebtAndCapitalLeaseObligation,Long-Term Debt & Capital Lease Obligation,money,276.299,282.631,2.24,mismatch,ours_derived_diff,,,,,,derived,CAD,
SWP,TSX,2011,2011,income_statement,DilutedAverageShares,Shares Outstanding (Diluted Average),shares,6.858333,6.705,2.236,mismatch,ours_derived_diff,,,,,,derived,CAD,
K,TSX,2011,2011,balance_sheet,LongTermDebtAndCapitalLeaseObligation,Long-Term Debt & Capital Lease Obligation,money,1600.4,1636.986,2.235,mismatch,ours_derived_diff,,,,,,derived,USD,
FTS,TSX,2018,2018,balance_sheet,LongTermDebtAndCapitalLeaseObligation,Long-Term Debt & Capital Lease Obligation,money,24085.0,23549.0,2.225,mismatch,ours_derived_diff,,,,,,derived,CAD,
OGD,TSX,2019,2019,balance_sheet,Receivables,Total Receivables,money,36.643,37.466,2.197,mismatch,ours_derived_diff,,,,,,derived,CAD,
LAS.A,TSX,2018,2018,cash_flow,FreeCashFlow,Free Cash Flow,money,81.018,79.242,2.192,mismatch,ours_derived_diff,,,,,,derived,CAD,
SFD,TSX,2018,2018,balance_sheet,StockholdersEquity,Total Stockholders Equity,money,24.753607,24.211,2.192,mismatch,ours_derived_diff,,,,,,derived,CAD,
SFD,TSX,2018,2018,balance_sheet,TotalEquityGrossMinorityInterest,Total Equity,money,24.753607,24.211,2.192,mismatch,ours_derived_diff,,,,,,derived,CAD,
OGD,TSX,2023,2023,cash_flow,OperatingCashFlow,Cash Flow from Operations,money,14.198,14.516,2.191,mismatch,ours_derived_diff,,,,,,derived,CAD,
NFI,TSX,2012,2012,cash_flow,FreeCashFlow,Free Cash Flow,money,-5.275,-5.393,2.188,mismatch,ours_derived_diff,,,,,,derived,USD,
ADW.A,TSX,2011,2011,cash_flow,NetIssuancePaymentsOfDebt,Net Issuance of Debt,money,-5.333,-5.452,2.183,mismatch,ours_derived_diff,,,,,,derived,CAD,
TXG,TSX,2024,2024,income_statement,EBIT,EBIT,money,358.5,499.642,2.176,mismatch,ours_derived_diff,0.7019,,,,,derived,USD,CAD
LAS.A,TSX,2012,2012,cash_flow,FreeCashFlow,Free Cash Flow,money,76.068,74.421,2.165,mismatch,ours_derived_diff,,,,,,derived,CAD,
SFD,TSX,2016,2016,balance_sheet,StockholdersEquity,Total Stockholders Equity,money,28.424391,27.812,2.154,mismatch,ours_derived_diff,,,,,,derived,CAD,
SFD,TSX,2016,2016,balance_sheet,TotalEquityGrossMinorityInterest,Total Equity,money,28.424391,27.812,2.154,mismatch,ours_derived_diff,,,,,,derived,CAD,
BRY,TSX,2013,2013,balance_sheet,LongTermDebtAndCapitalLeaseObligation,Long-Term Debt & Capital Lease Obligation,money,8.542649,8.73,2.146,mismatch,ours_derived_diff,,,,,,derived,CAD,
GRN,TSX,2019,2019,income_statement,EBIT,EBIT,money,-4.778,-4.882,2.13,mismatch,ours_derived_diff,,,,,,derived,CAD,
SFD,TSX,2007,2007,income_statement,PretaxIncome,Pretax Income,money,0.350431,0.343,2.121,mismatch,ours_derived_diff,,,,,,derived,CAD,
ELD,TSX,2017,2017,balance_sheet,TotalEquityGrossMinorityInterest,Total Equity,money,3803.422,4754.514,2.102,mismatch,ours_derived_diff,0.7831,,,,,derived,USD,CAD
GRN,TSX,2023,2023,income_statement,EBIT,EBIT,money,-26.773,-27.345,2.092,mismatch,ours_derived_diff,,,,,,derived,CAD,
LAS.A,TSX,2019,2019,cash_flow,FreeCashFlow,Free Cash Flow,money,102.965,100.817,2.086,mismatch,ours_derived_diff,,,,,,derived,CAD,
NFI,TSX,2014,2014,cash_flow,CapitalExpenditure,Capital Expenditure,money,-10.662,-12.557,2.083,mismatch,ours_derived_diff,0.8672,,,,,derived,USD,CAD
SFD,TSX,2017,2017,income_statement,DilutedAverageShares,Shares Outstanding (Diluted Average),shares,56.064988,54.899,2.08,mismatch,ours_derived_diff,,,,,,derived,CAD,
MFI,TSX,2010,2010,balance_sheet,TotalNonCurrentAssets,Total Long-Term Assets,money,2299.11,2251.353,2.077,mismatch,ours_derived_diff,,,,,,derived,CAD,
VRTS,TSX,2021,2021,income_statement,EBITDA,EBITDA,money,-9.496912,-9.301,2.063,mismatch,ours_derived_diff,,,,,,derived,CAD,
MFI,TSX,2013,2013,balance_sheet,CurrentDebtAndCapitalLeaseObligation,Short-Term Debt & Capital Lease Obligation,money,209.78,214.188,2.058,mismatch,ours_derived_diff,,,,,,derived,CAD,
BKI,TSX,2024,2024,income_statement,EBITDA,EBITDA,money,-2.07959,-3.025,2.057,mismatch,ours_derived_diff,0.7019,,,,,derived,USD,CAD
BKI,TSX,2024,2024,income_statement,EBIT,EBIT,money,-2.082432,-3.029,2.052,mismatch,ours_derived_diff,0.7019,,,,,derived,USD,CAD
VRTS,TSX,2021,2021,income_statement,EBIT,EBIT,money,-9.579326,-9.383,2.049,mismatch,ours_derived_diff,,,,,,derived,CAD,
SFD,TSX,2010,2010,cash_flow,FreeCashFlow,Free Cash Flow,money,-2.692776,-2.749,2.045,mismatch,ours_derived_diff,,,,,,derived,CAD,
DII.A,TSX,2019,2019,balance_sheet,Receivables,Total Receivables,money,398.956,536.305,2.036,mismatch,ours_derived_diff,0.7594,,,,,derived,USD,CAD
SWP,TSX,2012,2012,income_statement,DilutedAverageShares,Shares Outstanding (Diluted Average),shares,6.53913,6.675,2.036,mismatch,ours_derived_diff,,,,,,derived,CAD,
MFI,TSX,2009,2009,balance_sheet,CurrentDebtAndCapitalLeaseObligation,Short-Term Debt & Capital Lease Obligation,money,206.147,210.394,2.019,mismatch,ours_derived_diff,,,,,,derived,CAD,
LAS.A,TSX,2017,2017,cash_flow,CapitalExpenditure,Capital Expenditure,money,-37.223,-37.985,2.006,mismatch,ours_derived_diff,,,,,,derived,CAD,
